Workbook

Sheet Quarter
B1: SHIPPING
A2: FY2027 | B2: Quarter | C2: OCT | D2: NOV | E2: DEC | F2: ∑Q1 | G2: JAN | H2: FEB | I2: MAR | J2: ∑Q2 | K2: APR | L2: MAY | M2: JUN | N2: ∑Q3 | O2: JUL | P2: AUG | Q2: SEP | R2: ∑Q4 | S2: FY2027
B3: Permanent (Regular) Headcount | C3: =OCT!G3 | D3: =NOV!G3 | E3: =DEC!G3 | F3: =IFERROR(AVERAGE(C3:E3),"") | G3: =JAN!G3 | H3: =FEB!G3 | I3: =MAR!G3 | J3: =IFERROR(AVERAGE(G3:I3),"") | K3: =APR!G3 | L3: =MAY!G3 | M3: =JUN!G3 | N3: =IFERROR(AVERAGE(K3:M3),"") | O3: =JUL!G3 | P3: =AUG!G3 | Q3: =SEP!G3 | R3: =IFERROR(AVERAGE(O3:Q3),"") | S3: =IFERROR(AVERAGE(C3:E3,G3:I3,K3:M3,O3:Q3),"")
B4: Temporary (Fix Term) Headcount | C4: =OCT!G4 | D4: =NOV!G4 | E4: =DEC!G4 | F4: =IFERROR(AVERAGE(C4:E4),"") | G4: =JAN!G4 | H4: =FEB!G4 | I4: =MAR!G4 | J4: =IFERROR(AVERAGE(G4:I4),"") | K4: =APR!G4 | L4: =MAY!G4 | M4: =JUN!G4 | N4: =IFERROR(AVERAGE(K4:M4),"") | O4: =JUL!G4 | P4: =AUG!G4 | Q4: =SEP!G4 | R4: =IFERROR(AVERAGE(O4:Q4),"") | S4: =IFERROR(AVERAGE(C4:E4,G4:I4,K4:M4,O4:Q4),"")
B5: Employee Headcount (Productivity) | C5: =OCT!G5 | D5: =NOV!G5 | E5: =DEC!G5 | F5: =IF(COUNT(F3:F4)=0,"",SUM(F3:F4)) | G5: =JAN!G5 | H5: =FEB!G5 | I5: =MAR!G5 | J5: =IF(COUNT(J3:J4)=0,"",SUM(J3:J4)) | K5: =APR!G5 | L5: =MAY!G5 | M5: =JUN!G5 | N5: =IF(COUNT(N3:N4)=0,"",SUM(N3:N4)) | O5: =JUL!G5 | P5: =AUG!G5 | Q5: =SEP!G5 | R5: =IF(COUNT(R3:R4)=0,"",SUM(R3:R4)) | S5: =IF(COUNT(S3:S4)=0,"",SUM(S3:S4))
B6: Headcount = 1.00 | C6: =OCT!G6 | D6: =NOV!G6 | E6: =DEC!G6 | F6: =IFERROR(AVERAGE(C6:E6),"") | G6: =JAN!G6 | H6: =FEB!G6 | I6: =MAR!G6 | J6: =IFERROR(AVERAGE(G6:I6),"") | K6: =APR!G6 | L6: =MAY!G6 | M6: =JUN!G6 | N6: =IFERROR(AVERAGE(K6:M6),"") | O6: =JUL!G6 | P6: =AUG!G6 | Q6: =SEP!G6 | R6: =IFERROR(AVERAGE(O6:Q6),"") | S6: =IFERROR(AVERAGE(C6:E6,G6:I6,K6:M6,O6:Q6),"")
B7: Headcount = 0.75 | C7: =OCT!G7 | D7: =NOV!G7 | E7: =DEC!G7 | F7: =IFERROR(AVERAGE(C7:E7),"") | G7: =JAN!G7 | H7: =FEB!G7 | I7: =MAR!G7 | J7: =IFERROR(AVERAGE(G7:I7),"") | K7: =APR!G7 | L7: =MAY!G7 | M7: =JUN!G7 | N7: =IFERROR(AVERAGE(K7:M7),"") | O7: =JUL!G7 | P7: =AUG!G7 | Q7: =SEP!G7 | R7: =IFERROR(AVERAGE(O7:Q7),"") | S7: =IFERROR(AVERAGE(C7:E7,G7:I7,K7:M7,O7:Q7),"")
B8: Headcount = 0.50 | C8: =OCT!G8 | D8: =NOV!G8 | E8: =DEC!G8 | F8: =IFERROR(AVERAGE(C8:E8),"") | G8: =JAN!G8 | H8: =FEB!G8 | I8: =MAR!G8 | J8: =IFERROR(AVERAGE(G8:I8),"") | K8: =APR!G8 | L8: =MAY!G8 | M8: =JUN!G8 | N8: =IFERROR(AVERAGE(K8:M8),"") | O8: =JUL!G8 | P8: =AUG!G8 | Q8: =SEP!G8 | R8: =IFERROR(AVERAGE(O8:Q8),"") | S8: =IFERROR(AVERAGE(C8:E8,G8:I8,K8:M8,O8:Q8),"")
B9: Headcount = 0.25 | C9: =OCT!G9 | D9: =NOV!G9 | E9: =DEC!G9 | F9: =IFERROR(AVERAGE(C9:E9),"") | G9: =JAN!G9 | H9: =FEB!G9 | I9: =MAR!G9 | J9: =IFERROR(AVERAGE(G9:I9),"") | K9: =APR!G9 | L9: =MAY!G9 | M9: =JUN!G9 | N9: =IFERROR(AVERAGE(K9:M9),"") | O9: =JUL!G9 | P9: =AUG!G9 | Q9: =SEP!G9 | R9: =IFERROR(AVERAGE(O9:Q9),"") | S9: =IFERROR(AVERAGE(C9:E9,G9:I9,K9:M9,O9:Q9),"")
B10: Standard Monthly Hours (FTE basis) | C10: =OCT!G10 | D10: =NOV!G10 | E10: =DEC!G10 | F10: =IFERROR(AVERAGE(C10:E10),"") | G10: =JAN!G10 | H10: =FEB!G10 | I10: =MAR!G10 | J10: =IFERROR(AVERAGE(G10:I10),"") | K10: =APR!G10 | L10: =MAY!G10 | M10: =JUN!G10 | N10: =IFERROR(AVERAGE(K10:M10),"") | O10: =JUL!G10 | P10: =AUG!G10 | Q10: =SEP!G10 | R10: =IFERROR(AVERAGE(O10:Q10),"") | S10: =IFERROR(AVERAGE(C10:E10,G10:I10,K10:M10,O10:Q10),"")
B11: Employee FTE (Finance) | C11: =OCT!G11 | D11: =NOV!G11 | E11: =DEC!G11 | F11: =IF(COUNT(F6:F9)=0,"",N(F6)+N(F7)*0.75+N(F8)*0.5+N(F9)*0.25) | G11: =JAN!G11 | H11: =FEB!G11 | I11: =MAR!G11 | J11: =IF(COUNT(J6:J9)=0,"",N(J6)+N(J7)*0.75+N(J8)*0.5+N(J9)*0.25) | K11: =APR!G11 | L11: =MAY!G11 | M11: =JUN!G11 | N11: =IF(COUNT(N6:N9)=0,"",N(N6)+N(N7)*0.75+N(N8)*0.5+N(N9)*0.25) | O11: =JUL!G11 | P11: =AUG!G11 | Q11: =SEP!G11 | R11: =IF(COUNT(R6:R9)=0,"",N(R6)+N(R7)*0.75+N(R8)*0.5+N(R9)*0.25) | S11: =IF(COUNT(S6:S9)=0,"",N(S6)+N(S7)*0.75+N(S8)*0.5+N(S9)*0.25)
B12: Subcontracted Workforce HC | C12: =OCT!G12 | D12: =NOV!G12 | E12: =DEC!G12 | F12: =IFERROR(AVERAGE(C12:E12),"") | G12: =JAN!G12 | H12: =FEB!G12 | I12: =MAR!G12 | J12: =IFERROR(AVERAGE(G12:I12),"") | K12: =APR!G12 | L12: =MAY!G12 | M12: =JUN!G12 | N12: =IFERROR(AVERAGE(K12:M12),"") | O12: =JUL!G12 | P12: =AUG!G12 | Q12: =SEP!G12 | R12: =IFERROR(AVERAGE(O12:Q12),"") | S12: =IFERROR(AVERAGE(C12:E12,G12:I12,K12:M12,O12:Q12),"")
B13: Subcontracted Productive Hours | C13: =OCT!G13 | D13: =NOV!G13 | E13: =DEC!G13 | F13: =IFERROR(AVERAGE(C13:E13),"") | G13: =JAN!G13 | H13: =FEB!G13 | I13: =MAR!G13 | J13: =IFERROR(AVERAGE(G13:I13),"") | K13: =APR!G13 | L13: =MAY!G13 | M13: =JUN!G13 | N13: =IFERROR(AVERAGE(K13:M13),"") | O13: =JUL!G13 | P13: =AUG!G13 | Q13: =SEP!G13 | R13: =IFERROR(AVERAGE(O13:Q13),"") | S13: =IFERROR(AVERAGE(C13:E13,G13:I13,K13:M13,O13:Q13),"")
B14: Subcontracted FTE | C14: =OCT!G14 | D14: =NOV!G14 | E14: =DEC!G14 | F14: =IFERROR(F13/F10,"") | G14: =JAN!G14 | H14: =FEB!G14 | I14: =MAR!G14 | J14: =IFERROR(J13/J10,"") | K14: =APR!G14 | L14: =MAY!G14 | M14: =JUN!G14 | N14: =IFERROR(N13/N10,"") | O14: =JUL!G14 | P14: =AUG!G14 | Q14: =SEP!G14 | R14: =IFERROR(R13/R10,"") | S14: =IFERROR(S13/S10,"")
B15: Total Operational Workforce | C15: =OCT!G15 | D15: =NOV!G15 | E15: =DEC!G15 | F15: =IF(COUNT(F5,F12)=0,"",SUM(F5,F12)) | G15: =JAN!G15 | H15: =FEB!G15 | I15: =MAR!G15 | J15: =IF(COUNT(J5,J12)=0,"",SUM(J5,J12)) | K15: =APR!G15 | L15: =MAY!G15 | M15: =JUN!G15 | N15: =IF(COUNT(N5,N12)=0,"",SUM(N5,N12)) | O15: =JUL!G15 | P15: =AUG!G15 | Q15: =SEP!G15 | R15: =IF(COUNT(R5,R12)=0,"",SUM(R5,R12)) | S15: =IF(COUNT(S5,S12)=0,"",SUM(S5,S12))
B16: Total Operational FTE | C16: =OCT!G16 | D16: =NOV!G16 | E16: =DEC!G16 | F16: =IF(COUNT(F11,F14)=0,"",SUM(F11,F14)) | G16: =JAN!G16 | H16: =FEB!G16 | I16: =MAR!G16 | J16: =IF(COUNT(J11,J14)=0,"",SUM(J11,J14)) | K16: =APR!G16 | L16: =MAY!G16 | M16: =JUN!G16 | N16: =IF(COUNT(N11,N14)=0,"",SUM(N11,N14)) | O16: =JUL!G16 | P16: =AUG!G16 | Q16: =SEP!G16 | R16: =IF(COUNT(R11,R14)=0,"",SUM(R11,R14)) | S16: =IF(COUNT(S11,S14)=0,"",SUM(S11,S14))
B17: Subcontracted Share of Workforce (%) | C17: =OCT!G17 | D17: =NOV!G17 | E17: =DEC!G17 | F17: =IFERROR(F12/F15,"") | G17: =JAN!G17 | H17: =FEB!G17 | I17: =MAR!G17 | J17: =IFERROR(J12/J15,"") | K17: =APR!G17 | L17: =MAY!G17 | M17: =JUN!G17 | N17: =IFERROR(N12/N15,"") | O17: =JUL!G17 | P17: =AUG!G17 | Q17: =SEP!G17 | R17: =IFERROR(R12/R15,"") | S17: =IFERROR(S12/S15,"")
B18: FTE HR Team | C18: =OCT!G18 | D18: =NOV!G18 | E18: =DEC!G18 | F18: =IFERROR(AVERAGE(C18:E18),"") | G18: =JAN!G18 | H18: =FEB!G18 | I18: =MAR!G18 | J18: =IFERROR(AVERAGE(G18:I18),"") | K18: =APR!G18 | L18: =MAY!G18 | M18: =JUN!G18 | N18: =IFERROR(AVERAGE(K18:M18),"") | O18: =JUL!G18 | P18: =AUG!G18 | Q18: =SEP!G18 | R18: =IFERROR(AVERAGE(O18:Q18),"") | S18: =IFERROR(AVERAGE(C18:E18,G18:I18,K18:M18,O18:Q18),"")
B19: Permanent Hires | C19: =OCT!G19 | D19: =NOV!G19 | E19: =DEC!G19 | F19: =IF(COUNT(C19:E19)=0,"",SUM(C19:E19)) | G19: =JAN!G19 | H19: =FEB!G19 | I19: =MAR!G19 | J19: =IF(COUNT(G19:I19)=0,"",SUM(G19:I19)) | K19: =APR!G19 | L19: =MAY!G19 | M19: =JUN!G19 | N19: =IF(COUNT(K19:M19)=0,"",SUM(K19:M19)) | O19: =JUL!G19 | P19: =AUG!G19 | Q19: =SEP!G19 | R19: =IF(COUNT(O19:Q19)=0,"",SUM(O19:Q19)) | S19: =IF(COUNT(C19:E19,G19:I19,K19:M19,O19:Q19)=0,"",SUM(C19:E19,G19:I19,K19:M19,O19:Q19))
B20: Temporary Hires | C20: =OCT!G20 | D20: =NOV!G20 | E20: =DEC!G20 | F20: =IF(COUNT(C20:E20)=0,"",SUM(C20:E20)) | G20: =JAN!G20 | H20: =FEB!G20 | I20: =MAR!G20 | J20: =IF(COUNT(G20:I20)=0,"",SUM(G20:I20)) | K20: =APR!G20 | L20: =MAY!G20 | M20: =JUN!G20 | N20: =IF(COUNT(K20:M20)=0,"",SUM(K20:M20)) | O20: =JUL!G20 | P20: =AUG!G20 | Q20: =SEP!G20 | R20: =IF(COUNT(O20:Q20)=0,"",SUM(O20:Q20)) | S20: =IF(COUNT(C20:E20,G20:I20,K20:M20,O20:Q20)=0,"",SUM(C20:E20,G20:I20,K20:M20,O20:Q20))
B21: Total Hires | C21: =OCT!G21 | D21: =NOV!G21 | E21: =DEC!G21 | F21: =IF(COUNT(F19:F20)=0,"",SUM(F19:F20)) | G21: =JAN!G21 | H21: =FEB!G21 | I21: =MAR!G21 | J21: =IF(COUNT(J19:J20)=0,"",SUM(J19:J20)) | K21: =APR!G21 | L21: =MAY!G21 | M21: =JUN!G21 | N21: =IF(COUNT(N19:N20)=0,"",SUM(N19:N20)) | O21: =JUL!G21 | P21: =AUG!G21 | Q21: =SEP!G21 | R21: =IF(COUNT(R19:R20)=0,"",SUM(R19:R20)) | S21: =IF(COUNT(S19:S20)=0,"",SUM(S19:S20))
B22: Permanent Exits | C22: =OCT!G22 | D22: =NOV!G22 | E22: =DEC!G22 | F22: =IF(COUNT(C22:E22)=0,"",SUM(C22:E22)) | G22: =JAN!G22 | H22: =FEB!G22 | I22: =MAR!G22 | J22: =IF(COUNT(G22:I22)=0,"",SUM(G22:I22)) | K22: =APR!G22 | L22: =MAY!G22 | M22: =JUN!G22 | N22: =IF(COUNT(K22:M22)=0,"",SUM(K22:M22)) | O22: =JUL!G22 | P22: =AUG!G22 | Q22: =SEP!G22 | R22: =IF(COUNT(O22:Q22)=0,"",SUM(O22:Q22)) | S22: =IF(COUNT(C22:E22,G22:I22,K22:M22,O22:Q22)=0,"",SUM(C22:E22,G22:I22,K22:M22,O22:Q22))
B23: Temporary Exits | C23: =OCT!G23 | D23: =NOV!G23 | E23: =DEC!G23 | F23: =IF(COUNT(C23:E23)=0,"",SUM(C23:E23)) | G23: =JAN!G23 | H23: =FEB!G23 | I23: =MAR!G23 | J23: =IF(COUNT(G23:I23)=0,"",SUM(G23:I23)) | K23: =APR!G23 | L23: =MAY!G23 | M23: =JUN!G23 | N23: =IF(COUNT(K23:M23)=0,"",SUM(K23:M23)) | O23: =JUL!G23 | P23: =AUG!G23 | Q23: =SEP!G23 | R23: =IF(COUNT(O23:Q23)=0,"",SUM(O23:Q23)) | S23: =IF(COUNT(C23:E23,G23:I23,K23:M23,O23:Q23)=0,"",SUM(C23:E23,G23:I23,K23:M23,O23:Q23))
B24: Total Exits | C24: =OCT!G24 | D24: =NOV!G24 | E24: =DEC!G24 | F24: =IF(COUNT(F22:F23)=0,"",SUM(F22:F23)) | G24: =JAN!G24 | H24: =FEB!G24 | I24: =MAR!G24 | J24: =IF(COUNT(J22:J23)=0,"",SUM(J22:J23)) | K24: =APR!G24 | L24: =MAY!G24 | M24: =JUN!G24 | N24: =IF(COUNT(N22:N23)=0,"",SUM(N22:N23)) | O24: =JUL!G24 | P24: =AUG!G24 | Q24: =SEP!G24 | R24: =IF(COUNT(R22:R23)=0,"",SUM(R22:R23)) | S24: =IF(COUNT(S22:S23)=0,"",SUM(S22:S23))
B25: Permanent Turnover (%) | C25: =OCT!G25 | D25: =NOV!G25 | E25: =DEC!G25 | F25: =IF(COUNT(F31,F32)<2,"",IF((F32+F31)=0,"",N(F22)/((F32+F31)/2))) | G25: =JAN!G25 | H25: =FEB!G25 | I25: =MAR!G25 | J25: =IF(COUNT(J31,J32)<2,"",IF((J32+J31)=0,"",N(J22)/((J32+J31)/2))) | K25: =APR!G25 | L25: =MAY!G25 | M25: =JUN!G25 | N25: =IF(COUNT(N31,N32)<2,"",IF((N32+N31)=0,"",N(N22)/((N32+N31)/2))) | O25: =JUL!G25 | P25: =AUG!G25 | Q25: =SEP!G25 | R25: =IF(COUNT(R31,R32)<2,"",IF((R32+R31)=0,"",N(R22)/((R32+R31)/2))) | S25: =IF(COUNT(S31,S32)<2,"",IF((S32+S31)=0,"",N(S22)/((S32+S31)/2)))
B26: Temporary Turnover (%) | C26: =OCT!G26 | D26: =NOV!G26 | E26: =DEC!G26 | F26: =IF(COUNT(F31,F32)<2,"",IF((F32+F31)=0,"",N(F23)/((F32+F31)/2))) | G26: =JAN!G26 | H26: =FEB!G26 | I26: =MAR!G26 | J26: =IF(COUNT(J31,J32)<2,"",IF((J32+J31)=0,"",N(J23)/((J32+J31)/2))) | K26: =APR!G26 | L26: =MAY!G26 | M26: =JUN!G26 | N26: =IF(COUNT(N31,N32)<2,"",IF((N32+N31)=0,"",N(N23)/((N32+N31)/2))) | O26: =JUL!G26 | P26: =AUG!G26 | Q26: =SEP!G26 | R26: =IF(COUNT(R31,R32)<2,"",IF((R32+R31)=0,"",N(R23)/((R32+R31)/2))) | S26: =IF(COUNT(S31,S32)<2,"",IF((S32+S31)=0,"",N(S23)/((S32+S31)/2)))
B27: Voluntary Terminations | C27: =OCT!G27 | D27: =NOV!G27 | E27: =DEC!G27 | F27: =IF(COUNT(C27:E27)=0,"",SUM(C27:E27)) | G27: =JAN!G27 | H27: =FEB!G27 | I27: =MAR!G27 | J27: =IF(COUNT(G27:I27)=0,"",SUM(G27:I27)) | K27: =APR!G27 | L27: =MAY!G27 | M27: =JUN!G27 | N27: =IF(COUNT(K27:M27)=0,"",SUM(K27:M27)) | O27: =JUL!G27 | P27: =AUG!G27 | Q27: =SEP!G27 | R27: =IF(COUNT(O27:Q27)=0,"",SUM(O27:Q27)) | S27: =IF(COUNT(C27:E27,G27:I27,K27:M27,O27:Q27)=0,"",SUM(C27:E27,G27:I27,K27:M27,O27:Q27))
B28: Involuntary Terminations | C28: =OCT!G28 | D28: =NOV!G28 | E28: =DEC!G28 | F28: =IF(COUNT(C28:E28)=0,"",SUM(C28:E28)) | G28: =JAN!G28 | H28: =FEB!G28 | I28: =MAR!G28 | J28: =IF(COUNT(G28:I28)=0,"",SUM(G28:I28)) | K28: =APR!G28 | L28: =MAY!G28 | M28: =JUN!G28 | N28: =IF(COUNT(K28:M28)=0,"",SUM(K28:M28)) | O28: =JUL!G28 | P28: =AUG!G28 | Q28: =SEP!G28 | R28: =IF(COUNT(O28:Q28)=0,"",SUM(O28:Q28)) | S28: =IF(COUNT(C28:E28,G28:I28,K28:M28,O28:Q28)=0,"",SUM(C28:E28,G28:I28,K28:M28,O28:Q28))
B29: Voluntary Turnover (%) | C29: =OCT!G29 | D29: =NOV!G29 | E29: =DEC!G29 | F29: =IF(COUNT(F31,F32)<2,"",IF((F32+F31)=0,"",N(F27)/((F32+F31)/2))) | G29: =JAN!G29 | H29: =FEB!G29 | I29: =MAR!G29 | J29: =IF(COUNT(J31,J32)<2,"",IF((J32+J31)=0,"",N(J27)/((J32+J31)/2))) | K29: =APR!G29 | L29: =MAY!G29 | M29: =JUN!G29 | N29: =IF(COUNT(N31,N32)<2,"",IF((N32+N31)=0,"",N(N27)/((N32+N31)/2))) | O29: =JUL!G29 | P29: =AUG!G29 | Q29: =SEP!G29 | R29: =IF(COUNT(R31,R32)<2,"",IF((R32+R31)=0,"",N(R27)/((R32+R31)/2))) | S29: =IF(COUNT(S31,S32)<2,"",IF((S32+S31)=0,"",N(S27)/((S32+S31)/2)))
B30: Involuntary Turnover (%) | C30: =OCT!G30 | D30: =NOV!G30 | E30: =DEC!G30 | F30: =IF(COUNT(F31,F32)<2,"",IF((F32+F31)=0,"",N(F28)/((F32+F31)/2))) | G30: =JAN!G30 | H30: =FEB!G30 | I30: =MAR!G30 | J30: =IF(COUNT(J31,J32)<2,"",IF((J32+J31)=0,"",N(J28)/((J32+J31)/2))) | K30: =APR!G30 | L30: =MAY!G30 | M30: =JUN!G30 | N30: =IF(COUNT(N31,N32)<2,"",IF((N32+N31)=0,"",N(N28)/((N32+N31)/2))) | O30: =JUL!G30 | P30: =AUG!G30 | Q30: =SEP!G30 | R30: =IF(COUNT(R31,R32)<2,"",IF((R32+R31)=0,"",N(R28)/((R32+R31)/2))) | S30: =IF(COUNT(S31,S32)<2,"",IF((S32+S31)=0,"",N(S28)/((S32+S31)/2)))
B31: Headcount last Month | C31: =OCT!G31 | D31: =NOV!G31 | E31: =DEC!G31 | F31: =IFERROR(AVERAGE(C31:E31),"") | G31: =JAN!G31 | H31: =FEB!G31 | I31: =MAR!G31 | J31: =IFERROR(AVERAGE(G31:I31),"") | K31: =APR!G31 | L31: =MAY!G31 | M31: =JUN!G31 | N31: =IFERROR(AVERAGE(K31:M31),"") | O31: =JUL!G31 | P31: =AUG!G31 | Q31: =SEP!G31 | R31: =IFERROR(AVERAGE(O31:Q31),"") | S31: =IFERROR(AVERAGE(C31:E31,G31:I31,K31:M31,O31:Q31),"")
B32: Headcount this Month | C32: =OCT!G32 | D32: =NOV!G32 | E32: =DEC!G32 | F32: =IFERROR(AVERAGE(C32:E32),"") | G32: =JAN!G32 | H32: =FEB!G32 | I32: =MAR!G32 | J32: =IFERROR(AVERAGE(G32:I32),"") | K32: =APR!G32 | L32: =MAY!G32 | M32: =JUN!G32 | N32: =IFERROR(AVERAGE(K32:M32),"") | O32: =JUL!G32 | P32: =AUG!G32 | Q32: =SEP!G32 | R32: =IFERROR(AVERAGE(O32:Q32),"") | S32: =IFERROR(AVERAGE(C32:E32,G32:I32,K32:M32,O32:Q32),"")
B33: Full Turnover (%) | C33: =OCT!G33 | D33: =NOV!G33 | E33: =DEC!G33 | F33: =IF(COUNT(F31,F32)<2,"",IF((F32+F31)=0,"",N(F24)/((F32+F31)/2))) | G33: =JAN!G33 | H33: =FEB!G33 | I33: =MAR!G33 | J33: =IF(COUNT(J31,J32)<2,"",IF((J32+J31)=0,"",N(J24)/((J32+J31)/2))) | K33: =APR!G33 | L33: =MAY!G33 | M33: =JUN!G33 | N33: =IF(COUNT(N31,N32)<2,"",IF((N32+N31)=0,"",N(N24)/((N32+N31)/2))) | O33: =JUL!G33 | P33: =AUG!G33 | Q33: =SEP!G33 | R33: =IF(COUNT(R31,R32)<2,"",IF((R32+R31)=0,"",N(R24)/((R32+R31)/2))) | S33: =IF(COUNT(S31,S32)<2,"",IF((S32+S31)=0,"",N(S24)/((S32+S31)/2)))
B34: Permanent Vacancies | C34: =OCT!G34 | D34: =NOV!G34 | E34: =DEC!G34 | F34: =IFERROR(AVERAGE(C34:E34),"") | G34: =JAN!G34 | H34: =FEB!G34 | I34: =MAR!G34 | J34: =IFERROR(AVERAGE(G34:I34),"") | K34: =APR!G34 | L34: =MAY!G34 | M34: =JUN!G34 | N34: =IFERROR(AVERAGE(K34:M34),"") | O34: =JUL!G34 | P34: =AUG!G34 | Q34: =SEP!G34 | R34: =IFERROR(AVERAGE(O34:Q34),"") | S34: =IFERROR(AVERAGE(C34:E34,G34:I34,K34:M34,O34:Q34),"")
B35: Temporary Vacancies | C35: =OCT!G35 | D35: =NOV!G35 | E35: =DEC!G35 | F35: =IFERROR(AVERAGE(C35:E35),"") | G35: =JAN!G35 | H35: =FEB!G35 | I35: =MAR!G35 | J35: =IFERROR(AVERAGE(G35:I35),"") | K35: =APR!G35 | L35: =MAY!G35 | M35: =JUN!G35 | N35: =IFERROR(AVERAGE(K35:M35),"") | O35: =JUL!G35 | P35: =AUG!G35 | Q35: =SEP!G35 | R35: =IFERROR(AVERAGE(O35:Q35),"") | S35: =IFERROR(AVERAGE(C35:E35,G35:I35,K35:M35,O35:Q35),"")
B36: Total Vacancies | C36: =OCT!G36 | D36: =NOV!G36 | E36: =DEC!G36 | F36: =IF(COUNT(F34:F35)=0,"",SUM(F34:F35)) | G36: =JAN!G36 | H36: =FEB!G36 | I36: =MAR!G36 | J36: =IF(COUNT(J34:J35)=0,"",SUM(J34:J35)) | K36: =APR!G36 | L36: =MAY!G36 | M36: =JUN!G36 | N36: =IF(COUNT(N34:N35)=0,"",SUM(N34:N35)) | O36: =JUL!G36 | P36: =AUG!G36 | Q36: =SEP!G36 | R36: =IF(COUNT(R34:R35)=0,"",SUM(R34:R35)) | S36: =IF(COUNT(S34:S35)=0,"",SUM(S34:S35))
B37: Authorized Positions | C37: =OCT!G37 | D37: =NOV!G37 | E37: =DEC!G37 | F37: =IF(COUNT(F5,F36)=0,"",N(F5)+N(F36)) | G37: =JAN!G37 | H37: =FEB!G37 | I37: =MAR!G37 | J37: =IF(COUNT(J5,J36)=0,"",N(J5)+N(J36)) | K37: =APR!G37 | L37: =MAY!G37 | M37: =JUN!G37 | N37: =IF(COUNT(N5,N36)=0,"",N(N5)+N(N36)) | O37: =JUL!G37 | P37: =AUG!G37 | Q37: =SEP!G37 | R37: =IF(COUNT(R5,R36)=0,"",N(R5)+N(R36)) | S37: =IF(COUNT(S5,S36)=0,"",N(S5)+N(S36))
B38: Vacancy Rate (%) | C38: =OCT!G38 | D38: =NOV!G38 | E38: =DEC!G38 | F38: =IFERROR(F36/F37,"") | G38: =JAN!G38 | H38: =FEB!G38 | I38: =MAR!G38 | J38: =IFERROR(J36/J37,"") | K38: =APR!G38 | L38: =MAY!G38 | M38: =JUN!G38 | N38: =IFERROR(N36/N37,"") | O38: =JUL!G38 | P38: =AUG!G38 | Q38: =SEP!G38 | R38: =IFERROR(R36/R37,"") | S38: =IFERROR(S36/S37,"")
B39: Permanent TimeToHire (Days) YTD | C39: =OCT!G39 | D39: =NOV!G39 | E39: =DEC!G39 | F39: =IFERROR(LOOKUP(2,1/ISNUMBER(C39:E39),C39:E39),"") | G39: =JAN!G39 | H39: =FEB!G39 | I39: =MAR!G39 | J39: =IFERROR(LOOKUP(2,1/ISNUMBER(G39:I39),G39:I39),"") | K39: =APR!G39 | L39: =MAY!G39 | M39: =JUN!G39 | N39: =IFERROR(LOOKUP(2,1/ISNUMBER(K39:M39),K39:M39),"") | O39: =JUL!G39 | P39: =AUG!G39 | Q39: =SEP!G39 | R39: =IFERROR(LOOKUP(2,1/ISNUMBER(O39:Q39),O39:Q39),"") | S39: =IFERROR(LOOKUP(2,1/ISNUMBER(C39:Q39),C39:Q39),"")
B40: Temporary TimeToHire (Days) YTD | C40: =OCT!G40 | D40: =NOV!G40 | E40: =DEC!G40 | F40: =IFERROR(LOOKUP(2,1/ISNUMBER(C40:E40),C40:E40),"") | G40: =JAN!G40 | H40: =FEB!G40 | I40: =MAR!G40 | J40: =IFERROR(LOOKUP(2,1/ISNUMBER(G40:I40),G40:I40),"") | K40: =APR!G40 | L40: =MAY!G40 | M40: =JUN!G40 | N40: =IFERROR(LOOKUP(2,1/ISNUMBER(K40:M40),K40:M40),"") | O40: =JUL!G40 | P40: =AUG!G40 | Q40: =SEP!G40 | R40: =IFERROR(LOOKUP(2,1/ISNUMBER(O40:Q40),O40:Q40),"") | S40: =IFERROR(LOOKUP(2,1/ISNUMBER(C40:Q40),C40:Q40),"")
B41: Check-ins Rate Completed (%) | C41: =OCT!G41 | D41: =NOV!G41 | E41: =DEC!G41 | F41: =IFERROR(AVERAGE(C41:E41),"") | G41: =JAN!G41 | H41: =FEB!G41 | I41: =MAR!G41 | J41: =IFERROR(AVERAGE(G41:I41),"") | K41: =APR!G41 | L41: =MAY!G41 | M41: =JUN!G41 | N41: =IFERROR(AVERAGE(K41:M41),"") | O41: =JUL!G41 | P41: =AUG!G41 | Q41: =SEP!G41 | R41: =IFERROR(AVERAGE(O41:Q41),"") | S41: =IFERROR(AVERAGE(C41:E41,G41:I41,K41:M41,O41:Q41),"")
B42: EE Objectives Completed (#) | C42: =OCT!G42 | D42: =NOV!G42 | E42: =DEC!G42 | F42: =IF(COUNT(C42:E42)=0,"",SUM(C42:E42)) | G42: =JAN!G42 | H42: =FEB!G42 | I42: =MAR!G42 | J42: =IF(COUNT(G42:I42)=0,"",SUM(G42:I42)) | K42: =APR!G42 | L42: =MAY!G42 | M42: =JUN!G42 | N42: =IF(COUNT(K42:M42)=0,"",SUM(K42:M42)) | O42: =JUL!G42 | P42: =AUG!G42 | Q42: =SEP!G42 | R42: =IF(COUNT(O42:Q42)=0,"",SUM(O42:Q42)) | S42: =IF(COUNT(C42:E42,G42:I42,K42:M42,O42:Q42)=0,"",SUM(C42:E42,G42:I42,K42:M42,O42:Q42))
B43: Non-certified Absent (Days Lost) | C43: =OCT!G43 | D43: =NOV!G43 | E43: =DEC!G43 | F43: =IF(COUNT(C43:E43)=0,"",SUM(C43:E43)) | G43: =JAN!G43 | H43: =FEB!G43 | I43: =MAR!G43 | J43: =IF(COUNT(G43:I43)=0,"",SUM(G43:I43)) | K43: =APR!G43 | L43: =MAY!G43 | M43: =JUN!G43 | N43: =IF(COUNT(K43:M43)=0,"",SUM(K43:M43)) | O43: =JUL!G43 | P43: =AUG!G43 | Q43: =SEP!G43 | R43: =IF(COUNT(O43:Q43)=0,"",SUM(O43:Q43)) | S43: =IF(COUNT(C43:E43,G43:I43,K43:M43,O43:Q43)=0,"",SUM(C43:E43,G43:I43,K43:M43,O43:Q43))
B44: Certified sick leave (Days Lost) | C44: =OCT!G44 | D44: =NOV!G44 | E44: =DEC!G44 | F44: =IF(COUNT(C44:E44)=0,"",SUM(C44:E44)) | G44: =JAN!G44 | H44: =FEB!G44 | I44: =MAR!G44 | J44: =IF(COUNT(G44:I44)=0,"",SUM(G44:I44)) | K44: =APR!G44 | L44: =MAY!G44 | M44: =JUN!G44 | N44: =IF(COUNT(K44:M44)=0,"",SUM(K44:M44)) | O44: =JUL!G44 | P44: =AUG!G44 | Q44: =SEP!G44 | R44: =IF(COUNT(O44:Q44)=0,"",SUM(O44:Q44)) | S44: =IF(COUNT(C44:E44,G44:I44,K44:M44,O44:Q44)=0,"",SUM(C44:E44,G44:I44,K44:M44,O44:Q44))
B45: Total Absences | C45: =OCT!G45 | D45: =NOV!G45 | E45: =DEC!G45 | F45: =IF(COUNT(F43:F44)=0,"",SUM(F43:F44)) | G45: =JAN!G45 | H45: =FEB!G45 | I45: =MAR!G45 | J45: =IF(COUNT(J43:J44)=0,"",SUM(J43:J44)) | K45: =APR!G45 | L45: =MAY!G45 | M45: =JUN!G45 | N45: =IF(COUNT(N43:N44)=0,"",SUM(N43:N44)) | O45: =JUL!G45 | P45: =AUG!G45 | Q45: =SEP!G45 | R45: =IF(COUNT(R43:R44)=0,"",SUM(R43:R44)) | S45: =IF(COUNT(S43:S44)=0,"",SUM(S43:S44))
B46: Absent Rate Non-Certified (%) | C46: =OCT!G46 | D46: =NOV!G46 | E46: =DEC!G46 | F46: {=IF(COUNT(C46:E46)=0,"",IFERROR(SUMPRODUCT(IFERROR(C46:E46*((C3:E3)+(C4:E4)),0))/SUMPRODUCT(IFERROR(ISNUMBER(C46:E46)*((C3:E3)+(C4:E4)),0)),""))} | G46: =JAN!G46 | H46: =FEB!G46 | I46: =MAR!G46 | J46: {=IF(COUNT(G46:I46)=0,"",IFERROR(SUMPRODUCT(IFERROR(G46:I46*((G3:I3)+(G4:I4)),0))/SUMPRODUCT(IFERROR(ISNUMBER(G46:I46)*((G3:I3)+(G4:I4)),0)),""))} | K46: =APR!G46 | L46: =MAY!G46 | M46: =JUN!G46 | N46: {=IF(COUNT(K46:M46)=0,"",IFERROR(SUMPRODUCT(IFERROR(K46:M46*((K3:M3)+(K4:M4)),0))/SUMPRODUCT(IFERROR(ISNUMBER(K46:M46)*((K3:M3)+(K4:M4)),0)),""))} | O46: =JUL!G46 | P46: =AUG!G46 | Q46: =SEP!G46 | R46: {=IF(COUNT(O46:Q46)=0,"",IFERROR(SUMPRODUCT(IFERROR(O46:Q46*((O3:Q3)+(O4:Q4)),0))/SUMPRODUCT(IFERROR(ISNUMBER(O46:Q46)*((O3:Q3)+(O4:Q4)),0)),""))} | S46: =IF(COUNT(F46,J46,N46,R46)=0,"",IFERROR((IFERROR(F46*(F3+F4),0)+IFERROR(J46*(J3+J4),0)+IFERROR(N46*(N3+N4),0)+IFERROR(R46*(R3+R4),0))/(IFERROR(ISNUMBER(F46)*(F3+F4),0)+IFERROR(ISNUMBER(J46)*(J3+J4),0)+IFERROR(ISNUMBER(N46)*(N3+N4),0)+IFERROR(ISNUMBER(R46)*(R3+R4),0)),""))
B47: Absent Rate Certified (%) | C47: =OCT!G47 | D47: =NOV!G47 | E47: =DEC!G47 | F47: {=IF(COUNT(C47:E47)=0,"",IFERROR(SUMPRODUCT(IFERROR(C47:E47*((C3:E3)+(C4:E4)),0))/SUMPRODUCT(IFERROR(ISNUMBER(C47:E47)*((C3:E3)+(C4:E4)),0)),""))} | G47: =JAN!G47 | H47: =FEB!G47 | I47: =MAR!G47 | J47: {=IF(COUNT(G47:I47)=0,"",IFERROR(SUMPRODUCT(IFERROR(G47:I47*((G3:I3)+(G4:I4)),0))/SUMPRODUCT(IFERROR(ISNUMBER(G47:I47)*((G3:I3)+(G4:I4)),0)),""))} | K47: =APR!G47 | L47: =MAY!G47 | M47: =JUN!G47 | N47: {=IF(COUNT(K47:M47)=0,"",IFERROR(SUMPRODUCT(IFERROR(K47:M47*((K3:M3)+(K4:M4)),0))/SUMPRODUCT(IFERROR(ISNUMBER(K47:M47)*((K3:M3)+(K4:M4)),0)),""))} | O47: =JUL!G47 | P47: =AUG!G47 | Q47: =SEP!G47 | R47: {=IF(COUNT(O47:Q47)=0,"",IFERROR(SUMPRODUCT(IFERROR(O47:Q47*((O3:Q3)+(O4:Q4)),0))/SUMPRODUCT(IFERROR(ISNUMBER(O47:Q47)*((O3:Q3)+(O4:Q4)),0)),""))} | S47: =IF(COUNT(F47,J47,N47,R47)=0,"",IFERROR((IFERROR(F47*(F3+F4),0)+IFERROR(J47*(J3+J4),0)+IFERROR(N47*(N3+N4),0)+IFERROR(R47*(R3+R4),0))/(IFERROR(ISNUMBER(F47)*(F3+F4),0)+IFERROR(ISNUMBER(J47)*(J3+J4),0)+IFERROR(ISNUMBER(N47)*(N3+N4),0)+IFERROR(ISNUMBER(R47)*(R3+R4),0)),""))
B48: Absent Rate Total (%) | C48: =OCT!G48 | D48: =NOV!G48 | E48: =DEC!G48 | F48: =IF(COUNT(F46:F47)=0,"",SUM(F46:F47)) | G48: =JAN!G48 | H48: =FEB!G48 | I48: =MAR!G48 | J48: =IF(COUNT(J46:J47)=0,"",SUM(J46:J47)) | K48: =APR!G48 | L48: =MAY!G48 | M48: =JUN!G48 | N48: =IF(COUNT(N46:N47)=0,"",SUM(N46:N47)) | O48: =JUL!G48 | P48: =AUG!G48 | Q48: =SEP!G48 | R48: =IF(COUNT(R46:R47)=0,"",SUM(R46:R47)) | S48: =IF(COUNT(S46:S47)=0,"",SUM(S46:S47))
B49: Weight factor | C49: =OCT!G49 | D49: =NOV!G49 | E49: =DEC!G49 | F49: =IFERROR(AVERAGE(C49:E49),"") | G49: =JAN!G49 | H49: =FEB!G49 | I49: =MAR!G49 | J49: =IFERROR(AVERAGE(G49:I49),"") | K49: =APR!G49 | L49: =MAY!G49 | M49: =JUN!G49 | N49: =IFERROR(AVERAGE(K49:M49),"") | O49: =JUL!G49 | P49: =AUG!G49 | Q49: =SEP!G49 | R49: =IFERROR(AVERAGE(O49:Q49),"") | S49: =IFERROR(AVERAGE(C49:E49,G49:I49,K49:M49,O49:Q49),"")
B50: Leadership (Hours) | C50: =OCT!G50 | D50: =NOV!G50 | E50: =DEC!G50 | F50: =IF(COUNT(C50:E50)=0,"",SUM(C50:E50)) | G50: =JAN!G50 | H50: =FEB!G50 | I50: =MAR!G50 | J50: =IF(COUNT(G50:I50)=0,"",SUM(G50:I50)) | K50: =APR!G50 | L50: =MAY!G50 | M50: =JUN!G50 | N50: =IF(COUNT(K50:M50)=0,"",SUM(K50:M50)) | O50: =JUL!G50 | P50: =AUG!G50 | Q50: =SEP!G50 | R50: =IF(COUNT(O50:Q50)=0,"",SUM(O50:Q50)) | S50: =IF(COUNT(C50:E50,G50:I50,K50:M50,O50:Q50)=0,"",SUM(C50:E50,G50:I50,K50:M50,O50:Q50))
B51: Technical (Hours) | C51: =OCT!G51 | D51: =NOV!G51 | E51: =DEC!G51 | F51: =IF(COUNT(C51:E51)=0,"",SUM(C51:E51)) | G51: =JAN!G51 | H51: =FEB!G51 | I51: =MAR!G51 | J51: =IF(COUNT(G51:I51)=0,"",SUM(G51:I51)) | K51: =APR!G51 | L51: =MAY!G51 | M51: =JUN!G51 | N51: =IF(COUNT(K51:M51)=0,"",SUM(K51:M51)) | O51: =JUL!G51 | P51: =AUG!G51 | Q51: =SEP!G51 | R51: =IF(COUNT(O51:Q51)=0,"",SUM(O51:Q51)) | S51: =IF(COUNT(C51:E51,G51:I51,K51:M51,O51:Q51)=0,"",SUM(C51:E51,G51:I51,K51:M51,O51:Q51))
B52: Professional Develop. (Hours) | C52: =OCT!G52 | D52: =NOV!G52 | E52: =DEC!G52 | F52: =IF(COUNT(C52:E52)=0,"",SUM(C52:E52)) | G52: =JAN!G52 | H52: =FEB!G52 | I52: =MAR!G52 | J52: =IF(COUNT(G52:I52)=0,"",SUM(G52:I52)) | K52: =APR!G52 | L52: =MAY!G52 | M52: =JUN!G52 | N52: =IF(COUNT(K52:M52)=0,"",SUM(K52:M52)) | O52: =JUL!G52 | P52: =AUG!G52 | Q52: =SEP!G52 | R52: =IF(COUNT(O52:Q52)=0,"",SUM(O52:Q52)) | S52: =IF(COUNT(C52:E52,G52:I52,K52:M52,O52:Q52)=0,"",SUM(C52:E52,G52:I52,K52:M52,O52:Q52))
B53: HSSE (Hours) | C53: =OCT!G53 | D53: =NOV!G53 | E53: =DEC!G53 | F53: =IF(COUNT(C53:E53)=0,"",SUM(C53:E53)) | G53: =JAN!G53 | H53: =FEB!G53 | I53: =MAR!G53 | J53: =IF(COUNT(G53:I53)=0,"",SUM(G53:I53)) | K53: =APR!G53 | L53: =MAY!G53 | M53: =JUN!G53 | N53: =IF(COUNT(K53:M53)=0,"",SUM(K53:M53)) | O53: =JUL!G53 | P53: =AUG!G53 | Q53: =SEP!G53 | R53: =IF(COUNT(O53:Q53)=0,"",SUM(O53:Q53)) | S53: =IF(COUNT(C53:E53,G53:I53,K53:M53,O53:Q53)=0,"",SUM(C53:E53,G53:I53,K53:M53,O53:Q53))
B54: Workday (Hours) | C54: =OCT!G54 | D54: =NOV!G54 | E54: =DEC!G54 | F54: =IF(COUNT(C54:E54)=0,"",SUM(C54:E54)) | G54: =JAN!G54 | H54: =FEB!G54 | I54: =MAR!G54 | J54: =IF(COUNT(G54:I54)=0,"",SUM(G54:I54)) | K54: =APR!G54 | L54: =MAY!G54 | M54: =JUN!G54 | N54: =IF(COUNT(K54:M54)=0,"",SUM(K54:M54)) | O54: =JUL!G54 | P54: =AUG!G54 | Q54: =SEP!G54 | R54: =IF(COUNT(O54:Q54)=0,"",SUM(O54:Q54)) | S54: =IF(COUNT(C54:E54,G54:I54,K54:M54,O54:Q54)=0,"",SUM(C54:E54,G54:I54,K54:M54,O54:Q54))
B55: Total Training Hours | C55: =OCT!G55 | D55: =NOV!G55 | E55: =DEC!G55 | F55: =IF(COUNT(F50:F54)=0,"",SUM(F50:F54)) | G55: =JAN!G55 | H55: =FEB!G55 | I55: =MAR!G55 | J55: =IF(COUNT(J50:J54)=0,"",SUM(J50:J54)) | K55: =APR!G55 | L55: =MAY!G55 | M55: =JUN!G55 | N55: =IF(COUNT(N50:N54)=0,"",SUM(N50:N54)) | O55: =JUL!G55 | P55: =AUG!G55 | Q55: =SEP!G55 | R55: =IF(COUNT(R50:R54)=0,"",SUM(R50:R54)) | S55: =IF(COUNT(S50:S54)=0,"",SUM(S50:S54))
B56: Total Trained (Staff) | C56: =OCT!G56 | D56: =NOV!G56 | E56: =DEC!G56 | F56: =IF(COUNT(C56:E56)=0,"",SUM(C56:E56)) | G56: =JAN!G56 | H56: =FEB!G56 | I56: =MAR!G56 | J56: =IF(COUNT(G56:I56)=0,"",SUM(G56:I56)) | K56: =APR!G56 | L56: =MAY!G56 | M56: =JUN!G56 | N56: =IF(COUNT(K56:M56)=0,"",SUM(K56:M56)) | O56: =JUL!G56 | P56: =AUG!G56 | Q56: =SEP!G56 | R56: =IF(COUNT(O56:Q56)=0,"",SUM(O56:Q56)) | S56: =IF(COUNT(C56:E56,G56:I56,K56:M56,O56:Q56)=0,"",SUM(C56:E56,G56:I56,K56:M56,O56:Q56))
B57: Training Programs (#) | C57: =OCT!G57 | D57: =NOV!G57 | E57: =DEC!G57 | F57: =IF(COUNT(C57:E57)=0,"",SUM(C57:E57)) | G57: =JAN!G57 | H57: =FEB!G57 | I57: =MAR!G57 | J57: =IF(COUNT(G57:I57)=0,"",SUM(G57:I57)) | K57: =APR!G57 | L57: =MAY!G57 | M57: =JUN!G57 | N57: =IF(COUNT(K57:M57)=0,"",SUM(K57:M57)) | O57: =JUL!G57 | P57: =AUG!G57 | Q57: =SEP!G57 | R57: =IF(COUNT(O57:Q57)=0,"",SUM(O57:Q57)) | S57: =IF(COUNT(C57:E57,G57:I57,K57:M57,O57:Q57)=0,"",SUM(C57:E57,G57:I57,K57:M57,O57:Q57))
B58: Training Cost (USD) | C58: =OCT!G58 | D58: =NOV!G58 | E58: =DEC!G58 | F58: =IF(COUNT(C58:E58)=0,"",SUM(C58:E58)) | G58: =JAN!G58 | H58: =FEB!G58 | I58: =MAR!G58 | J58: =IF(COUNT(G58:I58)=0,"",SUM(G58:I58)) | K58: =APR!G58 | L58: =MAY!G58 | M58: =JUN!G58 | N58: =IF(COUNT(K58:M58)=0,"",SUM(K58:M58)) | O58: =JUL!G58 | P58: =AUG!G58 | Q58: =SEP!G58 | R58: =IF(COUNT(O58:Q58)=0,"",SUM(O58:Q58)) | S58: =IF(COUNT(C58:E58,G58:I58,K58:M58,O58:Q58)=0,"",SUM(C58:E58,G58:I58,K58:M58,O58:Q58))
B59: Training Travel Cost (USD) | C59: =OCT!G59 | D59: =NOV!G59 | E59: =DEC!G59 | F59: =IF(COUNT(C59:E59)=0,"",SUM(C59:E59)) | G59: =JAN!G59 | H59: =FEB!G59 | I59: =MAR!G59 | J59: =IF(COUNT(G59:I59)=0,"",SUM(G59:I59)) | K59: =APR!G59 | L59: =MAY!G59 | M59: =JUN!G59 | N59: =IF(COUNT(K59:M59)=0,"",SUM(K59:M59)) | O59: =JUL!G59 | P59: =AUG!G59 | Q59: =SEP!G59 | R59: =IF(COUNT(O59:Q59)=0,"",SUM(O59:Q59)) | S59: =IF(COUNT(C59:E59,G59:I59,K59:M59,O59:Q59)=0,"",SUM(C59:E59,G59:I59,K59:M59,O59:Q59))
B60: Leadership Hours Trained (%) | C60: =OCT!G60 | D60: =NOV!G60 | E60: =DEC!G60 | F60: =IFERROR(F50/F$55,"") | G60: =JAN!G60 | H60: =FEB!G60 | I60: =MAR!G60 | J60: =IFERROR(J50/J$55,"") | K60: =APR!G60 | L60: =MAY!G60 | M60: =JUN!G60 | N60: =IFERROR(N50/N$55,"") | O60: =JUL!G60 | P60: =AUG!G60 | Q60: =SEP!G60 | R60: =IFERROR(R50/R$55,"") | S60: =IFERROR(S50/S$55,"")
B61: Technical Hours Trained (%) | C61: =OCT!G61 | D61: =NOV!G61 | E61: =DEC!G61 | F61: =IFERROR(F51/F$55,"") | G61: =JAN!G61 | H61: =FEB!G61 | I61: =MAR!G61 | J61: =IFERROR(J51/J$55,"") | K61: =APR!G61 | L61: =MAY!G61 | M61: =JUN!G61 | N61: =IFERROR(N51/N$55,"") | O61: =JUL!G61 | P61: =AUG!G61 | Q61: =SEP!G61 | R61: =IFERROR(R51/R$55,"") | S61: =IFERROR(S51/S$55,"")
B62: Profess. Dev. Hours Trained (%) | C62: =OCT!G62 | D62: =NOV!G62 | E62: =DEC!G62 | F62: =IFERROR(F52/F$55,"") | G62: =JAN!G62 | H62: =FEB!G62 | I62: =MAR!G62 | J62: =IFERROR(J52/J$55,"") | K62: =APR!G62 | L62: =MAY!G62 | M62: =JUN!G62 | N62: =IFERROR(N52/N$55,"") | O62: =JUL!G62 | P62: =AUG!G62 | Q62: =SEP!G62 | R62: =IFERROR(R52/R$55,"") | S62: =IFERROR(S52/S$55,"")
B63: HSSE Hours Trained (%) | C63: =OCT!G63 | D63: =NOV!G63 | E63: =DEC!G63 | F63: =IFERROR(F53/F$55,"") | G63: =JAN!G63 | H63: =FEB!G63 | I63: =MAR!G63 | J63: =IFERROR(J53/J$55,"") | K63: =APR!G63 | L63: =MAY!G63 | M63: =JUN!G63 | N63: =IFERROR(N53/N$55,"") | O63: =JUL!G63 | P63: =AUG!G63 | Q63: =SEP!G63 | R63: =IFERROR(R53/R$55,"") | S63: =IFERROR(S53/S$55,"")
B64: Workday Hours Trained (%) | C64: =OCT!G64 | D64: =NOV!G64 | E64: =DEC!G64 | F64: =IFERROR(F54/F$55,"") | G64: =JAN!G64 | H64: =FEB!G64 | I64: =MAR!G64 | J64: =IFERROR(J54/J$55,"") | K64: =APR!G64 | L64: =MAY!G64 | M64: =JUN!G64 | N64: =IFERROR(N54/N$55,"") | O64: =JUL!G64 | P64: =AUG!G64 | Q64: =SEP!G64 | R64: =IFERROR(R54/R$55,"") | S64: =IFERROR(S54/S$55,"")
B65: Staff Trained (%) | C65: =OCT!G65 | D65: =NOV!G65 | E65: =DEC!G65 | F65: =IFERROR(F56/SUM(C5:E5),"") | G65: =JAN!G65 | H65: =FEB!G65 | I65: =MAR!G65 | J65: =IFERROR(J56/SUM(G5:I5),"") | K65: =APR!G65 | L65: =MAY!G65 | M65: =JUN!G65 | N65: =IFERROR(N56/SUM(K5:M5),"") | O65: =JUL!G65 | P65: =AUG!G65 | Q65: =SEP!G65 | R65: =IFERROR(R56/SUM(O5:Q5),"") | S65: =IFERROR(S56/SUM(C5:E5,G5:I5,K5:M5,O5:Q5),"")
B66: Training Hours / EE | C66: =OCT!G66 | D66: =NOV!G66 | E66: =DEC!G66 | F66: =IFERROR(F55/F5,"") | G66: =JAN!G66 | H66: =FEB!G66 | I66: =MAR!G66 | J66: =IFERROR(J55/J5,"") | K66: =APR!G66 | L66: =MAY!G66 | M66: =JUN!G66 | N66: =IFERROR(N55/N5,"") | O66: =JUL!G66 | P66: =AUG!G66 | Q66: =SEP!G66 | R66: =IFERROR(R55/R5,"") | S66: =IFERROR(S55/S5,"")
B67: Training Hours / EE Trained | C67: =OCT!G67 | D67: =NOV!G67 | E67: =DEC!G67 | F67: =IFERROR(F55/F56,"") | G67: =JAN!G67 | H67: =FEB!G67 | I67: =MAR!G67 | J67: =IFERROR(J55/J56,"") | K67: =APR!G67 | L67: =MAY!G67 | M67: =JUN!G67 | N67: =IFERROR(N55/N56,"") | O67: =JUL!G67 | P67: =AUG!G67 | Q67: =SEP!G67 | R67: =IFERROR(R55/R56,"") | S67: =IFERROR(S55/S56,"")
B68: Training Invest. / EE (USD) | C68: =OCT!G68 | D68: =NOV!G68 | E68: =DEC!G68 | F68: =IF(COUNT(F58:F59)=0,"",IFERROR((N(F58)+N(F59))/F5,"")) | G68: =JAN!G68 | H68: =FEB!G68 | I68: =MAR!G68 | J68: =IF(COUNT(J58:J59)=0,"",IFERROR((N(J58)+N(J59))/J5,"")) | K68: =APR!G68 | L68: =MAY!G68 | M68: =JUN!G68 | N68: =IF(COUNT(N58:N59)=0,"",IFERROR((N(N58)+N(N59))/N5,"")) | O68: =JUL!G68 | P68: =AUG!G68 | Q68: =SEP!G68 | R68: =IF(COUNT(R58:R59)=0,"",IFERROR((N(R58)+N(R59))/R5,"")) | S68: =IF(COUNT(S58:S59)=0,"",IFERROR((N(S58)+N(S59))/S5,""))
B69: Training Invest. / EE Trained (USD) | C69: =OCT!G69 | D69: =NOV!G69 | E69: =DEC!G69 | F69: =IF(COUNT(F58:F59)=0,"",IFERROR((N(F58)+N(F59))/F56,"")) | G69: =JAN!G69 | H69: =FEB!G69 | I69: =MAR!G69 | J69: =IF(COUNT(J58:J59)=0,"",IFERROR((N(J58)+N(J59))/J56,"")) | K69: =APR!G69 | L69: =MAY!G69 | M69: =JUN!G69 | N69: =IF(COUNT(N58:N59)=0,"",IFERROR((N(N58)+N(N59))/N56,"")) | O69: =JUL!G69 | P69: =AUG!G69 | Q69: =SEP!G69 | R69: =IF(COUNT(R58:R59)=0,"",IFERROR((N(R58)+N(R59))/R56,"")) | S69: =IF(COUNT(S58:S59)=0,"",IFERROR((N(S58)+N(S59))/S56,""))
B70: Input Cells Not Submitted | C70: =OCT!G70 | D70: =NOV!G70 | E70: =DEC!G70 | F70: =SUM(C70:E70) | G70: =JAN!G70 | H70: =FEB!G70 | I70: =MAR!G70 | J70: =SUM(G70:I70) | K70: =APR!G70 | L70: =MAY!G70 | M70: =JUN!G70 | N70: =SUM(K70:M70) | O70: =JUL!G70 | P70: =AUG!G70 | Q70: =SEP!G70 | R70: =SUM(O70:Q70) | S70: =SUM(C70:E70,G70:I70,K70:M70,O70:Q70)

Sheet OCT
B1: SHIPPING
A2: 202610 | B2: OCT | C2: M&C Shipping | D2: Coreas Hazells (Shipping) | E2: Jonas Browne & Hubbard (Shipping) | F2: Goddards Shipping Barbados | G2: TOTAL | H2: Total by Division | I2: =N(I11)<>0
A3: =+A2 | B3: Permanent (Regular) Headcount | G3: =IF(COUNT(C3:F3)=0,"",SUM(C3:F3)) | H3: ∑
B4: Temporary (Fix Term) Headcount | G4: =IF(COUNT(C4:F4)=0,"",SUM(C4:F4)) | H4: ∑
B5: Employee Headcount (Productivity) | C5: =IF(COUNT(C3:C4)=0,"",SUM(C3:C4)) | D5: =IF(COUNT(D3:D4)=0,"",SUM(D3:D4)) | E5: =IF(COUNT(E3:E4)=0,"",SUM(E3:E4)) | F5: =IF(COUNT(F3:F4)=0,"",SUM(F3:F4)) | G5: =IF(COUNT(G3:G4)=0,"",SUM(G3:G4)) | H5: ϝ
B6: Headcount = 1.00 | G6: =IF(COUNT(C6:F6)=0,"",SUM(C6:F6)) | H6: ∑
B7: Headcount = 0.75 | G7: =IF(COUNT(C7:F7)=0,"",SUM(C7:F7)) | H7: ∑
B8: Headcount = 0.50 | G8: =IF(COUNT(C8:F8)=0,"",SUM(C8:F8)) | H8: ∑
B9: Headcount = 0.25 | G9: =IF(COUNT(C9:F9)=0,"",SUM(C9:F9)) | H9: ∑
B10: Standard Monthly Hours (FTE basis) | G10: =IFERROR(AVERAGE(C10:F10),"") | H10: Avg
B11: Employee FTE (Finance) | C11: =IF(COUNT(C6:C9)=0,"",N(C6)+N(C7)*0.75+N(C8)*0.5+N(C9)*0.25) | D11: =IF(COUNT(D6:D9)=0,"",N(D6)+N(D7)*0.75+N(D8)*0.5+N(D9)*0.25) | E11: =IF(COUNT(E6:E9)=0,"",N(E6)+N(E7)*0.75+N(E8)*0.5+N(E9)*0.25) | F11: =IF(COUNT(F6:F9)=0,"",N(F6)+N(F7)*0.75+N(F8)*0.5+N(F9)*0.25) | G11: =IF(COUNT(G6:G9)=0,"",N(G6)+N(G7)*0.75+N(G8)*0.5+N(G9)*0.25) | H11: FTE | I11: =IF(COUNT(G5:G9)=0,"",N(G6)+N(G7)+N(G8)+N(G9)-N(G5))
B12: Subcontracted Workforce HC | G12: =IF(COUNT(C12:F12)=0,"",SUM(C12:F12)) | H12: ∑
B13: Subcontracted Productive Hours | G13: =IF(COUNT(C13:F13)=0,"",SUM(C13:F13)) | H13: ∑
B14: Subcontracted FTE | C14: =IFERROR(C13/C10,"") | D14: =IFERROR(D13/D10,"") | E14: =IFERROR(E13/E10,"") | F14: =IFERROR(F13/F10,"") | G14: =IF(COUNT(C14:F14)=0,"",SUM(C14:F14)) | H14: FTE
B15: Total Operational Workforce | C15: =IF(COUNT(C5,C12)=0,"",SUM(C5,C12)) | D15: =IF(COUNT(D5,D12)=0,"",SUM(D5,D12)) | E15: =IF(COUNT(E5,E12)=0,"",SUM(E5,E12)) | F15: =IF(COUNT(F5,F12)=0,"",SUM(F5,F12)) | G15: =IF(COUNT(G5,G12)=0,"",SUM(G5,G12)) | H15: ϝ
B16: Total Operational FTE | C16: =IF(COUNT(C11,C14)=0,"",SUM(C11,C14)) | D16: =IF(COUNT(D11,D14)=0,"",SUM(D11,D14)) | E16: =IF(COUNT(E11,E14)=0,"",SUM(E11,E14)) | F16: =IF(COUNT(F11,F14)=0,"",SUM(F11,F14)) | G16: =IF(COUNT(G11,G14)=0,"",SUM(G11,G14)) | H16: FTE
B17: Subcontracted Share of Workforce (%) | C17: =IFERROR(C12/C15,"") | D17: =IFERROR(D12/D15,"") | E17: =IFERROR(E12/E15,"") | F17: =IFERROR(F12/F15,"") | G17: =IFERROR(G12/G15,"") | H17: ϝ
B18: FTE HR Team | G18: =IF(COUNT(C18:F18)=0,"",SUM(C18:F18)) | H18: ∑
B19: Permanent Hires | G19: =IF(COUNT(C19:F19)=0,"",SUM(C19:F19)) | H19: ∑
B20: Temporary Hires | G20: =IF(COUNT(C20:F20)=0,"",SUM(C20:F20)) | H20: ∑
B21: Total Hires | C21: =IF(COUNT(C19:C20)=0,"",SUM(C19:C20)) | D21: =IF(COUNT(D19:D20)=0,"",SUM(D19:D20)) | E21: =IF(COUNT(E19:E20)=0,"",SUM(E19:E20)) | F21: =IF(COUNT(F19:F20)=0,"",SUM(F19:F20)) | G21: =IF(COUNT(G19:G20)=0,"",SUM(G19:G20)) | H21: ϝ
B22: Permanent Exits | G22: =IF(COUNT(C22:F22)=0,"",SUM(C22:F22)) | H22: ∑
B23: Temporary Exits | G23: =IF(COUNT(C23:F23)=0,"",SUM(C23:F23)) | H23: ∑
B24: Total Exits | C24: =IF(COUNT(C22:C23)=0,"",SUM(C22:C23)) | D24: =IF(COUNT(D22:D23)=0,"",SUM(D22:D23)) | E24: =IF(COUNT(E22:E23)=0,"",SUM(E22:E23)) | F24: =IF(COUNT(F22:F23)=0,"",SUM(F22:F23)) | G24: =IF(COUNT(G22:G23)=0,"",SUM(G22:G23)) | H24: ϝ
B25: Permanent Turnover (%) | C25: =IF(COUNT(C31,C32)<2,"",IF((C32+C31)=0,"",N(C22)/((C32+C31)/2))) | D25: =IF(COUNT(D31,D32)<2,"",IF((D32+D31)=0,"",N(D22)/((D32+D31)/2))) | E25: =IF(COUNT(E31,E32)<2,"",IF((E32+E31)=0,"",N(E22)/((E32+E31)/2))) | F25: =IF(COUNT(F31,F32)<2,"",IF((F32+F31)=0,"",N(F22)/((F32+F31)/2))) | G25: =IF(COUNT(G31,G32)<2,"",IF((G32+G31)=0,"",N(G22)/((G32+G31)/2))) | H25: ϝ
B26: Temporary Turnover (%) | C26: =IF(COUNT(C31,C32)<2,"",IF((C32+C31)=0,"",N(C23)/((C32+C31)/2))) | D26: =IF(COUNT(D31,D32)<2,"",IF((D32+D31)=0,"",N(D23)/((D32+D31)/2))) | E26: =IF(COUNT(E31,E32)<2,"",IF((E32+E31)=0,"",N(E23)/((E32+E31)/2))) | F26: =IF(COUNT(F31,F32)<2,"",IF((F32+F31)=0,"",N(F23)/((F32+F31)/2))) | G26: =IF(COUNT(G31,G32)<2,"",IF((G32+G31)=0,"",N(G23)/((G32+G31)/2))) | H26: ϝ
B27: Voluntary Terminations | G27: =IF(COUNT(C27:F27)=0,"",SUM(C27:F27)) | H27: ∑
B28: Involuntary Terminations | G28: =IF(COUNT(C28:F28)=0,"",SUM(C28:F28)) | H28: ∑
B29: Voluntary Turnover (%) | C29: =IF(COUNT(C31,C32)<2,"",IF((C32+C31)=0,"",N(C27)/((C32+C31)/2))) | D29: =IF(COUNT(D31,D32)<2,"",IF((D32+D31)=0,"",N(D27)/((D32+D31)/2))) | E29: =IF(COUNT(E31,E32)<2,"",IF((E32+E31)=0,"",N(E27)/((E32+E31)/2))) | F29: =IF(COUNT(F31,F32)<2,"",IF((F32+F31)=0,"",N(F27)/((F32+F31)/2))) | G29: =IF(COUNT(G31,G32)<2,"",IF((G32+G31)=0,"",N(G27)/((G32+G31)/2))) | H29: ϝ
B30: Involuntary Turnover (%) | C30: =IF(COUNT(C31,C32)<2,"",IF((C32+C31)=0,"",N(C28)/((C32+C31)/2))) | D30: =IF(COUNT(D31,D32)<2,"",IF((D32+D31)=0,"",N(D28)/((D32+D31)/2))) | E30: =IF(COUNT(E31,E32)<2,"",IF((E32+E31)=0,"",N(E28)/((E32+E31)/2))) | F30: =IF(COUNT(F31,F32)<2,"",IF((F32+F31)=0,"",N(F28)/((F32+F31)/2))) | G30: =IF(COUNT(G31,G32)<2,"",IF((G32+G31)=0,"",N(G28)/((G32+G31)/2))) | H30: ϝ
B31: Headcount last Month | G31: =IF(COUNT(C31:F31)=0,"",SUM(C31:F31)) | H31: ∑
B32: Headcount this Month | C32: =IF(C5="","",C5) | D32: =IF(D5="","",D5) | E32: =IF(E5="","",E5) | F32: =IF(F5="","",F5) | G32: =IF(COUNT(C32:F32)=0,"",SUM(C32:F32)) | H32: ∑
B33: Full Turnover (%) | C33: =IF(COUNT(C31,C32)<2,"",IF((C32+C31)=0,"",N(C24)/((C32+C31)/2))) | D33: =IF(COUNT(D31,D32)<2,"",IF((D32+D31)=0,"",N(D24)/((D32+D31)/2))) | E33: =IF(COUNT(E31,E32)<2,"",IF((E32+E31)=0,"",N(E24)/((E32+E31)/2))) | F33: =IF(COUNT(F31,F32)<2,"",IF((F32+F31)=0,"",N(F24)/((F32+F31)/2))) | G33: =IF(COUNT(G31,G32)<2,"",IF((G32+G31)=0,"",N(G24)/((G32+G31)/2))) | H33: ϝ
B34: Permanent Vacancies | G34: =IF(COUNT(C34:F34)=0,"",SUM(C34:F34)) | H34: ∑
B35: Temporary Vacancies | G35: =IF(COUNT(C35:F35)=0,"",SUM(C35:F35)) | H35: ∑
B36: Total Vacancies | C36: =IF(COUNT(C34:C35)=0,"",SUM(C34:C35)) | D36: =IF(COUNT(D34:D35)=0,"",SUM(D34:D35)) | E36: =IF(COUNT(E34:E35)=0,"",SUM(E34:E35)) | F36: =IF(COUNT(F34:F35)=0,"",SUM(F34:F35)) | G36: =IF(COUNT(G34:G35)=0,"",SUM(G34:G35)) | H36: ϝ
B37: Authorized Positions | C37: =IF(COUNT(C5,C36)=0,"",N(C5)+N(C36)) | D37: =IF(COUNT(D5,D36)=0,"",N(D5)+N(D36)) | E37: =IF(COUNT(E5,E36)=0,"",N(E5)+N(E36)) | F37: =IF(COUNT(F5,F36)=0,"",N(F5)+N(F36)) | G37: =IF(COUNT(G5,G36)=0,"",N(G5)+N(G36)) | H37: ϝ
B38: Vacancy Rate (%) | C38: =IFERROR(C36/C37,"") | D38: =IFERROR(D36/D37,"") | E38: =IFERROR(E36/E37,"") | F38: =IFERROR(F36/F37,"") | G38: =IFERROR(G36/G37,"") | H38: ϝ
B39: Permanent TimeToHire (Days) YTD | C39: =IF('(M&C_Shipp)'!$AB$4="","",'(M&C_Shipp)'!$AB$4) | D39: =IF('(Coreas_Shipp)'!$AB$4="","",'(Coreas_Shipp)'!$AB$4) | E39: =IF('(JBH_Shipp)'!$AB$4="","",'(JBH_Shipp)'!$AB$4) | F39: =IF('(Shipping_BRB)'!$AB$4="","",'(Shipping_BRB)'!$AB$4) | G39: =IFERROR(AVERAGE(C39:F39),"") | H39: Avg
B40: Temporary TimeToHire (Days) YTD | C40: =IF('(M&C_Shipp)'!$AD$4="","",'(M&C_Shipp)'!$AD$4) | D40: =IF('(Coreas_Shipp)'!$AD$4="","",'(Coreas_Shipp)'!$AD$4) | E40: =IF('(JBH_Shipp)'!$AD$4="","",'(JBH_Shipp)'!$AD$4) | F40: =IF('(Shipping_BRB)'!$AD$4="","",'(Shipping_BRB)'!$AD$4) | G40: =IFERROR(AVERAGE(C40:F40),"") | H40: Avg
B41: Check-ins Rate Completed (%) | G41: =IFERROR(AVERAGE(C41:F41),"") | H41: Avg
B42: EE Objectives Completed (#) | G42: =IF(COUNT(C42:F42)=0,"",SUM(C42:F42)) | H42: ∑
B43: Non-certified Absent (Days Lost) | G43: =IF(COUNT(C43:F43)=0,"",SUM(C43:F43)) | H43: ∑
B44: Certified sick leave (Days Lost) | G44: =IF(COUNT(C44:F44)=0,"",SUM(C44:F44)) | H44: ∑
B45: Total Absences | C45: =IF(COUNT(C43:C44)=0,"",SUM(C43:C44)) | D45: =IF(COUNT(D43:D44)=0,"",SUM(D43:D44)) | E45: =IF(COUNT(E43:E44)=0,"",SUM(E43:E44)) | F45: =IF(COUNT(F43:F44)=0,"",SUM(F43:F44)) | G45: =IF(COUNT(G43:G44)=0,"",SUM(G43:G44)) | H45: ϝ
B46: Absent Rate Non-Certified (%) | C46: =IF('(M&C_Shipp)'!$G$4="","",'(M&C_Shipp)'!$G$4) | D46: =IF('(Coreas_Shipp)'!$G$4="","",'(Coreas_Shipp)'!$G$4) | E46: =IF('(JBH_Shipp)'!$G$4="","",'(JBH_Shipp)'!$G$4) | F46: =IF('(Shipping_BRB)'!$G$4="","",'(Shipping_BRB)'!$G$4) | G46: {=IF(COUNT(C46:F46)=0,"",IFERROR(SUMPRODUCT(IFERROR(C46:F46*((C3:F3)+(C4:F4)),0))/SUMPRODUCT(IFERROR(ISNUMBER(C46:F46)*((C3:F3)+(C4:F4)),0)),""))} | H46: Weighted
B47: Absent Rate Certified (%) | C47: =IF('(M&C_Shipp)'!$O$4="","",'(M&C_Shipp)'!$O$4) | D47: =IF('(Coreas_Shipp)'!$O$4="","",'(Coreas_Shipp)'!$O$4) | E47: =IF('(JBH_Shipp)'!$O$4="","",'(JBH_Shipp)'!$O$4) | F47: =IF('(Shipping_BRB)'!$O$4="","",'(Shipping_BRB)'!$O$4) | G47: {=IF(COUNT(C47:F47)=0,"",IFERROR(SUMPRODUCT(IFERROR(C47:F47*((C3:F3)+(C4:F4)),0))/SUMPRODUCT(IFERROR(ISNUMBER(C47:F47)*((C3:F3)+(C4:F4)),0)),""))} | H47: Weighted
B48: Absent Rate Total (%) | C48: =IF(COUNT(C46:C47)=0,"",SUM(C46:C47)) | D48: =IF(COUNT(D46:D47)=0,"",SUM(D46:D47)) | E48: =IF(COUNT(E46:E47)=0,"",SUM(E46:E47)) | F48: =IF(COUNT(F46:F47)=0,"",SUM(F46:F47)) | G48: =IF(COUNT(G46:G47)=0,"",SUM(G46:G47)) | H48: Weighted
B49: Weight factor | C49: =IFERROR(C5/$G5,"") | D49: =IFERROR(D5/$G5,"") | E49: =IFERROR(E5/$G5,"") | F49: =IFERROR(F5/$G5,"") | G49: =IF(COUNT(C49:F49)=0,"",SUM(C49:F49)) | H49: Weight Factor
B50: Leadership (Hours) | G50: =IF(COUNT(C50:F50)=0,"",SUM(C50:F50)) | H50: ∑
B51: Technical (Hours) | G51: =IF(COUNT(C51:F51)=0,"",SUM(C51:F51)) | H51: ∑
B52: Professional Develop. (Hours) | G52: =IF(COUNT(C52:F52)=0,"",SUM(C52:F52)) | H52: ∑
B53: HSSE (Hours) | G53: =IF(COUNT(C53:F53)=0,"",SUM(C53:F53)) | H53: ∑
B54: Workday (Hours) | G54: =IF(COUNT(C54:F54)=0,"",SUM(C54:F54)) | H54: ∑
B55: Total Training Hours | C55: =IF(COUNT(C50:C54)=0,"",SUM(C50:C54)) | D55: =IF(COUNT(D50:D54)=0,"",SUM(D50:D54)) | E55: =IF(COUNT(E50:E54)=0,"",SUM(E50:E54)) | F55: =IF(COUNT(F50:F54)=0,"",SUM(F50:F54)) | G55: =IF(COUNT(G50:G54)=0,"",SUM(G50:G54)) | H55: ϝ
B56: Total Trained (Staff) | G56: =IF(COUNT(C56:F56)=0,"",SUM(C56:F56)) | H56: ∑
B57: Training Programs (#) | G57: =IF(COUNT(C57:F57)=0,"",SUM(C57:F57)) | H57: ∑
B58: Training Cost (USD) | G58: =IF(COUNT(C58:F58)=0,"",SUM(C58:F58)) | H58: ∑
B59: Training Travel Cost (USD) | G59: =IF(COUNT(C59:F59)=0,"",SUM(C59:F59)) | H59: ∑
B60: Leadership Hours Trained (%) | C60: =IFERROR(C50/C$55,"") | D60: =IFERROR(D50/D$55,"") | E60: =IFERROR(E50/E$55,"") | F60: =IFERROR(F50/F$55,"") | G60: =IFERROR(G50/G$55,"") | H60: ϝ
B61: Technical Hours Trained (%) | C61: =IFERROR(C51/C$55,"") | D61: =IFERROR(D51/D$55,"") | E61: =IFERROR(E51/E$55,"") | F61: =IFERROR(F51/F$55,"") | G61: =IFERROR(G51/G$55,"") | H61: ϝ
B62: Profess. Dev. Hours Trained (%) | C62: =IFERROR(C52/C$55,"") | D62: =IFERROR(D52/D$55,"") | E62: =IFERROR(E52/E$55,"") | F62: =IFERROR(F52/F$55,"") | G62: =IFERROR(G52/G$55,"") | H62: ϝ
B63: HSSE Hours Trained (%) | C63: =IFERROR(C53/C$55,"") | D63: =IFERROR(D53/D$55,"") | E63: =IFERROR(E53/E$55,"") | F63: =IFERROR(F53/F$55,"") | G63: =IFERROR(G53/G$55,"") | H63: ϝ
B64: Workday Hours Trained (%) | C64: =IFERROR(C54/C$55,"") | D64: =IFERROR(D54/D$55,"") | E64: =IFERROR(E54/E$55,"") | F64: =IFERROR(F54/F$55,"") | G64: =IFERROR(G54/G$55,"") | H64: ϝ
B65: Staff Trained (%) | C65: =IFERROR(C56/C5,"") | D65: =IFERROR(D56/D5,"") | E65: =IFERROR(E56/E5,"") | F65: =IFERROR(F56/F5,"") | G65: =IFERROR(G56/G5,"") | H65: ϝ
B66: Training Hours / EE | C66: =IFERROR(C55/C5,"") | D66: =IFERROR(D55/D5,"") | E66: =IFERROR(E55/E5,"") | F66: =IFERROR(F55/F5,"") | G66: =IFERROR(G55/G5,"") | H66: ϝ
B67: Training Hours / EE Trained | C67: =IFERROR(C55/C56,"") | D67: =IFERROR(D55/D56,"") | E67: =IFERROR(E55/E56,"") | F67: =IFERROR(F55/F56,"") | G67: =IFERROR(G55/G56,"") | H67: ϝ
B68: Training Invest. / EE (USD) | C68: =IF(COUNT(C58:C59)=0,"",IFERROR((N(C58)+N(C59))/C5,"")) | D68: =IF(COUNT(D58:D59)=0,"",IFERROR((N(D58)+N(D59))/D5,"")) | E68: =IF(COUNT(E58:E59)=0,"",IFERROR((N(E58)+N(E59))/E5,"")) | F68: =IF(COUNT(F58:F59)=0,"",IFERROR((N(F58)+N(F59))/F5,"")) | G68: =IF(COUNT(G58:G59)=0,"",IFERROR((N(G58)+N(G59))/G5,"")) | H68: ϝ
B69: Training Invest. / EE Trained (USD) | C69: =IF(COUNT(C58:C59)=0,"",IFERROR((N(C58)+N(C59))/C56,"")) | D69: =IF(COUNT(D58:D59)=0,"",IFERROR((N(D58)+N(D59))/D56,"")) | E69: =IF(COUNT(E58:E59)=0,"",IFERROR((N(E58)+N(E59))/E56,"")) | F69: =IF(COUNT(F58:F59)=0,"",IFERROR((N(F58)+N(F59))/F56,"")) | G69: =IF(COUNT(G58:G59)=0,"",IFERROR((N(G58)+N(G59))/G56,"")) | H69: ϝ
B70: Input Cells Not Submitted | C70: =COUNTBLANK(C3:C4)+COUNTBLANK(C6:C10)+COUNTBLANK(C12:C13)+COUNTBLANK(C18:C20)+COUNTBLANK(C22:C23)+COUNTBLANK(C27:C28)+COUNTBLANK(C34:C35)+COUNTBLANK(C39:C44)+COUNTBLANK(C46:C47)+COUNTBLANK(C50:C54)+COUNTBLANK(C56:C59) | D70: =COUNTBLANK(D3:D4)+COUNTBLANK(D6:D10)+COUNTBLANK(D12:D13)+COUNTBLANK(D18:D20)+COUNTBLANK(D22:D23)+COUNTBLANK(D27:D28)+COUNTBLANK(D34:D35)+COUNTBLANK(D39:D44)+COUNTBLANK(D46:D47)+COUNTBLANK(D50:D54)+COUNTBLANK(D56:D59) | E70: =COUNTBLANK(E3:E4)+COUNTBLANK(E6:E10)+COUNTBLANK(E12:E13)+COUNTBLANK(E18:E20)+COUNTBLANK(E22:E23)+COUNTBLANK(E27:E28)+COUNTBLANK(E34:E35)+COUNTBLANK(E39:E44)+COUNTBLANK(E46:E47)+COUNTBLANK(E50:E54)+COUNTBLANK(E56:E59) | F70: =COUNTBLANK(F3:F4)+COUNTBLANK(F6:F10)+COUNTBLANK(F12:F13)+COUNTBLANK(F18:F20)+COUNTBLANK(F22:F23)+COUNTBLANK(F27:F28)+COUNTBLANK(F34:F35)+COUNTBLANK(F39:F44)+COUNTBLANK(F46:F47)+COUNTBLANK(F50:F54)+COUNTBLANK(F56:F59) | G70: =SUM(C70:F70) | H70: ∑

Sheet NOV
B1: SHIPPING
A2: =VALUE(TEXT(EDATE(DATE(LEFT(OCT!A2,4),RIGHT(OCT!A2,2),1),1),"yyyymm")) | B2: NOV | C2: M&C Shipping | D2: Coreas Hazells (Shipping) | E2: Jonas Browne & Hubbard (Shipping) | F2: Goddards Shipping Barbados | G2: TOTAL | H2: Total by Division | I2: =N(I11)<>0
A3: =+A2 | B3: Permanent (Regular) Headcount | G3: =IF(COUNT(C3:F3)=0,"",SUM(C3:F3)) | H3: ∑
B4: Temporary (Fix Term) Headcount | G4: =IF(COUNT(C4:F4)=0,"",SUM(C4:F4)) | H4: ∑
B5: Employee Headcount (Productivity) | C5: =IF(COUNT(C3:C4)=0,"",SUM(C3:C4)) | D5: =IF(COUNT(D3:D4)=0,"",SUM(D3:D4)) | E5: =IF(COUNT(E3:E4)=0,"",SUM(E3:E4)) | F5: =IF(COUNT(F3:F4)=0,"",SUM(F3:F4)) | G5: =IF(COUNT(G3:G4)=0,"",SUM(G3:G4)) | H5: ϝ
B6: Headcount = 1.00 | G6: =IF(COUNT(C6:F6)=0,"",SUM(C6:F6)) | H6: ∑
B7: Headcount = 0.75 | G7: =IF(COUNT(C7:F7)=0,"",SUM(C7:F7)) | H7: ∑
B8: Headcount = 0.50 | G8: =IF(COUNT(C8:F8)=0,"",SUM(C8:F8)) | H8: ∑
B9: Headcount = 0.25 | G9: =IF(COUNT(C9:F9)=0,"",SUM(C9:F9)) | H9: ∑
B10: Standard Monthly Hours (FTE basis) | G10: =IFERROR(AVERAGE(C10:F10),"") | H10: Avg
B11: Employee FTE (Finance) | C11: =IF(COUNT(C6:C9)=0,"",N(C6)+N(C7)*0.75+N(C8)*0.5+N(C9)*0.25) | D11: =IF(COUNT(D6:D9)=0,"",N(D6)+N(D7)*0.75+N(D8)*0.5+N(D9)*0.25) | E11: =IF(COUNT(E6:E9)=0,"",N(E6)+N(E7)*0.75+N(E8)*0.5+N(E9)*0.25) | F11: =IF(COUNT(F6:F9)=0,"",N(F6)+N(F7)*0.75+N(F8)*0.5+N(F9)*0.25) | G11: =IF(COUNT(G6:G9)=0,"",N(G6)+N(G7)*0.75+N(G8)*0.5+N(G9)*0.25) | H11: FTE | I11: =IF(COUNT(G5:G9)=0,"",N(G6)+N(G7)+N(G8)+N(G9)-N(G5))
B12: Subcontracted Workforce HC | G12: =IF(COUNT(C12:F12)=0,"",SUM(C12:F12)) | H12: ∑
B13: Subcontracted Productive Hours | G13: =IF(COUNT(C13:F13)=0,"",SUM(C13:F13)) | H13: ∑
B14: Subcontracted FTE | C14: =IFERROR(C13/C10,"") | D14: =IFERROR(D13/D10,"") | E14: =IFERROR(E13/E10,"") | F14: =IFERROR(F13/F10,"") | G14: =IF(COUNT(C14:F14)=0,"",SUM(C14:F14)) | H14: FTE
B15: Total Operational Workforce | C15: =IF(COUNT(C5,C12)=0,"",SUM(C5,C12)) | D15: =IF(COUNT(D5,D12)=0,"",SUM(D5,D12)) | E15: =IF(COUNT(E5,E12)=0,"",SUM(E5,E12)) | F15: =IF(COUNT(F5,F12)=0,"",SUM(F5,F12)) | G15: =IF(COUNT(G5,G12)=0,"",SUM(G5,G12)) | H15: ϝ
B16: Total Operational FTE | C16: =IF(COUNT(C11,C14)=0,"",SUM(C11,C14)) | D16: =IF(COUNT(D11,D14)=0,"",SUM(D11,D14)) | E16: =IF(COUNT(E11,E14)=0,"",SUM(E11,E14)) | F16: =IF(COUNT(F11,F14)=0,"",SUM(F11,F14)) | G16: =IF(COUNT(G11,G14)=0,"",SUM(G11,G14)) | H16: FTE
B17: Subcontracted Share of Workforce (%) | C17: =IFERROR(C12/C15,"") | D17: =IFERROR(D12/D15,"") | E17: =IFERROR(E12/E15,"") | F17: =IFERROR(F12/F15,"") | G17: =IFERROR(G12/G15,"") | H17: ϝ
B18: FTE HR Team | G18: =IF(COUNT(C18:F18)=0,"",SUM(C18:F18)) | H18: ∑
B19: Permanent Hires | G19: =IF(COUNT(C19:F19)=0,"",SUM(C19:F19)) | H19: ∑
B20: Temporary Hires | G20: =IF(COUNT(C20:F20)=0,"",SUM(C20:F20)) | H20: ∑
B21: Total Hires | C21: =IF(COUNT(C19:C20)=0,"",SUM(C19:C20)) | D21: =IF(COUNT(D19:D20)=0,"",SUM(D19:D20)) | E21: =IF(COUNT(E19:E20)=0,"",SUM(E19:E20)) | F21: =IF(COUNT(F19:F20)=0,"",SUM(F19:F20)) | G21: =IF(COUNT(G19:G20)=0,"",SUM(G19:G20)) | H21: ϝ
B22: Permanent Exits | G22: =IF(COUNT(C22:F22)=0,"",SUM(C22:F22)) | H22: ∑
B23: Temporary Exits | G23: =IF(COUNT(C23:F23)=0,"",SUM(C23:F23)) | H23: ∑
B24: Total Exits | C24: =IF(COUNT(C22:C23)=0,"",SUM(C22:C23)) | D24: =IF(COUNT(D22:D23)=0,"",SUM(D22:D23)) | E24: =IF(COUNT(E22:E23)=0,"",SUM(E22:E23)) | F24: =IF(COUNT(F22:F23)=0,"",SUM(F22:F23)) | G24: =IF(COUNT(G22:G23)=0,"",SUM(G22:G23)) | H24: ϝ
B25: Permanent Turnover (%) | C25: =IF(COUNT(C31,C32)<2,"",IF((C32+C31)=0,"",N(C22)/((C32+C31)/2))) | D25: =IF(COUNT(D31,D32)<2,"",IF((D32+D31)=0,"",N(D22)/((D32+D31)/2))) | E25: =IF(COUNT(E31,E32)<2,"",IF((E32+E31)=0,"",N(E22)/((E32+E31)/2))) | F25: =IF(COUNT(F31,F32)<2,"",IF((F32+F31)=0,"",N(F22)/((F32+F31)/2))) | G25: =IF(COUNT(G31,G32)<2,"",IF((G32+G31)=0,"",N(G22)/((G32+G31)/2))) | H25: ϝ
B26: Temporary Turnover (%) | C26: =IF(COUNT(C31,C32)<2,"",IF((C32+C31)=0,"",N(C23)/((C32+C31)/2))) | D26: =IF(COUNT(D31,D32)<2,"",IF((D32+D31)=0,"",N(D23)/((D32+D31)/2))) | E26: =IF(COUNT(E31,E32)<2,"",IF((E32+E31)=0,"",N(E23)/((E32+E31)/2))) | F26: =IF(COUNT(F31,F32)<2,"",IF((F32+F31)=0,"",N(F23)/((F32+F31)/2))) | G26: =IF(COUNT(G31,G32)<2,"",IF((G32+G31)=0,"",N(G23)/((G32+G31)/2))) | H26: ϝ
B27: Voluntary Terminations | G27: =IF(COUNT(C27:F27)=0,"",SUM(C27:F27)) | H27: ∑
B28: Involuntary Terminations | G28: =IF(COUNT(C28:F28)=0,"",SUM(C28:F28)) | H28: ∑
B29: Voluntary Turnover (%) | C29: =IF(COUNT(C31,C32)<2,"",IF((C32+C31)=0,"",N(C27)/((C32+C31)/2))) | D29: =IF(COUNT(D31,D32)<2,"",IF((D32+D31)=0,"",N(D27)/((D32+D31)/2))) | E29: =IF(COUNT(E31,E32)<2,"",IF((E32+E31)=0,"",N(E27)/((E32+E31)/2))) | F29: =IF(COUNT(F31,F32)<2,"",IF((F32+F31)=0,"",N(F27)/((F32+F31)/2))) | G29: =IF(COUNT(G31,G32)<2,"",IF((G32+G31)=0,"",N(G27)/((G32+G31)/2))) | H29: ϝ
B30: Involuntary Turnover (%) | C30: =IF(COUNT(C31,C32)<2,"",IF((C32+C31)=0,"",N(C28)/((C32+C31)/2))) | D30: =IF(COUNT(D31,D32)<2,"",IF((D32+D31)=0,"",N(D28)/((D32+D31)/2))) | E30: =IF(COUNT(E31,E32)<2,"",IF((E32+E31)=0,"",N(E28)/((E32+E31)/2))) | F30: =IF(COUNT(F31,F32)<2,"",IF((F32+F31)=0,"",N(F28)/((F32+F31)/2))) | G30: =IF(COUNT(G31,G32)<2,"",IF((G32+G31)=0,"",N(G28)/((G32+G31)/2))) | H30: ϝ
B31: Headcount last Month | C31: =IF(OCT!C5="","",OCT!C5) | D31: =IF(OCT!D5="","",OCT!D5) | E31: =IF(OCT!E5="","",OCT!E5) | F31: =IF(OCT!F5="","",OCT!F5) | G31: =IF(COUNT(C31:F31)=0,"",SUM(C31:F31)) | H31: ∑
B32: Headcount this Month | C32: =IF(C5="","",C5) | D32: =IF(D5="","",D5) | E32: =IF(E5="","",E5) | F32: =IF(F5="","",F5) | G32: =IF(COUNT(C32:F32)=0,"",SUM(C32:F32)) | H32: ∑
B33: Full Turnover (%) | C33: =IF(COUNT(C31,C32)<2,"",IF((C32+C31)=0,"",N(C24)/((C32+C31)/2))) | D33: =IF(COUNT(D31,D32)<2,"",IF((D32+D31)=0,"",N(D24)/((D32+D31)/2))) | E33: =IF(COUNT(E31,E32)<2,"",IF((E32+E31)=0,"",N(E24)/((E32+E31)/2))) | F33: =IF(COUNT(F31,F32)<2,"",IF((F32+F31)=0,"",N(F24)/((F32+F31)/2))) | G33: =IF(COUNT(G31,G32)<2,"",IF((G32+G31)=0,"",N(G24)/((G32+G31)/2))) | H33: ϝ
B34: Permanent Vacancies | G34: =IF(COUNT(C34:F34)=0,"",SUM(C34:F34)) | H34: ∑
B35: Temporary Vacancies | G35: =IF(COUNT(C35:F35)=0,"",SUM(C35:F35)) | H35: ∑
B36: Total Vacancies | C36: =IF(COUNT(C34:C35)=0,"",SUM(C34:C35)) | D36: =IF(COUNT(D34:D35)=0,"",SUM(D34:D35)) | E36: =IF(COUNT(E34:E35)=0,"",SUM(E34:E35)) | F36: =IF(COUNT(F34:F35)=0,"",SUM(F34:F35)) | G36: =IF(COUNT(G34:G35)=0,"",SUM(G34:G35)) | H36: ϝ
B37: Authorized Positions | C37: =IF(COUNT(C5,C36)=0,"",N(C5)+N(C36)) | D37: =IF(COUNT(D5,D36)=0,"",N(D5)+N(D36)) | E37: =IF(COUNT(E5,E36)=0,"",N(E5)+N(E36)) | F37: =IF(COUNT(F5,F36)=0,"",N(F5)+N(F36)) | G37: =IF(COUNT(G5,G36)=0,"",N(G5)+N(G36)) | H37: ϝ
B38: Vacancy Rate (%) | C38: =IFERROR(C36/C37,"") | D38: =IFERROR(D36/D37,"") | E38: =IFERROR(E36/E37,"") | F38: =IFERROR(F36/F37,"") | G38: =IFERROR(G36/G37,"") | H38: ϝ
B39: Permanent TimeToHire (Days) YTD | C39: =IF('(M&C_Shipp)'!$AB$5="","",'(M&C_Shipp)'!$AB$5) | D39: =IF('(Coreas_Shipp)'!$AB$5="","",'(Coreas_Shipp)'!$AB$5) | E39: =IF('(JBH_Shipp)'!$AB$5="","",'(JBH_Shipp)'!$AB$5) | F39: =IF('(Shipping_BRB)'!$AB$5="","",'(Shipping_BRB)'!$AB$5) | G39: =IFERROR(AVERAGE(C39:F39),"") | H39: Avg
B40: Temporary TimeToHire (Days) YTD | C40: =IF('(M&C_Shipp)'!$AD$5="","",'(M&C_Shipp)'!$AD$5) | D40: =IF('(Coreas_Shipp)'!$AD$5="","",'(Coreas_Shipp)'!$AD$5) | E40: =IF('(JBH_Shipp)'!$AD$5="","",'(JBH_Shipp)'!$AD$5) | F40: =IF('(Shipping_BRB)'!$AD$5="","",'(Shipping_BRB)'!$AD$5) | G40: =IFERROR(AVERAGE(C40:F40),"") | H40: Avg
B41: Check-ins Rate Completed (%) | G41: =IFERROR(AVERAGE(C41:F41),"") | H41: Avg
B42: EE Objectives Completed (#) | G42: =IF(COUNT(C42:F42)=0,"",SUM(C42:F42)) | H42: ∑
B43: Non-certified Absent (Days Lost) | G43: =IF(COUNT(C43:F43)=0,"",SUM(C43:F43)) | H43: ∑
B44: Certified sick leave (Days Lost) | G44: =IF(COUNT(C44:F44)=0,"",SUM(C44:F44)) | H44: ∑
B45: Total Absences | C45: =IF(COUNT(C43:C44)=0,"",SUM(C43:C44)) | D45: =IF(COUNT(D43:D44)=0,"",SUM(D43:D44)) | E45: =IF(COUNT(E43:E44)=0,"",SUM(E43:E44)) | F45: =IF(COUNT(F43:F44)=0,"",SUM(F43:F44)) | G45: =IF(COUNT(G43:G44)=0,"",SUM(G43:G44)) | H45: ϝ
B46: Absent Rate Non-Certified (%) | C46: =IF('(M&C_Shipp)'!$G$5="","",'(M&C_Shipp)'!$G$5) | D46: =IF('(Coreas_Shipp)'!$G$5="","",'(Coreas_Shipp)'!$G$5) | E46: =IF('(JBH_Shipp)'!$G$5="","",'(JBH_Shipp)'!$G$5) | F46: =IF('(Shipping_BRB)'!$G$5="","",'(Shipping_BRB)'!$G$5) | G46: {=IF(COUNT(C46:F46)=0,"",IFERROR(SUMPRODUCT(IFERROR(C46:F46*((C3:F3)+(C4:F4)),0))/SUMPRODUCT(IFERROR(ISNUMBER(C46:F46)*((C3:F3)+(C4:F4)),0)),""))} | H46: Weighted
B47: Absent Rate Certified (%) | C47: =IF('(M&C_Shipp)'!$O$5="","",'(M&C_Shipp)'!$O$5) | D47: =IF('(Coreas_Shipp)'!$O$5="","",'(Coreas_Shipp)'!$O$5) | E47: =IF('(JBH_Shipp)'!$O$5="","",'(JBH_Shipp)'!$O$5) | F47: =IF('(Shipping_BRB)'!$O$5="","",'(Shipping_BRB)'!$O$5) | G47: {=IF(COUNT(C47:F47)=0,"",IFERROR(SUMPRODUCT(IFERROR(C47:F47*((C3:F3)+(C4:F4)),0))/SUMPRODUCT(IFERROR(ISNUMBER(C47:F47)*((C3:F3)+(C4:F4)),0)),""))} | H47: Weighted
B48: Absent Rate Total (%) | C48: =IF(COUNT(C46:C47)=0,"",SUM(C46:C47)) | D48: =IF(COUNT(D46:D47)=0,"",SUM(D46:D47)) | E48: =IF(COUNT(E46:E47)=0,"",SUM(E46:E47)) | F48: =IF(COUNT(F46:F47)=0,"",SUM(F46:F47)) | G48: =IF(COUNT(G46:G47)=0,"",SUM(G46:G47)) | H48: Weighted
B49: Weight factor | C49: =IFERROR(C5/$G5,"") | D49: =IFERROR(D5/$G5,"") | E49: =IFERROR(E5/$G5,"") | F49: =IFERROR(F5/$G5,"") | G49: =IF(COUNT(C49:F49)=0,"",SUM(C49:F49)) | H49: Weight Factor
B50: Leadership (Hours) | G50: =IF(COUNT(C50:F50)=0,"",SUM(C50:F50)) | H50: ∑
B51: Technical (Hours) | G51: =IF(COUNT(C51:F51)=0,"",SUM(C51:F51)) | H51: ∑
B52: Professional Develop. (Hours) | G52: =IF(COUNT(C52:F52)=0,"",SUM(C52:F52)) | H52: ∑
B53: HSSE (Hours) | G53: =IF(COUNT(C53:F53)=0,"",SUM(C53:F53)) | H53: ∑
B54: Workday (Hours) | G54: =IF(COUNT(C54:F54)=0,"",SUM(C54:F54)) | H54: ∑
B55: Total Training Hours | C55: =IF(COUNT(C50:C54)=0,"",SUM(C50:C54)) | D55: =IF(COUNT(D50:D54)=0,"",SUM(D50:D54)) | E55: =IF(COUNT(E50:E54)=0,"",SUM(E50:E54)) | F55: =IF(COUNT(F50:F54)=0,"",SUM(F50:F54)) | G55: =IF(COUNT(G50:G54)=0,"",SUM(G50:G54)) | H55: ϝ
B56: Total Trained (Staff) | G56: =IF(COUNT(C56:F56)=0,"",SUM(C56:F56)) | H56: ∑
B57: Training Programs (#) | G57: =IF(COUNT(C57:F57)=0,"",SUM(C57:F57)) | H57: ∑
B58: Training Cost (USD) | G58: =IF(COUNT(C58:F58)=0,"",SUM(C58:F58)) | H58: ∑
B59: Training Travel Cost (USD) | G59: =IF(COUNT(C59:F59)=0,"",SUM(C59:F59)) | H59: ∑
B60: Leadership Hours Trained (%) | C60: =IFERROR(C50/C$55,"") | D60: =IFERROR(D50/D$55,"") | E60: =IFERROR(E50/E$55,"") | F60: =IFERROR(F50/F$55,"") | G60: =IFERROR(G50/G$55,"") | H60: ϝ
B61: Technical Hours Trained (%) | C61: =IFERROR(C51/C$55,"") | D61: =IFERROR(D51/D$55,"") | E61: =IFERROR(E51/E$55,"") | F61: =IFERROR(F51/F$55,"") | G61: =IFERROR(G51/G$55,"") | H61: ϝ
B62: Profess. Dev. Hours Trained (%) | C62: =IFERROR(C52/C$55,"") | D62: =IFERROR(D52/D$55,"") | E62: =IFERROR(E52/E$55,"") | F62: =IFERROR(F52/F$55,"") | G62: =IFERROR(G52/G$55,"") | H62: ϝ
B63: HSSE Hours Trained (%) | C63: =IFERROR(C53/C$55,"") | D63: =IFERROR(D53/D$55,"") | E63: =IFERROR(E53/E$55,"") | F63: =IFERROR(F53/F$55,"") | G63: =IFERROR(G53/G$55,"") | H63: ϝ
B64: Workday Hours Trained (%) | C64: =IFERROR(C54/C$55,"") | D64: =IFERROR(D54/D$55,"") | E64: =IFERROR(E54/E$55,"") | F64: =IFERROR(F54/F$55,"") | G64: =IFERROR(G54/G$55,"") | H64: ϝ
B65: Staff Trained (%) | C65: =IFERROR(C56/C5,"") | D65: =IFERROR(D56/D5,"") | E65: =IFERROR(E56/E5,"") | F65: =IFERROR(F56/F5,"") | G65: =IFERROR(G56/G5,"") | H65: ϝ
B66: Training Hours / EE | C66: =IFERROR(C55/C5,"") | D66: =IFERROR(D55/D5,"") | E66: =IFERROR(E55/E5,"") | F66: =IFERROR(F55/F5,"") | G66: =IFERROR(G55/G5,"") | H66: ϝ
B67: Training Hours / EE Trained | C67: =IFERROR(C55/C56,"") | D67: =IFERROR(D55/D56,"") | E67: =IFERROR(E55/E56,"") | F67: =IFERROR(F55/F56,"") | G67: =IFERROR(G55/G56,"") | H67: ϝ
B68: Training Invest. / EE (USD) | C68: =IF(COUNT(C58:C59)=0,"",IFERROR((N(C58)+N(C59))/C5,"")) | D68: =IF(COUNT(D58:D59)=0,"",IFERROR((N(D58)+N(D59))/D5,"")) | E68: =IF(COUNT(E58:E59)=0,"",IFERROR((N(E58)+N(E59))/E5,"")) | F68: =IF(COUNT(F58:F59)=0,"",IFERROR((N(F58)+N(F59))/F5,"")) | G68: =IF(COUNT(G58:G59)=0,"",IFERROR((N(G58)+N(G59))/G5,"")) | H68: ϝ
B69: Training Invest. / EE Trained (USD) | C69: =IF(COUNT(C58:C59)=0,"",IFERROR((N(C58)+N(C59))/C56,"")) | D69: =IF(COUNT(D58:D59)=0,"",IFERROR((N(D58)+N(D59))/D56,"")) | E69: =IF(COUNT(E58:E59)=0,"",IFERROR((N(E58)+N(E59))/E56,"")) | F69: =IF(COUNT(F58:F59)=0,"",IFERROR((N(F58)+N(F59))/F56,"")) | G69: =IF(COUNT(G58:G59)=0,"",IFERROR((N(G58)+N(G59))/G56,"")) | H69: ϝ
B70: Input Cells Not Submitted | C70: =COUNTBLANK(C3:C4)+COUNTBLANK(C6:C10)+COUNTBLANK(C12:C13)+COUNTBLANK(C18:C20)+COUNTBLANK(C22:C23)+COUNTBLANK(C27:C28)+COUNTBLANK(C34:C35)+COUNTBLANK(C39:C44)+COUNTBLANK(C46:C47)+COUNTBLANK(C50:C54)+COUNTBLANK(C56:C59) | D70: =COUNTBLANK(D3:D4)+COUNTBLANK(D6:D10)+COUNTBLANK(D12:D13)+COUNTBLANK(D18:D20)+COUNTBLANK(D22:D23)+COUNTBLANK(D27:D28)+COUNTBLANK(D34:D35)+COUNTBLANK(D39:D44)+COUNTBLANK(D46:D47)+COUNTBLANK(D50:D54)+COUNTBLANK(D56:D59) | E70: =COUNTBLANK(E3:E4)+COUNTBLANK(E6:E10)+COUNTBLANK(E12:E13)+COUNTBLANK(E18:E20)+COUNTBLANK(E22:E23)+COUNTBLANK(E27:E28)+COUNTBLANK(E34:E35)+COUNTBLANK(E39:E44)+COUNTBLANK(E46:E47)+COUNTBLANK(E50:E54)+COUNTBLANK(E56:E59) | F70: =COUNTBLANK(F3:F4)+COUNTBLANK(F6:F10)+COUNTBLANK(F12:F13)+COUNTBLANK(F18:F20)+COUNTBLANK(F22:F23)+COUNTBLANK(F27:F28)+COUNTBLANK(F34:F35)+COUNTBLANK(F39:F44)+COUNTBLANK(F46:F47)+COUNTBLANK(F50:F54)+COUNTBLANK(F56:F59) | G70: =SUM(C70:F70) | H70: ∑

Sheet DEC
B1: SHIPPING
A2: =VALUE(TEXT(EDATE(DATE(LEFT(NOV!A2,4),RIGHT(NOV!A2,2),1),1),"yyyymm")) | B2: DEC | C2: M&C Shipping | D2: Coreas Hazells (Shipping) | E2: Jonas Browne & Hubbard (Shipping) | F2: Goddards Shipping Barbados | G2: TOTAL | H2: Total by Division | I2: =N(I11)<>0
A3: =+A2 | B3: Permanent (Regular) Headcount | G3: =IF(COUNT(C3:F3)=0,"",SUM(C3:F3)) | H3: ∑
B4: Temporary (Fix Term) Headcount | G4: =IF(COUNT(C4:F4)=0,"",SUM(C4:F4)) | H4: ∑
B5: Employee Headcount (Productivity) | C5: =IF(COUNT(C3:C4)=0,"",SUM(C3:C4)) | D5: =IF(COUNT(D3:D4)=0,"",SUM(D3:D4)) | E5: =IF(COUNT(E3:E4)=0,"",SUM(E3:E4)) | F5: =IF(COUNT(F3:F4)=0,"",SUM(F3:F4)) | G5: =IF(COUNT(G3:G4)=0,"",SUM(G3:G4)) | H5: ϝ
B6: Headcount = 1.00 | G6: =IF(COUNT(C6:F6)=0,"",SUM(C6:F6)) | H6: ∑
B7: Headcount = 0.75 | G7: =IF(COUNT(C7:F7)=0,"",SUM(C7:F7)) | H7: ∑
B8: Headcount = 0.50 | G8: =IF(COUNT(C8:F8)=0,"",SUM(C8:F8)) | H8: ∑
B9: Headcount = 0.25 | G9: =IF(COUNT(C9:F9)=0,"",SUM(C9:F9)) | H9: ∑
B10: Standard Monthly Hours (FTE basis) | G10: =IFERROR(AVERAGE(C10:F10),"") | H10: Avg
B11: Employee FTE (Finance) | C11: =IF(COUNT(C6:C9)=0,"",N(C6)+N(C7)*0.75+N(C8)*0.5+N(C9)*0.25) | D11: =IF(COUNT(D6:D9)=0,"",N(D6)+N(D7)*0.75+N(D8)*0.5+N(D9)*0.25) | E11: =IF(COUNT(E6:E9)=0,"",N(E6)+N(E7)*0.75+N(E8)*0.5+N(E9)*0.25) | F11: =IF(COUNT(F6:F9)=0,"",N(F6)+N(F7)*0.75+N(F8)*0.5+N(F9)*0.25) | G11: =IF(COUNT(G6:G9)=0,"",N(G6)+N(G7)*0.75+N(G8)*0.5+N(G9)*0.25) | H11: FTE | I11: =IF(COUNT(G5:G9)=0,"",N(G6)+N(G7)+N(G8)+N(G9)-N(G5))
B12: Subcontracted Workforce HC | G12: =IF(COUNT(C12:F12)=0,"",SUM(C12:F12)) | H12: ∑
B13: Subcontracted Productive Hours | G13: =IF(COUNT(C13:F13)=0,"",SUM(C13:F13)) | H13: ∑
B14: Subcontracted FTE | C14: =IFERROR(C13/C10,"") | D14: =IFERROR(D13/D10,"") | E14: =IFERROR(E13/E10,"") | F14: =IFERROR(F13/F10,"") | G14: =IF(COUNT(C14:F14)=0,"",SUM(C14:F14)) | H14: FTE
B15: Total Operational Workforce | C15: =IF(COUNT(C5,C12)=0,"",SUM(C5,C12)) | D15: =IF(COUNT(D5,D12)=0,"",SUM(D5,D12)) | E15: =IF(COUNT(E5,E12)=0,"",SUM(E5,E12)) | F15: =IF(COUNT(F5,F12)=0,"",SUM(F5,F12)) | G15: =IF(COUNT(G5,G12)=0,"",SUM(G5,G12)) | H15: ϝ
B16: Total Operational FTE | C16: =IF(COUNT(C11,C14)=0,"",SUM(C11,C14)) | D16: =IF(COUNT(D11,D14)=0,"",SUM(D11,D14)) | E16: =IF(COUNT(E11,E14)=0,"",SUM(E11,E14)) | F16: =IF(COUNT(F11,F14)=0,"",SUM(F11,F14)) | G16: =IF(COUNT(G11,G14)=0,"",SUM(G11,G14)) | H16: FTE
B17: Subcontracted Share of Workforce (%) | C17: =IFERROR(C12/C15,"") | D17: =IFERROR(D12/D15,"") | E17: =IFERROR(E12/E15,"") | F17: =IFERROR(F12/F15,"") | G17: =IFERROR(G12/G15,"") | H17: ϝ
B18: FTE HR Team | G18: =IF(COUNT(C18:F18)=0,"",SUM(C18:F18)) | H18: ∑
B19: Permanent Hires | G19: =IF(COUNT(C19:F19)=0,"",SUM(C19:F19)) | H19: ∑
B20: Temporary Hires | G20: =IF(COUNT(C20:F20)=0,"",SUM(C20:F20)) | H20: ∑
B21: Total Hires | C21: =IF(COUNT(C19:C20)=0,"",SUM(C19:C20)) | D21: =IF(COUNT(D19:D20)=0,"",SUM(D19:D20)) | E21: =IF(COUNT(E19:E20)=0,"",SUM(E19:E20)) | F21: =IF(COUNT(F19:F20)=0,"",SUM(F19:F20)) | G21: =IF(COUNT(G19:G20)=0,"",SUM(G19:G20)) | H21: ϝ
B22: Permanent Exits | G22: =IF(COUNT(C22:F22)=0,"",SUM(C22:F22)) | H22: ∑
B23: Temporary Exits | G23: =IF(COUNT(C23:F23)=0,"",SUM(C23:F23)) | H23: ∑
B24: Total Exits | C24: =IF(COUNT(C22:C23)=0,"",SUM(C22:C23)) | D24: =IF(COUNT(D22:D23)=0,"",SUM(D22:D23)) | E24: =IF(COUNT(E22:E23)=0,"",SUM(E22:E23)) | F24: =IF(COUNT(F22:F23)=0,"",SUM(F22:F23)) | G24: =IF(COUNT(G22:G23)=0,"",SUM(G22:G23)) | H24: ϝ
B25: Permanent Turnover (%) | C25: =IF(COUNT(C31,C32)<2,"",IF((C32+C31)=0,"",N(C22)/((C32+C31)/2))) | D25: =IF(COUNT(D31,D32)<2,"",IF((D32+D31)=0,"",N(D22)/((D32+D31)/2))) | E25: =IF(COUNT(E31,E32)<2,"",IF((E32+E31)=0,"",N(E22)/((E32+E31)/2))) | F25: =IF(COUNT(F31,F32)<2,"",IF((F32+F31)=0,"",N(F22)/((F32+F31)/2))) | G25: =IF(COUNT(G31,G32)<2,"",IF((G32+G31)=0,"",N(G22)/((G32+G31)/2))) | H25: ϝ
B26: Temporary Turnover (%) | C26: =IF(COUNT(C31,C32)<2,"",IF((C32+C31)=0,"",N(C23)/((C32+C31)/2))) | D26: =IF(COUNT(D31,D32)<2,"",IF((D32+D31)=0,"",N(D23)/((D32+D31)/2))) | E26: =IF(COUNT(E31,E32)<2,"",IF((E32+E31)=0,"",N(E23)/((E32+E31)/2))) | F26: =IF(COUNT(F31,F32)<2,"",IF((F32+F31)=0,"",N(F23)/((F32+F31)/2))) | G26: =IF(COUNT(G31,G32)<2,"",IF((G32+G31)=0,"",N(G23)/((G32+G31)/2))) | H26: ϝ
B27: Voluntary Terminations | G27: =IF(COUNT(C27:F27)=0,"",SUM(C27:F27)) | H27: ∑
B28: Involuntary Terminations | G28: =IF(COUNT(C28:F28)=0,"",SUM(C28:F28)) | H28: ∑
B29: Voluntary Turnover (%) | C29: =IF(COUNT(C31,C32)<2,"",IF((C32+C31)=0,"",N(C27)/((C32+C31)/2))) | D29: =IF(COUNT(D31,D32)<2,"",IF((D32+D31)=0,"",N(D27)/((D32+D31)/2))) | E29: =IF(COUNT(E31,E32)<2,"",IF((E32+E31)=0,"",N(E27)/((E32+E31)/2))) | F29: =IF(COUNT(F31,F32)<2,"",IF((F32+F31)=0,"",N(F27)/((F32+F31)/2))) | G29: =IF(COUNT(G31,G32)<2,"",IF((G32+G31)=0,"",N(G27)/((G32+G31)/2))) | H29: ϝ
B30: Involuntary Turnover (%) | C30: =IF(COUNT(C31,C32)<2,"",IF((C32+C31)=0,"",N(C28)/((C32+C31)/2))) | D30: =IF(COUNT(D31,D32)<2,"",IF((D32+D31)=0,"",N(D28)/((D32+D31)/2))) | E30: =IF(COUNT(E31,E32)<2,"",IF((E32+E31)=0,"",N(E28)/((E32+E31)/2))) | F30: =IF(COUNT(F31,F32)<2,"",IF((F32+F31)=0,"",N(F28)/((F32+F31)/2))) | G30: =IF(COUNT(G31,G32)<2,"",IF((G32+G31)=0,"",N(G28)/((G32+G31)/2))) | H30: ϝ
B31: Headcount last Month | C31: =IF(NOV!C5="","",NOV!C5) | D31: =IF(NOV!D5="","",NOV!D5) | E31: =IF(NOV!E5="","",NOV!E5) | F31: =IF(NOV!F5="","",NOV!F5) | G31: =IF(COUNT(C31:F31)=0,"",SUM(C31:F31)) | H31: ∑
B32: Headcount this Month | C32: =IF(C5="","",C5) | D32: =IF(D5="","",D5) | E32: =IF(E5="","",E5) | F32: =IF(F5="","",F5) | G32: =IF(COUNT(C32:F32)=0,"",SUM(C32:F32)) | H32: ∑
B33: Full Turnover (%) | C33: =IF(COUNT(C31,C32)<2,"",IF((C32+C31)=0,"",N(C24)/((C32+C31)/2))) | D33: =IF(COUNT(D31,D32)<2,"",IF((D32+D31)=0,"",N(D24)/((D32+D31)/2))) | E33: =IF(COUNT(E31,E32)<2,"",IF((E32+E31)=0,"",N(E24)/((E32+E31)/2))) | F33: =IF(COUNT(F31,F32)<2,"",IF((F32+F31)=0,"",N(F24)/((F32+F31)/2))) | G33: =IF(COUNT(G31,G32)<2,"",IF((G32+G31)=0,"",N(G24)/((G32+G31)/2))) | H33: ϝ
B34: Permanent Vacancies | G34: =IF(COUNT(C34:F34)=0,"",SUM(C34:F34)) | H34: ∑
B35: Temporary Vacancies | G35: =IF(COUNT(C35:F35)=0,"",SUM(C35:F35)) | H35: ∑
B36: Total Vacancies | C36: =IF(COUNT(C34:C35)=0,"",SUM(C34:C35)) | D36: =IF(COUNT(D34:D35)=0,"",SUM(D34:D35)) | E36: =IF(COUNT(E34:E35)=0,"",SUM(E34:E35)) | F36: =IF(COUNT(F34:F35)=0,"",SUM(F34:F35)) | G36: =IF(COUNT(G34:G35)=0,"",SUM(G34:G35)) | H36: ϝ
B37: Authorized Positions | C37: =IF(COUNT(C5,C36)=0,"",N(C5)+N(C36)) | D37: =IF(COUNT(D5,D36)=0,"",N(D5)+N(D36)) | E37: =IF(COUNT(E5,E36)=0,"",N(E5)+N(E36)) | F37: =IF(COUNT(F5,F36)=0,"",N(F5)+N(F36)) | G37: =IF(COUNT(G5,G36)=0,"",N(G5)+N(G36)) | H37: ϝ
B38: Vacancy Rate (%) | C38: =IFERROR(C36/C37,"") | D38: =IFERROR(D36/D37,"") | E38: =IFERROR(E36/E37,"") | F38: =IFERROR(F36/F37,"") | G38: =IFERROR(G36/G37,"") | H38: ϝ
B39: Permanent TimeToHire (Days) YTD | C39: =IF('(M&C_Shipp)'!$AB$6="","",'(M&C_Shipp)'!$AB$6) | D39: =IF('(Coreas_Shipp)'!$AB$6="","",'(Coreas_Shipp)'!$AB$6) | E39: =IF('(JBH_Shipp)'!$AB$6="","",'(JBH_Shipp)'!$AB$6) | F39: =IF('(Shipping_BRB)'!$AB$6="","",'(Shipping_BRB)'!$AB$6) | G39: =IFERROR(AVERAGE(C39:F39),"") | H39: Avg
B40: Temporary TimeToHire (Days) YTD | C40: =IF('(M&C_Shipp)'!$AD$6="","",'(M&C_Shipp)'!$AD$6) | D40: =IF('(Coreas_Shipp)'!$AD$6="","",'(Coreas_Shipp)'!$AD$6) | E40: =IF('(JBH_Shipp)'!$AD$6="","",'(JBH_Shipp)'!$AD$6) | F40: =IF('(Shipping_BRB)'!$AD$6="","",'(Shipping_BRB)'!$AD$6) | G40: =IFERROR(AVERAGE(C40:F40),"") | H40: Avg
B41: Check-ins Rate Completed (%) | G41: =IFERROR(AVERAGE(C41:F41),"") | H41: Avg
B42: EE Objectives Completed (#) | G42: =IF(COUNT(C42:F42)=0,"",SUM(C42:F42)) | H42: ∑
B43: Non-certified Absent (Days Lost) | G43: =IF(COUNT(C43:F43)=0,"",SUM(C43:F43)) | H43: ∑
B44: Certified sick leave (Days Lost) | G44: =IF(COUNT(C44:F44)=0,"",SUM(C44:F44)) | H44: ∑
B45: Total Absences | C45: =IF(COUNT(C43:C44)=0,"",SUM(C43:C44)) | D45: =IF(COUNT(D43:D44)=0,"",SUM(D43:D44)) | E45: =IF(COUNT(E43:E44)=0,"",SUM(E43:E44)) | F45: =IF(COUNT(F43:F44)=0,"",SUM(F43:F44)) | G45: =IF(COUNT(G43:G44)=0,"",SUM(G43:G44)) | H45: ϝ
B46: Absent Rate Non-Certified (%) | C46: =IF('(M&C_Shipp)'!$G$6="","",'(M&C_Shipp)'!$G$6) | D46: =IF('(Coreas_Shipp)'!$G$6="","",'(Coreas_Shipp)'!$G$6) | E46: =IF('(JBH_Shipp)'!$G$6="","",'(JBH_Shipp)'!$G$6) | F46: =IF('(Shipping_BRB)'!$G$6="","",'(Shipping_BRB)'!$G$6) | G46: {=IF(COUNT(C46:F46)=0,"",IFERROR(SUMPRODUCT(IFERROR(C46:F46*((C3:F3)+(C4:F4)),0))/SUMPRODUCT(IFERROR(ISNUMBER(C46:F46)*((C3:F3)+(C4:F4)),0)),""))} | H46: Weighted
B47: Absent Rate Certified (%) | C47: =IF('(M&C_Shipp)'!$O$6="","",'(M&C_Shipp)'!$O$6) | D47: =IF('(Coreas_Shipp)'!$O$6="","",'(Coreas_Shipp)'!$O$6) | E47: =IF('(JBH_Shipp)'!$O$6="","",'(JBH_Shipp)'!$O$6) | F47: =IF('(Shipping_BRB)'!$O$6="","",'(Shipping_BRB)'!$O$6) | G47: {=IF(COUNT(C47:F47)=0,"",IFERROR(SUMPRODUCT(IFERROR(C47:F47*((C3:F3)+(C4:F4)),0))/SUMPRODUCT(IFERROR(ISNUMBER(C47:F47)*((C3:F3)+(C4:F4)),0)),""))} | H47: Weighted
B48: Absent Rate Total (%) | C48: =IF(COUNT(C46:C47)=0,"",SUM(C46:C47)) | D48: =IF(COUNT(D46:D47)=0,"",SUM(D46:D47)) | E48: =IF(COUNT(E46:E47)=0,"",SUM(E46:E47)) | F48: =IF(COUNT(F46:F47)=0,"",SUM(F46:F47)) | G48: =IF(COUNT(G46:G47)=0,"",SUM(G46:G47)) | H48: Weighted
B49: Weight factor | C49: =IFERROR(C5/$G5,"") | D49: =IFERROR(D5/$G5,"") | E49: =IFERROR(E5/$G5,"") | F49: =IFERROR(F5/$G5,"") | G49: =IF(COUNT(C49:F49)=0,"",SUM(C49:F49)) | H49: Weight Factor
B50: Leadership (Hours) | G50: =IF(COUNT(C50:F50)=0,"",SUM(C50:F50)) | H50: ∑
B51: Technical (Hours) | G51: =IF(COUNT(C51:F51)=0,"",SUM(C51:F51)) | H51: ∑
B52: Professional Develop. (Hours) | G52: =IF(COUNT(C52:F52)=0,"",SUM(C52:F52)) | H52: ∑
B53: HSSE (Hours) | G53: =IF(COUNT(C53:F53)=0,"",SUM(C53:F53)) | H53: ∑
B54: Workday (Hours) | G54: =IF(COUNT(C54:F54)=0,"",SUM(C54:F54)) | H54: ∑
B55: Total Training Hours | C55: =IF(COUNT(C50:C54)=0,"",SUM(C50:C54)) | D55: =IF(COUNT(D50:D54)=0,"",SUM(D50:D54)) | E55: =IF(COUNT(E50:E54)=0,"",SUM(E50:E54)) | F55: =IF(COUNT(F50:F54)=0,"",SUM(F50:F54)) | G55: =IF(COUNT(G50:G54)=0,"",SUM(G50:G54)) | H55: ϝ
B56: Total Trained (Staff) | G56: =IF(COUNT(C56:F56)=0,"",SUM(C56:F56)) | H56: ∑
B57: Training Programs (#) | G57: =IF(COUNT(C57:F57)=0,"",SUM(C57:F57)) | H57: ∑
B58: Training Cost (USD) | G58: =IF(COUNT(C58:F58)=0,"",SUM(C58:F58)) | H58: ∑
B59: Training Travel Cost (USD) | G59: =IF(COUNT(C59:F59)=0,"",SUM(C59:F59)) | H59: ∑
B60: Leadership Hours Trained (%) | C60: =IFERROR(C50/C$55,"") | D60: =IFERROR(D50/D$55,"") | E60: =IFERROR(E50/E$55,"") | F60: =IFERROR(F50/F$55,"") | G60: =IFERROR(G50/G$55,"") | H60: ϝ
B61: Technical Hours Trained (%) | C61: =IFERROR(C51/C$55,"") | D61: =IFERROR(D51/D$55,"") | E61: =IFERROR(E51/E$55,"") | F61: =IFERROR(F51/F$55,"") | G61: =IFERROR(G51/G$55,"") | H61: ϝ
B62: Profess. Dev. Hours Trained (%) | C62: =IFERROR(C52/C$55,"") | D62: =IFERROR(D52/D$55,"") | E62: =IFERROR(E52/E$55,"") | F62: =IFERROR(F52/F$55,"") | G62: =IFERROR(G52/G$55,"") | H62: ϝ
B63: HSSE Hours Trained (%) | C63: =IFERROR(C53/C$55,"") | D63: =IFERROR(D53/D$55,"") | E63: =IFERROR(E53/E$55,"") | F63: =IFERROR(F53/F$55,"") | G63: =IFERROR(G53/G$55,"") | H63: ϝ
B64: Workday Hours Trained (%) | C64: =IFERROR(C54/C$55,"") | D64: =IFERROR(D54/D$55,"") | E64: =IFERROR(E54/E$55,"") | F64: =IFERROR(F54/F$55,"") | G64: =IFERROR(G54/G$55,"") | H64: ϝ
B65: Staff Trained (%) | C65: =IFERROR(C56/C5,"") | D65: =IFERROR(D56/D5,"") | E65: =IFERROR(E56/E5,"") | F65: =IFERROR(F56/F5,"") | G65: =IFERROR(G56/G5,"") | H65: ϝ
B66: Training Hours / EE | C66: =IFERROR(C55/C5,"") | D66: =IFERROR(D55/D5,"") | E66: =IFERROR(E55/E5,"") | F66: =IFERROR(F55/F5,"") | G66: =IFERROR(G55/G5,"") | H66: ϝ
B67: Training Hours / EE Trained | C67: =IFERROR(C55/C56,"") | D67: =IFERROR(D55/D56,"") | E67: =IFERROR(E55/E56,"") | F67: =IFERROR(F55/F56,"") | G67: =IFERROR(G55/G56,"") | H67: ϝ
B68: Training Invest. / EE (USD) | C68: =IF(COUNT(C58:C59)=0,"",IFERROR((N(C58)+N(C59))/C5,"")) | D68: =IF(COUNT(D58:D59)=0,"",IFERROR((N(D58)+N(D59))/D5,"")) | E68: =IF(COUNT(E58:E59)=0,"",IFERROR((N(E58)+N(E59))/E5,"")) | F68: =IF(COUNT(F58:F59)=0,"",IFERROR((N(F58)+N(F59))/F5,"")) | G68: =IF(COUNT(G58:G59)=0,"",IFERROR((N(G58)+N(G59))/G5,"")) | H68: ϝ
B69: Training Invest. / EE Trained (USD) | C69: =IF(COUNT(C58:C59)=0,"",IFERROR((N(C58)+N(C59))/C56,"")) | D69: =IF(COUNT(D58:D59)=0,"",IFERROR((N(D58)+N(D59))/D56,"")) | E69: =IF(COUNT(E58:E59)=0,"",IFERROR((N(E58)+N(E59))/E56,"")) | F69: =IF(COUNT(F58:F59)=0,"",IFERROR((N(F58)+N(F59))/F56,"")) | G69: =IF(COUNT(G58:G59)=0,"",IFERROR((N(G58)+N(G59))/G56,"")) | H69: ϝ
B70: Input Cells Not Submitted | C70: =COUNTBLANK(C3:C4)+COUNTBLANK(C6:C10)+COUNTBLANK(C12:C13)+COUNTBLANK(C18:C20)+COUNTBLANK(C22:C23)+COUNTBLANK(C27:C28)+COUNTBLANK(C34:C35)+COUNTBLANK(C39:C44)+COUNTBLANK(C46:C47)+COUNTBLANK(C50:C54)+COUNTBLANK(C56:C59) | D70: =COUNTBLANK(D3:D4)+COUNTBLANK(D6:D10)+COUNTBLANK(D12:D13)+COUNTBLANK(D18:D20)+COUNTBLANK(D22:D23)+COUNTBLANK(D27:D28)+COUNTBLANK(D34:D35)+COUNTBLANK(D39:D44)+COUNTBLANK(D46:D47)+COUNTBLANK(D50:D54)+COUNTBLANK(D56:D59) | E70: =COUNTBLANK(E3:E4)+COUNTBLANK(E6:E10)+COUNTBLANK(E12:E13)+COUNTBLANK(E18:E20)+COUNTBLANK(E22:E23)+COUNTBLANK(E27:E28)+COUNTBLANK(E34:E35)+COUNTBLANK(E39:E44)+COUNTBLANK(E46:E47)+COUNTBLANK(E50:E54)+COUNTBLANK(E56:E59) | F70: =COUNTBLANK(F3:F4)+COUNTBLANK(F6:F10)+COUNTBLANK(F12:F13)+COUNTBLANK(F18:F20)+COUNTBLANK(F22:F23)+COUNTBLANK(F27:F28)+COUNTBLANK(F34:F35)+COUNTBLANK(F39:F44)+COUNTBLANK(F46:F47)+COUNTBLANK(F50:F54)+COUNTBLANK(F56:F59) | G70: =SUM(C70:F70) | H70: ∑

Sheet JAN
B1: SHIPPING
A2: =VALUE(TEXT(EDATE(DATE(LEFT(DEC!A2,4),RIGHT(DEC!A2,2),1),1),"yyyymm")) | B2: JAN | C2: M&C Shipping | D2: Coreas Hazells (Shipping) | E2: Jonas Browne & Hubbard (Shipping) | F2: Goddards Shipping Barbados | G2: TOTAL | H2: Total by Division | I2: =N(I11)<>0
A3: =+A2 | B3: Permanent (Regular) Headcount | G3: =IF(COUNT(C3:F3)=0,"",SUM(C3:F3)) | H3: ∑
B4: Temporary (Fix Term) Headcount | G4: =IF(COUNT(C4:F4)=0,"",SUM(C4:F4)) | H4: ∑
B5: Employee Headcount (Productivity) | C5: =IF(COUNT(C3:C4)=0,"",SUM(C3:C4)) | D5: =IF(COUNT(D3:D4)=0,"",SUM(D3:D4)) | E5: =IF(COUNT(E3:E4)=0,"",SUM(E3:E4)) | F5: =IF(COUNT(F3:F4)=0,"",SUM(F3:F4)) | G5: =IF(COUNT(G3:G4)=0,"",SUM(G3:G4)) | H5: ϝ
B6: Headcount = 1.00 | G6: =IF(COUNT(C6:F6)=0,"",SUM(C6:F6)) | H6: ∑
B7: Headcount = 0.75 | G7: =IF(COUNT(C7:F7)=0,"",SUM(C7:F7)) | H7: ∑
B8: Headcount = 0.50 | G8: =IF(COUNT(C8:F8)=0,"",SUM(C8:F8)) | H8: ∑
B9: Headcount = 0.25 | G9: =IF(COUNT(C9:F9)=0,"",SUM(C9:F9)) | H9: ∑
B10: Standard Monthly Hours (FTE basis) | G10: =IFERROR(AVERAGE(C10:F10),"") | H10: Avg
B11: Employee FTE (Finance) | C11: =IF(COUNT(C6:C9)=0,"",N(C6)+N(C7)*0.75+N(C8)*0.5+N(C9)*0.25) | D11: =IF(COUNT(D6:D9)=0,"",N(D6)+N(D7)*0.75+N(D8)*0.5+N(D9)*0.25) | E11: =IF(COUNT(E6:E9)=0,"",N(E6)+N(E7)*0.75+N(E8)*0.5+N(E9)*0.25) | F11: =IF(COUNT(F6:F9)=0,"",N(F6)+N(F7)*0.75+N(F8)*0.5+N(F9)*0.25) | G11: =IF(COUNT(G6:G9)=0,"",N(G6)+N(G7)*0.75+N(G8)*0.5+N(G9)*0.25) | H11: FTE | I11: =IF(COUNT(G5:G9)=0,"",N(G6)+N(G7)+N(G8)+N(G9)-N(G5))
B12: Subcontracted Workforce HC | G12: =IF(COUNT(C12:F12)=0,"",SUM(C12:F12)) | H12: ∑
B13: Subcontracted Productive Hours | G13: =IF(COUNT(C13:F13)=0,"",SUM(C13:F13)) | H13: ∑
B14: Subcontracted FTE | C14: =IFERROR(C13/C10,"") | D14: =IFERROR(D13/D10,"") | E14: =IFERROR(E13/E10,"") | F14: =IFERROR(F13/F10,"") | G14: =IF(COUNT(C14:F14)=0,"",SUM(C14:F14)) | H14: FTE
B15: Total Operational Workforce | C15: =IF(COUNT(C5,C12)=0,"",SUM(C5,C12)) | D15: =IF(COUNT(D5,D12)=0,"",SUM(D5,D12)) | E15: =IF(COUNT(E5,E12)=0,"",SUM(E5,E12)) | F15: =IF(COUNT(F5,F12)=0,"",SUM(F5,F12)) | G15: =IF(COUNT(G5,G12)=0,"",SUM(G5,G12)) | H15: ϝ
B16: Total Operational FTE | C16: =IF(COUNT(C11,C14)=0,"",SUM(C11,C14)) | D16: =IF(COUNT(D11,D14)=0,"",SUM(D11,D14)) | E16: =IF(COUNT(E11,E14)=0,"",SUM(E11,E14)) | F16: =IF(COUNT(F11,F14)=0,"",SUM(F11,F14)) | G16: =IF(COUNT(G11,G14)=0,"",SUM(G11,G14)) | H16: FTE
B17: Subcontracted Share of Workforce (%) | C17: =IFERROR(C12/C15,"") | D17: =IFERROR(D12/D15,"") | E17: =IFERROR(E12/E15,"") | F17: =IFERROR(F12/F15,"") | G17: =IFERROR(G12/G15,"") | H17: ϝ
B18: FTE HR Team | G18: =IF(COUNT(C18:F18)=0,"",SUM(C18:F18)) | H18: ∑
B19: Permanent Hires | G19: =IF(COUNT(C19:F19)=0,"",SUM(C19:F19)) | H19: ∑
B20: Temporary Hires | G20: =IF(COUNT(C20:F20)=0,"",SUM(C20:F20)) | H20: ∑
B21: Total Hires | C21: =IF(COUNT(C19:C20)=0,"",SUM(C19:C20)) | D21: =IF(COUNT(D19:D20)=0,"",SUM(D19:D20)) | E21: =IF(COUNT(E19:E20)=0,"",SUM(E19:E20)) | F21: =IF(COUNT(F19:F20)=0,"",SUM(F19:F20)) | G21: =IF(COUNT(G19:G20)=0,"",SUM(G19:G20)) | H21: ϝ
B22: Permanent Exits | G22: =IF(COUNT(C22:F22)=0,"",SUM(C22:F22)) | H22: ∑
B23: Temporary Exits | G23: =IF(COUNT(C23:F23)=0,"",SUM(C23:F23)) | H23: ∑
B24: Total Exits | C24: =IF(COUNT(C22:C23)=0,"",SUM(C22:C23)) | D24: =IF(COUNT(D22:D23)=0,"",SUM(D22:D23)) | E24: =IF(COUNT(E22:E23)=0,"",SUM(E22:E23)) | F24: =IF(COUNT(F22:F23)=0,"",SUM(F22:F23)) | G24: =IF(COUNT(G22:G23)=0,"",SUM(G22:G23)) | H24: ϝ
B25: Permanent Turnover (%) | C25: =IF(COUNT(C31,C32)<2,"",IF((C32+C31)=0,"",N(C22)/((C32+C31)/2))) | D25: =IF(COUNT(D31,D32)<2,"",IF((D32+D31)=0,"",N(D22)/((D32+D31)/2))) | E25: =IF(COUNT(E31,E32)<2,"",IF((E32+E31)=0,"",N(E22)/((E32+E31)/2))) | F25: =IF(COUNT(F31,F32)<2,"",IF((F32+F31)=0,"",N(F22)/((F32+F31)/2))) | G25: =IF(COUNT(G31,G32)<2,"",IF((G32+G31)=0,"",N(G22)/((G32+G31)/2))) | H25: ϝ
B26: Temporary Turnover (%) | C26: =IF(COUNT(C31,C32)<2,"",IF((C32+C31)=0,"",N(C23)/((C32+C31)/2))) | D26: =IF(COUNT(D31,D32)<2,"",IF((D32+D31)=0,"",N(D23)/((D32+D31)/2))) | E26: =IF(COUNT(E31,E32)<2,"",IF((E32+E31)=0,"",N(E23)/((E32+E31)/2))) | F26: =IF(COUNT(F31,F32)<2,"",IF((F32+F31)=0,"",N(F23)/((F32+F31)/2))) | G26: =IF(COUNT(G31,G32)<2,"",IF((G32+G31)=0,"",N(G23)/((G32+G31)/2))) | H26: ϝ
B27: Voluntary Terminations | G27: =IF(COUNT(C27:F27)=0,"",SUM(C27:F27)) | H27: ∑
B28: Involuntary Terminations | G28: =IF(COUNT(C28:F28)=0,"",SUM(C28:F28)) | H28: ∑
B29: Voluntary Turnover (%) | C29: =IF(COUNT(C31,C32)<2,"",IF((C32+C31)=0,"",N(C27)/((C32+C31)/2))) | D29: =IF(COUNT(D31,D32)<2,"",IF((D32+D31)=0,"",N(D27)/((D32+D31)/2))) | E29: =IF(COUNT(E31,E32)<2,"",IF((E32+E31)=0,"",N(E27)/((E32+E31)/2))) | F29: =IF(COUNT(F31,F32)<2,"",IF((F32+F31)=0,"",N(F27)/((F32+F31)/2))) | G29: =IF(COUNT(G31,G32)<2,"",IF((G32+G31)=0,"",N(G27)/((G32+G31)/2))) | H29: ϝ
B30: Involuntary Turnover (%) | C30: =IF(COUNT(C31,C32)<2,"",IF((C32+C31)=0,"",N(C28)/((C32+C31)/2))) | D30: =IF(COUNT(D31,D32)<2,"",IF((D32+D31)=0,"",N(D28)/((D32+D31)/2))) | E30: =IF(COUNT(E31,E32)<2,"",IF((E32+E31)=0,"",N(E28)/((E32+E31)/2))) | F30: =IF(COUNT(F31,F32)<2,"",IF((F32+F31)=0,"",N(F28)/((F32+F31)/2))) | G30: =IF(COUNT(G31,G32)<2,"",IF((G32+G31)=0,"",N(G28)/((G32+G31)/2))) | H30: ϝ
B31: Headcount last Month | C31: =IF(DEC!C5="","",DEC!C5) | D31: =IF(DEC!D5="","",DEC!D5) | E31: =IF(DEC!E5="","",DEC!E5) | F31: =IF(DEC!F5="","",DEC!F5) | G31: =IF(COUNT(C31:F31)=0,"",SUM(C31:F31)) | H31: ∑
B32: Headcount this Month | C32: =IF(C5="","",C5) | D32: =IF(D5="","",D5) | E32: =IF(E5="","",E5) | F32: =IF(F5="","",F5) | G32: =IF(COUNT(C32:F32)=0,"",SUM(C32:F32)) | H32: ∑
B33: Full Turnover (%) | C33: =IF(COUNT(C31,C32)<2,"",IF((C32+C31)=0,"",N(C24)/((C32+C31)/2))) | D33: =IF(COUNT(D31,D32)<2,"",IF((D32+D31)=0,"",N(D24)/((D32+D31)/2))) | E33: =IF(COUNT(E31,E32)<2,"",IF((E32+E31)=0,"",N(E24)/((E32+E31)/2))) | F33: =IF(COUNT(F31,F32)<2,"",IF((F32+F31)=0,"",N(F24)/((F32+F31)/2))) | G33: =IF(COUNT(G31,G32)<2,"",IF((G32+G31)=0,"",N(G24)/((G32+G31)/2))) | H33: ϝ
B34: Permanent Vacancies | G34: =IF(COUNT(C34:F34)=0,"",SUM(C34:F34)) | H34: ∑
B35: Temporary Vacancies | G35: =IF(COUNT(C35:F35)=0,"",SUM(C35:F35)) | H35: ∑
B36: Total Vacancies | C36: =IF(COUNT(C34:C35)=0,"",SUM(C34:C35)) | D36: =IF(COUNT(D34:D35)=0,"",SUM(D34:D35)) | E36: =IF(COUNT(E34:E35)=0,"",SUM(E34:E35)) | F36: =IF(COUNT(F34:F35)=0,"",SUM(F34:F35)) | G36: =IF(COUNT(G34:G35)=0,"",SUM(G34:G35)) | H36: ϝ
B37: Authorized Positions | C37: =IF(COUNT(C5,C36)=0,"",N(C5)+N(C36)) | D37: =IF(COUNT(D5,D36)=0,"",N(D5)+N(D36)) | E37: =IF(COUNT(E5,E36)=0,"",N(E5)+N(E36)) | F37: =IF(COUNT(F5,F36)=0,"",N(F5)+N(F36)) | G37: =IF(COUNT(G5,G36)=0,"",N(G5)+N(G36)) | H37: ϝ
B38: Vacancy Rate (%) | C38: =IFERROR(C36/C37,"") | D38: =IFERROR(D36/D37,"") | E38: =IFERROR(E36/E37,"") | F38: =IFERROR(F36/F37,"") | G38: =IFERROR(G36/G37,"") | H38: ϝ
B39: Permanent TimeToHire (Days) YTD | C39: =IF('(M&C_Shipp)'!$AB$7="","",'(M&C_Shipp)'!$AB$7) | D39: =IF('(Coreas_Shipp)'!$AB$7="","",'(Coreas_Shipp)'!$AB$7) | E39: =IF('(JBH_Shipp)'!$AB$7="","",'(JBH_Shipp)'!$AB$7) | F39: =IF('(Shipping_BRB)'!$AB$7="","",'(Shipping_BRB)'!$AB$7) | G39: =IFERROR(AVERAGE(C39:F39),"") | H39: Avg
B40: Temporary TimeToHire (Days) YTD | C40: =IF('(M&C_Shipp)'!$AD$7="","",'(M&C_Shipp)'!$AD$7) | D40: =IF('(Coreas_Shipp)'!$AD$7="","",'(Coreas_Shipp)'!$AD$7) | E40: =IF('(JBH_Shipp)'!$AD$7="","",'(JBH_Shipp)'!$AD$7) | F40: =IF('(Shipping_BRB)'!$AD$7="","",'(Shipping_BRB)'!$AD$7) | G40: =IFERROR(AVERAGE(C40:F40),"") | H40: Avg
B41: Check-ins Rate Completed (%) | G41: =IFERROR(AVERAGE(C41:F41),"") | H41: Avg
B42: EE Objectives Completed (#) | G42: =IF(COUNT(C42:F42)=0,"",SUM(C42:F42)) | H42: ∑
B43: Non-certified Absent (Days Lost) | G43: =IF(COUNT(C43:F43)=0,"",SUM(C43:F43)) | H43: ∑
B44: Certified sick leave (Days Lost) | G44: =IF(COUNT(C44:F44)=0,"",SUM(C44:F44)) | H44: ∑
B45: Total Absences | C45: =IF(COUNT(C43:C44)=0,"",SUM(C43:C44)) | D45: =IF(COUNT(D43:D44)=0,"",SUM(D43:D44)) | E45: =IF(COUNT(E43:E44)=0,"",SUM(E43:E44)) | F45: =IF(COUNT(F43:F44)=0,"",SUM(F43:F44)) | G45: =IF(COUNT(G43:G44)=0,"",SUM(G43:G44)) | H45: ϝ
B46: Absent Rate Non-Certified (%) | C46: =IF('(M&C_Shipp)'!$G$7="","",'(M&C_Shipp)'!$G$7) | D46: =IF('(Coreas_Shipp)'!$G$7="","",'(Coreas_Shipp)'!$G$7) | E46: =IF('(JBH_Shipp)'!$G$7="","",'(JBH_Shipp)'!$G$7) | F46: =IF('(Shipping_BRB)'!$G$7="","",'(Shipping_BRB)'!$G$7) | G46: {=IF(COUNT(C46:F46)=0,"",IFERROR(SUMPRODUCT(IFERROR(C46:F46*((C3:F3)+(C4:F4)),0))/SUMPRODUCT(IFERROR(ISNUMBER(C46:F46)*((C3:F3)+(C4:F4)),0)),""))} | H46: Weighted
B47: Absent Rate Certified (%) | C47: =IF('(M&C_Shipp)'!$O$7="","",'(M&C_Shipp)'!$O$7) | D47: =IF('(Coreas_Shipp)'!$O$7="","",'(Coreas_Shipp)'!$O$7) | E47: =IF('(JBH_Shipp)'!$O$7="","",'(JBH_Shipp)'!$O$7) | F47: =IF('(Shipping_BRB)'!$O$7="","",'(Shipping_BRB)'!$O$7) | G47: {=IF(COUNT(C47:F47)=0,"",IFERROR(SUMPRODUCT(IFERROR(C47:F47*((C3:F3)+(C4:F4)),0))/SUMPRODUCT(IFERROR(ISNUMBER(C47:F47)*((C3:F3)+(C4:F4)),0)),""))} | H47: Weighted
B48: Absent Rate Total (%) | C48: =IF(COUNT(C46:C47)=0,"",SUM(C46:C47)) | D48: =IF(COUNT(D46:D47)=0,"",SUM(D46:D47)) | E48: =IF(COUNT(E46:E47)=0,"",SUM(E46:E47)) | F48: =IF(COUNT(F46:F47)=0,"",SUM(F46:F47)) | G48: =IF(COUNT(G46:G47)=0,"",SUM(G46:G47)) | H48: Weighted
B49: Weight factor | C49: =IFERROR(C5/$G5,"") | D49: =IFERROR(D5/$G5,"") | E49: =IFERROR(E5/$G5,"") | F49: =IFERROR(F5/$G5,"") | G49: =IF(COUNT(C49:F49)=0,"",SUM(C49:F49)) | H49: Weight Factor
B50: Leadership (Hours) | G50: =IF(COUNT(C50:F50)=0,"",SUM(C50:F50)) | H50: ∑
B51: Technical (Hours) | G51: =IF(COUNT(C51:F51)=0,"",SUM(C51:F51)) | H51: ∑
B52: Professional Develop. (Hours) | G52: =IF(COUNT(C52:F52)=0,"",SUM(C52:F52)) | H52: ∑
B53: HSSE (Hours) | G53: =IF(COUNT(C53:F53)=0,"",SUM(C53:F53)) | H53: ∑
B54: Workday (Hours) | G54: =IF(COUNT(C54:F54)=0,"",SUM(C54:F54)) | H54: ∑
B55: Total Training Hours | C55: =IF(COUNT(C50:C54)=0,"",SUM(C50:C54)) | D55: =IF(COUNT(D50:D54)=0,"",SUM(D50:D54)) | E55: =IF(COUNT(E50:E54)=0,"",SUM(E50:E54)) | F55: =IF(COUNT(F50:F54)=0,"",SUM(F50:F54)) | G55: =IF(COUNT(G50:G54)=0,"",SUM(G50:G54)) | H55: ϝ
B56: Total Trained (Staff) | G56: =IF(COUNT(C56:F56)=0,"",SUM(C56:F56)) | H56: ∑
B57: Training Programs (#) | G57: =IF(COUNT(C57:F57)=0,"",SUM(C57:F57)) | H57: ∑
B58: Training Cost (USD) | G58: =IF(COUNT(C58:F58)=0,"",SUM(C58:F58)) | H58: ∑
B59: Training Travel Cost (USD) | G59: =IF(COUNT(C59:F59)=0,"",SUM(C59:F59)) | H59: ∑
B60: Leadership Hours Trained (%) | C60: =IFERROR(C50/C$55,"") | D60: =IFERROR(D50/D$55,"") | E60: =IFERROR(E50/E$55,"") | F60: =IFERROR(F50/F$55,"") | G60: =IFERROR(G50/G$55,"") | H60: ϝ
B61: Technical Hours Trained (%) | C61: =IFERROR(C51/C$55,"") | D61: =IFERROR(D51/D$55,"") | E61: =IFERROR(E51/E$55,"") | F61: =IFERROR(F51/F$55,"") | G61: =IFERROR(G51/G$55,"") | H61: ϝ
B62: Profess. Dev. Hours Trained (%) | C62: =IFERROR(C52/C$55,"") | D62: =IFERROR(D52/D$55,"") | E62: =IFERROR(E52/E$55,"") | F62: =IFERROR(F52/F$55,"") | G62: =IFERROR(G52/G$55,"") | H62: ϝ
B63: HSSE Hours Trained (%) | C63: =IFERROR(C53/C$55,"") | D63: =IFERROR(D53/D$55,"") | E63: =IFERROR(E53/E$55,"") | F63: =IFERROR(F53/F$55,"") | G63: =IFERROR(G53/G$55,"") | H63: ϝ
B64: Workday Hours Trained (%) | C64: =IFERROR(C54/C$55,"") | D64: =IFERROR(D54/D$55,"") | E64: =IFERROR(E54/E$55,"") | F64: =IFERROR(F54/F$55,"") | G64: =IFERROR(G54/G$55,"") | H64: ϝ
B65: Staff Trained (%) | C65: =IFERROR(C56/C5,"") | D65: =IFERROR(D56/D5,"") | E65: =IFERROR(E56/E5,"") | F65: =IFERROR(F56/F5,"") | G65: =IFERROR(G56/G5,"") | H65: ϝ
B66: Training Hours / EE | C66: =IFERROR(C55/C5,"") | D66: =IFERROR(D55/D5,"") | E66: =IFERROR(E55/E5,"") | F66: =IFERROR(F55/F5,"") | G66: =IFERROR(G55/G5,"") | H66: ϝ
B67: Training Hours / EE Trained | C67: =IFERROR(C55/C56,"") | D67: =IFERROR(D55/D56,"") | E67: =IFERROR(E55/E56,"") | F67: =IFERROR(F55/F56,"") | G67: =IFERROR(G55/G56,"") | H67: ϝ
B68: Training Invest. / EE (USD) | C68: =IF(COUNT(C58:C59)=0,"",IFERROR((N(C58)+N(C59))/C5,"")) | D68: =IF(COUNT(D58:D59)=0,"",IFERROR((N(D58)+N(D59))/D5,"")) | E68: =IF(COUNT(E58:E59)=0,"",IFERROR((N(E58)+N(E59))/E5,"")) | F68: =IF(COUNT(F58:F59)=0,"",IFERROR((N(F58)+N(F59))/F5,"")) | G68: =IF(COUNT(G58:G59)=0,"",IFERROR((N(G58)+N(G59))/G5,"")) | H68: ϝ
B69: Training Invest. / EE Trained (USD) | C69: =IF(COUNT(C58:C59)=0,"",IFERROR((N(C58)+N(C59))/C56,"")) | D69: =IF(COUNT(D58:D59)=0,"",IFERROR((N(D58)+N(D59))/D56,"")) | E69: =IF(COUNT(E58:E59)=0,"",IFERROR((N(E58)+N(E59))/E56,"")) | F69: =IF(COUNT(F58:F59)=0,"",IFERROR((N(F58)+N(F59))/F56,"")) | G69: =IF(COUNT(G58:G59)=0,"",IFERROR((N(G58)+N(G59))/G56,"")) | H69: ϝ
B70: Input Cells Not Submitted | C70: =COUNTBLANK(C3:C4)+COUNTBLANK(C6:C10)+COUNTBLANK(C12:C13)+COUNTBLANK(C18:C20)+COUNTBLANK(C22:C23)+COUNTBLANK(C27:C28)+COUNTBLANK(C34:C35)+COUNTBLANK(C39:C44)+COUNTBLANK(C46:C47)+COUNTBLANK(C50:C54)+COUNTBLANK(C56:C59) | D70: =COUNTBLANK(D3:D4)+COUNTBLANK(D6:D10)+COUNTBLANK(D12:D13)+COUNTBLANK(D18:D20)+COUNTBLANK(D22:D23)+COUNTBLANK(D27:D28)+COUNTBLANK(D34:D35)+COUNTBLANK(D39:D44)+COUNTBLANK(D46:D47)+COUNTBLANK(D50:D54)+COUNTBLANK(D56:D59) | E70: =COUNTBLANK(E3:E4)+COUNTBLANK(E6:E10)+COUNTBLANK(E12:E13)+COUNTBLANK(E18:E20)+COUNTBLANK(E22:E23)+COUNTBLANK(E27:E28)+COUNTBLANK(E34:E35)+COUNTBLANK(E39:E44)+COUNTBLANK(E46:E47)+COUNTBLANK(E50:E54)+COUNTBLANK(E56:E59) | F70: =COUNTBLANK(F3:F4)+COUNTBLANK(F6:F10)+COUNTBLANK(F12:F13)+COUNTBLANK(F18:F20)+COUNTBLANK(F22:F23)+COUNTBLANK(F27:F28)+COUNTBLANK(F34:F35)+COUNTBLANK(F39:F44)+COUNTBLANK(F46:F47)+COUNTBLANK(F50:F54)+COUNTBLANK(F56:F59) | G70: =SUM(C70:F70) | H70: ∑

Sheet FEB
B1: SHIPPING
A2: =VALUE(TEXT(EDATE(DATE(LEFT(JAN!A2,4),RIGHT(JAN!A2,2),1),1),"yyyymm")) | B2: FEB | C2: M&C Shipping | D2: Coreas Hazells (Shipping) | E2: Jonas Browne & Hubbard (Shipping) | F2: Goddards Shipping Barbados | G2: TOTAL | H2: Total by Division | I2: =N(I11)<>0
A3: =+A2 | B3: Permanent (Regular) Headcount | G3: =IF(COUNT(C3:F3)=0,"",SUM(C3:F3)) | H3: ∑
B4: Temporary (Fix Term) Headcount | G4: =IF(COUNT(C4:F4)=0,"",SUM(C4:F4)) | H4: ∑
B5: Employee Headcount (Productivity) | C5: =IF(COUNT(C3:C4)=0,"",SUM(C3:C4)) | D5: =IF(COUNT(D3:D4)=0,"",SUM(D3:D4)) | E5: =IF(COUNT(E3:E4)=0,"",SUM(E3:E4)) | F5: =IF(COUNT(F3:F4)=0,"",SUM(F3:F4)) | G5: =IF(COUNT(G3:G4)=0,"",SUM(G3:G4)) | H5: ϝ
B6: Headcount = 1.00 | G6: =IF(COUNT(C6:F6)=0,"",SUM(C6:F6)) | H6: ∑
B7: Headcount = 0.75 | G7: =IF(COUNT(C7:F7)=0,"",SUM(C7:F7)) | H7: ∑
B8: Headcount = 0.50 | G8: =IF(COUNT(C8:F8)=0,"",SUM(C8:F8)) | H8: ∑
B9: Headcount = 0.25 | G9: =IF(COUNT(C9:F9)=0,"",SUM(C9:F9)) | H9: ∑
B10: Standard Monthly Hours (FTE basis) | G10: =IFERROR(AVERAGE(C10:F10),"") | H10: Avg
B11: Employee FTE (Finance) | C11: =IF(COUNT(C6:C9)=0,"",N(C6)+N(C7)*0.75+N(C8)*0.5+N(C9)*0.25) | D11: =IF(COUNT(D6:D9)=0,"",N(D6)+N(D7)*0.75+N(D8)*0.5+N(D9)*0.25) | E11: =IF(COUNT(E6:E9)=0,"",N(E6)+N(E7)*0.75+N(E8)*0.5+N(E9)*0.25) | F11: =IF(COUNT(F6:F9)=0,"",N(F6)+N(F7)*0.75+N(F8)*0.5+N(F9)*0.25) | G11: =IF(COUNT(G6:G9)=0,"",N(G6)+N(G7)*0.75+N(G8)*0.5+N(G9)*0.25) | H11: FTE | I11: =IF(COUNT(G5:G9)=0,"",N(G6)+N(G7)+N(G8)+N(G9)-N(G5))
B12: Subcontracted Workforce HC | G12: =IF(COUNT(C12:F12)=0,"",SUM(C12:F12)) | H12: ∑
B13: Subcontracted Productive Hours | G13: =IF(COUNT(C13:F13)=0,"",SUM(C13:F13)) | H13: ∑
B14: Subcontracted FTE | C14: =IFERROR(C13/C10,"") | D14: =IFERROR(D13/D10,"") | E14: =IFERROR(E13/E10,"") | F14: =IFERROR(F13/F10,"") | G14: =IF(COUNT(C14:F14)=0,"",SUM(C14:F14)) | H14: FTE
B15: Total Operational Workforce | C15: =IF(COUNT(C5,C12)=0,"",SUM(C5,C12)) | D15: =IF(COUNT(D5,D12)=0,"",SUM(D5,D12)) | E15: =IF(COUNT(E5,E12)=0,"",SUM(E5,E12)) | F15: =IF(COUNT(F5,F12)=0,"",SUM(F5,F12)) | G15: =IF(COUNT(G5,G12)=0,"",SUM(G5,G12)) | H15: ϝ
B16: Total Operational FTE | C16: =IF(COUNT(C11,C14)=0,"",SUM(C11,C14)) | D16: =IF(COUNT(D11,D14)=0,"",SUM(D11,D14)) | E16: =IF(COUNT(E11,E14)=0,"",SUM(E11,E14)) | F16: =IF(COUNT(F11,F14)=0,"",SUM(F11,F14)) | G16: =IF(COUNT(G11,G14)=0,"",SUM(G11,G14)) | H16: FTE
B17: Subcontracted Share of Workforce (%) | C17: =IFERROR(C12/C15,"") | D17: =IFERROR(D12/D15,"") | E17: =IFERROR(E12/E15,"") | F17: =IFERROR(F12/F15,"") | G17: =IFERROR(G12/G15,"") | H17: ϝ
B18: FTE HR Team | G18: =IF(COUNT(C18:F18)=0,"",SUM(C18:F18)) | H18: ∑
B19: Permanent Hires | G19: =IF(COUNT(C19:F19)=0,"",SUM(C19:F19)) | H19: ∑
B20: Temporary Hires | G20: =IF(COUNT(C20:F20)=0,"",SUM(C20:F20)) | H20: ∑
B21: Total Hires | C21: =IF(COUNT(C19:C20)=0,"",SUM(C19:C20)) | D21: =IF(COUNT(D19:D20)=0,"",SUM(D19:D20)) | E21: =IF(COUNT(E19:E20)=0,"",SUM(E19:E20)) | F21: =IF(COUNT(F19:F20)=0,"",SUM(F19:F20)) | G21: =IF(COUNT(G19:G20)=0,"",SUM(G19:G20)) | H21: ϝ
B22: Permanent Exits | G22: =IF(COUNT(C22:F22)=0,"",SUM(C22:F22)) | H22: ∑
B23: Temporary Exits | G23: =IF(COUNT(C23:F23)=0,"",SUM(C23:F23)) | H23: ∑
B24: Total Exits | C24: =IF(COUNT(C22:C23)=0,"",SUM(C22:C23)) | D24: =IF(COUNT(D22:D23)=0,"",SUM(D22:D23)) | E24: =IF(COUNT(E22:E23)=0,"",SUM(E22:E23)) | F24: =IF(COUNT(F22:F23)=0,"",SUM(F22:F23)) | G24: =IF(COUNT(G22:G23)=0,"",SUM(G22:G23)) | H24: ϝ
B25: Permanent Turnover (%) | C25: =IF(COUNT(C31,C32)<2,"",IF((C32+C31)=0,"",N(C22)/((C32+C31)/2))) | D25: =IF(COUNT(D31,D32)<2,"",IF((D32+D31)=0,"",N(D22)/((D32+D31)/2))) | E25: =IF(COUNT(E31,E32)<2,"",IF((E32+E31)=0,"",N(E22)/((E32+E31)/2))) | F25: =IF(COUNT(F31,F32)<2,"",IF((F32+F31)=0,"",N(F22)/((F32+F31)/2))) | G25: =IF(COUNT(G31,G32)<2,"",IF((G32+G31)=0,"",N(G22)/((G32+G31)/2))) | H25: ϝ
B26: Temporary Turnover (%) | C26: =IF(COUNT(C31,C32)<2,"",IF((C32+C31)=0,"",N(C23)/((C32+C31)/2))) | D26: =IF(COUNT(D31,D32)<2,"",IF((D32+D31)=0,"",N(D23)/((D32+D31)/2))) | E26: =IF(COUNT(E31,E32)<2,"",IF((E32+E31)=0,"",N(E23)/((E32+E31)/2))) | F26: =IF(COUNT(F31,F32)<2,"",IF((F32+F31)=0,"",N(F23)/((F32+F31)/2))) | G26: =IF(COUNT(G31,G32)<2,"",IF((G32+G31)=0,"",N(G23)/((G32+G31)/2))) | H26: ϝ
B27: Voluntary Terminations | G27: =IF(COUNT(C27:F27)=0,"",SUM(C27:F27)) | H27: ∑
B28: Involuntary Terminations | G28: =IF(COUNT(C28:F28)=0,"",SUM(C28:F28)) | H28: ∑
B29: Voluntary Turnover (%) | C29: =IF(COUNT(C31,C32)<2,"",IF((C32+C31)=0,"",N(C27)/((C32+C31)/2))) | D29: =IF(COUNT(D31,D32)<2,"",IF((D32+D31)=0,"",N(D27)/((D32+D31)/2))) | E29: =IF(COUNT(E31,E32)<2,"",IF((E32+E31)=0,"",N(E27)/((E32+E31)/2))) | F29: =IF(COUNT(F31,F32)<2,"",IF((F32+F31)=0,"",N(F27)/((F32+F31)/2))) | G29: =IF(COUNT(G31,G32)<2,"",IF((G32+G31)=0,"",N(G27)/((G32+G31)/2))) | H29: ϝ
B30: Involuntary Turnover (%) | C30: =IF(COUNT(C31,C32)<2,"",IF((C32+C31)=0,"",N(C28)/((C32+C31)/2))) | D30: =IF(COUNT(D31,D32)<2,"",IF((D32+D31)=0,"",N(D28)/((D32+D31)/2))) | E30: =IF(COUNT(E31,E32)<2,"",IF((E32+E31)=0,"",N(E28)/((E32+E31)/2))) | F30: =IF(COUNT(F31,F32)<2,"",IF((F32+F31)=0,"",N(F28)/((F32+F31)/2))) | G30: =IF(COUNT(G31,G32)<2,"",IF((G32+G31)=0,"",N(G28)/((G32+G31)/2))) | H30: ϝ
B31: Headcount last Month | C31: =IF(JAN!C5="","",JAN!C5) | D31: =IF(JAN!D5="","",JAN!D5) | E31: =IF(JAN!E5="","",JAN!E5) | F31: =IF(JAN!F5="","",JAN!F5) | G31: =IF(COUNT(C31:F31)=0,"",SUM(C31:F31)) | H31: ∑
B32: Headcount this Month | C32: =IF(C5="","",C5) | D32: =IF(D5="","",D5) | E32: =IF(E5="","",E5) | F32: =IF(F5="","",F5) | G32: =IF(COUNT(C32:F32)=0,"",SUM(C32:F32)) | H32: ∑
B33: Full Turnover (%) | C33: =IF(COUNT(C31,C32)<2,"",IF((C32+C31)=0,"",N(C24)/((C32+C31)/2))) | D33: =IF(COUNT(D31,D32)<2,"",IF((D32+D31)=0,"",N(D24)/((D32+D31)/2))) | E33: =IF(COUNT(E31,E32)<2,"",IF((E32+E31)=0,"",N(E24)/((E32+E31)/2))) | F33: =IF(COUNT(F31,F32)<2,"",IF((F32+F31)=0,"",N(F24)/((F32+F31)/2))) | G33: =IF(COUNT(G31,G32)<2,"",IF((G32+G31)=0,"",N(G24)/((G32+G31)/2))) | H33: ϝ
B34: Permanent Vacancies | G34: =IF(COUNT(C34:F34)=0,"",SUM(C34:F34)) | H34: ∑
B35: Temporary Vacancies | G35: =IF(COUNT(C35:F35)=0,"",SUM(C35:F35)) | H35: ∑
B36: Total Vacancies | C36: =IF(COUNT(C34:C35)=0,"",SUM(C34:C35)) | D36: =IF(COUNT(D34:D35)=0,"",SUM(D34:D35)) | E36: =IF(COUNT(E34:E35)=0,"",SUM(E34:E35)) | F36: =IF(COUNT(F34:F35)=0,"",SUM(F34:F35)) | G36: =IF(COUNT(G34:G35)=0,"",SUM(G34:G35)) | H36: ϝ
B37: Authorized Positions | C37: =IF(COUNT(C5,C36)=0,"",N(C5)+N(C36)) | D37: =IF(COUNT(D5,D36)=0,"",N(D5)+N(D36)) | E37: =IF(COUNT(E5,E36)=0,"",N(E5)+N(E36)) | F37: =IF(COUNT(F5,F36)=0,"",N(F5)+N(F36)) | G37: =IF(COUNT(G5,G36)=0,"",N(G5)+N(G36)) | H37: ϝ
B38: Vacancy Rate (%) | C38: =IFERROR(C36/C37,"") | D38: =IFERROR(D36/D37,"") | E38: =IFERROR(E36/E37,"") | F38: =IFERROR(F36/F37,"") | G38: =IFERROR(G36/G37,"") | H38: ϝ
B39: Permanent TimeToHire (Days) YTD | C39: =IF('(M&C_Shipp)'!$AB$8="","",'(M&C_Shipp)'!$AB$8) | D39: =IF('(Coreas_Shipp)'!$AB$8="","",'(Coreas_Shipp)'!$AB$8) | E39: =IF('(JBH_Shipp)'!$AB$8="","",'(JBH_Shipp)'!$AB$8) | F39: =IF('(Shipping_BRB)'!$AB$8="","",'(Shipping_BRB)'!$AB$8) | G39: =IFERROR(AVERAGE(C39:F39),"") | H39: Avg
B40: Temporary TimeToHire (Days) YTD | C40: =IF('(M&C_Shipp)'!$AD$8="","",'(M&C_Shipp)'!$AD$8) | D40: =IF('(Coreas_Shipp)'!$AD$8="","",'(Coreas_Shipp)'!$AD$8) | E40: =IF('(JBH_Shipp)'!$AD$8="","",'(JBH_Shipp)'!$AD$8) | F40: =IF('(Shipping_BRB)'!$AD$8="","",'(Shipping_BRB)'!$AD$8) | G40: =IFERROR(AVERAGE(C40:F40),"") | H40: Avg
B41: Check-ins Rate Completed (%) | G41: =IFERROR(AVERAGE(C41:F41),"") | H41: Avg
B42: EE Objectives Completed (#) | G42: =IF(COUNT(C42:F42)=0,"",SUM(C42:F42)) | H42: ∑
B43: Non-certified Absent (Days Lost) | G43: =IF(COUNT(C43:F43)=0,"",SUM(C43:F43)) | H43: ∑
B44: Certified sick leave (Days Lost) | G44: =IF(COUNT(C44:F44)=0,"",SUM(C44:F44)) | H44: ∑
B45: Total Absences | C45: =IF(COUNT(C43:C44)=0,"",SUM(C43:C44)) | D45: =IF(COUNT(D43:D44)=0,"",SUM(D43:D44)) | E45: =IF(COUNT(E43:E44)=0,"",SUM(E43:E44)) | F45: =IF(COUNT(F43:F44)=0,"",SUM(F43:F44)) | G45: =IF(COUNT(G43:G44)=0,"",SUM(G43:G44)) | H45: ϝ
B46: Absent Rate Non-Certified (%) | C46: =IF('(M&C_Shipp)'!$G$8="","",'(M&C_Shipp)'!$G$8) | D46: =IF('(Coreas_Shipp)'!$G$8="","",'(Coreas_Shipp)'!$G$8) | E46: =IF('(JBH_Shipp)'!$G$8="","",'(JBH_Shipp)'!$G$8) | F46: =IF('(Shipping_BRB)'!$G$8="","",'(Shipping_BRB)'!$G$8) | G46: {=IF(COUNT(C46:F46)=0,"",IFERROR(SUMPRODUCT(IFERROR(C46:F46*((C3:F3)+(C4:F4)),0))/SUMPRODUCT(IFERROR(ISNUMBER(C46:F46)*((C3:F3)+(C4:F4)),0)),""))} | H46: Weighted
B47: Absent Rate Certified (%) | C47: =IF('(M&C_Shipp)'!$O$8="","",'(M&C_Shipp)'!$O$8) | D47: =IF('(Coreas_Shipp)'!$O$8="","",'(Coreas_Shipp)'!$O$8) | E47: =IF('(JBH_Shipp)'!$O$8="","",'(JBH_Shipp)'!$O$8) | F47: =IF('(Shipping_BRB)'!$O$8="","",'(Shipping_BRB)'!$O$8) | G47: {=IF(COUNT(C47:F47)=0,"",IFERROR(SUMPRODUCT(IFERROR(C47:F47*((C3:F3)+(C4:F4)),0))/SUMPRODUCT(IFERROR(ISNUMBER(C47:F47)*((C3:F3)+(C4:F4)),0)),""))} | H47: Weighted
B48: Absent Rate Total (%) | C48: =IF(COUNT(C46:C47)=0,"",SUM(C46:C47)) | D48: =IF(COUNT(D46:D47)=0,"",SUM(D46:D47)) | E48: =IF(COUNT(E46:E47)=0,"",SUM(E46:E47)) | F48: =IF(COUNT(F46:F47)=0,"",SUM(F46:F47)) | G48: =IF(COUNT(G46:G47)=0,"",SUM(G46:G47)) | H48: Weighted
B49: Weight factor | C49: =IFERROR(C5/$G5,"") | D49: =IFERROR(D5/$G5,"") | E49: =IFERROR(E5/$G5,"") | F49: =IFERROR(F5/$G5,"") | G49: =IF(COUNT(C49:F49)=0,"",SUM(C49:F49)) | H49: Weight Factor
B50: Leadership (Hours) | G50: =IF(COUNT(C50:F50)=0,"",SUM(C50:F50)) | H50: ∑
B51: Technical (Hours) | G51: =IF(COUNT(C51:F51)=0,"",SUM(C51:F51)) | H51: ∑
B52: Professional Develop. (Hours) | G52: =IF(COUNT(C52:F52)=0,"",SUM(C52:F52)) | H52: ∑
B53: HSSE (Hours) | G53: =IF(COUNT(C53:F53)=0,"",SUM(C53:F53)) | H53: ∑
B54: Workday (Hours) | G54: =IF(COUNT(C54:F54)=0,"",SUM(C54:F54)) | H54: ∑
B55: Total Training Hours | C55: =IF(COUNT(C50:C54)=0,"",SUM(C50:C54)) | D55: =IF(COUNT(D50:D54)=0,"",SUM(D50:D54)) | E55: =IF(COUNT(E50:E54)=0,"",SUM(E50:E54)) | F55: =IF(COUNT(F50:F54)=0,"",SUM(F50:F54)) | G55: =IF(COUNT(G50:G54)=0,"",SUM(G50:G54)) | H55: ϝ
B56: Total Trained (Staff) | G56: =IF(COUNT(C56:F56)=0,"",SUM(C56:F56)) | H56: ∑
B57: Training Programs (#) | G57: =IF(COUNT(C57:F57)=0,"",SUM(C57:F57)) | H57: ∑
B58: Training Cost (USD) | G58: =IF(COUNT(C58:F58)=0,"",SUM(C58:F58)) | H58: ∑
B59: Training Travel Cost (USD) | G59: =IF(COUNT(C59:F59)=0,"",SUM(C59:F59)) | H59: ∑
B60: Leadership Hours Trained (%) | C60: =IFERROR(C50/C$55,"") | D60: =IFERROR(D50/D$55,"") | E60: =IFERROR(E50/E$55,"") | F60: =IFERROR(F50/F$55,"") | G60: =IFERROR(G50/G$55,"") | H60: ϝ
B61: Technical Hours Trained (%) | C61: =IFERROR(C51/C$55,"") | D61: =IFERROR(D51/D$55,"") | E61: =IFERROR(E51/E$55,"") | F61: =IFERROR(F51/F$55,"") | G61: =IFERROR(G51/G$55,"") | H61: ϝ
B62: Profess. Dev. Hours Trained (%) | C62: =IFERROR(C52/C$55,"") | D62: =IFERROR(D52/D$55,"") | E62: =IFERROR(E52/E$55,"") | F62: =IFERROR(F52/F$55,"") | G62: =IFERROR(G52/G$55,"") | H62: ϝ
B63: HSSE Hours Trained (%) | C63: =IFERROR(C53/C$55,"") | D63: =IFERROR(D53/D$55,"") | E63: =IFERROR(E53/E$55,"") | F63: =IFERROR(F53/F$55,"") | G63: =IFERROR(G53/G$55,"") | H63: ϝ
B64: Workday Hours Trained (%) | C64: =IFERROR(C54/C$55,"") | D64: =IFERROR(D54/D$55,"") | E64: =IFERROR(E54/E$55,"") | F64: =IFERROR(F54/F$55,"") | G64: =IFERROR(G54/G$55,"") | H64: ϝ
B65: Staff Trained (%) | C65: =IFERROR(C56/C5,"") | D65: =IFERROR(D56/D5,"") | E65: =IFERROR(E56/E5,"") | F65: =IFERROR(F56/F5,"") | G65: =IFERROR(G56/G5,"") | H65: ϝ
B66: Training Hours / EE | C66: =IFERROR(C55/C5,"") | D66: =IFERROR(D55/D5,"") | E66: =IFERROR(E55/E5,"") | F66: =IFERROR(F55/F5,"") | G66: =IFERROR(G55/G5,"") | H66: ϝ
B67: Training Hours / EE Trained | C67: =IFERROR(C55/C56,"") | D67: =IFERROR(D55/D56,"") | E67: =IFERROR(E55/E56,"") | F67: =IFERROR(F55/F56,"") | G67: =IFERROR(G55/G56,"") | H67: ϝ
B68: Training Invest. / EE (USD) | C68: =IF(COUNT(C58:C59)=0,"",IFERROR((N(C58)+N(C59))/C5,"")) | D68: =IF(COUNT(D58:D59)=0,"",IFERROR((N(D58)+N(D59))/D5,"")) | E68: =IF(COUNT(E58:E59)=0,"",IFERROR((N(E58)+N(E59))/E5,"")) | F68: =IF(COUNT(F58:F59)=0,"",IFERROR((N(F58)+N(F59))/F5,"")) | G68: =IF(COUNT(G58:G59)=0,"",IFERROR((N(G58)+N(G59))/G5,"")) | H68: ϝ
B69: Training Invest. / EE Trained (USD) | C69: =IF(COUNT(C58:C59)=0,"",IFERROR((N(C58)+N(C59))/C56,"")) | D69: =IF(COUNT(D58:D59)=0,"",IFERROR((N(D58)+N(D59))/D56,"")) | E69: =IF(COUNT(E58:E59)=0,"",IFERROR((N(E58)+N(E59))/E56,"")) | F69: =IF(COUNT(F58:F59)=0,"",IFERROR((N(F58)+N(F59))/F56,"")) | G69: =IF(COUNT(G58:G59)=0,"",IFERROR((N(G58)+N(G59))/G56,"")) | H69: ϝ
B70: Input Cells Not Submitted | C70: =COUNTBLANK(C3:C4)+COUNTBLANK(C6:C10)+COUNTBLANK(C12:C13)+COUNTBLANK(C18:C20)+COUNTBLANK(C22:C23)+COUNTBLANK(C27:C28)+COUNTBLANK(C34:C35)+COUNTBLANK(C39:C44)+COUNTBLANK(C46:C47)+COUNTBLANK(C50:C54)+COUNTBLANK(C56:C59) | D70: =COUNTBLANK(D3:D4)+COUNTBLANK(D6:D10)+COUNTBLANK(D12:D13)+COUNTBLANK(D18:D20)+COUNTBLANK(D22:D23)+COUNTBLANK(D27:D28)+COUNTBLANK(D34:D35)+COUNTBLANK(D39:D44)+COUNTBLANK(D46:D47)+COUNTBLANK(D50:D54)+COUNTBLANK(D56:D59) | E70: =COUNTBLANK(E3:E4)+COUNTBLANK(E6:E10)+COUNTBLANK(E12:E13)+COUNTBLANK(E18:E20)+COUNTBLANK(E22:E23)+COUNTBLANK(E27:E28)+COUNTBLANK(E34:E35)+COUNTBLANK(E39:E44)+COUNTBLANK(E46:E47)+COUNTBLANK(E50:E54)+COUNTBLANK(E56:E59) | F70: =COUNTBLANK(F3:F4)+COUNTBLANK(F6:F10)+COUNTBLANK(F12:F13)+COUNTBLANK(F18:F20)+COUNTBLANK(F22:F23)+COUNTBLANK(F27:F28)+COUNTBLANK(F34:F35)+COUNTBLANK(F39:F44)+COUNTBLANK(F46:F47)+COUNTBLANK(F50:F54)+COUNTBLANK(F56:F59) | G70: =SUM(C70:F70) | H70: ∑

Sheet MAR
B1: SHIPPING
A2: =VALUE(TEXT(EDATE(DATE(LEFT(FEB!A2,4),RIGHT(FEB!A2,2),1),1),"yyyymm")) | B2: MAR | C2: M&C Shipping | D2: Coreas Hazells (Shipping) | E2: Jonas Browne & Hubbard (Shipping) | F2: Goddards Shipping Barbados | G2: TOTAL | H2: Total by Division | I2: =N(I11)<>0
A3: =+A2 | B3: Permanent (Regular) Headcount | G3: =IF(COUNT(C3:F3)=0,"",SUM(C3:F3)) | H3: ∑
B4: Temporary (Fix Term) Headcount | G4: =IF(COUNT(C4:F4)=0,"",SUM(C4:F4)) | H4: ∑
B5: Employee Headcount (Productivity) | C5: =IF(COUNT(C3:C4)=0,"",SUM(C3:C4)) | D5: =IF(COUNT(D3:D4)=0,"",SUM(D3:D4)) | E5: =IF(COUNT(E3:E4)=0,"",SUM(E3:E4)) | F5: =IF(COUNT(F3:F4)=0,"",SUM(F3:F4)) | G5: =IF(COUNT(G3:G4)=0,"",SUM(G3:G4)) | H5: ϝ
B6: Headcount = 1.00 | G6: =IF(COUNT(C6:F6)=0,"",SUM(C6:F6)) | H6: ∑
B7: Headcount = 0.75 | G7: =IF(COUNT(C7:F7)=0,"",SUM(C7:F7)) | H7: ∑
B8: Headcount = 0.50 | G8: =IF(COUNT(C8:F8)=0,"",SUM(C8:F8)) | H8: ∑
B9: Headcount = 0.25 | G9: =IF(COUNT(C9:F9)=0,"",SUM(C9:F9)) | H9: ∑
B10: Standard Monthly Hours (FTE basis) | G10: =IFERROR(AVERAGE(C10:F10),"") | H10: Avg
B11: Employee FTE (Finance) | C11: =IF(COUNT(C6:C9)=0,"",N(C6)+N(C7)*0.75+N(C8)*0.5+N(C9)*0.25) | D11: =IF(COUNT(D6:D9)=0,"",N(D6)+N(D7)*0.75+N(D8)*0.5+N(D9)*0.25) | E11: =IF(COUNT(E6:E9)=0,"",N(E6)+N(E7)*0.75+N(E8)*0.5+N(E9)*0.25) | F11: =IF(COUNT(F6:F9)=0,"",N(F6)+N(F7)*0.75+N(F8)*0.5+N(F9)*0.25) | G11: =IF(COUNT(G6:G9)=0,"",N(G6)+N(G7)*0.75+N(G8)*0.5+N(G9)*0.25) | H11: FTE | I11: =IF(COUNT(G5:G9)=0,"",N(G6)+N(G7)+N(G8)+N(G9)-N(G5))
B12: Subcontracted Workforce HC | G12: =IF(COUNT(C12:F12)=0,"",SUM(C12:F12)) | H12: ∑
B13: Subcontracted Productive Hours | G13: =IF(COUNT(C13:F13)=0,"",SUM(C13:F13)) | H13: ∑
B14: Subcontracted FTE | C14: =IFERROR(C13/C10,"") | D14: =IFERROR(D13/D10,"") | E14: =IFERROR(E13/E10,"") | F14: =IFERROR(F13/F10,"") | G14: =IF(COUNT(C14:F14)=0,"",SUM(C14:F14)) | H14: FTE
B15: Total Operational Workforce | C15: =IF(COUNT(C5,C12)=0,"",SUM(C5,C12)) | D15: =IF(COUNT(D5,D12)=0,"",SUM(D5,D12)) | E15: =IF(COUNT(E5,E12)=0,"",SUM(E5,E12)) | F15: =IF(COUNT(F5,F12)=0,"",SUM(F5,F12)) | G15: =IF(COUNT(G5,G12)=0,"",SUM(G5,G12)) | H15: ϝ
B16: Total Operational FTE | C16: =IF(COUNT(C11,C14)=0,"",SUM(C11,C14)) | D16: =IF(COUNT(D11,D14)=0,"",SUM(D11,D14)) | E16: =IF(COUNT(E11,E14)=0,"",SUM(E11,E14)) | F16: =IF(COUNT(F11,F14)=0,"",SUM(F11,F14)) | G16: =IF(COUNT(G11,G14)=0,"",SUM(G11,G14)) | H16: FTE
B17: Subcontracted Share of Workforce (%) | C17: =IFERROR(C12/C15,"") | D17: =IFERROR(D12/D15,"") | E17: =IFERROR(E12/E15,"") | F17: =IFERROR(F12/F15,"") | G17: =IFERROR(G12/G15,"") | H17: ϝ
B18: FTE HR Team | G18: =IF(COUNT(C18:F18)=0,"",SUM(C18:F18)) | H18: ∑
B19: Permanent Hires | G19: =IF(COUNT(C19:F19)=0,"",SUM(C19:F19)) | H19: ∑
B20: Temporary Hires | G20: =IF(COUNT(C20:F20)=0,"",SUM(C20:F20)) | H20: ∑
B21: Total Hires | C21: =IF(COUNT(C19:C20)=0,"",SUM(C19:C20)) | D21: =IF(COUNT(D19:D20)=0,"",SUM(D19:D20)) | E21: =IF(COUNT(E19:E20)=0,"",SUM(E19:E20)) | F21: =IF(COUNT(F19:F20)=0,"",SUM(F19:F20)) | G21: =IF(COUNT(G19:G20)=0,"",SUM(G19:G20)) | H21: ϝ
B22: Permanent Exits | G22: =IF(COUNT(C22:F22)=0,"",SUM(C22:F22)) | H22: ∑
B23: Temporary Exits | G23: =IF(COUNT(C23:F23)=0,"",SUM(C23:F23)) | H23: ∑
B24: Total Exits | C24: =IF(COUNT(C22:C23)=0,"",SUM(C22:C23)) | D24: =IF(COUNT(D22:D23)=0,"",SUM(D22:D23)) | E24: =IF(COUNT(E22:E23)=0,"",SUM(E22:E23)) | F24: =IF(COUNT(F22:F23)=0,"",SUM(F22:F23)) | G24: =IF(COUNT(G22:G23)=0,"",SUM(G22:G23)) | H24: ϝ
B25: Permanent Turnover (%) | C25: =IF(COUNT(C31,C32)<2,"",IF((C32+C31)=0,"",N(C22)/((C32+C31)/2))) | D25: =IF(COUNT(D31,D32)<2,"",IF((D32+D31)=0,"",N(D22)/((D32+D31)/2))) | E25: =IF(COUNT(E31,E32)<2,"",IF((E32+E31)=0,"",N(E22)/((E32+E31)/2))) | F25: =IF(COUNT(F31,F32)<2,"",IF((F32+F31)=0,"",N(F22)/((F32+F31)/2))) | G25: =IF(COUNT(G31,G32)<2,"",IF((G32+G31)=0,"",N(G22)/((G32+G31)/2))) | H25: ϝ
B26: Temporary Turnover (%) | C26: =IF(COUNT(C31,C32)<2,"",IF((C32+C31)=0,"",N(C23)/((C32+C31)/2))) | D26: =IF(COUNT(D31,D32)<2,"",IF((D32+D31)=0,"",N(D23)/((D32+D31)/2))) | E26: =IF(COUNT(E31,E32)<2,"",IF((E32+E31)=0,"",N(E23)/((E32+E31)/2))) | F26: =IF(COUNT(F31,F32)<2,"",IF((F32+F31)=0,"",N(F23)/((F32+F31)/2))) | G26: =IF(COUNT(G31,G32)<2,"",IF((G32+G31)=0,"",N(G23)/((G32+G31)/2))) | H26: ϝ
B27: Voluntary Terminations | G27: =IF(COUNT(C27:F27)=0,"",SUM(C27:F27)) | H27: ∑
B28: Involuntary Terminations | G28: =IF(COUNT(C28:F28)=0,"",SUM(C28:F28)) | H28: ∑
B29: Voluntary Turnover (%) | C29: =IF(COUNT(C31,C32)<2,"",IF((C32+C31)=0,"",N(C27)/((C32+C31)/2))) | D29: =IF(COUNT(D31,D32)<2,"",IF((D32+D31)=0,"",N(D27)/((D32+D31)/2))) | E29: =IF(COUNT(E31,E32)<2,"",IF((E32+E31)=0,"",N(E27)/((E32+E31)/2))) | F29: =IF(COUNT(F31,F32)<2,"",IF((F32+F31)=0,"",N(F27)/((F32+F31)/2))) | G29: =IF(COUNT(G31,G32)<2,"",IF((G32+G31)=0,"",N(G27)/((G32+G31)/2))) | H29: ϝ
B30: Involuntary Turnover (%) | C30: =IF(COUNT(C31,C32)<2,"",IF((C32+C31)=0,"",N(C28)/((C32+C31)/2))) | D30: =IF(COUNT(D31,D32)<2,"",IF((D32+D31)=0,"",N(D28)/((D32+D31)/2))) | E30: =IF(COUNT(E31,E32)<2,"",IF((E32+E31)=0,"",N(E28)/((E32+E31)/2))) | F30: =IF(COUNT(F31,F32)<2,"",IF((F32+F31)=0,"",N(F28)/((F32+F31)/2))) | G30: =IF(COUNT(G31,G32)<2,"",IF((G32+G31)=0,"",N(G28)/((G32+G31)/2))) | H30: ϝ
B31: Headcount last Month | C31: =IF(FEB!C5="","",FEB!C5) | D31: =IF(FEB!D5="","",FEB!D5) | E31: =IF(FEB!E5="","",FEB!E5) | F31: =IF(FEB!F5="","",FEB!F5) | G31: =IF(COUNT(C31:F31)=0,"",SUM(C31:F31)) | H31: ∑
B32: Headcount this Month | C32: =IF(C5="","",C5) | D32: =IF(D5="","",D5) | E32: =IF(E5="","",E5) | F32: =IF(F5="","",F5) | G32: =IF(COUNT(C32:F32)=0,"",SUM(C32:F32)) | H32: ∑
B33: Full Turnover (%) | C33: =IF(COUNT(C31,C32)<2,"",IF((C32+C31)=0,"",N(C24)/((C32+C31)/2))) | D33: =IF(COUNT(D31,D32)<2,"",IF((D32+D31)=0,"",N(D24)/((D32+D31)/2))) | E33: =IF(COUNT(E31,E32)<2,"",IF((E32+E31)=0,"",N(E24)/((E32+E31)/2))) | F33: =IF(COUNT(F31,F32)<2,"",IF((F32+F31)=0,"",N(F24)/((F32+F31)/2))) | G33: =IF(COUNT(G31,G32)<2,"",IF((G32+G31)=0,"",N(G24)/((G32+G31)/2))) | H33: ϝ
B34: Permanent Vacancies | G34: =IF(COUNT(C34:F34)=0,"",SUM(C34:F34)) | H34: ∑
B35: Temporary Vacancies | G35: =IF(COUNT(C35:F35)=0,"",SUM(C35:F35)) | H35: ∑
B36: Total Vacancies | C36: =IF(COUNT(C34:C35)=0,"",SUM(C34:C35)) | D36: =IF(COUNT(D34:D35)=0,"",SUM(D34:D35)) | E36: =IF(COUNT(E34:E35)=0,"",SUM(E34:E35)) | F36: =IF(COUNT(F34:F35)=0,"",SUM(F34:F35)) | G36: =IF(COUNT(G34:G35)=0,"",SUM(G34:G35)) | H36: ϝ
B37: Authorized Positions | C37: =IF(COUNT(C5,C36)=0,"",N(C5)+N(C36)) | D37: =IF(COUNT(D5,D36)=0,"",N(D5)+N(D36)) | E37: =IF(COUNT(E5,E36)=0,"",N(E5)+N(E36)) | F37: =IF(COUNT(F5,F36)=0,"",N(F5)+N(F36)) | G37: =IF(COUNT(G5,G36)=0,"",N(G5)+N(G36)) | H37: ϝ
B38: Vacancy Rate (%) | C38: =IFERROR(C36/C37,"") | D38: =IFERROR(D36/D37,"") | E38: =IFERROR(E36/E37,"") | F38: =IFERROR(F36/F37,"") | G38: =IFERROR(G36/G37,"") | H38: ϝ
B39: Permanent TimeToHire (Days) YTD | C39: =IF('(M&C_Shipp)'!$AB$9="","",'(M&C_Shipp)'!$AB$9) | D39: =IF('(Coreas_Shipp)'!$AB$9="","",'(Coreas_Shipp)'!$AB$9) | E39: =IF('(JBH_Shipp)'!$AB$9="","",'(JBH_Shipp)'!$AB$9) | F39: =IF('(Shipping_BRB)'!$AB$9="","",'(Shipping_BRB)'!$AB$9) | G39: =IFERROR(AVERAGE(C39:F39),"") | H39: Avg
B40: Temporary TimeToHire (Days) YTD | C40: =IF('(M&C_Shipp)'!$AD$9="","",'(M&C_Shipp)'!$AD$9) | D40: =IF('(Coreas_Shipp)'!$AD$9="","",'(Coreas_Shipp)'!$AD$9) | E40: =IF('(JBH_Shipp)'!$AD$9="","",'(JBH_Shipp)'!$AD$9) | F40: =IF('(Shipping_BRB)'!$AD$9="","",'(Shipping_BRB)'!$AD$9) | G40: =IFERROR(AVERAGE(C40:F40),"") | H40: Avg
B41: Check-ins Rate Completed (%) | G41: =IFERROR(AVERAGE(C41:F41),"") | H41: Avg
B42: EE Objectives Completed (#) | G42: =IF(COUNT(C42:F42)=0,"",SUM(C42:F42)) | H42: ∑
B43: Non-certified Absent (Days Lost) | G43: =IF(COUNT(C43:F43)=0,"",SUM(C43:F43)) | H43: ∑
B44: Certified sick leave (Days Lost) | G44: =IF(COUNT(C44:F44)=0,"",SUM(C44:F44)) | H44: ∑
B45: Total Absences | C45: =IF(COUNT(C43:C44)=0,"",SUM(C43:C44)) | D45: =IF(COUNT(D43:D44)=0,"",SUM(D43:D44)) | E45: =IF(COUNT(E43:E44)=0,"",SUM(E43:E44)) | F45: =IF(COUNT(F43:F44)=0,"",SUM(F43:F44)) | G45: =IF(COUNT(G43:G44)=0,"",SUM(G43:G44)) | H45: ϝ
B46: Absent Rate Non-Certified (%) | C46: =IF('(M&C_Shipp)'!$G$9="","",'(M&C_Shipp)'!$G$9) | D46: =IF('(Coreas_Shipp)'!$G$9="","",'(Coreas_Shipp)'!$G$9) | E46: =IF('(JBH_Shipp)'!$G$9="","",'(JBH_Shipp)'!$G$9) | F46: =IF('(Shipping_BRB)'!$G$9="","",'(Shipping_BRB)'!$G$9) | G46: {=IF(COUNT(C46:F46)=0,"",IFERROR(SUMPRODUCT(IFERROR(C46:F46*((C3:F3)+(C4:F4)),0))/SUMPRODUCT(IFERROR(ISNUMBER(C46:F46)*((C3:F3)+(C4:F4)),0)),""))} | H46: Weighted
B47: Absent Rate Certified (%) | C47: =IF('(M&C_Shipp)'!$O$9="","",'(M&C_Shipp)'!$O$9) | D47: =IF('(Coreas_Shipp)'!$O$9="","",'(Coreas_Shipp)'!$O$9) | E47: =IF('(JBH_Shipp)'!$O$9="","",'(JBH_Shipp)'!$O$9) | F47: =IF('(Shipping_BRB)'!$O$9="","",'(Shipping_BRB)'!$O$9) | G47: {=IF(COUNT(C47:F47)=0,"",IFERROR(SUMPRODUCT(IFERROR(C47:F47*((C3:F3)+(C4:F4)),0))/SUMPRODUCT(IFERROR(ISNUMBER(C47:F47)*((C3:F3)+(C4:F4)),0)),""))} | H47: Weighted
B48: Absent Rate Total (%) | C48: =IF(COUNT(C46:C47)=0,"",SUM(C46:C47)) | D48: =IF(COUNT(D46:D47)=0,"",SUM(D46:D47)) | E48: =IF(COUNT(E46:E47)=0,"",SUM(E46:E47)) | F48: =IF(COUNT(F46:F47)=0,"",SUM(F46:F47)) | G48: =IF(COUNT(G46:G47)=0,"",SUM(G46:G47)) | H48: Weighted
B49: Weight factor | C49: =IFERROR(C5/$G5,"") | D49: =IFERROR(D5/$G5,"") | E49: =IFERROR(E5/$G5,"") | F49: =IFERROR(F5/$G5,"") | G49: =IF(COUNT(C49:F49)=0,"",SUM(C49:F49)) | H49: Weight Factor
B50: Leadership (Hours) | G50: =IF(COUNT(C50:F50)=0,"",SUM(C50:F50)) | H50: ∑
B51: Technical (Hours) | G51: =IF(COUNT(C51:F51)=0,"",SUM(C51:F51)) | H51: ∑
B52: Professional Develop. (Hours) | G52: =IF(COUNT(C52:F52)=0,"",SUM(C52:F52)) | H52: ∑
B53: HSSE (Hours) | G53: =IF(COUNT(C53:F53)=0,"",SUM(C53:F53)) | H53: ∑
B54: Workday (Hours) | G54: =IF(COUNT(C54:F54)=0,"",SUM(C54:F54)) | H54: ∑
B55: Total Training Hours | C55: =IF(COUNT(C50:C54)=0,"",SUM(C50:C54)) | D55: =IF(COUNT(D50:D54)=0,"",SUM(D50:D54)) | E55: =IF(COUNT(E50:E54)=0,"",SUM(E50:E54)) | F55: =IF(COUNT(F50:F54)=0,"",SUM(F50:F54)) | G55: =IF(COUNT(G50:G54)=0,"",SUM(G50:G54)) | H55: ϝ
B56: Total Trained (Staff) | G56: =IF(COUNT(C56:F56)=0,"",SUM(C56:F56)) | H56: ∑
B57: Training Programs (#) | G57: =IF(COUNT(C57:F57)=0,"",SUM(C57:F57)) | H57: ∑
B58: Training Cost (USD) | G58: =IF(COUNT(C58:F58)=0,"",SUM(C58:F58)) | H58: ∑
B59: Training Travel Cost (USD) | G59: =IF(COUNT(C59:F59)=0,"",SUM(C59:F59)) | H59: ∑
B60: Leadership Hours Trained (%) | C60: =IFERROR(C50/C$55,"") | D60: =IFERROR(D50/D$55,"") | E60: =IFERROR(E50/E$55,"") | F60: =IFERROR(F50/F$55,"") | G60: =IFERROR(G50/G$55,"") | H60: ϝ
B61: Technical Hours Trained (%) | C61: =IFERROR(C51/C$55,"") | D61: =IFERROR(D51/D$55,"") | E61: =IFERROR(E51/E$55,"") | F61: =IFERROR(F51/F$55,"") | G61: =IFERROR(G51/G$55,"") | H61: ϝ
B62: Profess. Dev. Hours Trained (%) | C62: =IFERROR(C52/C$55,"") | D62: =IFERROR(D52/D$55,"") | E62: =IFERROR(E52/E$55,"") | F62: =IFERROR(F52/F$55,"") | G62: =IFERROR(G52/G$55,"") | H62: ϝ
B63: HSSE Hours Trained (%) | C63: =IFERROR(C53/C$55,"") | D63: =IFERROR(D53/D$55,"") | E63: =IFERROR(E53/E$55,"") | F63: =IFERROR(F53/F$55,"") | G63: =IFERROR(G53/G$55,"") | H63: ϝ
B64: Workday Hours Trained (%) | C64: =IFERROR(C54/C$55,"") | D64: =IFERROR(D54/D$55,"") | E64: =IFERROR(E54/E$55,"") | F64: =IFERROR(F54/F$55,"") | G64: =IFERROR(G54/G$55,"") | H64: ϝ
B65: Staff Trained (%) | C65: =IFERROR(C56/C5,"") | D65: =IFERROR(D56/D5,"") | E65: =IFERROR(E56/E5,"") | F65: =IFERROR(F56/F5,"") | G65: =IFERROR(G56/G5,"") | H65: ϝ
B66: Training Hours / EE | C66: =IFERROR(C55/C5,"") | D66: =IFERROR(D55/D5,"") | E66: =IFERROR(E55/E5,"") | F66: =IFERROR(F55/F5,"") | G66: =IFERROR(G55/G5,"") | H66: ϝ
B67: Training Hours / EE Trained | C67: =IFERROR(C55/C56,"") | D67: =IFERROR(D55/D56,"") | E67: =IFERROR(E55/E56,"") | F67: =IFERROR(F55/F56,"") | G67: =IFERROR(G55/G56,"") | H67: ϝ
B68: Training Invest. / EE (USD) | C68: =IF(COUNT(C58:C59)=0,"",IFERROR((N(C58)+N(C59))/C5,"")) | D68: =IF(COUNT(D58:D59)=0,"",IFERROR((N(D58)+N(D59))/D5,"")) | E68: =IF(COUNT(E58:E59)=0,"",IFERROR((N(E58)+N(E59))/E5,"")) | F68: =IF(COUNT(F58:F59)=0,"",IFERROR((N(F58)+N(F59))/F5,"")) | G68: =IF(COUNT(G58:G59)=0,"",IFERROR((N(G58)+N(G59))/G5,"")) | H68: ϝ
B69: Training Invest. / EE Trained (USD) | C69: =IF(COUNT(C58:C59)=0,"",IFERROR((N(C58)+N(C59))/C56,"")) | D69: =IF(COUNT(D58:D59)=0,"",IFERROR((N(D58)+N(D59))/D56,"")) | E69: =IF(COUNT(E58:E59)=0,"",IFERROR((N(E58)+N(E59))/E56,"")) | F69: =IF(COUNT(F58:F59)=0,"",IFERROR((N(F58)+N(F59))/F56,"")) | G69: =IF(COUNT(G58:G59)=0,"",IFERROR((N(G58)+N(G59))/G56,"")) | H69: ϝ
B70: Input Cells Not Submitted | C70: =COUNTBLANK(C3:C4)+COUNTBLANK(C6:C10)+COUNTBLANK(C12:C13)+COUNTBLANK(C18:C20)+COUNTBLANK(C22:C23)+COUNTBLANK(C27:C28)+COUNTBLANK(C34:C35)+COUNTBLANK(C39:C44)+COUNTBLANK(C46:C47)+COUNTBLANK(C50:C54)+COUNTBLANK(C56:C59) | D70: =COUNTBLANK(D3:D4)+COUNTBLANK(D6:D10)+COUNTBLANK(D12:D13)+COUNTBLANK(D18:D20)+COUNTBLANK(D22:D23)+COUNTBLANK(D27:D28)+COUNTBLANK(D34:D35)+COUNTBLANK(D39:D44)+COUNTBLANK(D46:D47)+COUNTBLANK(D50:D54)+COUNTBLANK(D56:D59) | E70: =COUNTBLANK(E3:E4)+COUNTBLANK(E6:E10)+COUNTBLANK(E12:E13)+COUNTBLANK(E18:E20)+COUNTBLANK(E22:E23)+COUNTBLANK(E27:E28)+COUNTBLANK(E34:E35)+COUNTBLANK(E39:E44)+COUNTBLANK(E46:E47)+COUNTBLANK(E50:E54)+COUNTBLANK(E56:E59) | F70: =COUNTBLANK(F3:F4)+COUNTBLANK(F6:F10)+COUNTBLANK(F12:F13)+COUNTBLANK(F18:F20)+COUNTBLANK(F22:F23)+COUNTBLANK(F27:F28)+COUNTBLANK(F34:F35)+COUNTBLANK(F39:F44)+COUNTBLANK(F46:F47)+COUNTBLANK(F50:F54)+COUNTBLANK(F56:F59) | G70: =SUM(C70:F70) | H70: ∑

Sheet APR
B1: SHIPPING
A2: =VALUE(TEXT(EDATE(DATE(LEFT(MAR!A2,4),RIGHT(MAR!A2,2),1),1),"yyyymm")) | B2: APR | C2: M&C Shipping | D2: Coreas Hazells (Shipping) | E2: Jonas Browne & Hubbard (Shipping) | F2: Goddards Shipping Barbados | G2: TOTAL | H2: Total by Division | I2: =N(I11)<>0
A3: =+A2 | B3: Permanent (Regular) Headcount | G3: =IF(COUNT(C3:F3)=0,"",SUM(C3:F3)) | H3: ∑
B4: Temporary (Fix Term) Headcount | G4: =IF(COUNT(C4:F4)=0,"",SUM(C4:F4)) | H4: ∑
B5: Employee Headcount (Productivity) | C5: =IF(COUNT(C3:C4)=0,"",SUM(C3:C4)) | D5: =IF(COUNT(D3:D4)=0,"",SUM(D3:D4)) | E5: =IF(COUNT(E3:E4)=0,"",SUM(E3:E4)) | F5: =IF(COUNT(F3:F4)=0,"",SUM(F3:F4)) | G5: =IF(COUNT(G3:G4)=0,"",SUM(G3:G4)) | H5: ϝ
B6: Headcount = 1.00 | G6: =IF(COUNT(C6:F6)=0,"",SUM(C6:F6)) | H6: ∑
B7: Headcount = 0.75 | G7: =IF(COUNT(C7:F7)=0,"",SUM(C7:F7)) | H7: ∑
B8: Headcount = 0.50 | G8: =IF(COUNT(C8:F8)=0,"",SUM(C8:F8)) | H8: ∑
B9: Headcount = 0.25 | G9: =IF(COUNT(C9:F9)=0,"",SUM(C9:F9)) | H9: ∑
B10: Standard Monthly Hours (FTE basis) | G10: =IFERROR(AVERAGE(C10:F10),"") | H10: Avg
B11: Employee FTE (Finance) | C11: =IF(COUNT(C6:C9)=0,"",N(C6)+N(C7)*0.75+N(C8)*0.5+N(C9)*0.25) | D11: =IF(COUNT(D6:D9)=0,"",N(D6)+N(D7)*0.75+N(D8)*0.5+N(D9)*0.25) | E11: =IF(COUNT(E6:E9)=0,"",N(E6)+N(E7)*0.75+N(E8)*0.5+N(E9)*0.25) | F11: =IF(COUNT(F6:F9)=0,"",N(F6)+N(F7)*0.75+N(F8)*0.5+N(F9)*0.25) | G11: =IF(COUNT(G6:G9)=0,"",N(G6)+N(G7)*0.75+N(G8)*0.5+N(G9)*0.25) | H11: FTE | I11: =IF(COUNT(G5:G9)=0,"",N(G6)+N(G7)+N(G8)+N(G9)-N(G5))
B12: Subcontracted Workforce HC | G12: =IF(COUNT(C12:F12)=0,"",SUM(C12:F12)) | H12: ∑
B13: Subcontracted Productive Hours | G13: =IF(COUNT(C13:F13)=0,"",SUM(C13:F13)) | H13: ∑
B14: Subcontracted FTE | C14: =IFERROR(C13/C10,"") | D14: =IFERROR(D13/D10,"") | E14: =IFERROR(E13/E10,"") | F14: =IFERROR(F13/F10,"") | G14: =IF(COUNT(C14:F14)=0,"",SUM(C14:F14)) | H14: FTE
B15: Total Operational Workforce | C15: =IF(COUNT(C5,C12)=0,"",SUM(C5,C12)) | D15: =IF(COUNT(D5,D12)=0,"",SUM(D5,D12)) | E15: =IF(COUNT(E5,E12)=0,"",SUM(E5,E12)) | F15: =IF(COUNT(F5,F12)=0,"",SUM(F5,F12)) | G15: =IF(COUNT(G5,G12)=0,"",SUM(G5,G12)) | H15: ϝ
B16: Total Operational FTE | C16: =IF(COUNT(C11,C14)=0,"",SUM(C11,C14)) | D16: =IF(COUNT(D11,D14)=0,"",SUM(D11,D14)) | E16: =IF(COUNT(E11,E14)=0,"",SUM(E11,E14)) | F16: =IF(COUNT(F11,F14)=0,"",SUM(F11,F14)) | G16: =IF(COUNT(G11,G14)=0,"",SUM(G11,G14)) | H16: FTE
B17: Subcontracted Share of Workforce (%) | C17: =IFERROR(C12/C15,"") | D17: =IFERROR(D12/D15,"") | E17: =IFERROR(E12/E15,"") | F17: =IFERROR(F12/F15,"") | G17: =IFERROR(G12/G15,"") | H17: ϝ
B18: FTE HR Team | G18: =IF(COUNT(C18:F18)=0,"",SUM(C18:F18)) | H18: ∑
B19: Permanent Hires | G19: =IF(COUNT(C19:F19)=0,"",SUM(C19:F19)) | H19: ∑
B20: Temporary Hires | G20: =IF(COUNT(C20:F20)=0,"",SUM(C20:F20)) | H20: ∑
B21: Total Hires | C21: =IF(COUNT(C19:C20)=0,"",SUM(C19:C20)) | D21: =IF(COUNT(D19:D20)=0,"",SUM(D19:D20)) | E21: =IF(COUNT(E19:E20)=0,"",SUM(E19:E20)) | F21: =IF(COUNT(F19:F20)=0,"",SUM(F19:F20)) | G21: =IF(COUNT(G19:G20)=0,"",SUM(G19:G20)) | H21: ϝ
B22: Permanent Exits | G22: =IF(COUNT(C22:F22)=0,"",SUM(C22:F22)) | H22: ∑
B23: Temporary Exits | G23: =IF(COUNT(C23:F23)=0,"",SUM(C23:F23)) | H23: ∑
B24: Total Exits | C24: =IF(COUNT(C22:C23)=0,"",SUM(C22:C23)) | D24: =IF(COUNT(D22:D23)=0,"",SUM(D22:D23)) | E24: =IF(COUNT(E22:E23)=0,"",SUM(E22:E23)) | F24: =IF(COUNT(F22:F23)=0,"",SUM(F22:F23)) | G24: =IF(COUNT(G22:G23)=0,"",SUM(G22:G23)) | H24: ϝ
B25: Permanent Turnover (%) | C25: =IF(COUNT(C31,C32)<2,"",IF((C32+C31)=0,"",N(C22)/((C32+C31)/2))) | D25: =IF(COUNT(D31,D32)<2,"",IF((D32+D31)=0,"",N(D22)/((D32+D31)/2))) | E25: =IF(COUNT(E31,E32)<2,"",IF((E32+E31)=0,"",N(E22)/((E32+E31)/2))) | F25: =IF(COUNT(F31,F32)<2,"",IF((F32+F31)=0,"",N(F22)/((F32+F31)/2))) | G25: =IF(COUNT(G31,G32)<2,"",IF((G32+G31)=0,"",N(G22)/((G32+G31)/2))) | H25: ϝ
B26: Temporary Turnover (%) | C26: =IF(COUNT(C31,C32)<2,"",IF((C32+C31)=0,"",N(C23)/((C32+C31)/2))) | D26: =IF(COUNT(D31,D32)<2,"",IF((D32+D31)=0,"",N(D23)/((D32+D31)/2))) | E26: =IF(COUNT(E31,E32)<2,"",IF((E32+E31)=0,"",N(E23)/((E32+E31)/2))) | F26: =IF(COUNT(F31,F32)<2,"",IF((F32+F31)=0,"",N(F23)/((F32+F31)/2))) | G26: =IF(COUNT(G31,G32)<2,"",IF((G32+G31)=0,"",N(G23)/((G32+G31)/2))) | H26: ϝ
B27: Voluntary Terminations | G27: =IF(COUNT(C27:F27)=0,"",SUM(C27:F27)) | H27: ∑
B28: Involuntary Terminations | G28: =IF(COUNT(C28:F28)=0,"",SUM(C28:F28)) | H28: ∑
B29: Voluntary Turnover (%) | C29: =IF(COUNT(C31,C32)<2,"",IF((C32+C31)=0,"",N(C27)/((C32+C31)/2))) | D29: =IF(COUNT(D31,D32)<2,"",IF((D32+D31)=0,"",N(D27)/((D32+D31)/2))) | E29: =IF(COUNT(E31,E32)<2,"",IF((E32+E31)=0,"",N(E27)/((E32+E31)/2))) | F29: =IF(COUNT(F31,F32)<2,"",IF((F32+F31)=0,"",N(F27)/((F32+F31)/2))) | G29: =IF(COUNT(G31,G32)<2,"",IF((G32+G31)=0,"",N(G27)/((G32+G31)/2))) | H29: ϝ
B30: Involuntary Turnover (%) | C30: =IF(COUNT(C31,C32)<2,"",IF((C32+C31)=0,"",N(C28)/((C32+C31)/2))) | D30: =IF(COUNT(D31,D32)<2,"",IF((D32+D31)=0,"",N(D28)/((D32+D31)/2))) | E30: =IF(COUNT(E31,E32)<2,"",IF((E32+E31)=0,"",N(E28)/((E32+E31)/2))) | F30: =IF(COUNT(F31,F32)<2,"",IF((F32+F31)=0,"",N(F28)/((F32+F31)/2))) | G30: =IF(COUNT(G31,G32)<2,"",IF((G32+G31)=0,"",N(G28)/((G32+G31)/2))) | H30: ϝ
B31: Headcount last Month | C31: =IF(MAR!C5="","",MAR!C5) | D31: =IF(MAR!D5="","",MAR!D5) | E31: =IF(MAR!E5="","",MAR!E5) | F31: =IF(MAR!F5="","",MAR!F5) | G31: =IF(COUNT(C31:F31)=0,"",SUM(C31:F31)) | H31: ∑
B32: Headcount this Month | C32: =IF(C5="","",C5) | D32: =IF(D5="","",D5) | E32: =IF(E5="","",E5) | F32: =IF(F5="","",F5) | G32: =IF(COUNT(C32:F32)=0,"",SUM(C32:F32)) | H32: ∑
B33: Full Turnover (%) | C33: =IF(COUNT(C31,C32)<2,"",IF((C32+C31)=0,"",N(C24)/((C32+C31)/2))) | D33: =IF(COUNT(D31,D32)<2,"",IF((D32+D31)=0,"",N(D24)/((D32+D31)/2))) | E33: =IF(COUNT(E31,E32)<2,"",IF((E32+E31)=0,"",N(E24)/((E32+E31)/2))) | F33: =IF(COUNT(F31,F32)<2,"",IF((F32+F31)=0,"",N(F24)/((F32+F31)/2))) | G33: =IF(COUNT(G31,G32)<2,"",IF((G32+G31)=0,"",N(G24)/((G32+G31)/2))) | H33: ϝ
B34: Permanent Vacancies | G34: =IF(COUNT(C34:F34)=0,"",SUM(C34:F34)) | H34: ∑
B35: Temporary Vacancies | G35: =IF(COUNT(C35:F35)=0,"",SUM(C35:F35)) | H35: ∑
B36: Total Vacancies | C36: =IF(COUNT(C34:C35)=0,"",SUM(C34:C35)) | D36: =IF(COUNT(D34:D35)=0,"",SUM(D34:D35)) | E36: =IF(COUNT(E34:E35)=0,"",SUM(E34:E35)) | F36: =IF(COUNT(F34:F35)=0,"",SUM(F34:F35)) | G36: =IF(COUNT(G34:G35)=0,"",SUM(G34:G35)) | H36: ϝ
B37: Authorized Positions | C37: =IF(COUNT(C5,C36)=0,"",N(C5)+N(C36)) | D37: =IF(COUNT(D5,D36)=0,"",N(D5)+N(D36)) | E37: =IF(COUNT(E5,E36)=0,"",N(E5)+N(E36)) | F37: =IF(COUNT(F5,F36)=0,"",N(F5)+N(F36)) | G37: =IF(COUNT(G5,G36)=0,"",N(G5)+N(G36)) | H37: ϝ
B38: Vacancy Rate (%) | C38: =IFERROR(C36/C37,"") | D38: =IFERROR(D36/D37,"") | E38: =IFERROR(E36/E37,"") | F38: =IFERROR(F36/F37,"") | G38: =IFERROR(G36/G37,"") | H38: ϝ
B39: Permanent TimeToHire (Days) YTD | C39: =IF('(M&C_Shipp)'!$AB$10="","",'(M&C_Shipp)'!$AB$10) | D39: =IF('(Coreas_Shipp)'!$AB$10="","",'(Coreas_Shipp)'!$AB$10) | E39: =IF('(JBH_Shipp)'!$AB$10="","",'(JBH_Shipp)'!$AB$10) | F39: =IF('(Shipping_BRB)'!$AB$10="","",'(Shipping_BRB)'!$AB$10) | G39: =IFERROR(AVERAGE(C39:F39),"") | H39: Avg
B40: Temporary TimeToHire (Days) YTD | C40: =IF('(M&C_Shipp)'!$AD$10="","",'(M&C_Shipp)'!$AD$10) | D40: =IF('(Coreas_Shipp)'!$AD$10="","",'(Coreas_Shipp)'!$AD$10) | E40: =IF('(JBH_Shipp)'!$AD$10="","",'(JBH_Shipp)'!$AD$10) | F40: =IF('(Shipping_BRB)'!$AD$10="","",'(Shipping_BRB)'!$AD$10) | G40: =IFERROR(AVERAGE(C40:F40),"") | H40: Avg
B41: Check-ins Rate Completed (%) | G41: =IFERROR(AVERAGE(C41:F41),"") | H41: Avg
B42: EE Objectives Completed (#) | G42: =IF(COUNT(C42:F42)=0,"",SUM(C42:F42)) | H42: ∑
B43: Non-certified Absent (Days Lost) | G43: =IF(COUNT(C43:F43)=0,"",SUM(C43:F43)) | H43: ∑
B44: Certified sick leave (Days Lost) | G44: =IF(COUNT(C44:F44)=0,"",SUM(C44:F44)) | H44: ∑
B45: Total Absences | C45: =IF(COUNT(C43:C44)=0,"",SUM(C43:C44)) | D45: =IF(COUNT(D43:D44)=0,"",SUM(D43:D44)) | E45: =IF(COUNT(E43:E44)=0,"",SUM(E43:E44)) | F45: =IF(COUNT(F43:F44)=0,"",SUM(F43:F44)) | G45: =IF(COUNT(G43:G44)=0,"",SUM(G43:G44)) | H45: ϝ
B46: Absent Rate Non-Certified (%) | C46: =IF('(M&C_Shipp)'!$G$10="","",'(M&C_Shipp)'!$G$10) | D46: =IF('(Coreas_Shipp)'!$G$10="","",'(Coreas_Shipp)'!$G$10) | E46: =IF('(JBH_Shipp)'!$G$10="","",'(JBH_Shipp)'!$G$10) | F46: =IF('(Shipping_BRB)'!$G$10="","",'(Shipping_BRB)'!$G$10) | G46: {=IF(COUNT(C46:F46)=0,"",IFERROR(SUMPRODUCT(IFERROR(C46:F46*((C3:F3)+(C4:F4)),0))/SUMPRODUCT(IFERROR(ISNUMBER(C46:F46)*((C3:F3)+(C4:F4)),0)),""))} | H46: Weighted
B47: Absent Rate Certified (%) | C47: =IF('(M&C_Shipp)'!$O$10="","",'(M&C_Shipp)'!$O$10) | D47: =IF('(Coreas_Shipp)'!$O$10="","",'(Coreas_Shipp)'!$O$10) | E47: =IF('(JBH_Shipp)'!$O$10="","",'(JBH_Shipp)'!$O$10) | F47: =IF('(Shipping_BRB)'!$O$10="","",'(Shipping_BRB)'!$O$10) | G47: {=IF(COUNT(C47:F47)=0,"",IFERROR(SUMPRODUCT(IFERROR(C47:F47*((C3:F3)+(C4:F4)),0))/SUMPRODUCT(IFERROR(ISNUMBER(C47:F47)*((C3:F3)+(C4:F4)),0)),""))} | H47: Weighted
B48: Absent Rate Total (%) | C48: =IF(COUNT(C46:C47)=0,"",SUM(C46:C47)) | D48: =IF(COUNT(D46:D47)=0,"",SUM(D46:D47)) | E48: =IF(COUNT(E46:E47)=0,"",SUM(E46:E47)) | F48: =IF(COUNT(F46:F47)=0,"",SUM(F46:F47)) | G48: =IF(COUNT(G46:G47)=0,"",SUM(G46:G47)) | H48: Weighted
B49: Weight factor | C49: =IFERROR(C5/$G5,"") | D49: =IFERROR(D5/$G5,"") | E49: =IFERROR(E5/$G5,"") | F49: =IFERROR(F5/$G5,"") | G49: =IF(COUNT(C49:F49)=0,"",SUM(C49:F49)) | H49: Weight Factor
B50: Leadership (Hours) | G50: =IF(COUNT(C50:F50)=0,"",SUM(C50:F50)) | H50: ∑
B51: Technical (Hours) | G51: =IF(COUNT(C51:F51)=0,"",SUM(C51:F51)) | H51: ∑
B52: Professional Develop. (Hours) | G52: =IF(COUNT(C52:F52)=0,"",SUM(C52:F52)) | H52: ∑
B53: HSSE (Hours) | G53: =IF(COUNT(C53:F53)=0,"",SUM(C53:F53)) | H53: ∑
B54: Workday (Hours) | G54: =IF(COUNT(C54:F54)=0,"",SUM(C54:F54)) | H54: ∑
B55: Total Training Hours | C55: =IF(COUNT(C50:C54)=0,"",SUM(C50:C54)) | D55: =IF(COUNT(D50:D54)=0,"",SUM(D50:D54)) | E55: =IF(COUNT(E50:E54)=0,"",SUM(E50:E54)) | F55: =IF(COUNT(F50:F54)=0,"",SUM(F50:F54)) | G55: =IF(COUNT(G50:G54)=0,"",SUM(G50:G54)) | H55: ϝ
B56: Total Trained (Staff) | G56: =IF(COUNT(C56:F56)=0,"",SUM(C56:F56)) | H56: ∑
B57: Training Programs (#) | G57: =IF(COUNT(C57:F57)=0,"",SUM(C57:F57)) | H57: ∑
B58: Training Cost (USD) | G58: =IF(COUNT(C58:F58)=0,"",SUM(C58:F58)) | H58: ∑
B59: Training Travel Cost (USD) | G59: =IF(COUNT(C59:F59)=0,"",SUM(C59:F59)) | H59: ∑
B60: Leadership Hours Trained (%) | C60: =IFERROR(C50/C$55,"") | D60: =IFERROR(D50/D$55,"") | E60: =IFERROR(E50/E$55,"") | F60: =IFERROR(F50/F$55,"") | G60: =IFERROR(G50/G$55,"") | H60: ϝ
B61: Technical Hours Trained (%) | C61: =IFERROR(C51/C$55,"") | D61: =IFERROR(D51/D$55,"") | E61: =IFERROR(E51/E$55,"") | F61: =IFERROR(F51/F$55,"") | G61: =IFERROR(G51/G$55,"") | H61: ϝ
B62: Profess. Dev. Hours Trained (%) | C62: =IFERROR(C52/C$55,"") | D62: =IFERROR(D52/D$55,"") | E62: =IFERROR(E52/E$55,"") | F62: =IFERROR(F52/F$55,"") | G62: =IFERROR(G52/G$55,"") | H62: ϝ
B63: HSSE Hours Trained (%) | C63: =IFERROR(C53/C$55,"") | D63: =IFERROR(D53/D$55,"") | E63: =IFERROR(E53/E$55,"") | F63: =IFERROR(F53/F$55,"") | G63: =IFERROR(G53/G$55,"") | H63: ϝ
B64: Workday Hours Trained (%) | C64: =IFERROR(C54/C$55,"") | D64: =IFERROR(D54/D$55,"") | E64: =IFERROR(E54/E$55,"") | F64: =IFERROR(F54/F$55,"") | G64: =IFERROR(G54/G$55,"") | H64: ϝ
B65: Staff Trained (%) | C65: =IFERROR(C56/C5,"") | D65: =IFERROR(D56/D5,"") | E65: =IFERROR(E56/E5,"") | F65: =IFERROR(F56/F5,"") | G65: =IFERROR(G56/G5,"") | H65: ϝ
B66: Training Hours / EE | C66: =IFERROR(C55/C5,"") | D66: =IFERROR(D55/D5,"") | E66: =IFERROR(E55/E5,"") | F66: =IFERROR(F55/F5,"") | G66: =IFERROR(G55/G5,"") | H66: ϝ
B67: Training Hours / EE Trained | C67: =IFERROR(C55/C56,"") | D67: =IFERROR(D55/D56,"") | E67: =IFERROR(E55/E56,"") | F67: =IFERROR(F55/F56,"") | G67: =IFERROR(G55/G56,"") | H67: ϝ
B68: Training Invest. / EE (USD) | C68: =IF(COUNT(C58:C59)=0,"",IFERROR((N(C58)+N(C59))/C5,"")) | D68: =IF(COUNT(D58:D59)=0,"",IFERROR((N(D58)+N(D59))/D5,"")) | E68: =IF(COUNT(E58:E59)=0,"",IFERROR((N(E58)+N(E59))/E5,"")) | F68: =IF(COUNT(F58:F59)=0,"",IFERROR((N(F58)+N(F59))/F5,"")) | G68: =IF(COUNT(G58:G59)=0,"",IFERROR((N(G58)+N(G59))/G5,"")) | H68: ϝ
B69: Training Invest. / EE Trained (USD) | C69: =IF(COUNT(C58:C59)=0,"",IFERROR((N(C58)+N(C59))/C56,"")) | D69: =IF(COUNT(D58:D59)=0,"",IFERROR((N(D58)+N(D59))/D56,"")) | E69: =IF(COUNT(E58:E59)=0,"",IFERROR((N(E58)+N(E59))/E56,"")) | F69: =IF(COUNT(F58:F59)=0,"",IFERROR((N(F58)+N(F59))/F56,"")) | G69: =IF(COUNT(G58:G59)=0,"",IFERROR((N(G58)+N(G59))/G56,"")) | H69: ϝ
B70: Input Cells Not Submitted | C70: =COUNTBLANK(C3:C4)+COUNTBLANK(C6:C10)+COUNTBLANK(C12:C13)+COUNTBLANK(C18:C20)+COUNTBLANK(C22:C23)+COUNTBLANK(C27:C28)+COUNTBLANK(C34:C35)+COUNTBLANK(C39:C44)+COUNTBLANK(C46:C47)+COUNTBLANK(C50:C54)+COUNTBLANK(C56:C59) | D70: =COUNTBLANK(D3:D4)+COUNTBLANK(D6:D10)+COUNTBLANK(D12:D13)+COUNTBLANK(D18:D20)+COUNTBLANK(D22:D23)+COUNTBLANK(D27:D28)+COUNTBLANK(D34:D35)+COUNTBLANK(D39:D44)+COUNTBLANK(D46:D47)+COUNTBLANK(D50:D54)+COUNTBLANK(D56:D59) | E70: =COUNTBLANK(E3:E4)+COUNTBLANK(E6:E10)+COUNTBLANK(E12:E13)+COUNTBLANK(E18:E20)+COUNTBLANK(E22:E23)+COUNTBLANK(E27:E28)+COUNTBLANK(E34:E35)+COUNTBLANK(E39:E44)+COUNTBLANK(E46:E47)+COUNTBLANK(E50:E54)+COUNTBLANK(E56:E59) | F70: =COUNTBLANK(F3:F4)+COUNTBLANK(F6:F10)+COUNTBLANK(F12:F13)+COUNTBLANK(F18:F20)+COUNTBLANK(F22:F23)+COUNTBLANK(F27:F28)+COUNTBLANK(F34:F35)+COUNTBLANK(F39:F44)+COUNTBLANK(F46:F47)+COUNTBLANK(F50:F54)+COUNTBLANK(F56:F59) | G70: =SUM(C70:F70) | H70: ∑

Sheet MAY
B1: SHIPPING
A2: =VALUE(TEXT(EDATE(DATE(LEFT(APR!A2,4),RIGHT(APR!A2,2),1),1),"yyyymm")) | B2: MAY | C2: M&C Shipping | D2: Coreas Hazells (Shipping) | E2: Jonas Browne & Hubbard (Shipping) | F2: Goddards Shipping Barbados | G2: TOTAL | H2: Total by Division | I2: =N(I11)<>0
A3: =+A2 | B3: Permanent (Regular) Headcount | G3: =IF(COUNT(C3:F3)=0,"",SUM(C3:F3)) | H3: ∑
B4: Temporary (Fix Term) Headcount | G4: =IF(COUNT(C4:F4)=0,"",SUM(C4:F4)) | H4: ∑
B5: Employee Headcount (Productivity) | C5: =IF(COUNT(C3:C4)=0,"",SUM(C3:C4)) | D5: =IF(COUNT(D3:D4)=0,"",SUM(D3:D4)) | E5: =IF(COUNT(E3:E4)=0,"",SUM(E3:E4)) | F5: =IF(COUNT(F3:F4)=0,"",SUM(F3:F4)) | G5: =IF(COUNT(G3:G4)=0,"",SUM(G3:G4)) | H5: ϝ
B6: Headcount = 1.00 | G6: =IF(COUNT(C6:F6)=0,"",SUM(C6:F6)) | H6: ∑
B7: Headcount = 0.75 | G7: =IF(COUNT(C7:F7)=0,"",SUM(C7:F7)) | H7: ∑
B8: Headcount = 0.50 | G8: =IF(COUNT(C8:F8)=0,"",SUM(C8:F8)) | H8: ∑
B9: Headcount = 0.25 | G9: =IF(COUNT(C9:F9)=0,"",SUM(C9:F9)) | H9: ∑
B10: Standard Monthly Hours (FTE basis) | G10: =IFERROR(AVERAGE(C10:F10),"") | H10: Avg
B11: Employee FTE (Finance) | C11: =IF(COUNT(C6:C9)=0,"",N(C6)+N(C7)*0.75+N(C8)*0.5+N(C9)*0.25) | D11: =IF(COUNT(D6:D9)=0,"",N(D6)+N(D7)*0.75+N(D8)*0.5+N(D9)*0.25) | E11: =IF(COUNT(E6:E9)=0,"",N(E6)+N(E7)*0.75+N(E8)*0.5+N(E9)*0.25) | F11: =IF(COUNT(F6:F9)=0,"",N(F6)+N(F7)*0.75+N(F8)*0.5+N(F9)*0.25) | G11: =IF(COUNT(G6:G9)=0,"",N(G6)+N(G7)*0.75+N(G8)*0.5+N(G9)*0.25) | H11: FTE | I11: =IF(COUNT(G5:G9)=0,"",N(G6)+N(G7)+N(G8)+N(G9)-N(G5))
B12: Subcontracted Workforce HC | G12: =IF(COUNT(C12:F12)=0,"",SUM(C12:F12)) | H12: ∑
B13: Subcontracted Productive Hours | G13: =IF(COUNT(C13:F13)=0,"",SUM(C13:F13)) | H13: ∑
B14: Subcontracted FTE | C14: =IFERROR(C13/C10,"") | D14: =IFERROR(D13/D10,"") | E14: =IFERROR(E13/E10,"") | F14: =IFERROR(F13/F10,"") | G14: =IF(COUNT(C14:F14)=0,"",SUM(C14:F14)) | H14: FTE
B15: Total Operational Workforce | C15: =IF(COUNT(C5,C12)=0,"",SUM(C5,C12)) | D15: =IF(COUNT(D5,D12)=0,"",SUM(D5,D12)) | E15: =IF(COUNT(E5,E12)=0,"",SUM(E5,E12)) | F15: =IF(COUNT(F5,F12)=0,"",SUM(F5,F12)) | G15: =IF(COUNT(G5,G12)=0,"",SUM(G5,G12)) | H15: ϝ
B16: Total Operational FTE | C16: =IF(COUNT(C11,C14)=0,"",SUM(C11,C14)) | D16: =IF(COUNT(D11,D14)=0,"",SUM(D11,D14)) | E16: =IF(COUNT(E11,E14)=0,"",SUM(E11,E14)) | F16: =IF(COUNT(F11,F14)=0,"",SUM(F11,F14)) | G16: =IF(COUNT(G11,G14)=0,"",SUM(G11,G14)) | H16: FTE
B17: Subcontracted Share of Workforce (%) | C17: =IFERROR(C12/C15,"") | D17: =IFERROR(D12/D15,"") | E17: =IFERROR(E12/E15,"") | F17: =IFERROR(F12/F15,"") | G17: =IFERROR(G12/G15,"") | H17: ϝ
B18: FTE HR Team | G18: =IF(COUNT(C18:F18)=0,"",SUM(C18:F18)) | H18: ∑
B19: Permanent Hires | G19: =IF(COUNT(C19:F19)=0,"",SUM(C19:F19)) | H19: ∑
B20: Temporary Hires | G20: =IF(COUNT(C20:F20)=0,"",SUM(C20:F20)) | H20: ∑
B21: Total Hires | C21: =IF(COUNT(C19:C20)=0,"",SUM(C19:C20)) | D21: =IF(COUNT(D19:D20)=0,"",SUM(D19:D20)) | E21: =IF(COUNT(E19:E20)=0,"",SUM(E19:E20)) | F21: =IF(COUNT(F19:F20)=0,"",SUM(F19:F20)) | G21: =IF(COUNT(G19:G20)=0,"",SUM(G19:G20)) | H21: ϝ
B22: Permanent Exits | G22: =IF(COUNT(C22:F22)=0,"",SUM(C22:F22)) | H22: ∑
B23: Temporary Exits | G23: =IF(COUNT(C23:F23)=0,"",SUM(C23:F23)) | H23: ∑
B24: Total Exits | C24: =IF(COUNT(C22:C23)=0,"",SUM(C22:C23)) | D24: =IF(COUNT(D22:D23)=0,"",SUM(D22:D23)) | E24: =IF(COUNT(E22:E23)=0,"",SUM(E22:E23)) | F24: =IF(COUNT(F22:F23)=0,"",SUM(F22:F23)) | G24: =IF(COUNT(G22:G23)=0,"",SUM(G22:G23)) | H24: ϝ
B25: Permanent Turnover (%) | C25: =IF(COUNT(C31,C32)<2,"",IF((C32+C31)=0,"",N(C22)/((C32+C31)/2))) | D25: =IF(COUNT(D31,D32)<2,"",IF((D32+D31)=0,"",N(D22)/((D32+D31)/2))) | E25: =IF(COUNT(E31,E32)<2,"",IF((E32+E31)=0,"",N(E22)/((E32+E31)/2))) | F25: =IF(COUNT(F31,F32)<2,"",IF((F32+F31)=0,"",N(F22)/((F32+F31)/2))) | G25: =IF(COUNT(G31,G32)<2,"",IF((G32+G31)=0,"",N(G22)/((G32+G31)/2))) | H25: ϝ
B26: Temporary Turnover (%) | C26: =IF(COUNT(C31,C32)<2,"",IF((C32+C31)=0,"",N(C23)/((C32+C31)/2))) | D26: =IF(COUNT(D31,D32)<2,"",IF((D32+D31)=0,"",N(D23)/((D32+D31)/2))) | E26: =IF(COUNT(E31,E32)<2,"",IF((E32+E31)=0,"",N(E23)/((E32+E31)/2))) | F26: =IF(COUNT(F31,F32)<2,"",IF((F32+F31)=0,"",N(F23)/((F32+F31)/2))) | G26: =IF(COUNT(G31,G32)<2,"",IF((G32+G31)=0,"",N(G23)/((G32+G31)/2))) | H26: ϝ
B27: Voluntary Terminations | G27: =IF(COUNT(C27:F27)=0,"",SUM(C27:F27)) | H27: ∑
B28: Involuntary Terminations | G28: =IF(COUNT(C28:F28)=0,"",SUM(C28:F28)) | H28: ∑
B29: Voluntary Turnover (%) | C29: =IF(COUNT(C31,C32)<2,"",IF((C32+C31)=0,"",N(C27)/((C32+C31)/2))) | D29: =IF(COUNT(D31,D32)<2,"",IF((D32+D31)=0,"",N(D27)/((D32+D31)/2))) | E29: =IF(COUNT(E31,E32)<2,"",IF((E32+E31)=0,"",N(E27)/((E32+E31)/2))) | F29: =IF(COUNT(F31,F32)<2,"",IF((F32+F31)=0,"",N(F27)/((F32+F31)/2))) | G29: =IF(COUNT(G31,G32)<2,"",IF((G32+G31)=0,"",N(G27)/((G32+G31)/2))) | H29: ϝ
B30: Involuntary Turnover (%) | C30: =IF(COUNT(C31,C32)<2,"",IF((C32+C31)=0,"",N(C28)/((C32+C31)/2))) | D30: =IF(COUNT(D31,D32)<2,"",IF((D32+D31)=0,"",N(D28)/((D32+D31)/2))) | E30: =IF(COUNT(E31,E32)<2,"",IF((E32+E31)=0,"",N(E28)/((E32+E31)/2))) | F30: =IF(COUNT(F31,F32)<2,"",IF((F32+F31)=0,"",N(F28)/((F32+F31)/2))) | G30: =IF(COUNT(G31,G32)<2,"",IF((G32+G31)=0,"",N(G28)/((G32+G31)/2))) | H30: ϝ
B31: Headcount last Month | C31: =IF(APR!C5="","",APR!C5) | D31: =IF(APR!D5="","",APR!D5) | E31: =IF(APR!E5="","",APR!E5) | F31: =IF(APR!F5="","",APR!F5) | G31: =IF(COUNT(C31:F31)=0,"",SUM(C31:F31)) | H31: ∑
B32: Headcount this Month | C32: =IF(C5="","",C5) | D32: =IF(D5="","",D5) | E32: =IF(E5="","",E5) | F32: =IF(F5="","",F5) | G32: =IF(COUNT(C32:F32)=0,"",SUM(C32:F32)) | H32: ∑
B33: Full Turnover (%) | C33: =IF(COUNT(C31,C32)<2,"",IF((C32+C31)=0,"",N(C24)/((C32+C31)/2))) | D33: =IF(COUNT(D31,D32)<2,"",IF((D32+D31)=0,"",N(D24)/((D32+D31)/2))) | E33: =IF(COUNT(E31,E32)<2,"",IF((E32+E31)=0,"",N(E24)/((E32+E31)/2))) | F33: =IF(COUNT(F31,F32)<2,"",IF((F32+F31)=0,"",N(F24)/((F32+F31)/2))) | G33: =IF(COUNT(G31,G32)<2,"",IF((G32+G31)=0,"",N(G24)/((G32+G31)/2))) | H33: ϝ
B34: Permanent Vacancies | G34: =IF(COUNT(C34:F34)=0,"",SUM(C34:F34)) | H34: ∑
B35: Temporary Vacancies | G35: =IF(COUNT(C35:F35)=0,"",SUM(C35:F35)) | H35: ∑
B36: Total Vacancies | C36: =IF(COUNT(C34:C35)=0,"",SUM(C34:C35)) | D36: =IF(COUNT(D34:D35)=0,"",SUM(D34:D35)) | E36: =IF(COUNT(E34:E35)=0,"",SUM(E34:E35)) | F36: =IF(COUNT(F34:F35)=0,"",SUM(F34:F35)) | G36: =IF(COUNT(G34:G35)=0,"",SUM(G34:G35)) | H36: ϝ
B37: Authorized Positions | C37: =IF(COUNT(C5,C36)=0,"",N(C5)+N(C36)) | D37: =IF(COUNT(D5,D36)=0,"",N(D5)+N(D36)) | E37: =IF(COUNT(E5,E36)=0,"",N(E5)+N(E36)) | F37: =IF(COUNT(F5,F36)=0,"",N(F5)+N(F36)) | G37: =IF(COUNT(G5,G36)=0,"",N(G5)+N(G36)) | H37: ϝ
B38: Vacancy Rate (%) | C38: =IFERROR(C36/C37,"") | D38: =IFERROR(D36/D37,"") | E38: =IFERROR(E36/E37,"") | F38: =IFERROR(F36/F37,"") | G38: =IFERROR(G36/G37,"") | H38: ϝ
B39: Permanent TimeToHire (Days) YTD | C39: =IF('(M&C_Shipp)'!$AB$11="","",'(M&C_Shipp)'!$AB$11) | D39: =IF('(Coreas_Shipp)'!$AB$11="","",'(Coreas_Shipp)'!$AB$11) | E39: =IF('(JBH_Shipp)'!$AB$11="","",'(JBH_Shipp)'!$AB$11) | F39: =IF('(Shipping_BRB)'!$AB$11="","",'(Shipping_BRB)'!$AB$11) | G39: =IFERROR(AVERAGE(C39:F39),"") | H39: Avg
B40: Temporary TimeToHire (Days) YTD | C40: =IF('(M&C_Shipp)'!$AD$11="","",'(M&C_Shipp)'!$AD$11) | D40: =IF('(Coreas_Shipp)'!$AD$11="","",'(Coreas_Shipp)'!$AD$11) | E40: =IF('(JBH_Shipp)'!$AD$11="","",'(JBH_Shipp)'!$AD$11) | F40: =IF('(Shipping_BRB)'!$AD$11="","",'(Shipping_BRB)'!$AD$11) | G40: =IFERROR(AVERAGE(C40:F40),"") | H40: Avg
B41: Check-ins Rate Completed (%) | G41: =IFERROR(AVERAGE(C41:F41),"") | H41: Avg
B42: EE Objectives Completed (#) | G42: =IF(COUNT(C42:F42)=0,"",SUM(C42:F42)) | H42: ∑
B43: Non-certified Absent (Days Lost) | G43: =IF(COUNT(C43:F43)=0,"",SUM(C43:F43)) | H43: ∑
B44: Certified sick leave (Days Lost) | G44: =IF(COUNT(C44:F44)=0,"",SUM(C44:F44)) | H44: ∑
B45: Total Absences | C45: =IF(COUNT(C43:C44)=0,"",SUM(C43:C44)) | D45: =IF(COUNT(D43:D44)=0,"",SUM(D43:D44)) | E45: =IF(COUNT(E43:E44)=0,"",SUM(E43:E44)) | F45: =IF(COUNT(F43:F44)=0,"",SUM(F43:F44)) | G45: =IF(COUNT(G43:G44)=0,"",SUM(G43:G44)) | H45: ϝ
B46: Absent Rate Non-Certified (%) | C46: =IF('(M&C_Shipp)'!$G$11="","",'(M&C_Shipp)'!$G$11) | D46: =IF('(Coreas_Shipp)'!$G$11="","",'(Coreas_Shipp)'!$G$11) | E46: =IF('(JBH_Shipp)'!$G$11="","",'(JBH_Shipp)'!$G$11) | F46: =IF('(Shipping_BRB)'!$G$11="","",'(Shipping_BRB)'!$G$11) | G46: {=IF(COUNT(C46:F46)=0,"",IFERROR(SUMPRODUCT(IFERROR(C46:F46*((C3:F3)+(C4:F4)),0))/SUMPRODUCT(IFERROR(ISNUMBER(C46:F46)*((C3:F3)+(C4:F4)),0)),""))} | H46: Weighted
B47: Absent Rate Certified (%) | C47: =IF('(M&C_Shipp)'!$O$11="","",'(M&C_Shipp)'!$O$11) | D47: =IF('(Coreas_Shipp)'!$O$11="","",'(Coreas_Shipp)'!$O$11) | E47: =IF('(JBH_Shipp)'!$O$11="","",'(JBH_Shipp)'!$O$11) | F47: =IF('(Shipping_BRB)'!$O$11="","",'(Shipping_BRB)'!$O$11) | G47: {=IF(COUNT(C47:F47)=0,"",IFERROR(SUMPRODUCT(IFERROR(C47:F47*((C3:F3)+(C4:F4)),0))/SUMPRODUCT(IFERROR(ISNUMBER(C47:F47)*((C3:F3)+(C4:F4)),0)),""))} | H47: Weighted
B48: Absent Rate Total (%) | C48: =IF(COUNT(C46:C47)=0,"",SUM(C46:C47)) | D48: =IF(COUNT(D46:D47)=0,"",SUM(D46:D47)) | E48: =IF(COUNT(E46:E47)=0,"",SUM(E46:E47)) | F48: =IF(COUNT(F46:F47)=0,"",SUM(F46:F47)) | G48: =IF(COUNT(G46:G47)=0,"",SUM(G46:G47)) | H48: Weighted
B49: Weight factor | C49: =IFERROR(C5/$G5,"") | D49: =IFERROR(D5/$G5,"") | E49: =IFERROR(E5/$G5,"") | F49: =IFERROR(F5/$G5,"") | G49: =IF(COUNT(C49:F49)=0,"",SUM(C49:F49)) | H49: Weight Factor
B50: Leadership (Hours) | G50: =IF(COUNT(C50:F50)=0,"",SUM(C50:F50)) | H50: ∑
B51: Technical (Hours) | G51: =IF(COUNT(C51:F51)=0,"",SUM(C51:F51)) | H51: ∑
B52: Professional Develop. (Hours) | G52: =IF(COUNT(C52:F52)=0,"",SUM(C52:F52)) | H52: ∑
B53: HSSE (Hours) | G53: =IF(COUNT(C53:F53)=0,"",SUM(C53:F53)) | H53: ∑
B54: Workday (Hours) | G54: =IF(COUNT(C54:F54)=0,"",SUM(C54:F54)) | H54: ∑
B55: Total Training Hours | C55: =IF(COUNT(C50:C54)=0,"",SUM(C50:C54)) | D55: =IF(COUNT(D50:D54)=0,"",SUM(D50:D54)) | E55: =IF(COUNT(E50:E54)=0,"",SUM(E50:E54)) | F55: =IF(COUNT(F50:F54)=0,"",SUM(F50:F54)) | G55: =IF(COUNT(G50:G54)=0,"",SUM(G50:G54)) | H55: ϝ
B56: Total Trained (Staff) | G56: =IF(COUNT(C56:F56)=0,"",SUM(C56:F56)) | H56: ∑
B57: Training Programs (#) | G57: =IF(COUNT(C57:F57)=0,"",SUM(C57:F57)) | H57: ∑
B58: Training Cost (USD) | G58: =IF(COUNT(C58:F58)=0,"",SUM(C58:F58)) | H58: ∑
B59: Training Travel Cost (USD) | G59: =IF(COUNT(C59:F59)=0,"",SUM(C59:F59)) | H59: ∑
B60: Leadership Hours Trained (%) | C60: =IFERROR(C50/C$55,"") | D60: =IFERROR(D50/D$55,"") | E60: =IFERROR(E50/E$55,"") | F60: =IFERROR(F50/F$55,"") | G60: =IFERROR(G50/G$55,"") | H60: ϝ
B61: Technical Hours Trained (%) | C61: =IFERROR(C51/C$55,"") | D61: =IFERROR(D51/D$55,"") | E61: =IFERROR(E51/E$55,"") | F61: =IFERROR(F51/F$55,"") | G61: =IFERROR(G51/G$55,"") | H61: ϝ
B62: Profess. Dev. Hours Trained (%) | C62: =IFERROR(C52/C$55,"") | D62: =IFERROR(D52/D$55,"") | E62: =IFERROR(E52/E$55,"") | F62: =IFERROR(F52/F$55,"") | G62: =IFERROR(G52/G$55,"") | H62: ϝ
B63: HSSE Hours Trained (%) | C63: =IFERROR(C53/C$55,"") | D63: =IFERROR(D53/D$55,"") | E63: =IFERROR(E53/E$55,"") | F63: =IFERROR(F53/F$55,"") | G63: =IFERROR(G53/G$55,"") | H63: ϝ
B64: Workday Hours Trained (%) | C64: =IFERROR(C54/C$55,"") | D64: =IFERROR(D54/D$55,"") | E64: =IFERROR(E54/E$55,"") | F64: =IFERROR(F54/F$55,"") | G64: =IFERROR(G54/G$55,"") | H64: ϝ
B65: Staff Trained (%) | C65: =IFERROR(C56/C5,"") | D65: =IFERROR(D56/D5,"") | E65: =IFERROR(E56/E5,"") | F65: =IFERROR(F56/F5,"") | G65: =IFERROR(G56/G5,"") | H65: ϝ
B66: Training Hours / EE | C66: =IFERROR(C55/C5,"") | D66: =IFERROR(D55/D5,"") | E66: =IFERROR(E55/E5,"") | F66: =IFERROR(F55/F5,"") | G66: =IFERROR(G55/G5,"") | H66: ϝ
B67: Training Hours / EE Trained | C67: =IFERROR(C55/C56,"") | D67: =IFERROR(D55/D56,"") | E67: =IFERROR(E55/E56,"") | F67: =IFERROR(F55/F56,"") | G67: =IFERROR(G55/G56,"") | H67: ϝ
B68: Training Invest. / EE (USD) | C68: =IF(COUNT(C58:C59)=0,"",IFERROR((N(C58)+N(C59))/C5,"")) | D68: =IF(COUNT(D58:D59)=0,"",IFERROR((N(D58)+N(D59))/D5,"")) | E68: =IF(COUNT(E58:E59)=0,"",IFERROR((N(E58)+N(E59))/E5,"")) | F68: =IF(COUNT(F58:F59)=0,"",IFERROR((N(F58)+N(F59))/F5,"")) | G68: =IF(COUNT(G58:G59)=0,"",IFERROR((N(G58)+N(G59))/G5,"")) | H68: ϝ
B69: Training Invest. / EE Trained (USD) | C69: =IF(COUNT(C58:C59)=0,"",IFERROR((N(C58)+N(C59))/C56,"")) | D69: =IF(COUNT(D58:D59)=0,"",IFERROR((N(D58)+N(D59))/D56,"")) | E69: =IF(COUNT(E58:E59)=0,"",IFERROR((N(E58)+N(E59))/E56,"")) | F69: =IF(COUNT(F58:F59)=0,"",IFERROR((N(F58)+N(F59))/F56,"")) | G69: =IF(COUNT(G58:G59)=0,"",IFERROR((N(G58)+N(G59))/G56,"")) | H69: ϝ
B70: Input Cells Not Submitted | C70: =COUNTBLANK(C3:C4)+COUNTBLANK(C6:C10)+COUNTBLANK(C12:C13)+COUNTBLANK(C18:C20)+COUNTBLANK(C22:C23)+COUNTBLANK(C27:C28)+COUNTBLANK(C34:C35)+COUNTBLANK(C39:C44)+COUNTBLANK(C46:C47)+COUNTBLANK(C50:C54)+COUNTBLANK(C56:C59) | D70: =COUNTBLANK(D3:D4)+COUNTBLANK(D6:D10)+COUNTBLANK(D12:D13)+COUNTBLANK(D18:D20)+COUNTBLANK(D22:D23)+COUNTBLANK(D27:D28)+COUNTBLANK(D34:D35)+COUNTBLANK(D39:D44)+COUNTBLANK(D46:D47)+COUNTBLANK(D50:D54)+COUNTBLANK(D56:D59) | E70: =COUNTBLANK(E3:E4)+COUNTBLANK(E6:E10)+COUNTBLANK(E12:E13)+COUNTBLANK(E18:E20)+COUNTBLANK(E22:E23)+COUNTBLANK(E27:E28)+COUNTBLANK(E34:E35)+COUNTBLANK(E39:E44)+COUNTBLANK(E46:E47)+COUNTBLANK(E50:E54)+COUNTBLANK(E56:E59) | F70: =COUNTBLANK(F3:F4)+COUNTBLANK(F6:F10)+COUNTBLANK(F12:F13)+COUNTBLANK(F18:F20)+COUNTBLANK(F22:F23)+COUNTBLANK(F27:F28)+COUNTBLANK(F34:F35)+COUNTBLANK(F39:F44)+COUNTBLANK(F46:F47)+COUNTBLANK(F50:F54)+COUNTBLANK(F56:F59) | G70: =SUM(C70:F70) | H70: ∑

Sheet JUN
B1: SHIPPING
A2: =VALUE(TEXT(EDATE(DATE(LEFT(MAY!A2,4),RIGHT(MAY!A2,2),1),1),"yyyymm")) | B2: JUN | C2: M&C Shipping | D2: Coreas Hazells (Shipping) | E2: Jonas Browne & Hubbard (Shipping) | F2: Goddards Shipping Barbados | G2: TOTAL | H2: Total by Division | I2: =N(I11)<>0
A3: =+A2 | B3: Permanent (Regular) Headcount | G3: =IF(COUNT(C3:F3)=0,"",SUM(C3:F3)) | H3: ∑
B4: Temporary (Fix Term) Headcount | G4: =IF(COUNT(C4:F4)=0,"",SUM(C4:F4)) | H4: ∑
B5: Employee Headcount (Productivity) | C5: =IF(COUNT(C3:C4)=0,"",SUM(C3:C4)) | D5: =IF(COUNT(D3:D4)=0,"",SUM(D3:D4)) | E5: =IF(COUNT(E3:E4)=0,"",SUM(E3:E4)) | F5: =IF(COUNT(F3:F4)=0,"",SUM(F3:F4)) | G5: =IF(COUNT(G3:G4)=0,"",SUM(G3:G4)) | H5: ϝ
B6: Headcount = 1.00 | G6: =IF(COUNT(C6:F6)=0,"",SUM(C6:F6)) | H6: ∑
B7: Headcount = 0.75 | G7: =IF(COUNT(C7:F7)=0,"",SUM(C7:F7)) | H7: ∑
B8: Headcount = 0.50 | G8: =IF(COUNT(C8:F8)=0,"",SUM(C8:F8)) | H8: ∑
B9: Headcount = 0.25 | G9: =IF(COUNT(C9:F9)=0,"",SUM(C9:F9)) | H9: ∑
B10: Standard Monthly Hours (FTE basis) | G10: =IFERROR(AVERAGE(C10:F10),"") | H10: Avg
B11: Employee FTE (Finance) | C11: =IF(COUNT(C6:C9)=0,"",N(C6)+N(C7)*0.75+N(C8)*0.5+N(C9)*0.25) | D11: =IF(COUNT(D6:D9)=0,"",N(D6)+N(D7)*0.75+N(D8)*0.5+N(D9)*0.25) | E11: =IF(COUNT(E6:E9)=0,"",N(E6)+N(E7)*0.75+N(E8)*0.5+N(E9)*0.25) | F11: =IF(COUNT(F6:F9)=0,"",N(F6)+N(F7)*0.75+N(F8)*0.5+N(F9)*0.25) | G11: =IF(COUNT(G6:G9)=0,"",N(G6)+N(G7)*0.75+N(G8)*0.5+N(G9)*0.25) | H11: FTE | I11: =IF(COUNT(G5:G9)=0,"",N(G6)+N(G7)+N(G8)+N(G9)-N(G5))
B12: Subcontracted Workforce HC | G12: =IF(COUNT(C12:F12)=0,"",SUM(C12:F12)) | H12: ∑
B13: Subcontracted Productive Hours | G13: =IF(COUNT(C13:F13)=0,"",SUM(C13:F13)) | H13: ∑
B14: Subcontracted FTE | C14: =IFERROR(C13/C10,"") | D14: =IFERROR(D13/D10,"") | E14: =IFERROR(E13/E10,"") | F14: =IFERROR(F13/F10,"") | G14: =IF(COUNT(C14:F14)=0,"",SUM(C14:F14)) | H14: FTE
B15: Total Operational Workforce | C15: =IF(COUNT(C5,C12)=0,"",SUM(C5,C12)) | D15: =IF(COUNT(D5,D12)=0,"",SUM(D5,D12)) | E15: =IF(COUNT(E5,E12)=0,"",SUM(E5,E12)) | F15: =IF(COUNT(F5,F12)=0,"",SUM(F5,F12)) | G15: =IF(COUNT(G5,G12)=0,"",SUM(G5,G12)) | H15: ϝ
B16: Total Operational FTE | C16: =IF(COUNT(C11,C14)=0,"",SUM(C11,C14)) | D16: =IF(COUNT(D11,D14)=0,"",SUM(D11,D14)) | E16: =IF(COUNT(E11,E14)=0,"",SUM(E11,E14)) | F16: =IF(COUNT(F11,F14)=0,"",SUM(F11,F14)) | G16: =IF(COUNT(G11,G14)=0,"",SUM(G11,G14)) | H16: FTE
B17: Subcontracted Share of Workforce (%) | C17: =IFERROR(C12/C15,"") | D17: =IFERROR(D12/D15,"") | E17: =IFERROR(E12/E15,"") | F17: =IFERROR(F12/F15,"") | G17: =IFERROR(G12/G15,"") | H17: ϝ
B18: FTE HR Team | G18: =IF(COUNT(C18:F18)=0,"",SUM(C18:F18)) | H18: ∑
B19: Permanent Hires | G19: =IF(COUNT(C19:F19)=0,"",SUM(C19:F19)) | H19: ∑
B20: Temporary Hires | G20: =IF(COUNT(C20:F20)=0,"",SUM(C20:F20)) | H20: ∑
B21: Total Hires | C21: =IF(COUNT(C19:C20)=0,"",SUM(C19:C20)) | D21: =IF(COUNT(D19:D20)=0,"",SUM(D19:D20)) | E21: =IF(COUNT(E19:E20)=0,"",SUM(E19:E20)) | F21: =IF(COUNT(F19:F20)=0,"",SUM(F19:F20)) | G21: =IF(COUNT(G19:G20)=0,"",SUM(G19:G20)) | H21: ϝ
B22: Permanent Exits | G22: =IF(COUNT(C22:F22)=0,"",SUM(C22:F22)) | H22: ∑
B23: Temporary Exits | G23: =IF(COUNT(C23:F23)=0,"",SUM(C23:F23)) | H23: ∑
B24: Total Exits | C24: =IF(COUNT(C22:C23)=0,"",SUM(C22:C23)) | D24: =IF(COUNT(D22:D23)=0,"",SUM(D22:D23)) | E24: =IF(COUNT(E22:E23)=0,"",SUM(E22:E23)) | F24: =IF(COUNT(F22:F23)=0,"",SUM(F22:F23)) | G24: =IF(COUNT(G22:G23)=0,"",SUM(G22:G23)) | H24: ϝ
B25: Permanent Turnover (%) | C25: =IF(COUNT(C31,C32)<2,"",IF((C32+C31)=0,"",N(C22)/((C32+C31)/2))) | D25: =IF(COUNT(D31,D32)<2,"",IF((D32+D31)=0,"",N(D22)/((D32+D31)/2))) | E25: =IF(COUNT(E31,E32)<2,"",IF((E32+E31)=0,"",N(E22)/((E32+E31)/2))) | F25: =IF(COUNT(F31,F32)<2,"",IF((F32+F31)=0,"",N(F22)/((F32+F31)/2))) | G25: =IF(COUNT(G31,G32)<2,"",IF((G32+G31)=0,"",N(G22)/((G32+G31)/2))) | H25: ϝ
B26: Temporary Turnover (%) | C26: =IF(COUNT(C31,C32)<2,"",IF((C32+C31)=0,"",N(C23)/((C32+C31)/2))) | D26: =IF(COUNT(D31,D32)<2,"",IF((D32+D31)=0,"",N(D23)/((D32+D31)/2))) | E26: =IF(COUNT(E31,E32)<2,"",IF((E32+E31)=0,"",N(E23)/((E32+E31)/2))) | F26: =IF(COUNT(F31,F32)<2,"",IF((F32+F31)=0,"",N(F23)/((F32+F31)/2))) | G26: =IF(COUNT(G31,G32)<2,"",IF((G32+G31)=0,"",N(G23)/((G32+G31)/2))) | H26: ϝ
B27: Voluntary Terminations | G27: =IF(COUNT(C27:F27)=0,"",SUM(C27:F27)) | H27: ∑
B28: Involuntary Terminations | G28: =IF(COUNT(C28:F28)=0,"",SUM(C28:F28)) | H28: ∑
B29: Voluntary Turnover (%) | C29: =IF(COUNT(C31,C32)<2,"",IF((C32+C31)=0,"",N(C27)/((C32+C31)/2))) | D29: =IF(COUNT(D31,D32)<2,"",IF((D32+D31)=0,"",N(D27)/((D32+D31)/2))) | E29: =IF(COUNT(E31,E32)<2,"",IF((E32+E31)=0,"",N(E27)/((E32+E31)/2))) | F29: =IF(COUNT(F31,F32)<2,"",IF((F32+F31)=0,"",N(F27)/((F32+F31)/2))) | G29: =IF(COUNT(G31,G32)<2,"",IF((G32+G31)=0,"",N(G27)/((G32+G31)/2))) | H29: ϝ
B30: Involuntary Turnover (%) | C30: =IF(COUNT(C31,C32)<2,"",IF((C32+C31)=0,"",N(C28)/((C32+C31)/2))) | D30: =IF(COUNT(D31,D32)<2,"",IF((D32+D31)=0,"",N(D28)/((D32+D31)/2))) | E30: =IF(COUNT(E31,E32)<2,"",IF((E32+E31)=0,"",N(E28)/((E32+E31)/2))) | F30: =IF(COUNT(F31,F32)<2,"",IF((F32+F31)=0,"",N(F28)/((F32+F31)/2))) | G30: =IF(COUNT(G31,G32)<2,"",IF((G32+G31)=0,"",N(G28)/((G32+G31)/2))) | H30: ϝ
B31: Headcount last Month | C31: =IF(MAY!C5="","",MAY!C5) | D31: =IF(MAY!D5="","",MAY!D5) | E31: =IF(MAY!E5="","",MAY!E5) | F31: =IF(MAY!F5="","",MAY!F5) | G31: =IF(COUNT(C31:F31)=0,"",SUM(C31:F31)) | H31: ∑
B32: Headcount this Month | C32: =IF(C5="","",C5) | D32: =IF(D5="","",D5) | E32: =IF(E5="","",E5) | F32: =IF(F5="","",F5) | G32: =IF(COUNT(C32:F32)=0,"",SUM(C32:F32)) | H32: ∑
B33: Full Turnover (%) | C33: =IF(COUNT(C31,C32)<2,"",IF((C32+C31)=0,"",N(C24)/((C32+C31)/2))) | D33: =IF(COUNT(D31,D32)<2,"",IF((D32+D31)=0,"",N(D24)/((D32+D31)/2))) | E33: =IF(COUNT(E31,E32)<2,"",IF((E32+E31)=0,"",N(E24)/((E32+E31)/2))) | F33: =IF(COUNT(F31,F32)<2,"",IF((F32+F31)=0,"",N(F24)/((F32+F31)/2))) | G33: =IF(COUNT(G31,G32)<2,"",IF((G32+G31)=0,"",N(G24)/((G32+G31)/2))) | H33: ϝ
B34: Permanent Vacancies | G34: =IF(COUNT(C34:F34)=0,"",SUM(C34:F34)) | H34: ∑
B35: Temporary Vacancies | G35: =IF(COUNT(C35:F35)=0,"",SUM(C35:F35)) | H35: ∑
B36: Total Vacancies | C36: =IF(COUNT(C34:C35)=0,"",SUM(C34:C35)) | D36: =IF(COUNT(D34:D35)=0,"",SUM(D34:D35)) | E36: =IF(COUNT(E34:E35)=0,"",SUM(E34:E35)) | F36: =IF(COUNT(F34:F35)=0,"",SUM(F34:F35)) | G36: =IF(COUNT(G34:G35)=0,"",SUM(G34:G35)) | H36: ϝ
B37: Authorized Positions | C37: =IF(COUNT(C5,C36)=0,"",N(C5)+N(C36)) | D37: =IF(COUNT(D5,D36)=0,"",N(D5)+N(D36)) | E37: =IF(COUNT(E5,E36)=0,"",N(E5)+N(E36)) | F37: =IF(COUNT(F5,F36)=0,"",N(F5)+N(F36)) | G37: =IF(COUNT(G5,G36)=0,"",N(G5)+N(G36)) | H37: ϝ
B38: Vacancy Rate (%) | C38: =IFERROR(C36/C37,"") | D38: =IFERROR(D36/D37,"") | E38: =IFERROR(E36/E37,"") | F38: =IFERROR(F36/F37,"") | G38: =IFERROR(G36/G37,"") | H38: ϝ
B39: Permanent TimeToHire (Days) YTD | C39: =IF('(M&C_Shipp)'!$AB$12="","",'(M&C_Shipp)'!$AB$12) | D39: =IF('(Coreas_Shipp)'!$AB$12="","",'(Coreas_Shipp)'!$AB$12) | E39: =IF('(JBH_Shipp)'!$AB$12="","",'(JBH_Shipp)'!$AB$12) | F39: =IF('(Shipping_BRB)'!$AB$12="","",'(Shipping_BRB)'!$AB$12) | G39: =IFERROR(AVERAGE(C39:F39),"") | H39: Avg
B40: Temporary TimeToHire (Days) YTD | C40: =IF('(M&C_Shipp)'!$AD$12="","",'(M&C_Shipp)'!$AD$12) | D40: =IF('(Coreas_Shipp)'!$AD$12="","",'(Coreas_Shipp)'!$AD$12) | E40: =IF('(JBH_Shipp)'!$AD$12="","",'(JBH_Shipp)'!$AD$12) | F40: =IF('(Shipping_BRB)'!$AD$12="","",'(Shipping_BRB)'!$AD$12) | G40: =IFERROR(AVERAGE(C40:F40),"") | H40: Avg
B41: Check-ins Rate Completed (%) | G41: =IFERROR(AVERAGE(C41:F41),"") | H41: Avg
B42: EE Objectives Completed (#) | G42: =IF(COUNT(C42:F42)=0,"",SUM(C42:F42)) | H42: ∑
B43: Non-certified Absent (Days Lost) | G43: =IF(COUNT(C43:F43)=0,"",SUM(C43:F43)) | H43: ∑
B44: Certified sick leave (Days Lost) | G44: =IF(COUNT(C44:F44)=0,"",SUM(C44:F44)) | H44: ∑
B45: Total Absences | C45: =IF(COUNT(C43:C44)=0,"",SUM(C43:C44)) | D45: =IF(COUNT(D43:D44)=0,"",SUM(D43:D44)) | E45: =IF(COUNT(E43:E44)=0,"",SUM(E43:E44)) | F45: =IF(COUNT(F43:F44)=0,"",SUM(F43:F44)) | G45: =IF(COUNT(G43:G44)=0,"",SUM(G43:G44)) | H45: ϝ
B46: Absent Rate Non-Certified (%) | C46: =IF('(M&C_Shipp)'!$G$12="","",'(M&C_Shipp)'!$G$12) | D46: =IF('(Coreas_Shipp)'!$G$12="","",'(Coreas_Shipp)'!$G$12) | E46: =IF('(JBH_Shipp)'!$G$12="","",'(JBH_Shipp)'!$G$12) | F46: =IF('(Shipping_BRB)'!$G$12="","",'(Shipping_BRB)'!$G$12) | G46: {=IF(COUNT(C46:F46)=0,"",IFERROR(SUMPRODUCT(IFERROR(C46:F46*((C3:F3)+(C4:F4)),0))/SUMPRODUCT(IFERROR(ISNUMBER(C46:F46)*((C3:F3)+(C4:F4)),0)),""))} | H46: Weighted
B47: Absent Rate Certified (%) | C47: =IF('(M&C_Shipp)'!$O$12="","",'(M&C_Shipp)'!$O$12) | D47: =IF('(Coreas_Shipp)'!$O$12="","",'(Coreas_Shipp)'!$O$12) | E47: =IF('(JBH_Shipp)'!$O$12="","",'(JBH_Shipp)'!$O$12) | F47: =IF('(Shipping_BRB)'!$O$12="","",'(Shipping_BRB)'!$O$12) | G47: {=IF(COUNT(C47:F47)=0,"",IFERROR(SUMPRODUCT(IFERROR(C47:F47*((C3:F3)+(C4:F4)),0))/SUMPRODUCT(IFERROR(ISNUMBER(C47:F47)*((C3:F3)+(C4:F4)),0)),""))} | H47: Weighted
B48: Absent Rate Total (%) | C48: =IF(COUNT(C46:C47)=0,"",SUM(C46:C47)) | D48: =IF(COUNT(D46:D47)=0,"",SUM(D46:D47)) | E48: =IF(COUNT(E46:E47)=0,"",SUM(E46:E47)) | F48: =IF(COUNT(F46:F47)=0,"",SUM(F46:F47)) | G48: =IF(COUNT(G46:G47)=0,"",SUM(G46:G47)) | H48: Weighted
B49: Weight factor | C49: =IFERROR(C5/$G5,"") | D49: =IFERROR(D5/$G5,"") | E49: =IFERROR(E5/$G5,"") | F49: =IFERROR(F5/$G5,"") | G49: =IF(COUNT(C49:F49)=0,"",SUM(C49:F49)) | H49: Weight Factor
B50: Leadership (Hours) | G50: =IF(COUNT(C50:F50)=0,"",SUM(C50:F50)) | H50: ∑
B51: Technical (Hours) | G51: =IF(COUNT(C51:F51)=0,"",SUM(C51:F51)) | H51: ∑
B52: Professional Develop. (Hours) | G52: =IF(COUNT(C52:F52)=0,"",SUM(C52:F52)) | H52: ∑
B53: HSSE (Hours) | G53: =IF(COUNT(C53:F53)=0,"",SUM(C53:F53)) | H53: ∑
B54: Workday (Hours) | G54: =IF(COUNT(C54:F54)=0,"",SUM(C54:F54)) | H54: ∑
B55: Total Training Hours | C55: =IF(COUNT(C50:C54)=0,"",SUM(C50:C54)) | D55: =IF(COUNT(D50:D54)=0,"",SUM(D50:D54)) | E55: =IF(COUNT(E50:E54)=0,"",SUM(E50:E54)) | F55: =IF(COUNT(F50:F54)=0,"",SUM(F50:F54)) | G55: =IF(COUNT(G50:G54)=0,"",SUM(G50:G54)) | H55: ϝ
B56: Total Trained (Staff) | G56: =IF(COUNT(C56:F56)=0,"",SUM(C56:F56)) | H56: ∑
B57: Training Programs (#) | G57: =IF(COUNT(C57:F57)=0,"",SUM(C57:F57)) | H57: ∑
B58: Training Cost (USD) | G58: =IF(COUNT(C58:F58)=0,"",SUM(C58:F58)) | H58: ∑
B59: Training Travel Cost (USD) | G59: =IF(COUNT(C59:F59)=0,"",SUM(C59:F59)) | H59: ∑
B60: Leadership Hours Trained (%) | C60: =IFERROR(C50/C$55,"") | D60: =IFERROR(D50/D$55,"") | E60: =IFERROR(E50/E$55,"") | F60: =IFERROR(F50/F$55,"") | G60: =IFERROR(G50/G$55,"") | H60: ϝ
B61: Technical Hours Trained (%) | C61: =IFERROR(C51/C$55,"") | D61: =IFERROR(D51/D$55,"") | E61: =IFERROR(E51/E$55,"") | F61: =IFERROR(F51/F$55,"") | G61: =IFERROR(G51/G$55,"") | H61: ϝ
B62: Profess. Dev. Hours Trained (%) | C62: =IFERROR(C52/C$55,"") | D62: =IFERROR(D52/D$55,"") | E62: =IFERROR(E52/E$55,"") | F62: =IFERROR(F52/F$55,"") | G62: =IFERROR(G52/G$55,"") | H62: ϝ
B63: HSSE Hours Trained (%) | C63: =IFERROR(C53/C$55,"") | D63: =IFERROR(D53/D$55,"") | E63: =IFERROR(E53/E$55,"") | F63: =IFERROR(F53/F$55,"") | G63: =IFERROR(G53/G$55,"") | H63: ϝ
B64: Workday Hours Trained (%) | C64: =IFERROR(C54/C$55,"") | D64: =IFERROR(D54/D$55,"") | E64: =IFERROR(E54/E$55,"") | F64: =IFERROR(F54/F$55,"") | G64: =IFERROR(G54/G$55,"") | H64: ϝ
B65: Staff Trained (%) | C65: =IFERROR(C56/C5,"") | D65: =IFERROR(D56/D5,"") | E65: =IFERROR(E56/E5,"") | F65: =IFERROR(F56/F5,"") | G65: =IFERROR(G56/G5,"") | H65: ϝ
B66: Training Hours / EE | C66: =IFERROR(C55/C5,"") | D66: =IFERROR(D55/D5,"") | E66: =IFERROR(E55/E5,"") | F66: =IFERROR(F55/F5,"") | G66: =IFERROR(G55/G5,"") | H66: ϝ
B67: Training Hours / EE Trained | C67: =IFERROR(C55/C56,"") | D67: =IFERROR(D55/D56,"") | E67: =IFERROR(E55/E56,"") | F67: =IFERROR(F55/F56,"") | G67: =IFERROR(G55/G56,"") | H67: ϝ
B68: Training Invest. / EE (USD) | C68: =IF(COUNT(C58:C59)=0,"",IFERROR((N(C58)+N(C59))/C5,"")) | D68: =IF(COUNT(D58:D59)=0,"",IFERROR((N(D58)+N(D59))/D5,"")) | E68: =IF(COUNT(E58:E59)=0,"",IFERROR((N(E58)+N(E59))/E5,"")) | F68: =IF(COUNT(F58:F59)=0,"",IFERROR((N(F58)+N(F59))/F5,"")) | G68: =IF(COUNT(G58:G59)=0,"",IFERROR((N(G58)+N(G59))/G5,"")) | H68: ϝ
B69: Training Invest. / EE Trained (USD) | C69: =IF(COUNT(C58:C59)=0,"",IFERROR((N(C58)+N(C59))/C56,"")) | D69: =IF(COUNT(D58:D59)=0,"",IFERROR((N(D58)+N(D59))/D56,"")) | E69: =IF(COUNT(E58:E59)=0,"",IFERROR((N(E58)+N(E59))/E56,"")) | F69: =IF(COUNT(F58:F59)=0,"",IFERROR((N(F58)+N(F59))/F56,"")) | G69: =IF(COUNT(G58:G59)=0,"",IFERROR((N(G58)+N(G59))/G56,"")) | H69: ϝ
B70: Input Cells Not Submitted | C70: =COUNTBLANK(C3:C4)+COUNTBLANK(C6:C10)+COUNTBLANK(C12:C13)+COUNTBLANK(C18:C20)+COUNTBLANK(C22:C23)+COUNTBLANK(C27:C28)+COUNTBLANK(C34:C35)+COUNTBLANK(C39:C44)+COUNTBLANK(C46:C47)+COUNTBLANK(C50:C54)+COUNTBLANK(C56:C59) | D70: =COUNTBLANK(D3:D4)+COUNTBLANK(D6:D10)+COUNTBLANK(D12:D13)+COUNTBLANK(D18:D20)+COUNTBLANK(D22:D23)+COUNTBLANK(D27:D28)+COUNTBLANK(D34:D35)+COUNTBLANK(D39:D44)+COUNTBLANK(D46:D47)+COUNTBLANK(D50:D54)+COUNTBLANK(D56:D59) | E70: =COUNTBLANK(E3:E4)+COUNTBLANK(E6:E10)+COUNTBLANK(E12:E13)+COUNTBLANK(E18:E20)+COUNTBLANK(E22:E23)+COUNTBLANK(E27:E28)+COUNTBLANK(E34:E35)+COUNTBLANK(E39:E44)+COUNTBLANK(E46:E47)+COUNTBLANK(E50:E54)+COUNTBLANK(E56:E59) | F70: =COUNTBLANK(F3:F4)+COUNTBLANK(F6:F10)+COUNTBLANK(F12:F13)+COUNTBLANK(F18:F20)+COUNTBLANK(F22:F23)+COUNTBLANK(F27:F28)+COUNTBLANK(F34:F35)+COUNTBLANK(F39:F44)+COUNTBLANK(F46:F47)+COUNTBLANK(F50:F54)+COUNTBLANK(F56:F59) | G70: =SUM(C70:F70) | H70: ∑

Sheet JUL
B1: SHIPPING
A2: =VALUE(TEXT(EDATE(DATE(LEFT(JUN!A2,4),RIGHT(JUN!A2,2),1),1),"yyyymm")) | B2: JUL | C2: M&C Shipping | D2: Coreas Hazells (Shipping) | E2: Jonas Browne & Hubbard (Shipping) | F2: Goddards Shipping Barbados | G2: TOTAL | H2: Total by Division | I2: =N(I11)<>0
A3: =+A2 | B3: Permanent (Regular) Headcount | G3: =IF(COUNT(C3:F3)=0,"",SUM(C3:F3)) | H3: ∑
B4: Temporary (Fix Term) Headcount | G4: =IF(COUNT(C4:F4)=0,"",SUM(C4:F4)) | H4: ∑
B5: Employee Headcount (Productivity) | C5: =IF(COUNT(C3:C4)=0,"",SUM(C3:C4)) | D5: =IF(COUNT(D3:D4)=0,"",SUM(D3:D4)) | E5: =IF(COUNT(E3:E4)=0,"",SUM(E3:E4)) | F5: =IF(COUNT(F3:F4)=0,"",SUM(F3:F4)) | G5: =IF(COUNT(G3:G4)=0,"",SUM(G3:G4)) | H5: ϝ
B6: Headcount = 1.00 | G6: =IF(COUNT(C6:F6)=0,"",SUM(C6:F6)) | H6: ∑
B7: Headcount = 0.75 | G7: =IF(COUNT(C7:F7)=0,"",SUM(C7:F7)) | H7: ∑
B8: Headcount = 0.50 | G8: =IF(COUNT(C8:F8)=0,"",SUM(C8:F8)) | H8: ∑
B9: Headcount = 0.25 | G9: =IF(COUNT(C9:F9)=0,"",SUM(C9:F9)) | H9: ∑
B10: Standard Monthly Hours (FTE basis) | G10: =IFERROR(AVERAGE(C10:F10),"") | H10: Avg
B11: Employee FTE (Finance) | C11: =IF(COUNT(C6:C9)=0,"",N(C6)+N(C7)*0.75+N(C8)*0.5+N(C9)*0.25) | D11: =IF(COUNT(D6:D9)=0,"",N(D6)+N(D7)*0.75+N(D8)*0.5+N(D9)*0.25) | E11: =IF(COUNT(E6:E9)=0,"",N(E6)+N(E7)*0.75+N(E8)*0.5+N(E9)*0.25) | F11: =IF(COUNT(F6:F9)=0,"",N(F6)+N(F7)*0.75+N(F8)*0.5+N(F9)*0.25) | G11: =IF(COUNT(G6:G9)=0,"",N(G6)+N(G7)*0.75+N(G8)*0.5+N(G9)*0.25) | H11: FTE | I11: =IF(COUNT(G5:G9)=0,"",N(G6)+N(G7)+N(G8)+N(G9)-N(G5))
B12: Subcontracted Workforce HC | G12: =IF(COUNT(C12:F12)=0,"",SUM(C12:F12)) | H12: ∑
B13: Subcontracted Productive Hours | G13: =IF(COUNT(C13:F13)=0,"",SUM(C13:F13)) | H13: ∑
B14: Subcontracted FTE | C14: =IFERROR(C13/C10,"") | D14: =IFERROR(D13/D10,"") | E14: =IFERROR(E13/E10,"") | F14: =IFERROR(F13/F10,"") | G14: =IF(COUNT(C14:F14)=0,"",SUM(C14:F14)) | H14: FTE
B15: Total Operational Workforce | C15: =IF(COUNT(C5,C12)=0,"",SUM(C5,C12)) | D15: =IF(COUNT(D5,D12)=0,"",SUM(D5,D12)) | E15: =IF(COUNT(E5,E12)=0,"",SUM(E5,E12)) | F15: =IF(COUNT(F5,F12)=0,"",SUM(F5,F12)) | G15: =IF(COUNT(G5,G12)=0,"",SUM(G5,G12)) | H15: ϝ
B16: Total Operational FTE | C16: =IF(COUNT(C11,C14)=0,"",SUM(C11,C14)) | D16: =IF(COUNT(D11,D14)=0,"",SUM(D11,D14)) | E16: =IF(COUNT(E11,E14)=0,"",SUM(E11,E14)) | F16: =IF(COUNT(F11,F14)=0,"",SUM(F11,F14)) | G16: =IF(COUNT(G11,G14)=0,"",SUM(G11,G14)) | H16: FTE
B17: Subcontracted Share of Workforce (%) | C17: =IFERROR(C12/C15,"") | D17: =IFERROR(D12/D15,"") | E17: =IFERROR(E12/E15,"") | F17: =IFERROR(F12/F15,"") | G17: =IFERROR(G12/G15,"") | H17: ϝ
B18: FTE HR Team | G18: =IF(COUNT(C18:F18)=0,"",SUM(C18:F18)) | H18: ∑
B19: Permanent Hires | G19: =IF(COUNT(C19:F19)=0,"",SUM(C19:F19)) | H19: ∑
B20: Temporary Hires | G20: =IF(COUNT(C20:F20)=0,"",SUM(C20:F20)) | H20: ∑
B21: Total Hires | C21: =IF(COUNT(C19:C20)=0,"",SUM(C19:C20)) | D21: =IF(COUNT(D19:D20)=0,"",SUM(D19:D20)) | E21: =IF(COUNT(E19:E20)=0,"",SUM(E19:E20)) | F21: =IF(COUNT(F19:F20)=0,"",SUM(F19:F20)) | G21: =IF(COUNT(G19:G20)=0,"",SUM(G19:G20)) | H21: ϝ
B22: Permanent Exits | G22: =IF(COUNT(C22:F22)=0,"",SUM(C22:F22)) | H22: ∑
B23: Temporary Exits | G23: =IF(COUNT(C23:F23)=0,"",SUM(C23:F23)) | H23: ∑
B24: Total Exits | C24: =IF(COUNT(C22:C23)=0,"",SUM(C22:C23)) | D24: =IF(COUNT(D22:D23)=0,"",SUM(D22:D23)) | E24: =IF(COUNT(E22:E23)=0,"",SUM(E22:E23)) | F24: =IF(COUNT(F22:F23)=0,"",SUM(F22:F23)) | G24: =IF(COUNT(G22:G23)=0,"",SUM(G22:G23)) | H24: ϝ
B25: Permanent Turnover (%) | C25: =IF(COUNT(C31,C32)<2,"",IF((C32+C31)=0,"",N(C22)/((C32+C31)/2))) | D25: =IF(COUNT(D31,D32)<2,"",IF((D32+D31)=0,"",N(D22)/((D32+D31)/2))) | E25: =IF(COUNT(E31,E32)<2,"",IF((E32+E31)=0,"",N(E22)/((E32+E31)/2))) | F25: =IF(COUNT(F31,F32)<2,"",IF((F32+F31)=0,"",N(F22)/((F32+F31)/2))) | G25: =IF(COUNT(G31,G32)<2,"",IF((G32+G31)=0,"",N(G22)/((G32+G31)/2))) | H25: ϝ
B26: Temporary Turnover (%) | C26: =IF(COUNT(C31,C32)<2,"",IF((C32+C31)=0,"",N(C23)/((C32+C31)/2))) | D26: =IF(COUNT(D31,D32)<2,"",IF((D32+D31)=0,"",N(D23)/((D32+D31)/2))) | E26: =IF(COUNT(E31,E32)<2,"",IF((E32+E31)=0,"",N(E23)/((E32+E31)/2))) | F26: =IF(COUNT(F31,F32)<2,"",IF((F32+F31)=0,"",N(F23)/((F32+F31)/2))) | G26: =IF(COUNT(G31,G32)<2,"",IF((G32+G31)=0,"",N(G23)/((G32+G31)/2))) | H26: ϝ
B27: Voluntary Terminations | G27: =IF(COUNT(C27:F27)=0,"",SUM(C27:F27)) | H27: ∑
B28: Involuntary Terminations | G28: =IF(COUNT(C28:F28)=0,"",SUM(C28:F28)) | H28: ∑
B29: Voluntary Turnover (%) | C29: =IF(COUNT(C31,C32)<2,"",IF((C32+C31)=0,"",N(C27)/((C32+C31)/2))) | D29: =IF(COUNT(D31,D32)<2,"",IF((D32+D31)=0,"",N(D27)/((D32+D31)/2))) | E29: =IF(COUNT(E31,E32)<2,"",IF((E32+E31)=0,"",N(E27)/((E32+E31)/2))) | F29: =IF(COUNT(F31,F32)<2,"",IF((F32+F31)=0,"",N(F27)/((F32+F31)/2))) | G29: =IF(COUNT(G31,G32)<2,"",IF((G32+G31)=0,"",N(G27)/((G32+G31)/2))) | H29: ϝ
B30: Involuntary Turnover (%) | C30: =IF(COUNT(C31,C32)<2,"",IF((C32+C31)=0,"",N(C28)/((C32+C31)/2))) | D30: =IF(COUNT(D31,D32)<2,"",IF((D32+D31)=0,"",N(D28)/((D32+D31)/2))) | E30: =IF(COUNT(E31,E32)<2,"",IF((E32+E31)=0,"",N(E28)/((E32+E31)/2))) | F30: =IF(COUNT(F31,F32)<2,"",IF((F32+F31)=0,"",N(F28)/((F32+F31)/2))) | G30: =IF(COUNT(G31,G32)<2,"",IF((G32+G31)=0,"",N(G28)/((G32+G31)/2))) | H30: ϝ
B31: Headcount last Month | C31: =IF(JUN!C5="","",JUN!C5) | D31: =IF(JUN!D5="","",JUN!D5) | E31: =IF(JUN!E5="","",JUN!E5) | F31: =IF(JUN!F5="","",JUN!F5) | G31: =IF(COUNT(C31:F31)=0,"",SUM(C31:F31)) | H31: ∑
B32: Headcount this Month | C32: =IF(C5="","",C5) | D32: =IF(D5="","",D5) | E32: =IF(E5="","",E5) | F32: =IF(F5="","",F5) | G32: =IF(COUNT(C32:F32)=0,"",SUM(C32:F32)) | H32: ∑
B33: Full Turnover (%) | C33: =IF(COUNT(C31,C32)<2,"",IF((C32+C31)=0,"",N(C24)/((C32+C31)/2))) | D33: =IF(COUNT(D31,D32)<2,"",IF((D32+D31)=0,"",N(D24)/((D32+D31)/2))) | E33: =IF(COUNT(E31,E32)<2,"",IF((E32+E31)=0,"",N(E24)/((E32+E31)/2))) | F33: =IF(COUNT(F31,F32)<2,"",IF((F32+F31)=0,"",N(F24)/((F32+F31)/2))) | G33: =IF(COUNT(G31,G32)<2,"",IF((G32+G31)=0,"",N(G24)/((G32+G31)/2))) | H33: ϝ
B34: Permanent Vacancies | G34: =IF(COUNT(C34:F34)=0,"",SUM(C34:F34)) | H34: ∑
B35: Temporary Vacancies | G35: =IF(COUNT(C35:F35)=0,"",SUM(C35:F35)) | H35: ∑
B36: Total Vacancies | C36: =IF(COUNT(C34:C35)=0,"",SUM(C34:C35)) | D36: =IF(COUNT(D34:D35)=0,"",SUM(D34:D35)) | E36: =IF(COUNT(E34:E35)=0,"",SUM(E34:E35)) | F36: =IF(COUNT(F34:F35)=0,"",SUM(F34:F35)) | G36: =IF(COUNT(G34:G35)=0,"",SUM(G34:G35)) | H36: ϝ
B37: Authorized Positions | C37: =IF(COUNT(C5,C36)=0,"",N(C5)+N(C36)) | D37: =IF(COUNT(D5,D36)=0,"",N(D5)+N(D36)) | E37: =IF(COUNT(E5,E36)=0,"",N(E5)+N(E36)) | F37: =IF(COUNT(F5,F36)=0,"",N(F5)+N(F36)) | G37: =IF(COUNT(G5,G36)=0,"",N(G5)+N(G36)) | H37: ϝ
B38: Vacancy Rate (%) | C38: =IFERROR(C36/C37,"") | D38: =IFERROR(D36/D37,"") | E38: =IFERROR(E36/E37,"") | F38: =IFERROR(F36/F37,"") | G38: =IFERROR(G36/G37,"") | H38: ϝ
B39: Permanent TimeToHire (Days) YTD | C39: =IF('(M&C_Shipp)'!$AB$13="","",'(M&C_Shipp)'!$AB$13) | D39: =IF('(Coreas_Shipp)'!$AB$13="","",'(Coreas_Shipp)'!$AB$13) | E39: =IF('(JBH_Shipp)'!$AB$13="","",'(JBH_Shipp)'!$AB$13) | F39: =IF('(Shipping_BRB)'!$AB$13="","",'(Shipping_BRB)'!$AB$13) | G39: =IFERROR(AVERAGE(C39:F39),"") | H39: Avg
B40: Temporary TimeToHire (Days) YTD | C40: =IF('(M&C_Shipp)'!$AD$13="","",'(M&C_Shipp)'!$AD$13) | D40: =IF('(Coreas_Shipp)'!$AD$13="","",'(Coreas_Shipp)'!$AD$13) | E40: =IF('(JBH_Shipp)'!$AD$13="","",'(JBH_Shipp)'!$AD$13) | F40: =IF('(Shipping_BRB)'!$AD$13="","",'(Shipping_BRB)'!$AD$13) | G40: =IFERROR(AVERAGE(C40:F40),"") | H40: Avg
B41: Check-ins Rate Completed (%) | G41: =IFERROR(AVERAGE(C41:F41),"") | H41: Avg
B42: EE Objectives Completed (#) | G42: =IF(COUNT(C42:F42)=0,"",SUM(C42:F42)) | H42: ∑
B43: Non-certified Absent (Days Lost) | G43: =IF(COUNT(C43:F43)=0,"",SUM(C43:F43)) | H43: ∑
B44: Certified sick leave (Days Lost) | G44: =IF(COUNT(C44:F44)=0,"",SUM(C44:F44)) | H44: ∑
B45: Total Absences | C45: =IF(COUNT(C43:C44)=0,"",SUM(C43:C44)) | D45: =IF(COUNT(D43:D44)=0,"",SUM(D43:D44)) | E45: =IF(COUNT(E43:E44)=0,"",SUM(E43:E44)) | F45: =IF(COUNT(F43:F44)=0,"",SUM(F43:F44)) | G45: =IF(COUNT(G43:G44)=0,"",SUM(G43:G44)) | H45: ϝ
B46: Absent Rate Non-Certified (%) | C46: =IF('(M&C_Shipp)'!$G$13="","",'(M&C_Shipp)'!$G$13) | D46: =IF('(Coreas_Shipp)'!$G$13="","",'(Coreas_Shipp)'!$G$13) | E46: =IF('(JBH_Shipp)'!$G$13="","",'(JBH_Shipp)'!$G$13) | F46: =IF('(Shipping_BRB)'!$G$13="","",'(Shipping_BRB)'!$G$13) | G46: {=IF(COUNT(C46:F46)=0,"",IFERROR(SUMPRODUCT(IFERROR(C46:F46*((C3:F3)+(C4:F4)),0))/SUMPRODUCT(IFERROR(ISNUMBER(C46:F46)*((C3:F3)+(C4:F4)),0)),""))} | H46: Weighted
B47: Absent Rate Certified (%) | C47: =IF('(M&C_Shipp)'!$O$13="","",'(M&C_Shipp)'!$O$13) | D47: =IF('(Coreas_Shipp)'!$O$13="","",'(Coreas_Shipp)'!$O$13) | E47: =IF('(JBH_Shipp)'!$O$13="","",'(JBH_Shipp)'!$O$13) | F47: =IF('(Shipping_BRB)'!$O$13="","",'(Shipping_BRB)'!$O$13) | G47: {=IF(COUNT(C47:F47)=0,"",IFERROR(SUMPRODUCT(IFERROR(C47:F47*((C3:F3)+(C4:F4)),0))/SUMPRODUCT(IFERROR(ISNUMBER(C47:F47)*((C3:F3)+(C4:F4)),0)),""))} | H47: Weighted
B48: Absent Rate Total (%) | C48: =IF(COUNT(C46:C47)=0,"",SUM(C46:C47)) | D48: =IF(COUNT(D46:D47)=0,"",SUM(D46:D47)) | E48: =IF(COUNT(E46:E47)=0,"",SUM(E46:E47)) | F48: =IF(COUNT(F46:F47)=0,"",SUM(F46:F47)) | G48: =IF(COUNT(G46:G47)=0,"",SUM(G46:G47)) | H48: Weighted
B49: Weight factor | C49: =IFERROR(C5/$G5,"") | D49: =IFERROR(D5/$G5,"") | E49: =IFERROR(E5/$G5,"") | F49: =IFERROR(F5/$G5,"") | G49: =IF(COUNT(C49:F49)=0,"",SUM(C49:F49)) | H49: Weight Factor
B50: Leadership (Hours) | G50: =IF(COUNT(C50:F50)=0,"",SUM(C50:F50)) | H50: ∑
B51: Technical (Hours) | G51: =IF(COUNT(C51:F51)=0,"",SUM(C51:F51)) | H51: ∑
B52: Professional Develop. (Hours) | G52: =IF(COUNT(C52:F52)=0,"",SUM(C52:F52)) | H52: ∑
B53: HSSE (Hours) | G53: =IF(COUNT(C53:F53)=0,"",SUM(C53:F53)) | H53: ∑
B54: Workday (Hours) | G54: =IF(COUNT(C54:F54)=0,"",SUM(C54:F54)) | H54: ∑
B55: Total Training Hours | C55: =IF(COUNT(C50:C54)=0,"",SUM(C50:C54)) | D55: =IF(COUNT(D50:D54)=0,"",SUM(D50:D54)) | E55: =IF(COUNT(E50:E54)=0,"",SUM(E50:E54)) | F55: =IF(COUNT(F50:F54)=0,"",SUM(F50:F54)) | G55: =IF(COUNT(G50:G54)=0,"",SUM(G50:G54)) | H55: ϝ
B56: Total Trained (Staff) | G56: =IF(COUNT(C56:F56)=0,"",SUM(C56:F56)) | H56: ∑
B57: Training Programs (#) | G57: =IF(COUNT(C57:F57)=0,"",SUM(C57:F57)) | H57: ∑
B58: Training Cost (USD) | G58: =IF(COUNT(C58:F58)=0,"",SUM(C58:F58)) | H58: ∑
B59: Training Travel Cost (USD) | G59: =IF(COUNT(C59:F59)=0,"",SUM(C59:F59)) | H59: ∑
B60: Leadership Hours Trained (%) | C60: =IFERROR(C50/C$55,"") | D60: =IFERROR(D50/D$55,"") | E60: =IFERROR(E50/E$55,"") | F60: =IFERROR(F50/F$55,"") | G60: =IFERROR(G50/G$55,"") | H60: ϝ
B61: Technical Hours Trained (%) | C61: =IFERROR(C51/C$55,"") | D61: =IFERROR(D51/D$55,"") | E61: =IFERROR(E51/E$55,"") | F61: =IFERROR(F51/F$55,"") | G61: =IFERROR(G51/G$55,"") | H61: ϝ
B62: Profess. Dev. Hours Trained (%) | C62: =IFERROR(C52/C$55,"") | D62: =IFERROR(D52/D$55,"") | E62: =IFERROR(E52/E$55,"") | F62: =IFERROR(F52/F$55,"") | G62: =IFERROR(G52/G$55,"") | H62: ϝ
B63: HSSE Hours Trained (%) | C63: =IFERROR(C53/C$55,"") | D63: =IFERROR(D53/D$55,"") | E63: =IFERROR(E53/E$55,"") | F63: =IFERROR(F53/F$55,"") | G63: =IFERROR(G53/G$55,"") | H63: ϝ
B64: Workday Hours Trained (%) | C64: =IFERROR(C54/C$55,"") | D64: =IFERROR(D54/D$55,"") | E64: =IFERROR(E54/E$55,"") | F64: =IFERROR(F54/F$55,"") | G64: =IFERROR(G54/G$55,"") | H64: ϝ
B65: Staff Trained (%) | C65: =IFERROR(C56/C5,"") | D65: =IFERROR(D56/D5,"") | E65: =IFERROR(E56/E5,"") | F65: =IFERROR(F56/F5,"") | G65: =IFERROR(G56/G5,"") | H65: ϝ
B66: Training Hours / EE | C66: =IFERROR(C55/C5,"") | D66: =IFERROR(D55/D5,"") | E66: =IFERROR(E55/E5,"") | F66: =IFERROR(F55/F5,"") | G66: =IFERROR(G55/G5,"") | H66: ϝ
B67: Training Hours / EE Trained | C67: =IFERROR(C55/C56,"") | D67: =IFERROR(D55/D56,"") | E67: =IFERROR(E55/E56,"") | F67: =IFERROR(F55/F56,"") | G67: =IFERROR(G55/G56,"") | H67: ϝ
B68: Training Invest. / EE (USD) | C68: =IF(COUNT(C58:C59)=0,"",IFERROR((N(C58)+N(C59))/C5,"")) | D68: =IF(COUNT(D58:D59)=0,"",IFERROR((N(D58)+N(D59))/D5,"")) | E68: =IF(COUNT(E58:E59)=0,"",IFERROR((N(E58)+N(E59))/E5,"")) | F68: =IF(COUNT(F58:F59)=0,"",IFERROR((N(F58)+N(F59))/F5,"")) | G68: =IF(COUNT(G58:G59)=0,"",IFERROR((N(G58)+N(G59))/G5,"")) | H68: ϝ
B69: Training Invest. / EE Trained (USD) | C69: =IF(COUNT(C58:C59)=0,"",IFERROR((N(C58)+N(C59))/C56,"")) | D69: =IF(COUNT(D58:D59)=0,"",IFERROR((N(D58)+N(D59))/D56,"")) | E69: =IF(COUNT(E58:E59)=0,"",IFERROR((N(E58)+N(E59))/E56,"")) | F69: =IF(COUNT(F58:F59)=0,"",IFERROR((N(F58)+N(F59))/F56,"")) | G69: =IF(COUNT(G58:G59)=0,"",IFERROR((N(G58)+N(G59))/G56,"")) | H69: ϝ
B70: Input Cells Not Submitted | C70: =COUNTBLANK(C3:C4)+COUNTBLANK(C6:C10)+COUNTBLANK(C12:C13)+COUNTBLANK(C18:C20)+COUNTBLANK(C22:C23)+COUNTBLANK(C27:C28)+COUNTBLANK(C34:C35)+COUNTBLANK(C39:C44)+COUNTBLANK(C46:C47)+COUNTBLANK(C50:C54)+COUNTBLANK(C56:C59) | D70: =COUNTBLANK(D3:D4)+COUNTBLANK(D6:D10)+COUNTBLANK(D12:D13)+COUNTBLANK(D18:D20)+COUNTBLANK(D22:D23)+COUNTBLANK(D27:D28)+COUNTBLANK(D34:D35)+COUNTBLANK(D39:D44)+COUNTBLANK(D46:D47)+COUNTBLANK(D50:D54)+COUNTBLANK(D56:D59) | E70: =COUNTBLANK(E3:E4)+COUNTBLANK(E6:E10)+COUNTBLANK(E12:E13)+COUNTBLANK(E18:E20)+COUNTBLANK(E22:E23)+COUNTBLANK(E27:E28)+COUNTBLANK(E34:E35)+COUNTBLANK(E39:E44)+COUNTBLANK(E46:E47)+COUNTBLANK(E50:E54)+COUNTBLANK(E56:E59) | F70: =COUNTBLANK(F3:F4)+COUNTBLANK(F6:F10)+COUNTBLANK(F12:F13)+COUNTBLANK(F18:F20)+COUNTBLANK(F22:F23)+COUNTBLANK(F27:F28)+COUNTBLANK(F34:F35)+COUNTBLANK(F39:F44)+COUNTBLANK(F46:F47)+COUNTBLANK(F50:F54)+COUNTBLANK(F56:F59) | G70: =SUM(C70:F70) | H70: ∑

Sheet AUG
B1: SHIPPING
A2: =VALUE(TEXT(EDATE(DATE(LEFT(JUL!A2,4),RIGHT(JUL!A2,2),1),1),"yyyymm")) | B2: AUG | C2: M&C Shipping | D2: Coreas Hazells (Shipping) | E2: Jonas Browne & Hubbard (Shipping) | F2: Goddards Shipping Barbados | G2: TOTAL | H2: Total by Division | I2: =N(I11)<>0
A3: =+A2 | B3: Permanent (Regular) Headcount | G3: =IF(COUNT(C3:F3)=0,"",SUM(C3:F3)) | H3: ∑
B4: Temporary (Fix Term) Headcount | G4: =IF(COUNT(C4:F4)=0,"",SUM(C4:F4)) | H4: ∑
B5: Employee Headcount (Productivity) | C5: =IF(COUNT(C3:C4)=0,"",SUM(C3:C4)) | D5: =IF(COUNT(D3:D4)=0,"",SUM(D3:D4)) | E5: =IF(COUNT(E3:E4)=0,"",SUM(E3:E4)) | F5: =IF(COUNT(F3:F4)=0,"",SUM(F3:F4)) | G5: =IF(COUNT(G3:G4)=0,"",SUM(G3:G4)) | H5: ϝ
B6: Headcount = 1.00 | G6: =IF(COUNT(C6:F6)=0,"",SUM(C6:F6)) | H6: ∑
B7: Headcount = 0.75 | G7: =IF(COUNT(C7:F7)=0,"",SUM(C7:F7)) | H7: ∑
B8: Headcount = 0.50 | G8: =IF(COUNT(C8:F8)=0,"",SUM(C8:F8)) | H8: ∑
B9: Headcount = 0.25 | G9: =IF(COUNT(C9:F9)=0,"",SUM(C9:F9)) | H9: ∑
B10: Standard Monthly Hours (FTE basis) | G10: =IFERROR(AVERAGE(C10:F10),"") | H10: Avg
B11: Employee FTE (Finance) | C11: =IF(COUNT(C6:C9)=0,"",N(C6)+N(C7)*0.75+N(C8)*0.5+N(C9)*0.25) | D11: =IF(COUNT(D6:D9)=0,"",N(D6)+N(D7)*0.75+N(D8)*0.5+N(D9)*0.25) | E11: =IF(COUNT(E6:E9)=0,"",N(E6)+N(E7)*0.75+N(E8)*0.5+N(E9)*0.25) | F11: =IF(COUNT(F6:F9)=0,"",N(F6)+N(F7)*0.75+N(F8)*0.5+N(F9)*0.25) | G11: =IF(COUNT(G6:G9)=0,"",N(G6)+N(G7)*0.75+N(G8)*0.5+N(G9)*0.25) | H11: FTE | I11: =IF(COUNT(G5:G9)=0,"",N(G6)+N(G7)+N(G8)+N(G9)-N(G5))
B12: Subcontracted Workforce HC | G12: =IF(COUNT(C12:F12)=0,"",SUM(C12:F12)) | H12: ∑
B13: Subcontracted Productive Hours | G13: =IF(COUNT(C13:F13)=0,"",SUM(C13:F13)) | H13: ∑
B14: Subcontracted FTE | C14: =IFERROR(C13/C10,"") | D14: =IFERROR(D13/D10,"") | E14: =IFERROR(E13/E10,"") | F14: =IFERROR(F13/F10,"") | G14: =IF(COUNT(C14:F14)=0,"",SUM(C14:F14)) | H14: FTE
B15: Total Operational Workforce | C15: =IF(COUNT(C5,C12)=0,"",SUM(C5,C12)) | D15: =IF(COUNT(D5,D12)=0,"",SUM(D5,D12)) | E15: =IF(COUNT(E5,E12)=0,"",SUM(E5,E12)) | F15: =IF(COUNT(F5,F12)=0,"",SUM(F5,F12)) | G15: =IF(COUNT(G5,G12)=0,"",SUM(G5,G12)) | H15: ϝ
B16: Total Operational FTE | C16: =IF(COUNT(C11,C14)=0,"",SUM(C11,C14)) | D16: =IF(COUNT(D11,D14)=0,"",SUM(D11,D14)) | E16: =IF(COUNT(E11,E14)=0,"",SUM(E11,E14)) | F16: =IF(COUNT(F11,F14)=0,"",SUM(F11,F14)) | G16: =IF(COUNT(G11,G14)=0,"",SUM(G11,G14)) | H16: FTE
B17: Subcontracted Share of Workforce (%) | C17: =IFERROR(C12/C15,"") | D17: =IFERROR(D12/D15,"") | E17: =IFERROR(E12/E15,"") | F17: =IFERROR(F12/F15,"") | G17: =IFERROR(G12/G15,"") | H17: ϝ
B18: FTE HR Team | G18: =IF(COUNT(C18:F18)=0,"",SUM(C18:F18)) | H18: ∑
B19: Permanent Hires | G19: =IF(COUNT(C19:F19)=0,"",SUM(C19:F19)) | H19: ∑
B20: Temporary Hires | G20: =IF(COUNT(C20:F20)=0,"",SUM(C20:F20)) | H20: ∑
B21: Total Hires | C21: =IF(COUNT(C19:C20)=0,"",SUM(C19:C20)) | D21: =IF(COUNT(D19:D20)=0,"",SUM(D19:D20)) | E21: =IF(COUNT(E19:E20)=0,"",SUM(E19:E20)) | F21: =IF(COUNT(F19:F20)=0,"",SUM(F19:F20)) | G21: =IF(COUNT(G19:G20)=0,"",SUM(G19:G20)) | H21: ϝ
B22: Permanent Exits | G22: =IF(COUNT(C22:F22)=0,"",SUM(C22:F22)) | H22: ∑
B23: Temporary Exits | G23: =IF(COUNT(C23:F23)=0,"",SUM(C23:F23)) | H23: ∑
B24: Total Exits | C24: =IF(COUNT(C22:C23)=0,"",SUM(C22:C23)) | D24: =IF(COUNT(D22:D23)=0,"",SUM(D22:D23)) | E24: =IF(COUNT(E22:E23)=0,"",SUM(E22:E23)) | F24: =IF(COUNT(F22:F23)=0,"",SUM(F22:F23)) | G24: =IF(COUNT(G22:G23)=0,"",SUM(G22:G23)) | H24: ϝ
B25: Permanent Turnover (%) | C25: =IF(COUNT(C31,C32)<2,"",IF((C32+C31)=0,"",N(C22)/((C32+C31)/2))) | D25: =IF(COUNT(D31,D32)<2,"",IF((D32+D31)=0,"",N(D22)/((D32+D31)/2))) | E25: =IF(COUNT(E31,E32)<2,"",IF((E32+E31)=0,"",N(E22)/((E32+E31)/2))) | F25: =IF(COUNT(F31,F32)<2,"",IF((F32+F31)=0,"",N(F22)/((F32+F31)/2))) | G25: =IF(COUNT(G31,G32)<2,"",IF((G32+G31)=0,"",N(G22)/((G32+G31)/2))) | H25: ϝ
B26: Temporary Turnover (%) | C26: =IF(COUNT(C31,C32)<2,"",IF((C32+C31)=0,"",N(C23)/((C32+C31)/2))) | D26: =IF(COUNT(D31,D32)<2,"",IF((D32+D31)=0,"",N(D23)/((D32+D31)/2))) | E26: =IF(COUNT(E31,E32)<2,"",IF((E32+E31)=0,"",N(E23)/((E32+E31)/2))) | F26: =IF(COUNT(F31,F32)<2,"",IF((F32+F31)=0,"",N(F23)/((F32+F31)/2))) | G26: =IF(COUNT(G31,G32)<2,"",IF((G32+G31)=0,"",N(G23)/((G32+G31)/2))) | H26: ϝ
B27: Voluntary Terminations | G27: =IF(COUNT(C27:F27)=0,"",SUM(C27:F27)) | H27: ∑
B28: Involuntary Terminations | G28: =IF(COUNT(C28:F28)=0,"",SUM(C28:F28)) | H28: ∑
B29: Voluntary Turnover (%) | C29: =IF(COUNT(C31,C32)<2,"",IF((C32+C31)=0,"",N(C27)/((C32+C31)/2))) | D29: =IF(COUNT(D31,D32)<2,"",IF((D32+D31)=0,"",N(D27)/((D32+D31)/2))) | E29: =IF(COUNT(E31,E32)<2,"",IF((E32+E31)=0,"",N(E27)/((E32+E31)/2))) | F29: =IF(COUNT(F31,F32)<2,"",IF((F32+F31)=0,"",N(F27)/((F32+F31)/2))) | G29: =IF(COUNT(G31,G32)<2,"",IF((G32+G31)=0,"",N(G27)/((G32+G31)/2))) | H29: ϝ
B30: Involuntary Turnover (%) | C30: =IF(COUNT(C31,C32)<2,"",IF((C32+C31)=0,"",N(C28)/((C32+C31)/2))) | D30: =IF(COUNT(D31,D32)<2,"",IF((D32+D31)=0,"",N(D28)/((D32+D31)/2))) | E30: =IF(COUNT(E31,E32)<2,"",IF((E32+E31)=0,"",N(E28)/((E32+E31)/2))) | F30: =IF(COUNT(F31,F32)<2,"",IF((F32+F31)=0,"",N(F28)/((F32+F31)/2))) | G30: =IF(COUNT(G31,G32)<2,"",IF((G32+G31)=0,"",N(G28)/((G32+G31)/2))) | H30: ϝ
B31: Headcount last Month | C31: =IF(JUL!C5="","",JUL!C5) | D31: =IF(JUL!D5="","",JUL!D5) | E31: =IF(JUL!E5="","",JUL!E5) | F31: =IF(JUL!F5="","",JUL!F5) | G31: =IF(COUNT(C31:F31)=0,"",SUM(C31:F31)) | H31: ∑
B32: Headcount this Month | C32: =IF(C5="","",C5) | D32: =IF(D5="","",D5) | E32: =IF(E5="","",E5) | F32: =IF(F5="","",F5) | G32: =IF(COUNT(C32:F32)=0,"",SUM(C32:F32)) | H32: ∑
B33: Full Turnover (%) | C33: =IF(COUNT(C31,C32)<2,"",IF((C32+C31)=0,"",N(C24)/((C32+C31)/2))) | D33: =IF(COUNT(D31,D32)<2,"",IF((D32+D31)=0,"",N(D24)/((D32+D31)/2))) | E33: =IF(COUNT(E31,E32)<2,"",IF((E32+E31)=0,"",N(E24)/((E32+E31)/2))) | F33: =IF(COUNT(F31,F32)<2,"",IF((F32+F31)=0,"",N(F24)/((F32+F31)/2))) | G33: =IF(COUNT(G31,G32)<2,"",IF((G32+G31)=0,"",N(G24)/((G32+G31)/2))) | H33: ϝ
B34: Permanent Vacancies | G34: =IF(COUNT(C34:F34)=0,"",SUM(C34:F34)) | H34: ∑
B35: Temporary Vacancies | G35: =IF(COUNT(C35:F35)=0,"",SUM(C35:F35)) | H35: ∑
B36: Total Vacancies | C36: =IF(COUNT(C34:C35)=0,"",SUM(C34:C35)) | D36: =IF(COUNT(D34:D35)=0,"",SUM(D34:D35)) | E36: =IF(COUNT(E34:E35)=0,"",SUM(E34:E35)) | F36: =IF(COUNT(F34:F35)=0,"",SUM(F34:F35)) | G36: =IF(COUNT(G34:G35)=0,"",SUM(G34:G35)) | H36: ϝ
B37: Authorized Positions | C37: =IF(COUNT(C5,C36)=0,"",N(C5)+N(C36)) | D37: =IF(COUNT(D5,D36)=0,"",N(D5)+N(D36)) | E37: =IF(COUNT(E5,E36)=0,"",N(E5)+N(E36)) | F37: =IF(COUNT(F5,F36)=0,"",N(F5)+N(F36)) | G37: =IF(COUNT(G5,G36)=0,"",N(G5)+N(G36)) | H37: ϝ
B38: Vacancy Rate (%) | C38: =IFERROR(C36/C37,"") | D38: =IFERROR(D36/D37,"") | E38: =IFERROR(E36/E37,"") | F38: =IFERROR(F36/F37,"") | G38: =IFERROR(G36/G37,"") | H38: ϝ
B39: Permanent TimeToHire (Days) YTD | C39: =IF('(M&C_Shipp)'!$AB$14="","",'(M&C_Shipp)'!$AB$14) | D39: =IF('(Coreas_Shipp)'!$AB$14="","",'(Coreas_Shipp)'!$AB$14) | E39: =IF('(JBH_Shipp)'!$AB$14="","",'(JBH_Shipp)'!$AB$14) | F39: =IF('(Shipping_BRB)'!$AB$14="","",'(Shipping_BRB)'!$AB$14) | G39: =IFERROR(AVERAGE(C39:F39),"") | H39: Avg
B40: Temporary TimeToHire (Days) YTD | C40: =IF('(M&C_Shipp)'!$AD$14="","",'(M&C_Shipp)'!$AD$14) | D40: =IF('(Coreas_Shipp)'!$AD$14="","",'(Coreas_Shipp)'!$AD$14) | E40: =IF('(JBH_Shipp)'!$AD$14="","",'(JBH_Shipp)'!$AD$14) | F40: =IF('(Shipping_BRB)'!$AD$14="","",'(Shipping_BRB)'!$AD$14) | G40: =IFERROR(AVERAGE(C40:F40),"") | H40: Avg
B41: Check-ins Rate Completed (%) | G41: =IFERROR(AVERAGE(C41:F41),"") | H41: Avg
B42: EE Objectives Completed (#) | G42: =IF(COUNT(C42:F42)=0,"",SUM(C42:F42)) | H42: ∑
B43: Non-certified Absent (Days Lost) | G43: =IF(COUNT(C43:F43)=0,"",SUM(C43:F43)) | H43: ∑
B44: Certified sick leave (Days Lost) | G44: =IF(COUNT(C44:F44)=0,"",SUM(C44:F44)) | H44: ∑
B45: Total Absences | C45: =IF(COUNT(C43:C44)=0,"",SUM(C43:C44)) | D45: =IF(COUNT(D43:D44)=0,"",SUM(D43:D44)) | E45: =IF(COUNT(E43:E44)=0,"",SUM(E43:E44)) | F45: =IF(COUNT(F43:F44)=0,"",SUM(F43:F44)) | G45: =IF(COUNT(G43:G44)=0,"",SUM(G43:G44)) | H45: ϝ
B46: Absent Rate Non-Certified (%) | C46: =IF('(M&C_Shipp)'!$G$14="","",'(M&C_Shipp)'!$G$14) | D46: =IF('(Coreas_Shipp)'!$G$14="","",'(Coreas_Shipp)'!$G$14) | E46: =IF('(JBH_Shipp)'!$G$14="","",'(JBH_Shipp)'!$G$14) | F46: =IF('(Shipping_BRB)'!$G$14="","",'(Shipping_BRB)'!$G$14) | G46: {=IF(COUNT(C46:F46)=0,"",IFERROR(SUMPRODUCT(IFERROR(C46:F46*((C3:F3)+(C4:F4)),0))/SUMPRODUCT(IFERROR(ISNUMBER(C46:F46)*((C3:F3)+(C4:F4)),0)),""))} | H46: Weighted
B47: Absent Rate Certified (%) | C47: =IF('(M&C_Shipp)'!$O$14="","",'(M&C_Shipp)'!$O$14) | D47: =IF('(Coreas_Shipp)'!$O$14="","",'(Coreas_Shipp)'!$O$14) | E47: =IF('(JBH_Shipp)'!$O$14="","",'(JBH_Shipp)'!$O$14) | F47: =IF('(Shipping_BRB)'!$O$14="","",'(Shipping_BRB)'!$O$14) | G47: {=IF(COUNT(C47:F47)=0,"",IFERROR(SUMPRODUCT(IFERROR(C47:F47*((C3:F3)+(C4:F4)),0))/SUMPRODUCT(IFERROR(ISNUMBER(C47:F47)*((C3:F3)+(C4:F4)),0)),""))} | H47: Weighted
B48: Absent Rate Total (%) | C48: =IF(COUNT(C46:C47)=0,"",SUM(C46:C47)) | D48: =IF(COUNT(D46:D47)=0,"",SUM(D46:D47)) | E48: =IF(COUNT(E46:E47)=0,"",SUM(E46:E47)) | F48: =IF(COUNT(F46:F47)=0,"",SUM(F46:F47)) | G48: =IF(COUNT(G46:G47)=0,"",SUM(G46:G47)) | H48: Weighted
B49: Weight factor | C49: =IFERROR(C5/$G5,"") | D49: =IFERROR(D5/$G5,"") | E49: =IFERROR(E5/$G5,"") | F49: =IFERROR(F5/$G5,"") | G49: =IF(COUNT(C49:F49)=0,"",SUM(C49:F49)) | H49: Weight Factor
B50: Leadership (Hours) | G50: =IF(COUNT(C50:F50)=0,"",SUM(C50:F50)) | H50: ∑
B51: Technical (Hours) | G51: =IF(COUNT(C51:F51)=0,"",SUM(C51:F51)) | H51: ∑
B52: Professional Develop. (Hours) | G52: =IF(COUNT(C52:F52)=0,"",SUM(C52:F52)) | H52: ∑
B53: HSSE (Hours) | G53: =IF(COUNT(C53:F53)=0,"",SUM(C53:F53)) | H53: ∑
B54: Workday (Hours) | G54: =IF(COUNT(C54:F54)=0,"",SUM(C54:F54)) | H54: ∑
B55: Total Training Hours | C55: =IF(COUNT(C50:C54)=0,"",SUM(C50:C54)) | D55: =IF(COUNT(D50:D54)=0,"",SUM(D50:D54)) | E55: =IF(COUNT(E50:E54)=0,"",SUM(E50:E54)) | F55: =IF(COUNT(F50:F54)=0,"",SUM(F50:F54)) | G55: =IF(COUNT(G50:G54)=0,"",SUM(G50:G54)) | H55: ϝ
B56: Total Trained (Staff) | G56: =IF(COUNT(C56:F56)=0,"",SUM(C56:F56)) | H56: ∑
B57: Training Programs (#) | G57: =IF(COUNT(C57:F57)=0,"",SUM(C57:F57)) | H57: ∑
B58: Training Cost (USD) | G58: =IF(COUNT(C58:F58)=0,"",SUM(C58:F58)) | H58: ∑
B59: Training Travel Cost (USD) | G59: =IF(COUNT(C59:F59)=0,"",SUM(C59:F59)) | H59: ∑
B60: Leadership Hours Trained (%) | C60: =IFERROR(C50/C$55,"") | D60: =IFERROR(D50/D$55,"") | E60: =IFERROR(E50/E$55,"") | F60: =IFERROR(F50/F$55,"") | G60: =IFERROR(G50/G$55,"") | H60: ϝ
B61: Technical Hours Trained (%) | C61: =IFERROR(C51/C$55,"") | D61: =IFERROR(D51/D$55,"") | E61: =IFERROR(E51/E$55,"") | F61: =IFERROR(F51/F$55,"") | G61: =IFERROR(G51/G$55,"") | H61: ϝ
B62: Profess. Dev. Hours Trained (%) | C62: =IFERROR(C52/C$55,"") | D62: =IFERROR(D52/D$55,"") | E62: =IFERROR(E52/E$55,"") | F62: =IFERROR(F52/F$55,"") | G62: =IFERROR(G52/G$55,"") | H62: ϝ
B63: HSSE Hours Trained (%) | C63: =IFERROR(C53/C$55,"") | D63: =IFERROR(D53/D$55,"") | E63: =IFERROR(E53/E$55,"") | F63: =IFERROR(F53/F$55,"") | G63: =IFERROR(G53/G$55,"") | H63: ϝ
B64: Workday Hours Trained (%) | C64: =IFERROR(C54/C$55,"") | D64: =IFERROR(D54/D$55,"") | E64: =IFERROR(E54/E$55,"") | F64: =IFERROR(F54/F$55,"") | G64: =IFERROR(G54/G$55,"") | H64: ϝ
B65: Staff Trained (%) | C65: =IFERROR(C56/C5,"") | D65: =IFERROR(D56/D5,"") | E65: =IFERROR(E56/E5,"") | F65: =IFERROR(F56/F5,"") | G65: =IFERROR(G56/G5,"") | H65: ϝ
B66: Training Hours / EE | C66: =IFERROR(C55/C5,"") | D66: =IFERROR(D55/D5,"") | E66: =IFERROR(E55/E5,"") | F66: =IFERROR(F55/F5,"") | G66: =IFERROR(G55/G5,"") | H66: ϝ
B67: Training Hours / EE Trained | C67: =IFERROR(C55/C56,"") | D67: =IFERROR(D55/D56,"") | E67: =IFERROR(E55/E56,"") | F67: =IFERROR(F55/F56,"") | G67: =IFERROR(G55/G56,"") | H67: ϝ
B68: Training Invest. / EE (USD) | C68: =IF(COUNT(C58:C59)=0,"",IFERROR((N(C58)+N(C59))/C5,"")) | D68: =IF(COUNT(D58:D59)=0,"",IFERROR((N(D58)+N(D59))/D5,"")) | E68: =IF(COUNT(E58:E59)=0,"",IFERROR((N(E58)+N(E59))/E5,"")) | F68: =IF(COUNT(F58:F59)=0,"",IFERROR((N(F58)+N(F59))/F5,"")) | G68: =IF(COUNT(G58:G59)=0,"",IFERROR((N(G58)+N(G59))/G5,"")) | H68: ϝ
B69: Training Invest. / EE Trained (USD) | C69: =IF(COUNT(C58:C59)=0,"",IFERROR((N(C58)+N(C59))/C56,"")) | D69: =IF(COUNT(D58:D59)=0,"",IFERROR((N(D58)+N(D59))/D56,"")) | E69: =IF(COUNT(E58:E59)=0,"",IFERROR((N(E58)+N(E59))/E56,"")) | F69: =IF(COUNT(F58:F59)=0,"",IFERROR((N(F58)+N(F59))/F56,"")) | G69: =IF(COUNT(G58:G59)=0,"",IFERROR((N(G58)+N(G59))/G56,"")) | H69: ϝ
B70: Input Cells Not Submitted | C70: =COUNTBLANK(C3:C4)+COUNTBLANK(C6:C10)+COUNTBLANK(C12:C13)+COUNTBLANK(C18:C20)+COUNTBLANK(C22:C23)+COUNTBLANK(C27:C28)+COUNTBLANK(C34:C35)+COUNTBLANK(C39:C44)+COUNTBLANK(C46:C47)+COUNTBLANK(C50:C54)+COUNTBLANK(C56:C59) | D70: =COUNTBLANK(D3:D4)+COUNTBLANK(D6:D10)+COUNTBLANK(D12:D13)+COUNTBLANK(D18:D20)+COUNTBLANK(D22:D23)+COUNTBLANK(D27:D28)+COUNTBLANK(D34:D35)+COUNTBLANK(D39:D44)+COUNTBLANK(D46:D47)+COUNTBLANK(D50:D54)+COUNTBLANK(D56:D59) | E70: =COUNTBLANK(E3:E4)+COUNTBLANK(E6:E10)+COUNTBLANK(E12:E13)+COUNTBLANK(E18:E20)+COUNTBLANK(E22:E23)+COUNTBLANK(E27:E28)+COUNTBLANK(E34:E35)+COUNTBLANK(E39:E44)+COUNTBLANK(E46:E47)+COUNTBLANK(E50:E54)+COUNTBLANK(E56:E59) | F70: =COUNTBLANK(F3:F4)+COUNTBLANK(F6:F10)+COUNTBLANK(F12:F13)+COUNTBLANK(F18:F20)+COUNTBLANK(F22:F23)+COUNTBLANK(F27:F28)+COUNTBLANK(F34:F35)+COUNTBLANK(F39:F44)+COUNTBLANK(F46:F47)+COUNTBLANK(F50:F54)+COUNTBLANK(F56:F59) | G70: =SUM(C70:F70) | H70: ∑

Sheet SEP
B1: SHIPPING
A2: =VALUE(TEXT(EDATE(DATE(LEFT(AUG!A2,4),RIGHT(AUG!A2,2),1),1),"yyyymm")) | B2: SEP | C2: M&C Shipping | D2: Coreas Hazells (Shipping) | E2: Jonas Browne & Hubbard (Shipping) | F2: Goddards Shipping Barbados | G2: TOTAL | H2: Total by Division | I2: =N(I11)<>0
A3: =+A2 | B3: Permanent (Regular) Headcount | G3: =IF(COUNT(C3:F3)=0,"",SUM(C3:F3)) | H3: ∑
B4: Temporary (Fix Term) Headcount | G4: =IF(COUNT(C4:F4)=0,"",SUM(C4:F4)) | H4: ∑
B5: Employee Headcount (Productivity) | C5: =IF(COUNT(C3:C4)=0,"",SUM(C3:C4)) | D5: =IF(COUNT(D3:D4)=0,"",SUM(D3:D4)) | E5: =IF(COUNT(E3:E4)=0,"",SUM(E3:E4)) | F5: =IF(COUNT(F3:F4)=0,"",SUM(F3:F4)) | G5: =IF(COUNT(G3:G4)=0,"",SUM(G3:G4)) | H5: ϝ
B6: Headcount = 1.00 | G6: =IF(COUNT(C6:F6)=0,"",SUM(C6:F6)) | H6: ∑
B7: Headcount = 0.75 | G7: =IF(COUNT(C7:F7)=0,"",SUM(C7:F7)) | H7: ∑
B8: Headcount = 0.50 | G8: =IF(COUNT(C8:F8)=0,"",SUM(C8:F8)) | H8: ∑
B9: Headcount = 0.25 | G9: =IF(COUNT(C9:F9)=0,"",SUM(C9:F9)) | H9: ∑
B10: Standard Monthly Hours (FTE basis) | G10: =IFERROR(AVERAGE(C10:F10),"") | H10: Avg
B11: Employee FTE (Finance) | C11: =IF(COUNT(C6:C9)=0,"",N(C6)+N(C7)*0.75+N(C8)*0.5+N(C9)*0.25) | D11: =IF(COUNT(D6:D9)=0,"",N(D6)+N(D7)*0.75+N(D8)*0.5+N(D9)*0.25) | E11: =IF(COUNT(E6:E9)=0,"",N(E6)+N(E7)*0.75+N(E8)*0.5+N(E9)*0.25) | F11: =IF(COUNT(F6:F9)=0,"",N(F6)+N(F7)*0.75+N(F8)*0.5+N(F9)*0.25) | G11: =IF(COUNT(G6:G9)=0,"",N(G6)+N(G7)*0.75+N(G8)*0.5+N(G9)*0.25) | H11: FTE | I11: =IF(COUNT(G5:G9)=0,"",N(G6)+N(G7)+N(G8)+N(G9)-N(G5))
B12: Subcontracted Workforce HC | G12: =IF(COUNT(C12:F12)=0,"",SUM(C12:F12)) | H12: ∑
B13: Subcontracted Productive Hours | G13: =IF(COUNT(C13:F13)=0,"",SUM(C13:F13)) | H13: ∑
B14: Subcontracted FTE | C14: =IFERROR(C13/C10,"") | D14: =IFERROR(D13/D10,"") | E14: =IFERROR(E13/E10,"") | F14: =IFERROR(F13/F10,"") | G14: =IF(COUNT(C14:F14)=0,"",SUM(C14:F14)) | H14: FTE
B15: Total Operational Workforce | C15: =IF(COUNT(C5,C12)=0,"",SUM(C5,C12)) | D15: =IF(COUNT(D5,D12)=0,"",SUM(D5,D12)) | E15: =IF(COUNT(E5,E12)=0,"",SUM(E5,E12)) | F15: =IF(COUNT(F5,F12)=0,"",SUM(F5,F12)) | G15: =IF(COUNT(G5,G12)=0,"",SUM(G5,G12)) | H15: ϝ
B16: Total Operational FTE | C16: =IF(COUNT(C11,C14)=0,"",SUM(C11,C14)) | D16: =IF(COUNT(D11,D14)=0,"",SUM(D11,D14)) | E16: =IF(COUNT(E11,E14)=0,"",SUM(E11,E14)) | F16: =IF(COUNT(F11,F14)=0,"",SUM(F11,F14)) | G16: =IF(COUNT(G11,G14)=0,"",SUM(G11,G14)) | H16: FTE
B17: Subcontracted Share of Workforce (%) | C17: =IFERROR(C12/C15,"") | D17: =IFERROR(D12/D15,"") | E17: =IFERROR(E12/E15,"") | F17: =IFERROR(F12/F15,"") | G17: =IFERROR(G12/G15,"") | H17: ϝ
B18: FTE HR Team | G18: =IF(COUNT(C18:F18)=0,"",SUM(C18:F18)) | H18: ∑
B19: Permanent Hires | G19: =IF(COUNT(C19:F19)=0,"",SUM(C19:F19)) | H19: ∑
B20: Temporary Hires | G20: =IF(COUNT(C20:F20)=0,"",SUM(C20:F20)) | H20: ∑
B21: Total Hires | C21: =IF(COUNT(C19:C20)=0,"",SUM(C19:C20)) | D21: =IF(COUNT(D19:D20)=0,"",SUM(D19:D20)) | E21: =IF(COUNT(E19:E20)=0,"",SUM(E19:E20)) | F21: =IF(COUNT(F19:F20)=0,"",SUM(F19:F20)) | G21: =IF(COUNT(G19:G20)=0,"",SUM(G19:G20)) | H21: ϝ
B22: Permanent Exits | G22: =IF(COUNT(C22:F22)=0,"",SUM(C22:F22)) | H22: ∑
B23: Temporary Exits | G23: =IF(COUNT(C23:F23)=0,"",SUM(C23:F23)) | H23: ∑
B24: Total Exits | C24: =IF(COUNT(C22:C23)=0,"",SUM(C22:C23)) | D24: =IF(COUNT(D22:D23)=0,"",SUM(D22:D23)) | E24: =IF(COUNT(E22:E23)=0,"",SUM(E22:E23)) | F24: =IF(COUNT(F22:F23)=0,"",SUM(F22:F23)) | G24: =IF(COUNT(G22:G23)=0,"",SUM(G22:G23)) | H24: ϝ
B25: Permanent Turnover (%) | C25: =IF(COUNT(C31,C32)<2,"",IF((C32+C31)=0,"",N(C22)/((C32+C31)/2))) | D25: =IF(COUNT(D31,D32)<2,"",IF((D32+D31)=0,"",N(D22)/((D32+D31)/2))) | E25: =IF(COUNT(E31,E32)<2,"",IF((E32+E31)=0,"",N(E22)/((E32+E31)/2))) | F25: =IF(COUNT(F31,F32)<2,"",IF((F32+F31)=0,"",N(F22)/((F32+F31)/2))) | G25: =IF(COUNT(G31,G32)<2,"",IF((G32+G31)=0,"",N(G22)/((G32+G31)/2))) | H25: ϝ
B26: Temporary Turnover (%) | C26: =IF(COUNT(C31,C32)<2,"",IF((C32+C31)=0,"",N(C23)/((C32+C31)/2))) | D26: =IF(COUNT(D31,D32)<2,"",IF((D32+D31)=0,"",N(D23)/((D32+D31)/2))) | E26: =IF(COUNT(E31,E32)<2,"",IF((E32+E31)=0,"",N(E23)/((E32+E31)/2))) | F26: =IF(COUNT(F31,F32)<2,"",IF((F32+F31)=0,"",N(F23)/((F32+F31)/2))) | G26: =IF(COUNT(G31,G32)<2,"",IF((G32+G31)=0,"",N(G23)/((G32+G31)/2))) | H26: ϝ
B27: Voluntary Terminations | G27: =IF(COUNT(C27:F27)=0,"",SUM(C27:F27)) | H27: ∑
B28: Involuntary Terminations | G28: =IF(COUNT(C28:F28)=0,"",SUM(C28:F28)) | H28: ∑
B29: Voluntary Turnover (%) | C29: =IF(COUNT(C31,C32)<2,"",IF((C32+C31)=0,"",N(C27)/((C32+C31)/2))) | D29: =IF(COUNT(D31,D32)<2,"",IF((D32+D31)=0,"",N(D27)/((D32+D31)/2))) | E29: =IF(COUNT(E31,E32)<2,"",IF((E32+E31)=0,"",N(E27)/((E32+E31)/2))) | F29: =IF(COUNT(F31,F32)<2,"",IF((F32+F31)=0,"",N(F27)/((F32+F31)/2))) | G29: =IF(COUNT(G31,G32)<2,"",IF((G32+G31)=0,"",N(G27)/((G32+G31)/2))) | H29: ϝ
B30: Involuntary Turnover (%) | C30: =IF(COUNT(C31,C32)<2,"",IF((C32+C31)=0,"",N(C28)/((C32+C31)/2))) | D30: =IF(COUNT(D31,D32)<2,"",IF((D32+D31)=0,"",N(D28)/((D32+D31)/2))) | E30: =IF(COUNT(E31,E32)<2,"",IF((E32+E31)=0,"",N(E28)/((E32+E31)/2))) | F30: =IF(COUNT(F31,F32)<2,"",IF((F32+F31)=0,"",N(F28)/((F32+F31)/2))) | G30: =IF(COUNT(G31,G32)<2,"",IF((G32+G31)=0,"",N(G28)/((G32+G31)/2))) | H30: ϝ
B31: Headcount last Month | C31: =IF(AUG!C5="","",AUG!C5) | D31: =IF(AUG!D5="","",AUG!D5) | E31: =IF(AUG!E5="","",AUG!E5) | F31: =IF(AUG!F5="","",AUG!F5) | G31: =IF(COUNT(C31:F31)=0,"",SUM(C31:F31)) | H31: ∑
B32: Headcount this Month | C32: =IF(C5="","",C5) | D32: =IF(D5="","",D5) | E32: =IF(E5="","",E5) | F32: =IF(F5="","",F5) | G32: =IF(COUNT(C32:F32)=0,"",SUM(C32:F32)) | H32: ∑
B33: Full Turnover (%) | C33: =IF(COUNT(C31,C32)<2,"",IF((C32+C31)=0,"",N(C24)/((C32+C31)/2))) | D33: =IF(COUNT(D31,D32)<2,"",IF((D32+D31)=0,"",N(D24)/((D32+D31)/2))) | E33: =IF(COUNT(E31,E32)<2,"",IF((E32+E31)=0,"",N(E24)/((E32+E31)/2))) | F33: =IF(COUNT(F31,F32)<2,"",IF((F32+F31)=0,"",N(F24)/((F32+F31)/2))) | G33: =IF(COUNT(G31,G32)<2,"",IF((G32+G31)=0,"",N(G24)/((G32+G31)/2))) | H33: ϝ
B34: Permanent Vacancies | G34: =IF(COUNT(C34:F34)=0,"",SUM(C34:F34)) | H34: ∑
B35: Temporary Vacancies | G35: =IF(COUNT(C35:F35)=0,"",SUM(C35:F35)) | H35: ∑
B36: Total Vacancies | C36: =IF(COUNT(C34:C35)=0,"",SUM(C34:C35)) | D36: =IF(COUNT(D34:D35)=0,"",SUM(D34:D35)) | E36: =IF(COUNT(E34:E35)=0,"",SUM(E34:E35)) | F36: =IF(COUNT(F34:F35)=0,"",SUM(F34:F35)) | G36: =IF(COUNT(G34:G35)=0,"",SUM(G34:G35)) | H36: ϝ
B37: Authorized Positions | C37: =IF(COUNT(C5,C36)=0,"",N(C5)+N(C36)) | D37: =IF(COUNT(D5,D36)=0,"",N(D5)+N(D36)) | E37: =IF(COUNT(E5,E36)=0,"",N(E5)+N(E36)) | F37: =IF(COUNT(F5,F36)=0,"",N(F5)+N(F36)) | G37: =IF(COUNT(G5,G36)=0,"",N(G5)+N(G36)) | H37: ϝ
B38: Vacancy Rate (%) | C38: =IFERROR(C36/C37,"") | D38: =IFERROR(D36/D37,"") | E38: =IFERROR(E36/E37,"") | F38: =IFERROR(F36/F37,"") | G38: =IFERROR(G36/G37,"") | H38: ϝ
B39: Permanent TimeToHire (Days) YTD | C39: =IF('(M&C_Shipp)'!$AB$15="","",'(M&C_Shipp)'!$AB$15) | D39: =IF('(Coreas_Shipp)'!$AB$15="","",'(Coreas_Shipp)'!$AB$15) | E39: =IF('(JBH_Shipp)'!$AB$15="","",'(JBH_Shipp)'!$AB$15) | F39: =IF('(Shipping_BRB)'!$AB$15="","",'(Shipping_BRB)'!$AB$15) | G39: =IFERROR(AVERAGE(C39:F39),"") | H39: Avg
B40: Temporary TimeToHire (Days) YTD | C40: =IF('(M&C_Shipp)'!$AD$15="","",'(M&C_Shipp)'!$AD$15) | D40: =IF('(Coreas_Shipp)'!$AD$15="","",'(Coreas_Shipp)'!$AD$15) | E40: =IF('(JBH_Shipp)'!$AD$15="","",'(JBH_Shipp)'!$AD$15) | F40: =IF('(Shipping_BRB)'!$AD$15="","",'(Shipping_BRB)'!$AD$15) | G40: =IFERROR(AVERAGE(C40:F40),"") | H40: Avg
B41: Check-ins Rate Completed (%) | G41: =IFERROR(AVERAGE(C41:F41),"") | H41: Avg
B42: EE Objectives Completed (#) | G42: =IF(COUNT(C42:F42)=0,"",SUM(C42:F42)) | H42: ∑
B43: Non-certified Absent (Days Lost) | G43: =IF(COUNT(C43:F43)=0,"",SUM(C43:F43)) | H43: ∑
B44: Certified sick leave (Days Lost) | G44: =IF(COUNT(C44:F44)=0,"",SUM(C44:F44)) | H44: ∑
B45: Total Absences | C45: =IF(COUNT(C43:C44)=0,"",SUM(C43:C44)) | D45: =IF(COUNT(D43:D44)=0,"",SUM(D43:D44)) | E45: =IF(COUNT(E43:E44)=0,"",SUM(E43:E44)) | F45: =IF(COUNT(F43:F44)=0,"",SUM(F43:F44)) | G45: =IF(COUNT(G43:G44)=0,"",SUM(G43:G44)) | H45: ϝ
B46: Absent Rate Non-Certified (%) | C46: =IF('(M&C_Shipp)'!$G$15="","",'(M&C_Shipp)'!$G$15) | D46: =IF('(Coreas_Shipp)'!$G$15="","",'(Coreas_Shipp)'!$G$15) | E46: =IF('(JBH_Shipp)'!$G$15="","",'(JBH_Shipp)'!$G$15) | F46: =IF('(Shipping_BRB)'!$G$15="","",'(Shipping_BRB)'!$G$15) | G46: {=IF(COUNT(C46:F46)=0,"",IFERROR(SUMPRODUCT(IFERROR(C46:F46*((C3:F3)+(C4:F4)),0))/SUMPRODUCT(IFERROR(ISNUMBER(C46:F46)*((C3:F3)+(C4:F4)),0)),""))} | H46: Weighted
B47: Absent Rate Certified (%) | C47: =IF('(M&C_Shipp)'!$O$15="","",'(M&C_Shipp)'!$O$15) | D47: =IF('(Coreas_Shipp)'!$O$15="","",'(Coreas_Shipp)'!$O$15) | E47: =IF('(JBH_Shipp)'!$O$15="","",'(JBH_Shipp)'!$O$15) | F47: =IF('(Shipping_BRB)'!$O$15="","",'(Shipping_BRB)'!$O$15) | G47: {=IF(COUNT(C47:F47)=0,"",IFERROR(SUMPRODUCT(IFERROR(C47:F47*((C3:F3)+(C4:F4)),0))/SUMPRODUCT(IFERROR(ISNUMBER(C47:F47)*((C3:F3)+(C4:F4)),0)),""))} | H47: Weighted
B48: Absent Rate Total (%) | C48: =IF(COUNT(C46:C47)=0,"",SUM(C46:C47)) | D48: =IF(COUNT(D46:D47)=0,"",SUM(D46:D47)) | E48: =IF(COUNT(E46:E47)=0,"",SUM(E46:E47)) | F48: =IF(COUNT(F46:F47)=0,"",SUM(F46:F47)) | G48: =IF(COUNT(G46:G47)=0,"",SUM(G46:G47)) | H48: Weighted
B49: Weight factor | C49: =IFERROR(C5/$G5,"") | D49: =IFERROR(D5/$G5,"") | E49: =IFERROR(E5/$G5,"") | F49: =IFERROR(F5/$G5,"") | G49: =IF(COUNT(C49:F49)=0,"",SUM(C49:F49)) | H49: Weight Factor
B50: Leadership (Hours) | G50: =IF(COUNT(C50:F50)=0,"",SUM(C50:F50)) | H50: ∑
B51: Technical (Hours) | G51: =IF(COUNT(C51:F51)=0,"",SUM(C51:F51)) | H51: ∑
B52: Professional Develop. (Hours) | G52: =IF(COUNT(C52:F52)=0,"",SUM(C52:F52)) | H52: ∑
B53: HSSE (Hours) | G53: =IF(COUNT(C53:F53)=0,"",SUM(C53:F53)) | H53: ∑
B54: Workday (Hours) | G54: =IF(COUNT(C54:F54)=0,"",SUM(C54:F54)) | H54: ∑
B55: Total Training Hours | C55: =IF(COUNT(C50:C54)=0,"",SUM(C50:C54)) | D55: =IF(COUNT(D50:D54)=0,"",SUM(D50:D54)) | E55: =IF(COUNT(E50:E54)=0,"",SUM(E50:E54)) | F55: =IF(COUNT(F50:F54)=0,"",SUM(F50:F54)) | G55: =IF(COUNT(G50:G54)=0,"",SUM(G50:G54)) | H55: ϝ
B56: Total Trained (Staff) | G56: =IF(COUNT(C56:F56)=0,"",SUM(C56:F56)) | H56: ∑
B57: Training Programs (#) | G57: =IF(COUNT(C57:F57)=0,"",SUM(C57:F57)) | H57: ∑
B58: Training Cost (USD) | G58: =IF(COUNT(C58:F58)=0,"",SUM(C58:F58)) | H58: ∑
B59: Training Travel Cost (USD) | G59: =IF(COUNT(C59:F59)=0,"",SUM(C59:F59)) | H59: ∑
B60: Leadership Hours Trained (%) | C60: =IFERROR(C50/C$55,"") | D60: =IFERROR(D50/D$55,"") | E60: =IFERROR(E50/E$55,"") | F60: =IFERROR(F50/F$55,"") | G60: =IFERROR(G50/G$55,"") | H60: ϝ
B61: Technical Hours Trained (%) | C61: =IFERROR(C51/C$55,"") | D61: =IFERROR(D51/D$55,"") | E61: =IFERROR(E51/E$55,"") | F61: =IFERROR(F51/F$55,"") | G61: =IFERROR(G51/G$55,"") | H61: ϝ
B62: Profess. Dev. Hours Trained (%) | C62: =IFERROR(C52/C$55,"") | D62: =IFERROR(D52/D$55,"") | E62: =IFERROR(E52/E$55,"") | F62: =IFERROR(F52/F$55,"") | G62: =IFERROR(G52/G$55,"") | H62: ϝ
B63: HSSE Hours Trained (%) | C63: =IFERROR(C53/C$55,"") | D63: =IFERROR(D53/D$55,"") | E63: =IFERROR(E53/E$55,"") | F63: =IFERROR(F53/F$55,"") | G63: =IFERROR(G53/G$55,"") | H63: ϝ
B64: Workday Hours Trained (%) | C64: =IFERROR(C54/C$55,"") | D64: =IFERROR(D54/D$55,"") | E64: =IFERROR(E54/E$55,"") | F64: =IFERROR(F54/F$55,"") | G64: =IFERROR(G54/G$55,"") | H64: ϝ
B65: Staff Trained (%) | C65: =IFERROR(C56/C5,"") | D65: =IFERROR(D56/D5,"") | E65: =IFERROR(E56/E5,"") | F65: =IFERROR(F56/F5,"") | G65: =IFERROR(G56/G5,"") | H65: ϝ
B66: Training Hours / EE | C66: =IFERROR(C55/C5,"") | D66: =IFERROR(D55/D5,"") | E66: =IFERROR(E55/E5,"") | F66: =IFERROR(F55/F5,"") | G66: =IFERROR(G55/G5,"") | H66: ϝ
B67: Training Hours / EE Trained | C67: =IFERROR(C55/C56,"") | D67: =IFERROR(D55/D56,"") | E67: =IFERROR(E55/E56,"") | F67: =IFERROR(F55/F56,"") | G67: =IFERROR(G55/G56,"") | H67: ϝ
B68: Training Invest. / EE (USD) | C68: =IF(COUNT(C58:C59)=0,"",IFERROR((N(C58)+N(C59))/C5,"")) | D68: =IF(COUNT(D58:D59)=0,"",IFERROR((N(D58)+N(D59))/D5,"")) | E68: =IF(COUNT(E58:E59)=0,"",IFERROR((N(E58)+N(E59))/E5,"")) | F68: =IF(COUNT(F58:F59)=0,"",IFERROR((N(F58)+N(F59))/F5,"")) | G68: =IF(COUNT(G58:G59)=0,"",IFERROR((N(G58)+N(G59))/G5,"")) | H68: ϝ
B69: Training Invest. / EE Trained (USD) | C69: =IF(COUNT(C58:C59)=0,"",IFERROR((N(C58)+N(C59))/C56,"")) | D69: =IF(COUNT(D58:D59)=0,"",IFERROR((N(D58)+N(D59))/D56,"")) | E69: =IF(COUNT(E58:E59)=0,"",IFERROR((N(E58)+N(E59))/E56,"")) | F69: =IF(COUNT(F58:F59)=0,"",IFERROR((N(F58)+N(F59))/F56,"")) | G69: =IF(COUNT(G58:G59)=0,"",IFERROR((N(G58)+N(G59))/G56,"")) | H69: ϝ
B70: Input Cells Not Submitted | C70: =COUNTBLANK(C3:C4)+COUNTBLANK(C6:C10)+COUNTBLANK(C12:C13)+COUNTBLANK(C18:C20)+COUNTBLANK(C22:C23)+COUNTBLANK(C27:C28)+COUNTBLANK(C34:C35)+COUNTBLANK(C39:C44)+COUNTBLANK(C46:C47)+COUNTBLANK(C50:C54)+COUNTBLANK(C56:C59) | D70: =COUNTBLANK(D3:D4)+COUNTBLANK(D6:D10)+COUNTBLANK(D12:D13)+COUNTBLANK(D18:D20)+COUNTBLANK(D22:D23)+COUNTBLANK(D27:D28)+COUNTBLANK(D34:D35)+COUNTBLANK(D39:D44)+COUNTBLANK(D46:D47)+COUNTBLANK(D50:D54)+COUNTBLANK(D56:D59) | E70: =COUNTBLANK(E3:E4)+COUNTBLANK(E6:E10)+COUNTBLANK(E12:E13)+COUNTBLANK(E18:E20)+COUNTBLANK(E22:E23)+COUNTBLANK(E27:E28)+COUNTBLANK(E34:E35)+COUNTBLANK(E39:E44)+COUNTBLANK(E46:E47)+COUNTBLANK(E50:E54)+COUNTBLANK(E56:E59) | F70: =COUNTBLANK(F3:F4)+COUNTBLANK(F6:F10)+COUNTBLANK(F12:F13)+COUNTBLANK(F18:F20)+COUNTBLANK(F22:F23)+COUNTBLANK(F27:F28)+COUNTBLANK(F34:F35)+COUNTBLANK(F39:F44)+COUNTBLANK(F46:F47)+COUNTBLANK(F50:F54)+COUNTBLANK(F56:F59) | G70: =SUM(C70:F70) | H70: ∑

Sheet (M&C_Shipp)
A1: M&C Shipping | D1: ABSENCE RATE YTD | G1: =G16 | I1: =A1 | L1: ABSENCE RATE YTD | O1: =O16 | Q1: =A1 | T1: ABSENCE RATE YTD | W1: =W16 | Y1: =A1 | AB1: TIME TO HIRE YTD (Days) | AE1: =AE16
A2: NON-CERTIFIED | I2: CERTIFIED | Q2: TOTAL ABSENCES | Y2: TIME TO HIRE BY MONTH
A3: No. | B3: Month | C3: Total Employees | D3: Working Days | E3: Total Days Lost | F3: Total Working Days | G3: Monthly Absence Rate | I3: No. | J3: Month | K3: Total Employees | L3: Working Days | M3: Total Days Lost | N3: Total Working Days | O3: Monthly Absence Rate | Q3: No. | R3: Month | S3: Total Employees | T3: Working Days | U3: Total Days Lost | V3: Total Working Days | W3: Monthly Absence Rate | Y3: No. | Z3: Month | AA3: Permanent Posts Filled YTD | AB3: Permanent Time to Hire YTD (Days) | AC3: Temporary Posts Filled YTD | AD3: Temporary Time to Hire YTD (Days) | AE3: Total Time to Hire YTD (Days)
A4: 1 | B4: 46296 | C4: =IF(OCT!$C$5="","",OCT!$C$5) | E4: =IF(OCT!$C$43="","",OCT!$C$43) | F4: =IF(OR(C4="",D4=""),"",C4*D4) | G4: =IF(OR(E4="",N(F4)=0),"",E4/F4) | I4: 1 | J4: 46296 | K4: =C4 | L4: =IF(D4="","",D4) | M4: =IF(OCT!$C$44="","",OCT!$C$44) | N4: =IF(OR(K4="",L4=""),"",K4*L4) | O4: =IF(OR(M4="",N(N4)=0),"",M4/N4) | Q4: 1 | R4: 46296 | S4: =C4 | T4: =IF(D4="","",D4) | U4: =IF(COUNT(E4,M4)=0,"",SUM(E4,M4)) | V4: =IF(OR(S4="",T4=""),"",S4*T4) | W4: =IF(OR(U4="",N(V4)=0),"",U4/V4) | Y4: 1 | Z4: 46296 | AA4: =IF($C4="","",SUMPRODUCT(($E$21:$E$60>=$Z$4)*($E$21:$E$60<=EOMONTH($Z4,0)),$G$21:$G$60)) | AB4: =IF(N(AA4)=0,"",SUMPRODUCT(($E$21:$E$60>=$Z$4)*($E$21:$E$60<=EOMONTH($Z4,0)),$F$21:$F$60,$G$21:$G$60)/AA4) | AC4: =IF($C4="","",SUMPRODUCT(($L$21:$L$60>=$Z$4)*($L$21:$L$60<=EOMONTH($Z4,0)),$N$21:$N$60)) | AD4: =IF(N(AC4)=0,"",SUMPRODUCT(($L$21:$L$60>=$Z$4)*($L$21:$L$60<=EOMONTH($Z4,0)),$M$21:$M$60,$N$21:$N$60)/AC4) | AE4: =IF(N(AA4)+N(AC4)=0,"",(N(AB4)*N(AA4)+N(AD4)*N(AC4))/(N(AA4)+N(AC4)))
A5: 2 | B5: 46327 | C5: =IF(NOV!$C$5="","",NOV!$C$5) | E5: =IF(NOV!$C$43="","",NOV!$C$43) | F5: =IF(OR(C5="",D5=""),"",C5*D5) | G5: =IF(OR(E5="",N(F5)=0),"",E5/F5) | I5: 2 | J5: 46327 | K5: =C5 | L5: =IF(D5="","",D5) | M5: =IF(NOV!$C$44="","",NOV!$C$44) | N5: =IF(OR(K5="",L5=""),"",K5*L5) | O5: =IF(OR(M5="",N(N5)=0),"",M5/N5) | Q5: 2 | R5: 46327 | S5: =C5 | T5: =IF(D5="","",D5) | U5: =IF(COUNT(E5,M5)=0,"",SUM(E5,M5)) | V5: =IF(OR(S5="",T5=""),"",S5*T5) | W5: =IF(OR(U5="",N(V5)=0),"",U5/V5) | Y5: 2 | Z5: 46327 | AA5: =IF($C5="","",SUMPRODUCT(($E$21:$E$60>=$Z$4)*($E$21:$E$60<=EOMONTH($Z5,0)),$G$21:$G$60)) | AB5: =IF(N(AA5)=0,"",SUMPRODUCT(($E$21:$E$60>=$Z$4)*($E$21:$E$60<=EOMONTH($Z5,0)),$F$21:$F$60,$G$21:$G$60)/AA5) | AC5: =IF($C5="","",SUMPRODUCT(($L$21:$L$60>=$Z$4)*($L$21:$L$60<=EOMONTH($Z5,0)),$N$21:$N$60)) | AD5: =IF(N(AC5)=0,"",SUMPRODUCT(($L$21:$L$60>=$Z$4)*($L$21:$L$60<=EOMONTH($Z5,0)),$M$21:$M$60,$N$21:$N$60)/AC5) | AE5: =IF(N(AA5)+N(AC5)=0,"",(N(AB5)*N(AA5)+N(AD5)*N(AC5))/(N(AA5)+N(AC5)))
A6: 3 | B6: 46357 | C6: =IF(DEC!$C$5="","",DEC!$C$5) | E6: =IF(DEC!$C$43="","",DEC!$C$43) | F6: =IF(OR(C6="",D6=""),"",C6*D6) | G6: =IF(OR(E6="",N(F6)=0),"",E6/F6) | I6: 3 | J6: 46357 | K6: =C6 | L6: =IF(D6="","",D6) | M6: =IF(DEC!$C$44="","",DEC!$C$44) | N6: =IF(OR(K6="",L6=""),"",K6*L6) | O6: =IF(OR(M6="",N(N6)=0),"",M6/N6) | Q6: 3 | R6: 46357 | S6: =C6 | T6: =IF(D6="","",D6) | U6: =IF(COUNT(E6,M6)=0,"",SUM(E6,M6)) | V6: =IF(OR(S6="",T6=""),"",S6*T6) | W6: =IF(OR(U6="",N(V6)=0),"",U6/V6) | Y6: 3 | Z6: 46357 | AA6: =IF($C6="","",SUMPRODUCT(($E$21:$E$60>=$Z$4)*($E$21:$E$60<=EOMONTH($Z6,0)),$G$21:$G$60)) | AB6: =IF(N(AA6)=0,"",SUMPRODUCT(($E$21:$E$60>=$Z$4)*($E$21:$E$60<=EOMONTH($Z6,0)),$F$21:$F$60,$G$21:$G$60)/AA6) | AC6: =IF($C6="","",SUMPRODUCT(($L$21:$L$60>=$Z$4)*($L$21:$L$60<=EOMONTH($Z6,0)),$N$21:$N$60)) | AD6: =IF(N(AC6)=0,"",SUMPRODUCT(($L$21:$L$60>=$Z$4)*($L$21:$L$60<=EOMONTH($Z6,0)),$M$21:$M$60,$N$21:$N$60)/AC6) | AE6: =IF(N(AA6)+N(AC6)=0,"",(N(AB6)*N(AA6)+N(AD6)*N(AC6))/(N(AA6)+N(AC6)))
A7: 4 | B7: 46388 | C7: =IF(JAN!$C$5="","",JAN!$C$5) | E7: =IF(JAN!$C$43="","",JAN!$C$43) | F7: =IF(OR(C7="",D7=""),"",C7*D7) | G7: =IF(OR(E7="",N(F7)=0),"",E7/F7) | I7: 4 | J7: 46388 | K7: =C7 | L7: =IF(D7="","",D7) | M7: =IF(JAN!$C$44="","",JAN!$C$44) | N7: =IF(OR(K7="",L7=""),"",K7*L7) | O7: =IF(OR(M7="",N(N7)=0),"",M7/N7) | Q7: 4 | R7: 46388 | S7: =C7 | T7: =IF(D7="","",D7) | U7: =IF(COUNT(E7,M7)=0,"",SUM(E7,M7)) | V7: =IF(OR(S7="",T7=""),"",S7*T7) | W7: =IF(OR(U7="",N(V7)=0),"",U7/V7) | Y7: 4 | Z7: 46388 | AA7: =IF($C7="","",SUMPRODUCT(($E$21:$E$60>=$Z$4)*($E$21:$E$60<=EOMONTH($Z7,0)),$G$21:$G$60)) | AB7: =IF(N(AA7)=0,"",SUMPRODUCT(($E$21:$E$60>=$Z$4)*($E$21:$E$60<=EOMONTH($Z7,0)),$F$21:$F$60,$G$21:$G$60)/AA7) | AC7: =IF($C7="","",SUMPRODUCT(($L$21:$L$60>=$Z$4)*($L$21:$L$60<=EOMONTH($Z7,0)),$N$21:$N$60)) | AD7: =IF(N(AC7)=0,"",SUMPRODUCT(($L$21:$L$60>=$Z$4)*($L$21:$L$60<=EOMONTH($Z7,0)),$M$21:$M$60,$N$21:$N$60)/AC7) | AE7: =IF(N(AA7)+N(AC7)=0,"",(N(AB7)*N(AA7)+N(AD7)*N(AC7))/(N(AA7)+N(AC7)))
