Workbook

Sheet Quarter
B1: GCG
A2: FY2027 | B2: Quarter | C2: OCT | D2: NOV | E2: DEC | F2: ∑Q1 | G2: JAN | H2: FEB | I2: MAR | J2: ∑Q2 | K2: APR | L2: MAY | M2: JUN | N2: ∑Q3 | O2: JUL | P2: AUG | Q2: SEP | R2: ∑Q4 | S2: FY2027
B3: Permanent (Regular) Headcount | C3: =OCT!AJ3 | D3: =NOV!AJ3 | E3: =DEC!AJ3 | F3: =IFERROR(AVERAGE(C3:E3),"") | G3: =JAN!AJ3 | H3: =FEB!AJ3 | I3: =MAR!AJ3 | J3: =IFERROR(AVERAGE(G3:I3),"") | K3: =APR!AJ3 | L3: =MAY!AJ3 | M3: =JUN!AJ3 | N3: =IFERROR(AVERAGE(K3:M3),"") | O3: =JUL!AJ3 | P3: =AUG!AJ3 | Q3: =SEP!AJ3 | R3: =IFERROR(AVERAGE(O3:Q3),"") | S3: =IFERROR(AVERAGE(C3:E3,G3:I3,K3:M3,O3:Q3),"")
B4: Temporary (Fix Term) Headcount | C4: =OCT!AJ4 | D4: =NOV!AJ4 | E4: =DEC!AJ4 | F4: =IFERROR(AVERAGE(C4:E4),"") | G4: =JAN!AJ4 | H4: =FEB!AJ4 | I4: =MAR!AJ4 | J4: =IFERROR(AVERAGE(G4:I4),"") | K4: =APR!AJ4 | L4: =MAY!AJ4 | M4: =JUN!AJ4 | N4: =IFERROR(AVERAGE(K4:M4),"") | O4: =JUL!AJ4 | P4: =AUG!AJ4 | Q4: =SEP!AJ4 | R4: =IFERROR(AVERAGE(O4:Q4),"") | S4: =IFERROR(AVERAGE(C4:E4,G4:I4,K4:M4,O4:Q4),"")
B5: Employee Headcount (Productivity) | C5: =OCT!AJ5 | D5: =NOV!AJ5 | E5: =DEC!AJ5 | F5: =IF(COUNT(F3:F4)=0,"",SUM(F3:F4)) | G5: =JAN!AJ5 | H5: =FEB!AJ5 | I5: =MAR!AJ5 | J5: =IF(COUNT(J3:J4)=0,"",SUM(J3:J4)) | K5: =APR!AJ5 | L5: =MAY!AJ5 | M5: =JUN!AJ5 | N5: =IF(COUNT(N3:N4)=0,"",SUM(N3:N4)) | O5: =JUL!AJ5 | P5: =AUG!AJ5 | Q5: =SEP!AJ5 | R5: =IF(COUNT(R3:R4)=0,"",SUM(R3:R4)) | S5: =IF(COUNT(S3:S4)=0,"",SUM(S3:S4))
B6: Headcount = 1.00 | C6: =OCT!AJ6 | D6: =NOV!AJ6 | E6: =DEC!AJ6 | F6: =IFERROR(AVERAGE(C6:E6),"") | G6: =JAN!AJ6 | H6: =FEB!AJ6 | I6: =MAR!AJ6 | J6: =IFERROR(AVERAGE(G6:I6),"") | K6: =APR!AJ6 | L6: =MAY!AJ6 | M6: =JUN!AJ6 | N6: =IFERROR(AVERAGE(K6:M6),"") | O6: =JUL!AJ6 | P6: =AUG!AJ6 | Q6: =SEP!AJ6 | R6: =IFERROR(AVERAGE(O6:Q6),"") | S6: =IFERROR(AVERAGE(C6:E6,G6:I6,K6:M6,O6:Q6),"")
B7: Headcount = 0.75 | C7: =OCT!AJ7 | D7: =NOV!AJ7 | E7: =DEC!AJ7 | F7: =IFERROR(AVERAGE(C7:E7),"") | G7: =JAN!AJ7 | H7: =FEB!AJ7 | I7: =MAR!AJ7 | J7: =IFERROR(AVERAGE(G7:I7),"") | K7: =APR!AJ7 | L7: =MAY!AJ7 | M7: =JUN!AJ7 | N7: =IFERROR(AVERAGE(K7:M7),"") | O7: =JUL!AJ7 | P7: =AUG!AJ7 | Q7: =SEP!AJ7 | R7: =IFERROR(AVERAGE(O7:Q7),"") | S7: =IFERROR(AVERAGE(C7:E7,G7:I7,K7:M7,O7:Q7),"")
B8: Headcount = 0.50 | C8: =OCT!AJ8 | D8: =NOV!AJ8 | E8: =DEC!AJ8 | F8: =IFERROR(AVERAGE(C8:E8),"") | G8: =JAN!AJ8 | H8: =FEB!AJ8 | I8: =MAR!AJ8 | J8: =IFERROR(AVERAGE(G8:I8),"") | K8: =APR!AJ8 | L8: =MAY!AJ8 | M8: =JUN!AJ8 | N8: =IFERROR(AVERAGE(K8:M8),"") | O8: =JUL!AJ8 | P8: =AUG!AJ8 | Q8: =SEP!AJ8 | R8: =IFERROR(AVERAGE(O8:Q8),"") | S8: =IFERROR(AVERAGE(C8:E8,G8:I8,K8:M8,O8:Q8),"")
B9: Headcount = 0.25 | C9: =OCT!AJ9 | D9: =NOV!AJ9 | E9: =DEC!AJ9 | F9: =IFERROR(AVERAGE(C9:E9),"") | G9: =JAN!AJ9 | H9: =FEB!AJ9 | I9: =MAR!AJ9 | J9: =IFERROR(AVERAGE(G9:I9),"") | K9: =APR!AJ9 | L9: =MAY!AJ9 | M9: =JUN!AJ9 | N9: =IFERROR(AVERAGE(K9:M9),"") | O9: =JUL!AJ9 | P9: =AUG!AJ9 | Q9: =SEP!AJ9 | R9: =IFERROR(AVERAGE(O9:Q9),"") | S9: =IFERROR(AVERAGE(C9:E9,G9:I9,K9:M9,O9:Q9),"")
B10: Standard Monthly Hours (FTE basis) | C10: =OCT!AJ10 | D10: =NOV!AJ10 | E10: =DEC!AJ10 | F10: =IFERROR(AVERAGE(C10:E10),"") | G10: =JAN!AJ10 | H10: =FEB!AJ10 | I10: =MAR!AJ10 | J10: =IFERROR(AVERAGE(G10:I10),"") | K10: =APR!AJ10 | L10: =MAY!AJ10 | M10: =JUN!AJ10 | N10: =IFERROR(AVERAGE(K10:M10),"") | O10: =JUL!AJ10 | P10: =AUG!AJ10 | Q10: =SEP!AJ10 | R10: =IFERROR(AVERAGE(O10:Q10),"") | S10: =IFERROR(AVERAGE(C10:E10,G10:I10,K10:M10,O10:Q10),"")
B11: Employee FTE (Finance) | C11: =OCT!AJ11 | D11: =NOV!AJ11 | E11: =DEC!AJ11 | F11: =IF(COUNT(F6:F9)=0,"",N(F6)+N(F7)*0.75+N(F8)*0.5+N(F9)*0.25) | G11: =JAN!AJ11 | H11: =FEB!AJ11 | I11: =MAR!AJ11 | J11: =IF(COUNT(J6:J9)=0,"",N(J6)+N(J7)*0.75+N(J8)*0.5+N(J9)*0.25) | K11: =APR!AJ11 | L11: =MAY!AJ11 | M11: =JUN!AJ11 | N11: =IF(COUNT(N6:N9)=0,"",N(N6)+N(N7)*0.75+N(N8)*0.5+N(N9)*0.25) | O11: =JUL!AJ11 | P11: =AUG!AJ11 | Q11: =SEP!AJ11 | R11: =IF(COUNT(R6:R9)=0,"",N(R6)+N(R7)*0.75+N(R8)*0.5+N(R9)*0.25) | S11: =IF(COUNT(S6:S9)=0,"",N(S6)+N(S7)*0.75+N(S8)*0.5+N(S9)*0.25)
B12: Subcontracted Workforce HC | C12: =OCT!AJ12 | D12: =NOV!AJ12 | E12: =DEC!AJ12 | F12: =IFERROR(AVERAGE(C12:E12),"") | G12: =JAN!AJ12 | H12: =FEB!AJ12 | I12: =MAR!AJ12 | J12: =IFERROR(AVERAGE(G12:I12),"") | K12: =APR!AJ12 | L12: =MAY!AJ12 | M12: =JUN!AJ12 | N12: =IFERROR(AVERAGE(K12:M12),"") | O12: =JUL!AJ12 | P12: =AUG!AJ12 | Q12: =SEP!AJ12 | R12: =IFERROR(AVERAGE(O12:Q12),"") | S12: =IFERROR(AVERAGE(C12:E12,G12:I12,K12:M12,O12:Q12),"")
B13: Subcontracted Productive Hours | C13: =OCT!AJ13 | D13: =NOV!AJ13 | E13: =DEC!AJ13 | F13: =IFERROR(AVERAGE(C13:E13),"") | G13: =JAN!AJ13 | H13: =FEB!AJ13 | I13: =MAR!AJ13 | J13: =IFERROR(AVERAGE(G13:I13),"") | K13: =APR!AJ13 | L13: =MAY!AJ13 | M13: =JUN!AJ13 | N13: =IFERROR(AVERAGE(K13:M13),"") | O13: =JUL!AJ13 | P13: =AUG!AJ13 | Q13: =SEP!AJ13 | R13: =IFERROR(AVERAGE(O13:Q13),"") | S13: =IFERROR(AVERAGE(C13:E13,G13:I13,K13:M13,O13:Q13),"")
B14: Subcontracted FTE | C14: =OCT!AJ14 | D14: =NOV!AJ14 | E14: =DEC!AJ14 | F14: =IFERROR(F13/F10,"") | G14: =JAN!AJ14 | H14: =FEB!AJ14 | I14: =MAR!AJ14 | J14: =IFERROR(J13/J10,"") | K14: =APR!AJ14 | L14: =MAY!AJ14 | M14: =JUN!AJ14 | N14: =IFERROR(N13/N10,"") | O14: =JUL!AJ14 | P14: =AUG!AJ14 | Q14: =SEP!AJ14 | R14: =IFERROR(R13/R10,"") | S14: =IFERROR(S13/S10,"")
B15: Total Operational Workforce | C15: =OCT!AJ15 | D15: =NOV!AJ15 | E15: =DEC!AJ15 | F15: =IF(COUNT(F5,F12)=0,"",SUM(F5,F12)) | G15: =JAN!AJ15 | H15: =FEB!AJ15 | I15: =MAR!AJ15 | J15: =IF(COUNT(J5,J12)=0,"",SUM(J5,J12)) | K15: =APR!AJ15 | L15: =MAY!AJ15 | M15: =JUN!AJ15 | N15: =IF(COUNT(N5,N12)=0,"",SUM(N5,N12)) | O15: =JUL!AJ15 | P15: =AUG!AJ15 | Q15: =SEP!AJ15 | R15: =IF(COUNT(R5,R12)=0,"",SUM(R5,R12)) | S15: =IF(COUNT(S5,S12)=0,"",SUM(S5,S12))
B16: Total Operational FTE | C16: =OCT!AJ16 | D16: =NOV!AJ16 | E16: =DEC!AJ16 | F16: =IF(COUNT(F11,F14)=0,"",SUM(F11,F14)) | G16: =JAN!AJ16 | H16: =FEB!AJ16 | I16: =MAR!AJ16 | J16: =IF(COUNT(J11,J14)=0,"",SUM(J11,J14)) | K16: =APR!AJ16 | L16: =MAY!AJ16 | M16: =JUN!AJ16 | N16: =IF(COUNT(N11,N14)=0,"",SUM(N11,N14)) | O16: =JUL!AJ16 | P16: =AUG!AJ16 | Q16: =SEP!AJ16 | R16: =IF(COUNT(R11,R14)=0,"",SUM(R11,R14)) | S16: =IF(COUNT(S11,S14)=0,"",SUM(S11,S14))
B17: Subcontracted Share of Workforce (%) | C17: =OCT!AJ17 | D17: =NOV!AJ17 | E17: =DEC!AJ17 | F17: =IFERROR(F12/F15,"") | G17: =JAN!AJ17 | H17: =FEB!AJ17 | I17: =MAR!AJ17 | J17: =IFERROR(J12/J15,"") | K17: =APR!AJ17 | L17: =MAY!AJ17 | M17: =JUN!AJ17 | N17: =IFERROR(N12/N15,"") | O17: =JUL!AJ17 | P17: =AUG!AJ17 | Q17: =SEP!AJ17 | R17: =IFERROR(R12/R15,"") | S17: =IFERROR(S12/S15,"")
B18: FTE HR Team | C18: =OCT!AJ18 | D18: =NOV!AJ18 | E18: =DEC!AJ18 | F18: =IFERROR(AVERAGE(C18:E18),"") | G18: =JAN!AJ18 | H18: =FEB!AJ18 | I18: =MAR!AJ18 | J18: =IFERROR(AVERAGE(G18:I18),"") | K18: =APR!AJ18 | L18: =MAY!AJ18 | M18: =JUN!AJ18 | N18: =IFERROR(AVERAGE(K18:M18),"") | O18: =JUL!AJ18 | P18: =AUG!AJ18 | Q18: =SEP!AJ18 | R18: =IFERROR(AVERAGE(O18:Q18),"") | S18: =IFERROR(AVERAGE(C18:E18,G18:I18,K18:M18,O18:Q18),"")
B19: Permanent Hires | C19: =OCT!AJ19 | D19: =NOV!AJ19 | E19: =DEC!AJ19 | F19: =IF(COUNT(C19:E19)=0,"",SUM(C19:E19)) | G19: =JAN!AJ19 | H19: =FEB!AJ19 | I19: =MAR!AJ19 | J19: =IF(COUNT(G19:I19)=0,"",SUM(G19:I19)) | K19: =APR!AJ19 | L19: =MAY!AJ19 | M19: =JUN!AJ19 | N19: =IF(COUNT(K19:M19)=0,"",SUM(K19:M19)) | O19: =JUL!AJ19 | P19: =AUG!AJ19 | Q19: =SEP!AJ19 | R19: =IF(COUNT(O19:Q19)=0,"",SUM(O19:Q19)) | S19: =IF(COUNT(C19:E19,G19:I19,K19:M19,O19:Q19)=0,"",SUM(C19:E19,G19:I19,K19:M19,O19:Q19))
B20: Temporary Hires | C20: =OCT!AJ20 | D20: =NOV!AJ20 | E20: =DEC!AJ20 | F20: =IF(COUNT(C20:E20)=0,"",SUM(C20:E20)) | G20: =JAN!AJ20 | H20: =FEB!AJ20 | I20: =MAR!AJ20 | J20: =IF(COUNT(G20:I20)=0,"",SUM(G20:I20)) | K20: =APR!AJ20 | L20: =MAY!AJ20 | M20: =JUN!AJ20 | N20: =IF(COUNT(K20:M20)=0,"",SUM(K20:M20)) | O20: =JUL!AJ20 | P20: =AUG!AJ20 | Q20: =SEP!AJ20 | R20: =IF(COUNT(O20:Q20)=0,"",SUM(O20:Q20)) | S20: =IF(COUNT(C20:E20,G20:I20,K20:M20,O20:Q20)=0,"",SUM(C20:E20,G20:I20,K20:M20,O20:Q20))
B21: Total Hires | C21: =OCT!AJ21 | D21: =NOV!AJ21 | E21: =DEC!AJ21 | F21: =IF(COUNT(F19:F20)=0,"",SUM(F19:F20)) | G21: =JAN!AJ21 | H21: =FEB!AJ21 | I21: =MAR!AJ21 | J21: =IF(COUNT(J19:J20)=0,"",SUM(J19:J20)) | K21: =APR!AJ21 | L21: =MAY!AJ21 | M21: =JUN!AJ21 | N21: =IF(COUNT(N19:N20)=0,"",SUM(N19:N20)) | O21: =JUL!AJ21 | P21: =AUG!AJ21 | Q21: =SEP!AJ21 | R21: =IF(COUNT(R19:R20)=0,"",SUM(R19:R20)) | S21: =IF(COUNT(S19:S20)=0,"",SUM(S19:S20))
B22: Permanent Exits | C22: =OCT!AJ22 | D22: =NOV!AJ22 | E22: =DEC!AJ22 | F22: =IF(COUNT(C22:E22)=0,"",SUM(C22:E22)) | G22: =JAN!AJ22 | H22: =FEB!AJ22 | I22: =MAR!AJ22 | J22: =IF(COUNT(G22:I22)=0,"",SUM(G22:I22)) | K22: =APR!AJ22 | L22: =MAY!AJ22 | M22: =JUN!AJ22 | N22: =IF(COUNT(K22:M22)=0,"",SUM(K22:M22)) | O22: =JUL!AJ22 | P22: =AUG!AJ22 | Q22: =SEP!AJ22 | R22: =IF(COUNT(O22:Q22)=0,"",SUM(O22:Q22)) | S22: =IF(COUNT(C22:E22,G22:I22,K22:M22,O22:Q22)=0,"",SUM(C22:E22,G22:I22,K22:M22,O22:Q22))
B23: Temporary Exits | C23: =OCT!AJ23 | D23: =NOV!AJ23 | E23: =DEC!AJ23 | F23: =IF(COUNT(C23:E23)=0,"",SUM(C23:E23)) | G23: =JAN!AJ23 | H23: =FEB!AJ23 | I23: =MAR!AJ23 | J23: =IF(COUNT(G23:I23)=0,"",SUM(G23:I23)) | K23: =APR!AJ23 | L23: =MAY!AJ23 | M23: =JUN!AJ23 | N23: =IF(COUNT(K23:M23)=0,"",SUM(K23:M23)) | O23: =JUL!AJ23 | P23: =AUG!AJ23 | Q23: =SEP!AJ23 | R23: =IF(COUNT(O23:Q23)=0,"",SUM(O23:Q23)) | S23: =IF(COUNT(C23:E23,G23:I23,K23:M23,O23:Q23)=0,"",SUM(C23:E23,G23:I23,K23:M23,O23:Q23))
B24: Total Exits | C24: =OCT!AJ24 | D24: =NOV!AJ24 | E24: =DEC!AJ24 | F24: =IF(COUNT(F22:F23)=0,"",SUM(F22:F23)) | G24: =JAN!AJ24 | H24: =FEB!AJ24 | I24: =MAR!AJ24 | J24: =IF(COUNT(J22:J23)=0,"",SUM(J22:J23)) | K24: =APR!AJ24 | L24: =MAY!AJ24 | M24: =JUN!AJ24 | N24: =IF(COUNT(N22:N23)=0,"",SUM(N22:N23)) | O24: =JUL!AJ24 | P24: =AUG!AJ24 | Q24: =SEP!AJ24 | R24: =IF(COUNT(R22:R23)=0,"",SUM(R22:R23)) | S24: =IF(COUNT(S22:S23)=0,"",SUM(S22:S23))
B25: Permanent Turnover (%) | C25: =OCT!AJ25 | D25: =NOV!AJ25 | E25: =DEC!AJ25 | F25: =IF(COUNT(F31,F32)<2,"",IF((F32+F31)=0,"",N(F22)/((F32+F31)/2))) | G25: =JAN!AJ25 | H25: =FEB!AJ25 | I25: =MAR!AJ25 | J25: =IF(COUNT(J31,J32)<2,"",IF((J32+J31)=0,"",N(J22)/((J32+J31)/2))) | K25: =APR!AJ25 | L25: =MAY!AJ25 | M25: =JUN!AJ25 | N25: =IF(COUNT(N31,N32)<2,"",IF((N32+N31)=0,"",N(N22)/((N32+N31)/2))) | O25: =JUL!AJ25 | P25: =AUG!AJ25 | Q25: =SEP!AJ25 | R25: =IF(COUNT(R31,R32)<2,"",IF((R32+R31)=0,"",N(R22)/((R32+R31)/2))) | S25: =IF(COUNT(S31,S32)<2,"",IF((S32+S31)=0,"",N(S22)/((S32+S31)/2)))
B26: Temporary Turnover (%) | C26: =OCT!AJ26 | D26: =NOV!AJ26 | E26: =DEC!AJ26 | F26: =IF(COUNT(F31,F32)<2,"",IF((F32+F31)=0,"",N(F23)/((F32+F31)/2))) | G26: =JAN!AJ26 | H26: =FEB!AJ26 | I26: =MAR!AJ26 | J26: =IF(COUNT(J31,J32)<2,"",IF((J32+J31)=0,"",N(J23)/((J32+J31)/2))) | K26: =APR!AJ26 | L26: =MAY!AJ26 | M26: =JUN!AJ26 | N26: =IF(COUNT(N31,N32)<2,"",IF((N32+N31)=0,"",N(N23)/((N32+N31)/2))) | O26: =JUL!AJ26 | P26: =AUG!AJ26 | Q26: =SEP!AJ26 | R26: =IF(COUNT(R31,R32)<2,"",IF((R32+R31)=0,"",N(R23)/((R32+R31)/2))) | S26: =IF(COUNT(S31,S32)<2,"",IF((S32+S31)=0,"",N(S23)/((S32+S31)/2)))
B27: Voluntary Terminations | C27: =OCT!AJ27 | D27: =NOV!AJ27 | E27: =DEC!AJ27 | F27: =IF(COUNT(C27:E27)=0,"",SUM(C27:E27)) | G27: =JAN!AJ27 | H27: =FEB!AJ27 | I27: =MAR!AJ27 | J27: =IF(COUNT(G27:I27)=0,"",SUM(G27:I27)) | K27: =APR!AJ27 | L27: =MAY!AJ27 | M27: =JUN!AJ27 | N27: =IF(COUNT(K27:M27)=0,"",SUM(K27:M27)) | O27: =JUL!AJ27 | P27: =AUG!AJ27 | Q27: =SEP!AJ27 | R27: =IF(COUNT(O27:Q27)=0,"",SUM(O27:Q27)) | S27: =IF(COUNT(C27:E27,G27:I27,K27:M27,O27:Q27)=0,"",SUM(C27:E27,G27:I27,K27:M27,O27:Q27))
B28: Involuntary Terminations | C28: =OCT!AJ28 | D28: =NOV!AJ28 | E28: =DEC!AJ28 | F28: =IF(COUNT(C28:E28)=0,"",SUM(C28:E28)) | G28: =JAN!AJ28 | H28: =FEB!AJ28 | I28: =MAR!AJ28 | J28: =IF(COUNT(G28:I28)=0,"",SUM(G28:I28)) | K28: =APR!AJ28 | L28: =MAY!AJ28 | M28: =JUN!AJ28 | N28: =IF(COUNT(K28:M28)=0,"",SUM(K28:M28)) | O28: =JUL!AJ28 | P28: =AUG!AJ28 | Q28: =SEP!AJ28 | R28: =IF(COUNT(O28:Q28)=0,"",SUM(O28:Q28)) | S28: =IF(COUNT(C28:E28,G28:I28,K28:M28,O28:Q28)=0,"",SUM(C28:E28,G28:I28,K28:M28,O28:Q28))
B29: Voluntary Turnover (%) | C29: =OCT!AJ29 | D29: =NOV!AJ29 | E29: =DEC!AJ29 | F29: =IF(COUNT(F31,F32)<2,"",IF((F32+F31)=0,"",N(F27)/((F32+F31)/2))) | G29: =JAN!AJ29 | H29: =FEB!AJ29 | I29: =MAR!AJ29 | J29: =IF(COUNT(J31,J32)<2,"",IF((J32+J31)=0,"",N(J27)/((J32+J31)/2))) | K29: =APR!AJ29 | L29: =MAY!AJ29 | M29: =JUN!AJ29 | N29: =IF(COUNT(N31,N32)<2,"",IF((N32+N31)=0,"",N(N27)/((N32+N31)/2))) | O29: =JUL!AJ29 | P29: =AUG!AJ29 | Q29: =SEP!AJ29 | R29: =IF(COUNT(R31,R32)<2,"",IF((R32+R31)=0,"",N(R27)/((R32+R31)/2))) | S29: =IF(COUNT(S31,S32)<2,"",IF((S32+S31)=0,"",N(S27)/((S32+S31)/2)))
B30: Involuntary Turnover (%) | C30: =OCT!AJ30 | D30: =NOV!AJ30 | E30: =DEC!AJ30 | F30: =IF(COUNT(F31,F32)<2,"",IF((F32+F31)=0,"",N(F28)/((F32+F31)/2))) | G30: =JAN!AJ30 | H30: =FEB!AJ30 | I30: =MAR!AJ30 | J30: =IF(COUNT(J31,J32)<2,"",IF((J32+J31)=0,"",N(J28)/((J32+J31)/2))) | K30: =APR!AJ30 | L30: =MAY!AJ30 | M30: =JUN!AJ30 | N30: =IF(COUNT(N31,N32)<2,"",IF((N32+N31)=0,"",N(N28)/((N32+N31)/2))) | O30: =JUL!AJ30 | P30: =AUG!AJ30 | Q30: =SEP!AJ30 | R30: =IF(COUNT(R31,R32)<2,"",IF((R32+R31)=0,"",N(R28)/((R32+R31)/2))) | S30: =IF(COUNT(S31,S32)<2,"",IF((S32+S31)=0,"",N(S28)/((S32+S31)/2)))
B31: Headcount last Month | C31: =OCT!AJ31 | D31: =NOV!AJ31 | E31: =DEC!AJ31 | F31: =IFERROR(AVERAGE(C31:E31),"") | G31: =JAN!AJ31 | H31: =FEB!AJ31 | I31: =MAR!AJ31 | J31: =IFERROR(AVERAGE(G31:I31),"") | K31: =APR!AJ31 | L31: =MAY!AJ31 | M31: =JUN!AJ31 | N31: =IFERROR(AVERAGE(K31:M31),"") | O31: =JUL!AJ31 | P31: =AUG!AJ31 | Q31: =SEP!AJ31 | R31: =IFERROR(AVERAGE(O31:Q31),"") | S31: =IFERROR(AVERAGE(C31:E31,G31:I31,K31:M31,O31:Q31),"")
B32: Headcount this Month | C32: =OCT!AJ32 | D32: =NOV!AJ32 | E32: =DEC!AJ32 | F32: =IFERROR(AVERAGE(C32:E32),"") | G32: =JAN!AJ32 | H32: =FEB!AJ32 | I32: =MAR!AJ32 | J32: =IFERROR(AVERAGE(G32:I32),"") | K32: =APR!AJ32 | L32: =MAY!AJ32 | M32: =JUN!AJ32 | N32: =IFERROR(AVERAGE(K32:M32),"") | O32: =JUL!AJ32 | P32: =AUG!AJ32 | Q32: =SEP!AJ32 | R32: =IFERROR(AVERAGE(O32:Q32),"") | S32: =IFERROR(AVERAGE(C32:E32,G32:I32,K32:M32,O32:Q32),"")
B33: Full Turnover (%) | C33: =OCT!AJ33 | D33: =NOV!AJ33 | E33: =DEC!AJ33 | F33: =IF(COUNT(F31,F32)<2,"",IF((F32+F31)=0,"",N(F24)/((F32+F31)/2))) | G33: =JAN!AJ33 | H33: =FEB!AJ33 | I33: =MAR!AJ33 | J33: =IF(COUNT(J31,J32)<2,"",IF((J32+J31)=0,"",N(J24)/((J32+J31)/2))) | K33: =APR!AJ33 | L33: =MAY!AJ33 | M33: =JUN!AJ33 | N33: =IF(COUNT(N31,N32)<2,"",IF((N32+N31)=0,"",N(N24)/((N32+N31)/2))) | O33: =JUL!AJ33 | P33: =AUG!AJ33 | Q33: =SEP!AJ33 | R33: =IF(COUNT(R31,R32)<2,"",IF((R32+R31)=0,"",N(R24)/((R32+R31)/2))) | S33: =IF(COUNT(S31,S32)<2,"",IF((S32+S31)=0,"",N(S24)/((S32+S31)/2)))
B34: Permanent Vacancies | C34: =OCT!AJ34 | D34: =NOV!AJ34 | E34: =DEC!AJ34 | F34: =IFERROR(AVERAGE(C34:E34),"") | G34: =JAN!AJ34 | H34: =FEB!AJ34 | I34: =MAR!AJ34 | J34: =IFERROR(AVERAGE(G34:I34),"") | K34: =APR!AJ34 | L34: =MAY!AJ34 | M34: =JUN!AJ34 | N34: =IFERROR(AVERAGE(K34:M34),"") | O34: =JUL!AJ34 | P34: =AUG!AJ34 | Q34: =SEP!AJ34 | R34: =IFERROR(AVERAGE(O34:Q34),"") | S34: =IFERROR(AVERAGE(C34:E34,G34:I34,K34:M34,O34:Q34),"")
B35: Temporary Vacancies | C35: =OCT!AJ35 | D35: =NOV!AJ35 | E35: =DEC!AJ35 | F35: =IFERROR(AVERAGE(C35:E35),"") | G35: =JAN!AJ35 | H35: =FEB!AJ35 | I35: =MAR!AJ35 | J35: =IFERROR(AVERAGE(G35:I35),"") | K35: =APR!AJ35 | L35: =MAY!AJ35 | M35: =JUN!AJ35 | N35: =IFERROR(AVERAGE(K35:M35),"") | O35: =JUL!AJ35 | P35: =AUG!AJ35 | Q35: =SEP!AJ35 | R35: =IFERROR(AVERAGE(O35:Q35),"") | S35: =IFERROR(AVERAGE(C35:E35,G35:I35,K35:M35,O35:Q35),"")
B36: Total Vacancies | C36: =OCT!AJ36 | D36: =NOV!AJ36 | E36: =DEC!AJ36 | F36: =IF(COUNT(F34:F35)=0,"",SUM(F34:F35)) | G36: =JAN!AJ36 | H36: =FEB!AJ36 | I36: =MAR!AJ36 | J36: =IF(COUNT(J34:J35)=0,"",SUM(J34:J35)) | K36: =APR!AJ36 | L36: =MAY!AJ36 | M36: =JUN!AJ36 | N36: =IF(COUNT(N34:N35)=0,"",SUM(N34:N35)) | O36: =JUL!AJ36 | P36: =AUG!AJ36 | Q36: =SEP!AJ36 | R36: =IF(COUNT(R34:R35)=0,"",SUM(R34:R35)) | S36: =IF(COUNT(S34:S35)=0,"",SUM(S34:S35))
B37: Authorized Positions | C37: =OCT!AJ37 | D37: =NOV!AJ37 | E37: =DEC!AJ37 | F37: =IF(COUNT(F5,F36)=0,"",N(F5)+N(F36)) | G37: =JAN!AJ37 | H37: =FEB!AJ37 | I37: =MAR!AJ37 | J37: =IF(COUNT(J5,J36)=0,"",N(J5)+N(J36)) | K37: =APR!AJ37 | L37: =MAY!AJ37 | M37: =JUN!AJ37 | N37: =IF(COUNT(N5,N36)=0,"",N(N5)+N(N36)) | O37: =JUL!AJ37 | P37: =AUG!AJ37 | Q37: =SEP!AJ37 | R37: =IF(COUNT(R5,R36)=0,"",N(R5)+N(R36)) | S37: =IF(COUNT(S5,S36)=0,"",N(S5)+N(S36))
B38: Vacancy Rate (%) | C38: =OCT!AJ38 | D38: =NOV!AJ38 | E38: =DEC!AJ38 | F38: =IFERROR(F36/F37,"") | G38: =JAN!AJ38 | H38: =FEB!AJ38 | I38: =MAR!AJ38 | J38: =IFERROR(J36/J37,"") | K38: =APR!AJ38 | L38: =MAY!AJ38 | M38: =JUN!AJ38 | N38: =IFERROR(N36/N37,"") | O38: =JUL!AJ38 | P38: =AUG!AJ38 | Q38: =SEP!AJ38 | R38: =IFERROR(R36/R37,"") | S38: =IFERROR(S36/S37,"")
B39: Permanent TimeToHire (Days) YTD | C39: =OCT!AJ39 | D39: =NOV!AJ39 | E39: =DEC!AJ39 | F39: =IFERROR(LOOKUP(2,1/ISNUMBER(C39:E39),C39:E39),"") | G39: =JAN!AJ39 | H39: =FEB!AJ39 | I39: =MAR!AJ39 | J39: =IFERROR(LOOKUP(2,1/ISNUMBER(G39:I39),G39:I39),"") | K39: =APR!AJ39 | L39: =MAY!AJ39 | M39: =JUN!AJ39 | N39: =IFERROR(LOOKUP(2,1/ISNUMBER(K39:M39),K39:M39),"") | O39: =JUL!AJ39 | P39: =AUG!AJ39 | Q39: =SEP!AJ39 | R39: =IFERROR(LOOKUP(2,1/ISNUMBER(O39:Q39),O39:Q39),"") | S39: =IFERROR(LOOKUP(2,1/ISNUMBER(C39:Q39),C39:Q39),"")
B40: Temporary TimeToHire (Days) YTD | C40: =OCT!AJ40 | D40: =NOV!AJ40 | E40: =DEC!AJ40 | F40: =IFERROR(LOOKUP(2,1/ISNUMBER(C40:E40),C40:E40),"") | G40: =JAN!AJ40 | H40: =FEB!AJ40 | I40: =MAR!AJ40 | J40: =IFERROR(LOOKUP(2,1/ISNUMBER(G40:I40),G40:I40),"") | K40: =APR!AJ40 | L40: =MAY!AJ40 | M40: =JUN!AJ40 | N40: =IFERROR(LOOKUP(2,1/ISNUMBER(K40:M40),K40:M40),"") | O40: =JUL!AJ40 | P40: =AUG!AJ40 | Q40: =SEP!AJ40 | R40: =IFERROR(LOOKUP(2,1/ISNUMBER(O40:Q40),O40:Q40),"") | S40: =IFERROR(LOOKUP(2,1/ISNUMBER(C40:Q40),C40:Q40),"")
B41: Check-ins Rate Completed (%) | C41: =OCT!AJ41 | D41: =NOV!AJ41 | E41: =DEC!AJ41 | F41: =IFERROR(AVERAGE(C41:E41),"") | G41: =JAN!AJ41 | H41: =FEB!AJ41 | I41: =MAR!AJ41 | J41: =IFERROR(AVERAGE(G41:I41),"") | K41: =APR!AJ41 | L41: =MAY!AJ41 | M41: =JUN!AJ41 | N41: =IFERROR(AVERAGE(K41:M41),"") | O41: =JUL!AJ41 | P41: =AUG!AJ41 | Q41: =SEP!AJ41 | R41: =IFERROR(AVERAGE(O41:Q41),"") | S41: =IFERROR(AVERAGE(C41:E41,G41:I41,K41:M41,O41:Q41),"")
B42: EE Objectives Completed (#) | C42: =OCT!AJ42 | D42: =NOV!AJ42 | E42: =DEC!AJ42 | F42: =IF(COUNT(C42:E42)=0,"",SUM(C42:E42)) | G42: =JAN!AJ42 | H42: =FEB!AJ42 | I42: =MAR!AJ42 | J42: =IF(COUNT(G42:I42)=0,"",SUM(G42:I42)) | K42: =APR!AJ42 | L42: =MAY!AJ42 | M42: =JUN!AJ42 | N42: =IF(COUNT(K42:M42)=0,"",SUM(K42:M42)) | O42: =JUL!AJ42 | P42: =AUG!AJ42 | Q42: =SEP!AJ42 | R42: =IF(COUNT(O42:Q42)=0,"",SUM(O42:Q42)) | S42: =IF(COUNT(C42:E42,G42:I42,K42:M42,O42:Q42)=0,"",SUM(C42:E42,G42:I42,K42:M42,O42:Q42))
B43: Non-certified Absent (Days Lost) | C43: =OCT!AJ43 | D43: =NOV!AJ43 | E43: =DEC!AJ43 | F43: =IF(COUNT(C43:E43)=0,"",SUM(C43:E43)) | G43: =JAN!AJ43 | H43: =FEB!AJ43 | I43: =MAR!AJ43 | J43: =IF(COUNT(G43:I43)=0,"",SUM(G43:I43)) | K43: =APR!AJ43 | L43: =MAY!AJ43 | M43: =JUN!AJ43 | N43: =IF(COUNT(K43:M43)=0,"",SUM(K43:M43)) | O43: =JUL!AJ43 | P43: =AUG!AJ43 | Q43: =SEP!AJ43 | R43: =IF(COUNT(O43:Q43)=0,"",SUM(O43:Q43)) | S43: =IF(COUNT(C43:E43,G43:I43,K43:M43,O43:Q43)=0,"",SUM(C43:E43,G43:I43,K43:M43,O43:Q43))
B44: Certified sick leave (Days Lost) | C44: =OCT!AJ44 | D44: =NOV!AJ44 | E44: =DEC!AJ44 | F44: =IF(COUNT(C44:E44)=0,"",SUM(C44:E44)) | G44: =JAN!AJ44 | H44: =FEB!AJ44 | I44: =MAR!AJ44 | J44: =IF(COUNT(G44:I44)=0,"",SUM(G44:I44)) | K44: =APR!AJ44 | L44: =MAY!AJ44 | M44: =JUN!AJ44 | N44: =IF(COUNT(K44:M44)=0,"",SUM(K44:M44)) | O44: =JUL!AJ44 | P44: =AUG!AJ44 | Q44: =SEP!AJ44 | R44: =IF(COUNT(O44:Q44)=0,"",SUM(O44:Q44)) | S44: =IF(COUNT(C44:E44,G44:I44,K44:M44,O44:Q44)=0,"",SUM(C44:E44,G44:I44,K44:M44,O44:Q44))
B45: Total Absences | C45: =OCT!AJ45 | D45: =NOV!AJ45 | E45: =DEC!AJ45 | F45: =IF(COUNT(F43:F44)=0,"",SUM(F43:F44)) | G45: =JAN!AJ45 | H45: =FEB!AJ45 | I45: =MAR!AJ45 | J45: =IF(COUNT(J43:J44)=0,"",SUM(J43:J44)) | K45: =APR!AJ45 | L45: =MAY!AJ45 | M45: =JUN!AJ45 | N45: =IF(COUNT(N43:N44)=0,"",SUM(N43:N44)) | O45: =JUL!AJ45 | P45: =AUG!AJ45 | Q45: =SEP!AJ45 | R45: =IF(COUNT(R43:R44)=0,"",SUM(R43:R44)) | S45: =IF(COUNT(S43:S44)=0,"",SUM(S43:S44))
B46: Absent Rate Non-Certified (%) | C46: =OCT!AJ46 | D46: =NOV!AJ46 | E46: =DEC!AJ46 | F46: {=IF(COUNT(C46:E46)=0,"",IFERROR(SUMPRODUCT(IFERROR(C46:E46*((C3:E3)+(C4:E4)),0))/SUMPRODUCT(IFERROR(ISNUMBER(C46:E46)*((C3:E3)+(C4:E4)),0)),""))} | G46: =JAN!AJ46 | H46: =FEB!AJ46 | I46: =MAR!AJ46 | J46: {=IF(COUNT(G46:I46)=0,"",IFERROR(SUMPRODUCT(IFERROR(G46:I46*((G3:I3)+(G4:I4)),0))/SUMPRODUCT(IFERROR(ISNUMBER(G46:I46)*((G3:I3)+(G4:I4)),0)),""))} | K46: =APR!AJ46 | L46: =MAY!AJ46 | M46: =JUN!AJ46 | N46: {=IF(COUNT(K46:M46)=0,"",IFERROR(SUMPRODUCT(IFERROR(K46:M46*((K3:M3)+(K4:M4)),0))/SUMPRODUCT(IFERROR(ISNUMBER(K46:M46)*((K3:M3)+(K4:M4)),0)),""))} | O46: =JUL!AJ46 | P46: =AUG!AJ46 | Q46: =SEP!AJ46 | R46: {=IF(COUNT(O46:Q46)=0,"",IFERROR(SUMPRODUCT(IFERROR(O46:Q46*((O3:Q3)+(O4:Q4)),0))/SUMPRODUCT(IFERROR(ISNUMBER(O46:Q46)*((O3:Q3)+(O4:Q4)),0)),""))} | S46: =IF(COUNT(F46,J46,N46,R46)=0,"",IFERROR((IFERROR(F46*(F3+F4),0)+IFERROR(J46*(J3+J4),0)+IFERROR(N46*(N3+N4),0)+IFERROR(R46*(R3+R4),0))/(IFERROR(ISNUMBER(F46)*(F3+F4),0)+IFERROR(ISNUMBER(J46)*(J3+J4),0)+IFERROR(ISNUMBER(N46)*(N3+N4),0)+IFERROR(ISNUMBER(R46)*(R3+R4),0)),""))
B47: Absent Rate Certified (%) | C47: =OCT!AJ47 | D47: =NOV!AJ47 | E47: =DEC!AJ47 | F47: {=IF(COUNT(C47:E47)=0,"",IFERROR(SUMPRODUCT(IFERROR(C47:E47*((C3:E3)+(C4:E4)),0))/SUMPRODUCT(IFERROR(ISNUMBER(C47:E47)*((C3:E3)+(C4:E4)),0)),""))} | G47: =JAN!AJ47 | H47: =FEB!AJ47 | I47: =MAR!AJ47 | J47: {=IF(COUNT(G47:I47)=0,"",IFERROR(SUMPRODUCT(IFERROR(G47:I47*((G3:I3)+(G4:I4)),0))/SUMPRODUCT(IFERROR(ISNUMBER(G47:I47)*((G3:I3)+(G4:I4)),0)),""))} | K47: =APR!AJ47 | L47: =MAY!AJ47 | M47: =JUN!AJ47 | N47: {=IF(COUNT(K47:M47)=0,"",IFERROR(SUMPRODUCT(IFERROR(K47:M47*((K3:M3)+(K4:M4)),0))/SUMPRODUCT(IFERROR(ISNUMBER(K47:M47)*((K3:M3)+(K4:M4)),0)),""))} | O47: =JUL!AJ47 | P47: =AUG!AJ47 | Q47: =SEP!AJ47 | R47: {=IF(COUNT(O47:Q47)=0,"",IFERROR(SUMPRODUCT(IFERROR(O47:Q47*((O3:Q3)+(O4:Q4)),0))/SUMPRODUCT(IFERROR(ISNUMBER(O47:Q47)*((O3:Q3)+(O4:Q4)),0)),""))} | S47: =IF(COUNT(F47,J47,N47,R47)=0,"",IFERROR((IFERROR(F47*(F3+F4),0)+IFERROR(J47*(J3+J4),0)+IFERROR(N47*(N3+N4),0)+IFERROR(R47*(R3+R4),0))/(IFERROR(ISNUMBER(F47)*(F3+F4),0)+IFERROR(ISNUMBER(J47)*(J3+J4),0)+IFERROR(ISNUMBER(N47)*(N3+N4),0)+IFERROR(ISNUMBER(R47)*(R3+R4),0)),""))
B48: Absent Rate Total (%) | C48: =OCT!AJ48 | D48: =NOV!AJ48 | E48: =DEC!AJ48 | F48: =IF(COUNT(F46:F47)=0,"",SUM(F46:F47)) | G48: =JAN!AJ48 | H48: =FEB!AJ48 | I48: =MAR!AJ48 | J48: =IF(COUNT(J46:J47)=0,"",SUM(J46:J47)) | K48: =APR!AJ48 | L48: =MAY!AJ48 | M48: =JUN!AJ48 | N48: =IF(COUNT(N46:N47)=0,"",SUM(N46:N47)) | O48: =JUL!AJ48 | P48: =AUG!AJ48 | Q48: =SEP!AJ48 | R48: =IF(COUNT(R46:R47)=0,"",SUM(R46:R47)) | S48: =IF(COUNT(S46:S47)=0,"",SUM(S46:S47))
B49: Weight factor | C49: =OCT!AJ49 | D49: =NOV!AJ49 | E49: =DEC!AJ49 | F49: =IFERROR(AVERAGE(C49:E49),"") | G49: =JAN!AJ49 | H49: =FEB!AJ49 | I49: =MAR!AJ49 | J49: =IFERROR(AVERAGE(G49:I49),"") | K49: =APR!AJ49 | L49: =MAY!AJ49 | M49: =JUN!AJ49 | N49: =IFERROR(AVERAGE(K49:M49),"") | O49: =JUL!AJ49 | P49: =AUG!AJ49 | Q49: =SEP!AJ49 | R49: =IFERROR(AVERAGE(O49:Q49),"") | S49: =IFERROR(AVERAGE(C49:E49,G49:I49,K49:M49,O49:Q49),"")
B50: Leadership (Hours) | C50: =OCT!AJ50 | D50: =NOV!AJ50 | E50: =DEC!AJ50 | F50: =IF(COUNT(C50:E50)=0,"",SUM(C50:E50)) | G50: =JAN!AJ50 | H50: =FEB!AJ50 | I50: =MAR!AJ50 | J50: =IF(COUNT(G50:I50)=0,"",SUM(G50:I50)) | K50: =APR!AJ50 | L50: =MAY!AJ50 | M50: =JUN!AJ50 | N50: =IF(COUNT(K50:M50)=0,"",SUM(K50:M50)) | O50: =JUL!AJ50 | P50: =AUG!AJ50 | Q50: =SEP!AJ50 | R50: =IF(COUNT(O50:Q50)=0,"",SUM(O50:Q50)) | S50: =IF(COUNT(C50:E50,G50:I50,K50:M50,O50:Q50)=0,"",SUM(C50:E50,G50:I50,K50:M50,O50:Q50))
B51: Technical (Hours) | C51: =OCT!AJ51 | D51: =NOV!AJ51 | E51: =DEC!AJ51 | F51: =IF(COUNT(C51:E51)=0,"",SUM(C51:E51)) | G51: =JAN!AJ51 | H51: =FEB!AJ51 | I51: =MAR!AJ51 | J51: =IF(COUNT(G51:I51)=0,"",SUM(G51:I51)) | K51: =APR!AJ51 | L51: =MAY!AJ51 | M51: =JUN!AJ51 | N51: =IF(COUNT(K51:M51)=0,"",SUM(K51:M51)) | O51: =JUL!AJ51 | P51: =AUG!AJ51 | Q51: =SEP!AJ51 | R51: =IF(COUNT(O51:Q51)=0,"",SUM(O51:Q51)) | S51: =IF(COUNT(C51:E51,G51:I51,K51:M51,O51:Q51)=0,"",SUM(C51:E51,G51:I51,K51:M51,O51:Q51))
B52: Professional Develop. (Hours) | C52: =OCT!AJ52 | D52: =NOV!AJ52 | E52: =DEC!AJ52 | F52: =IF(COUNT(C52:E52)=0,"",SUM(C52:E52)) | G52: =JAN!AJ52 | H52: =FEB!AJ52 | I52: =MAR!AJ52 | J52: =IF(COUNT(G52:I52)=0,"",SUM(G52:I52)) | K52: =APR!AJ52 | L52: =MAY!AJ52 | M52: =JUN!AJ52 | N52: =IF(COUNT(K52:M52)=0,"",SUM(K52:M52)) | O52: =JUL!AJ52 | P52: =AUG!AJ52 | Q52: =SEP!AJ52 | R52: =IF(COUNT(O52:Q52)=0,"",SUM(O52:Q52)) | S52: =IF(COUNT(C52:E52,G52:I52,K52:M52,O52:Q52)=0,"",SUM(C52:E52,G52:I52,K52:M52,O52:Q52))
B53: HSSE (Hours) | C53: =OCT!AJ53 | D53: =NOV!AJ53 | E53: =DEC!AJ53 | F53: =IF(COUNT(C53:E53)=0,"",SUM(C53:E53)) | G53: =JAN!AJ53 | H53: =FEB!AJ53 | I53: =MAR!AJ53 | J53: =IF(COUNT(G53:I53)=0,"",SUM(G53:I53)) | K53: =APR!AJ53 | L53: =MAY!AJ53 | M53: =JUN!AJ53 | N53: =IF(COUNT(K53:M53)=0,"",SUM(K53:M53)) | O53: =JUL!AJ53 | P53: =AUG!AJ53 | Q53: =SEP!AJ53 | R53: =IF(COUNT(O53:Q53)=0,"",SUM(O53:Q53)) | S53: =IF(COUNT(C53:E53,G53:I53,K53:M53,O53:Q53)=0,"",SUM(C53:E53,G53:I53,K53:M53,O53:Q53))
B54: Workday (Hours) | C54: =OCT!AJ54 | D54: =NOV!AJ54 | E54: =DEC!AJ54 | F54: =IF(COUNT(C54:E54)=0,"",SUM(C54:E54)) | G54: =JAN!AJ54 | H54: =FEB!AJ54 | I54: =MAR!AJ54 | J54: =IF(COUNT(G54:I54)=0,"",SUM(G54:I54)) | K54: =APR!AJ54 | L54: =MAY!AJ54 | M54: =JUN!AJ54 | N54: =IF(COUNT(K54:M54)=0,"",SUM(K54:M54)) | O54: =JUL!AJ54 | P54: =AUG!AJ54 | Q54: =SEP!AJ54 | R54: =IF(COUNT(O54:Q54)=0,"",SUM(O54:Q54)) | S54: =IF(COUNT(C54:E54,G54:I54,K54:M54,O54:Q54)=0,"",SUM(C54:E54,G54:I54,K54:M54,O54:Q54))
B55: Total Training Hours | C55: =OCT!AJ55 | D55: =NOV!AJ55 | E55: =DEC!AJ55 | F55: =IF(COUNT(F50:F54)=0,"",SUM(F50:F54)) | G55: =JAN!AJ55 | H55: =FEB!AJ55 | I55: =MAR!AJ55 | J55: =IF(COUNT(J50:J54)=0,"",SUM(J50:J54)) | K55: =APR!AJ55 | L55: =MAY!AJ55 | M55: =JUN!AJ55 | N55: =IF(COUNT(N50:N54)=0,"",SUM(N50:N54)) | O55: =JUL!AJ55 | P55: =AUG!AJ55 | Q55: =SEP!AJ55 | R55: =IF(COUNT(R50:R54)=0,"",SUM(R50:R54)) | S55: =IF(COUNT(S50:S54)=0,"",SUM(S50:S54))
B56: Total Trained (Staff) | C56: =OCT!AJ56 | D56: =NOV!AJ56 | E56: =DEC!AJ56 | F56: =IF(COUNT(C56:E56)=0,"",SUM(C56:E56)) | G56: =JAN!AJ56 | H56: =FEB!AJ56 | I56: =MAR!AJ56 | J56: =IF(COUNT(G56:I56)=0,"",SUM(G56:I56)) | K56: =APR!AJ56 | L56: =MAY!AJ56 | M56: =JUN!AJ56 | N56: =IF(COUNT(K56:M56)=0,"",SUM(K56:M56)) | O56: =JUL!AJ56 | P56: =AUG!AJ56 | Q56: =SEP!AJ56 | R56: =IF(COUNT(O56:Q56)=0,"",SUM(O56:Q56)) | S56: =IF(COUNT(C56:E56,G56:I56,K56:M56,O56:Q56)=0,"",SUM(C56:E56,G56:I56,K56:M56,O56:Q56))
B57: Training Programs (#) | C57: =OCT!AJ57 | D57: =NOV!AJ57 | E57: =DEC!AJ57 | F57: =IF(COUNT(C57:E57)=0,"",SUM(C57:E57)) | G57: =JAN!AJ57 | H57: =FEB!AJ57 | I57: =MAR!AJ57 | J57: =IF(COUNT(G57:I57)=0,"",SUM(G57:I57)) | K57: =APR!AJ57 | L57: =MAY!AJ57 | M57: =JUN!AJ57 | N57: =IF(COUNT(K57:M57)=0,"",SUM(K57:M57)) | O57: =JUL!AJ57 | P57: =AUG!AJ57 | Q57: =SEP!AJ57 | R57: =IF(COUNT(O57:Q57)=0,"",SUM(O57:Q57)) | S57: =IF(COUNT(C57:E57,G57:I57,K57:M57,O57:Q57)=0,"",SUM(C57:E57,G57:I57,K57:M57,O57:Q57))
B58: Training Cost (USD) | C58: =OCT!AJ58 | D58: =NOV!AJ58 | E58: =DEC!AJ58 | F58: =IF(COUNT(C58:E58)=0,"",SUM(C58:E58)) | G58: =JAN!AJ58 | H58: =FEB!AJ58 | I58: =MAR!AJ58 | J58: =IF(COUNT(G58:I58)=0,"",SUM(G58:I58)) | K58: =APR!AJ58 | L58: =MAY!AJ58 | M58: =JUN!AJ58 | N58: =IF(COUNT(K58:M58)=0,"",SUM(K58:M58)) | O58: =JUL!AJ58 | P58: =AUG!AJ58 | Q58: =SEP!AJ58 | R58: =IF(COUNT(O58:Q58)=0,"",SUM(O58:Q58)) | S58: =IF(COUNT(C58:E58,G58:I58,K58:M58,O58:Q58)=0,"",SUM(C58:E58,G58:I58,K58:M58,O58:Q58))
B59: Training Travel Cost (USD) | C59: =OCT!AJ59 | D59: =NOV!AJ59 | E59: =DEC!AJ59 | F59: =IF(COUNT(C59:E59)=0,"",SUM(C59:E59)) | G59: =JAN!AJ59 | H59: =FEB!AJ59 | I59: =MAR!AJ59 | J59: =IF(COUNT(G59:I59)=0,"",SUM(G59:I59)) | K59: =APR!AJ59 | L59: =MAY!AJ59 | M59: =JUN!AJ59 | N59: =IF(COUNT(K59:M59)=0,"",SUM(K59:M59)) | O59: =JUL!AJ59 | P59: =AUG!AJ59 | Q59: =SEP!AJ59 | R59: =IF(COUNT(O59:Q59)=0,"",SUM(O59:Q59)) | S59: =IF(COUNT(C59:E59,G59:I59,K59:M59,O59:Q59)=0,"",SUM(C59:E59,G59:I59,K59:M59,O59:Q59))
B60: Leadership Hours Trained (%) | C60: =OCT!AJ60 | D60: =NOV!AJ60 | E60: =DEC!AJ60 | F60: =IFERROR(F50/F$55,"") | G60: =JAN!AJ60 | H60: =FEB!AJ60 | I60: =MAR!AJ60 | J60: =IFERROR(J50/J$55,"") | K60: =APR!AJ60 | L60: =MAY!AJ60 | M60: =JUN!AJ60 | N60: =IFERROR(N50/N$55,"") | O60: =JUL!AJ60 | P60: =AUG!AJ60 | Q60: =SEP!AJ60 | R60: =IFERROR(R50/R$55,"") | S60: =IFERROR(S50/S$55,"")
B61: Technical Hours Trained (%) | C61: =OCT!AJ61 | D61: =NOV!AJ61 | E61: =DEC!AJ61 | F61: =IFERROR(F51/F$55,"") | G61: =JAN!AJ61 | H61: =FEB!AJ61 | I61: =MAR!AJ61 | J61: =IFERROR(J51/J$55,"") | K61: =APR!AJ61 | L61: =MAY!AJ61 | M61: =JUN!AJ61 | N61: =IFERROR(N51/N$55,"") | O61: =JUL!AJ61 | P61: =AUG!AJ61 | Q61: =SEP!AJ61 | R61: =IFERROR(R51/R$55,"") | S61: =IFERROR(S51/S$55,"")
B62: Profess. Dev. Hours Trained (%) | C62: =OCT!AJ62 | D62: =NOV!AJ62 | E62: =DEC!AJ62 | F62: =IFERROR(F52/F$55,"") | G62: =JAN!AJ62 | H62: =FEB!AJ62 | I62: =MAR!AJ62 | J62: =IFERROR(J52/J$55,"") | K62: =APR!AJ62 | L62: =MAY!AJ62 | M62: =JUN!AJ62 | N62: =IFERROR(N52/N$55,"") | O62: =JUL!AJ62 | P62: =AUG!AJ62 | Q62: =SEP!AJ62 | R62: =IFERROR(R52/R$55,"") | S62: =IFERROR(S52/S$55,"")
B63: HSSE Hours Trained (%) | C63: =OCT!AJ63 | D63: =NOV!AJ63 | E63: =DEC!AJ63 | F63: =IFERROR(F53/F$55,"") | G63: =JAN!AJ63 | H63: =FEB!AJ63 | I63: =MAR!AJ63 | J63: =IFERROR(J53/J$55,"") | K63: =APR!AJ63 | L63: =MAY!AJ63 | M63: =JUN!AJ63 | N63: =IFERROR(N53/N$55,"") | O63: =JUL!AJ63 | P63: =AUG!AJ63 | Q63: =SEP!AJ63 | R63: =IFERROR(R53/R$55,"") | S63: =IFERROR(S53/S$55,"")
B64: Workday Hours Trained (%) | C64: =OCT!AJ64 | D64: =NOV!AJ64 | E64: =DEC!AJ64 | F64: =IFERROR(F54/F$55,"") | G64: =JAN!AJ64 | H64: =FEB!AJ64 | I64: =MAR!AJ64 | J64: =IFERROR(J54/J$55,"") | K64: =APR!AJ64 | L64: =MAY!AJ64 | M64: =JUN!AJ64 | N64: =IFERROR(N54/N$55,"") | O64: =JUL!AJ64 | P64: =AUG!AJ64 | Q64: =SEP!AJ64 | R64: =IFERROR(R54/R$55,"") | S64: =IFERROR(S54/S$55,"")
B65: Staff Trained (%) | C65: =OCT!AJ65 | D65: =NOV!AJ65 | E65: =DEC!AJ65 | F65: =IFERROR(F56/SUM(C5:E5),"") | G65: =JAN!AJ65 | H65: =FEB!AJ65 | I65: =MAR!AJ65 | J65: =IFERROR(J56/SUM(G5:I5),"") | K65: =APR!AJ65 | L65: =MAY!AJ65 | M65: =JUN!AJ65 | N65: =IFERROR(N56/SUM(K5:M5),"") | O65: =JUL!AJ65 | P65: =AUG!AJ65 | Q65: =SEP!AJ65 | R65: =IFERROR(R56/SUM(O5:Q5),"") | S65: =IFERROR(S56/SUM(C5:E5,G5:I5,K5:M5,O5:Q5),"")
B66: Training Hours / EE | C66: =OCT!AJ66 | D66: =NOV!AJ66 | E66: =DEC!AJ66 | F66: =IFERROR(F55/F5,"") | G66: =JAN!AJ66 | H66: =FEB!AJ66 | I66: =MAR!AJ66 | J66: =IFERROR(J55/J5,"") | K66: =APR!AJ66 | L66: =MAY!AJ66 | M66: =JUN!AJ66 | N66: =IFERROR(N55/N5,"") | O66: =JUL!AJ66 | P66: =AUG!AJ66 | Q66: =SEP!AJ66 | R66: =IFERROR(R55/R5,"") | S66: =IFERROR(S55/S5,"")
B67: Training Hours / EE Trained | C67: =OCT!AJ67 | D67: =NOV!AJ67 | E67: =DEC!AJ67 | F67: =IFERROR(F55/F56,"") | G67: =JAN!AJ67 | H67: =FEB!AJ67 | I67: =MAR!AJ67 | J67: =IFERROR(J55/J56,"") | K67: =APR!AJ67 | L67: =MAY!AJ67 | M67: =JUN!AJ67 | N67: =IFERROR(N55/N56,"") | O67: =JUL!AJ67 | P67: =AUG!AJ67 | Q67: =SEP!AJ67 | R67: =IFERROR(R55/R56,"") | S67: =IFERROR(S55/S56,"")
B68: Training Invest. / EE (USD) | C68: =OCT!AJ68 | D68: =NOV!AJ68 | E68: =DEC!AJ68 | F68: =IF(COUNT(F58:F59)=0,"",IFERROR((N(F58)+N(F59))/F5,"")) | G68: =JAN!AJ68 | H68: =FEB!AJ68 | I68: =MAR!AJ68 | J68: =IF(COUNT(J58:J59)=0,"",IFERROR((N(J58)+N(J59))/J5,"")) | K68: =APR!AJ68 | L68: =MAY!AJ68 | M68: =JUN!AJ68 | N68: =IF(COUNT(N58:N59)=0,"",IFERROR((N(N58)+N(N59))/N5,"")) | O68: =JUL!AJ68 | P68: =AUG!AJ68 | Q68: =SEP!AJ68 | R68: =IF(COUNT(R58:R59)=0,"",IFERROR((N(R58)+N(R59))/R5,"")) | S68: =IF(COUNT(S58:S59)=0,"",IFERROR((N(S58)+N(S59))/S5,""))
B69: Training Invest. / EE Trained (USD) | C69: =OCT!AJ69 | D69: =NOV!AJ69 | E69: =DEC!AJ69 | F69: =IF(COUNT(F58:F59)=0,"",IFERROR((N(F58)+N(F59))/F56,"")) | G69: =JAN!AJ69 | H69: =FEB!AJ69 | I69: =MAR!AJ69 | J69: =IF(COUNT(J58:J59)=0,"",IFERROR((N(J58)+N(J59))/J56,"")) | K69: =APR!AJ69 | L69: =MAY!AJ69 | M69: =JUN!AJ69 | N69: =IF(COUNT(N58:N59)=0,"",IFERROR((N(N58)+N(N59))/N56,"")) | O69: =JUL!AJ69 | P69: =AUG!AJ69 | Q69: =SEP!AJ69 | R69: =IF(COUNT(R58:R59)=0,"",IFERROR((N(R58)+N(R59))/R56,"")) | S69: =IF(COUNT(S58:S59)=0,"",IFERROR((N(S58)+N(S59))/S56,""))
B70: Input Cells Not Submitted | C70: =OCT!AJ70 | D70: =NOV!AJ70 | E70: =DEC!AJ70 | F70: =SUM(C70:E70) | G70: =JAN!AJ70 | H70: =FEB!AJ70 | I70: =MAR!AJ70 | J70: =SUM(G70:I70) | K70: =APR!AJ70 | L70: =MAY!AJ70 | M70: =JUN!AJ70 | N70: =SUM(K70:M70) | O70: =JUL!AJ70 | P70: =AUG!AJ70 | Q70: =SEP!AJ70 | R70: =SUM(O70:Q70) | S70: =SUM(C70:E70,G70:I70,K70:M70,O70:Q70)

Sheet OCT
B1: GCG | C1: 1079 | D1: 1171 | E1: 1162 | F1: 1076 | G1: 1170 | H1: 1078 | I1: 1172 | J1: 1074 | K1: 1161 | L1: 1062 | M1: 1075 | N1: 1044 | O1: 1066 | P1: 1158 | Q1: 1067 | R1: 1046 | S1: 1069 | T1: 1178 | U1: 1077 | V1: 1081 | W1: 1082 | X1: 1085 | Y1: 1071U | Z1: 1015 | AA1: 1004 | AB1: 1063 | AC1: 1160 | AD1: 1073 | AE1: 1042 | AF1: 1084 | AG1: 1049 | AH1: 1005 | AI1: 1115
A2: 202610 | B2: OCT | C2: GCG HDQ | D2: GCG Culinary Costa Rica | E2: GCG Food Guatemala | F2: GCG Guatemala | G2: GCG Aviation Ground Honduras | H2: GCG Honduras | I2: GCG Concessions Panama | J2: GCG El Salvador | K2: GCG Food El Salvador | L2: GCG Antigua | M2: GCG Grand Cayman | N2: GCG Aviation Ground Jamaica | O2: GCG Jamaica | P2: GCG Aviation Ground Saint Lucia | Q2: GCG Saint Lucia | R2: GCG Ground Saint Thomas | S2: GCG Bogota Colombia | T2: GCG Colombia | U2: GCG Guayaquil | V2: GCG Paraguay | W2: GCG Quito | X2: GCG Uruguay | Y2: GCG Caracas | Z2: Calloway Aruba | AA2: Airport Rest. Barbados | AB2: GCG Barbados | AC2: GCG Aviation Ground Barbados | AD2: GCG Curacao | AE2: GCG Events Curacao | AF2: GCG Sint Maarten Sky Dining | AG2: GCG Sint Maarten Airport Dining | AH2: Allied Caterers Trinidad | AI2: Katerserv Trinidad | AJ2: TOTAL | AK2: Total by Division | AL2: =N(AL11)<>0
A3: =+A2 | B3: Permanent (Regular) Headcount | C3: =IF([1]OCT!C3="","",[1]OCT!C3) | D3: =IF([2]OCT!C3="","",[2]OCT!C3) | E3: =IF([2]OCT!D3="","",[2]OCT!D3) | F3: =IF([2]OCT!E3="","",[2]OCT!E3) | G3: =IF([2]OCT!F3="","",[2]OCT!F3) | H3: =IF([2]OCT!G3="","",[2]OCT!G3) | I3: =IF([2]OCT!H3="","",[2]OCT!H3) | J3: =IF([2]OCT!I3="","",[2]OCT!I3) | K3: =IF([2]OCT!J3="","",[2]OCT!J3) | L3: =IF([3]OCT!C3="","",[3]OCT!C3) | M3: =IF([3]OCT!D3="","",[3]OCT!D3) | N3: =IF([3]OCT!E3="","",[3]OCT!E3) | O3: =IF([3]OCT!F3="","",[3]OCT!F3) | P3: =IF([3]OCT!G3="","",[3]OCT!G3) | Q3: =IF([3]OCT!H3="","",[3]OCT!H3) | R3: =IF([3]OCT!I3="","",[3]OCT!I3) | S3: =IF([4]OCT!C3="","",[4]OCT!C3) | T3: =IF([4]OCT!D3="","",[4]OCT!D3) | U3: =IF([4]OCT!E3="","",[4]OCT!E3) | V3: =IF([4]OCT!F3="","",[4]OCT!F3) | W3: =IF([4]OCT!G3="","",[4]OCT!G3) | X3: =IF([4]OCT!H3="","",[4]OCT!H3) | Y3: =IF([4]OCT!I3="","",[4]OCT!I3) | Z3: =IF([5]OCT!C3="","",[5]OCT!C3) | AA3: =IF([5]OCT!D3="","",[5]OCT!D3) | AB3: =IF([5]OCT!E3="","",[5]OCT!E3) | AC3: =IF([5]OCT!F3="","",[5]OCT!F3) | AD3: =IF([5]OCT!G3="","",[5]OCT!G3) | AE3: =IF([5]OCT!H3="","",[5]OCT!H3) | AF3: =IF([5]OCT!I3="","",[5]OCT!I3) | AG3: =IF([5]OCT!J3="","",[5]OCT!J3) | ... AI3: =IF([5]OCT!L3="","",[5]OCT!L3) | AJ3: =IF(COUNT(C3:AI3)=0,"",SUM(C3:AI3)) | AK3: ∑
B4: Temporary (Fix Term) Headcount | C4: =IF([1]OCT!C4="","",[1]OCT!C4) | D4: =IF([2]OCT!C4="","",[2]OCT!C4) | E4: =IF([2]OCT!D4="","",[2]OCT!D4) | F4: =IF([2]OCT!E4="","",[2]OCT!E4) | G4: =IF([2]OCT!F4="","",[2]OCT!F4) | H4: =IF([2]OCT!G4="","",[2]OCT!G4) | I4: =IF([2]OCT!H4="","",[2]OCT!H4) | J4: =IF([2]OCT!I4="","",[2]OCT!I4) | K4: =IF([2]OCT!J4="","",[2]OCT!J4) | L4: =IF([3]OCT!C4="","",[3]OCT!C4) | M4: =IF([3]OCT!D4="","",[3]OCT!D4) | N4: =IF([3]OCT!E4="","",[3]OCT!E4) | O4: =IF([3]OCT!F4="","",[3]OCT!F4) | P4: =IF([3]OCT!G4="","",[3]OCT!G4) | Q4: =IF([3]OCT!H4="","",[3]OCT!H4) | R4: =IF([3]OCT!I4="","",[3]OCT!I4) | S4: =IF([4]OCT!C4="","",[4]OCT!C4) | T4: =IF([4]OCT!D4="","",[4]OCT!D4) | U4: =IF([4]OCT!E4="","",[4]OCT!E4) | V4: =IF([4]OCT!F4="","",[4]OCT!F4) | W4: =IF([4]OCT!G4="","",[4]OCT!G4) | X4: =IF([4]OCT!H4="","",[4]OCT!H4) | Y4: =IF([4]OCT!I4="","",[4]OCT!I4) | Z4: =IF([5]OCT!C4="","",[5]OCT!C4) | AA4: =IF([5]OCT!D4="","",[5]OCT!D4) | AB4: =IF([5]OCT!E4="","",[5]OCT!E4) | AC4: =IF([5]OCT!F4="","",[5]OCT!F4) | AD4: =IF([5]OCT!G4="","",[5]OCT!G4) | AE4: =IF([5]OCT!H4="","",[5]OCT!H4) | AF4: =IF([5]OCT!I4="","",[5]OCT!I4) | AG4: =IF([5]OCT!J4="","",[5]OCT!J4) | ... AI4: =IF([5]OCT!L4="","",[5]OCT!L4) | AJ4: =IF(COUNT(C4:AI4)=0,"",SUM(C4:AI4)) | AK4: ∑
B5: Employee Headcount (Productivity) | C5: =IF(COUNT(C3:C4)=0,"",SUM(C3:C4)) | D5: =IF(COUNT(D3:D4)=0,"",SUM(D3:D4)) | E5: =IF(COUNT(E3:E4)=0,"",SUM(E3:E4)) | F5: =IF(COUNT(F3:F4)=0,"",SUM(F3:F4)) | G5: =IF(COUNT(G3:G4)=0,"",SUM(G3:G4)) | H5: =IF(COUNT(H3:H4)=0,"",SUM(H3:H4)) | I5: =IF(COUNT(I3:I4)=0,"",SUM(I3:I4)) | J5: =IF(COUNT(J3:J4)=0,"",SUM(J3:J4)) | ... AJ5: =IF(COUNT(AJ3:AJ4)=0,"",SUM(AJ3:AJ4)) | AK5: ϝ
B6: Headcount = 1.00 | C6: =IF([1]OCT!C6="","",[1]OCT!C6) | D6: =IF([2]OCT!C6="","",[2]OCT!C6) | E6: =IF([2]OCT!D6="","",[2]OCT!D6) | F6: =IF([2]OCT!E6="","",[2]OCT!E6) | G6: =IF([2]OCT!F6="","",[2]OCT!F6) | H6: =IF([2]OCT!G6="","",[2]OCT!G6) | I6: =IF([2]OCT!H6="","",[2]OCT!H6) | J6: =IF([2]OCT!I6="","",[2]OCT!I6) | K6: =IF([2]OCT!J6="","",[2]OCT!J6) | L6: =IF([3]OCT!C6="","",[3]OCT!C6) | M6: =IF([3]OCT!D6="","",[3]OCT!D6) | N6: =IF([3]OCT!E6="","",[3]OCT!E6) | O6: =IF([3]OCT!F6="","",[3]OCT!F6) | P6: =IF([3]OCT!G6="","",[3]OCT!G6) | Q6: =IF([3]OCT!H6="","",[3]OCT!H6) | R6: =IF([3]OCT!I6="","",[3]OCT!I6) | S6: =IF([4]OCT!C6="","",[4]OCT!C6) | T6: =IF([4]OCT!D6="","",[4]OCT!D6) | U6: =IF([4]OCT!E6="","",[4]OCT!E6) | V6: =IF([4]OCT!F6="","",[4]OCT!F6) | W6: =IF([4]OCT!G6="","",[4]OCT!G6) | X6: =IF([4]OCT!H6="","",[4]OCT!H6) | Y6: =IF([4]OCT!I6="","",[4]OCT!I6) | Z6: =IF([5]OCT!C6="","",[5]OCT!C6) | AA6: =IF([5]OCT!D6="","",[5]OCT!D6) | AB6: =IF([5]OCT!E6="","",[5]OCT!E6) | AC6: =IF([5]OCT!F6="","",[5]OCT!F6) | AD6: =IF([5]OCT!G6="","",[5]OCT!G6) | AE6: =IF([5]OCT!H6="","",[5]OCT!H6) | AF6: =IF([5]OCT!I6="","",[5]OCT!I6) | AG6: =IF([5]OCT!J6="","",[5]OCT!J6) | ... AI6: =IF([5]OCT!L6="","",[5]OCT!L6) | AJ6: =IF(COUNT(C6:AI6)=0,"",SUM(C6:AI6)) | AK6: ∑
B7: Headcount = 0.75 | C7: =IF([1]OCT!C7="","",[1]OCT!C7) | D7: =IF([2]OCT!C7="","",[2]OCT!C7) | E7: =IF([2]OCT!D7="","",[2]OCT!D7) | F7: =IF([2]OCT!E7="","",[2]OCT!E7) | G7: =IF([2]OCT!F7="","",[2]OCT!F7) | H7: =IF([2]OCT!G7="","",[2]OCT!G7) | I7: =IF([2]OCT!H7="","",[2]OCT!H7) | J7: =IF([2]OCT!I7="","",[2]OCT!I7) | K7: =IF([2]OCT!J7="","",[2]OCT!J7) | L7: =IF([3]OCT!C7="","",[3]OCT!C7) | M7: =IF([3]OCT!D7="","",[3]OCT!D7) | N7: =IF([3]OCT!E7="","",[3]OCT!E7) | O7: =IF([3]OCT!F7="","",[3]OCT!F7) | P7: =IF([3]OCT!G7="","",[3]OCT!G7) | Q7: =IF([3]OCT!H7="","",[3]OCT!H7) | R7: =IF([3]OCT!I7="","",[3]OCT!I7) | S7: =IF([4]OCT!C7="","",[4]OCT!C7) | T7: =IF([4]OCT!D7="","",[4]OCT!D7) | U7: =IF([4]OCT!E7="","",[4]OCT!E7) | V7: =IF([4]OCT!F7="","",[4]OCT!F7) | W7: =IF([4]OCT!G7="","",[4]OCT!G7) | X7: =IF([4]OCT!H7="","",[4]OCT!H7) | Y7: =IF([4]OCT!I7="","",[4]OCT!I7) | Z7: =IF([5]OCT!C7="","",[5]OCT!C7) | AA7: =IF([5]OCT!D7="","",[5]OCT!D7) | AB7: =IF([5]OCT!E7="","",[5]OCT!E7) | AC7: =IF([5]OCT!F7="","",[5]OCT!F7) | AD7: =IF([5]OCT!G7="","",[5]OCT!G7) | AE7: =IF([5]OCT!H7="","",[5]OCT!H7) | AF7: =IF([5]OCT!I7="","",[5]OCT!I7) | AG7: =IF([5]OCT!J7="","",[5]OCT!J7) | ... AI7: =IF([5]OCT!L7="","",[5]OCT!L7) | AJ7: =IF(COUNT(C7:AI7)=0,"",SUM(C7:AI7)) | AK7: ∑
B8: Headcount = 0.50 | C8: =IF([1]OCT!C8="","",[1]OCT!C8) | D8: =IF([2]OCT!C8="","",[2]OCT!C8) | E8: =IF([2]OCT!D8="","",[2]OCT!D8) | F8: =IF([2]OCT!E8="","",[2]OCT!E8) | G8: =IF([2]OCT!F8="","",[2]OCT!F8) | H8: =IF([2]OCT!G8="","",[2]OCT!G8) | I8: =IF([2]OCT!H8="","",[2]OCT!H8) | J8: =IF([2]OCT!I8="","",[2]OCT!I8) | K8: =IF([2]OCT!J8="","",[2]OCT!J8) | L8: =IF([3]OCT!C8="","",[3]OCT!C8) | M8: =IF([3]OCT!D8="","",[3]OCT!D8) | N8: =IF([3]OCT!E8="","",[3]OCT!E8) | O8: =IF([3]OCT!F8="","",[3]OCT!F8) | P8: =IF([3]OCT!G8="","",[3]OCT!G8) | Q8: =IF([3]OCT!H8="","",[3]OCT!H8) | R8: =IF([3]OCT!I8="","",[3]OCT!I8) | S8: =IF([4]OCT!C8="","",[4]OCT!C8) | T8: =IF([4]OCT!D8="","",[4]OCT!D8) | U8: =IF([4]OCT!E8="","",[4]OCT!E8) | V8: =IF([4]OCT!F8="","",[4]OCT!F8) | W8: =IF([4]OCT!G8="","",[4]OCT!G8) | X8: =IF([4]OCT!H8="","",[4]OCT!H8) | Y8: =IF([4]OCT!I8="","",[4]OCT!I8) | Z8: =IF([5]OCT!C8="","",[5]OCT!C8) | AA8: =IF([5]OCT!D8="","",[5]OCT!D8) | AB8: =IF([5]OCT!E8="","",[5]OCT!E8) | AC8: =IF([5]OCT!F8="","",[5]OCT!F8) | AD8: =IF([5]OCT!G8="","",[5]OCT!G8) | AE8: =IF([5]OCT!H8="","",[5]OCT!H8) | AF8: =IF([5]OCT!I8="","",[5]OCT!I8) | AG8: =IF([5]OCT!J8="","",[5]OCT!J8) | ... AI8: =IF([5]OCT!L8="","",[5]OCT!L8) | AJ8: =IF(COUNT(C8:AI8)=0,"",SUM(C8:AI8)) | AK8: ∑
B9: Headcount = 0.25 | C9: =IF([1]OCT!C9="","",[1]OCT!C9) | D9: =IF([2]OCT!C9="","",[2]OCT!C9) | E9: =IF([2]OCT!D9="","",[2]OCT!D9) | F9: =IF([2]OCT!E9="","",[2]OCT!E9) | G9: =IF([2]OCT!F9="","",[2]OCT!F9) | H9: =IF([2]OCT!G9="","",[2]OCT!G9) | I9: =IF([2]OCT!H9="","",[2]OCT!H9) | J9: =IF([2]OCT!I9="","",[2]OCT!I9) | K9: =IF([2]OCT!J9="","",[2]OCT!J9) | L9: =IF([3]OCT!C9="","",[3]OCT!C9) | M9: =IF([3]OCT!D9="","",[3]OCT!D9) | N9: =IF([3]OCT!E9="","",[3]OCT!E9) | O9: =IF([3]OCT!F9="","",[3]OCT!F9) | P9: =IF([3]OCT!G9="","",[3]OCT!G9) | Q9: =IF([3]OCT!H9="","",[3]OCT!H9) | R9: =IF([3]OCT!I9="","",[3]OCT!I9) | S9: =IF([4]OCT!C9="","",[4]OCT!C9) | T9: =IF([4]OCT!D9="","",[4]OCT!D9) | U9: =IF([4]OCT!E9="","",[4]OCT!E9) | V9: =IF([4]OCT!F9="","",[4]OCT!F9) | W9: =IF([4]OCT!G9="","",[4]OCT!G9) | X9: =IF([4]OCT!H9="","",[4]OCT!H9) | Y9: =IF([4]OCT!I9="","",[4]OCT!I9) | Z9: =IF([5]OCT!C9="","",[5]OCT!C9) | AA9: =IF([5]OCT!D9="","",[5]OCT!D9) | AB9: =IF([5]OCT!E9="","",[5]OCT!E9) | AC9: =IF([5]OCT!F9="","",[5]OCT!F9) | AD9: =IF([5]OCT!G9="","",[5]OCT!G9) | AE9: =IF([5]OCT!H9="","",[5]OCT!H9) | AF9: =IF([5]OCT!I9="","",[5]OCT!I9) | AG9: =IF([5]OCT!J9="","",[5]OCT!J9) | ... AI9: =IF([5]OCT!L9="","",[5]OCT!L9) | AJ9: =IF(COUNT(C9:AI9)=0,"",SUM(C9:AI9)) | AK9: ∑
B10: Standard Monthly Hours (FTE basis) | C10: =IF([1]OCT!C10="","",[1]OCT!C10) | D10: =IF([2]OCT!C10="","",[2]OCT!C10) | E10: =IF([2]OCT!D10="","",[2]OCT!D10) | F10: =IF([2]OCT!E10="","",[2]OCT!E10) | G10: =IF([2]OCT!F10="","",[2]OCT!F10) | H10: =IF([2]OCT!G10="","",[2]OCT!G10) | I10: =IF([2]OCT!H10="","",[2]OCT!H10) | J10: =IF([2]OCT!I10="","",[2]OCT!I10) | K10: =IF([2]OCT!J10="","",[2]OCT!J10) | L10: =IF([3]OCT!C10="","",[3]OCT!C10) | M10: =IF([3]OCT!D10="","",[3]OCT!D10) | N10: =IF([3]OCT!E10="","",[3]OCT!E10) | O10: =IF([3]OCT!F10="","",[3]OCT!F10) | P10: =IF([3]OCT!G10="","",[3]OCT!G10) | Q10: =IF([3]OCT!H10="","",[3]OCT!H10) | R10: =IF([3]OCT!I10="","",[3]OCT!I10) | S10: =IF([4]OCT!C10="","",[4]OCT!C10) | T10: =IF([4]OCT!D10="","",[4]OCT!D10) | U10: =IF([4]OCT!E10="","",[4]OCT!E10) | V10: =IF([4]OCT!F10="","",[4]OCT!F10) | W10: =IF([4]OCT!G10="","",[4]OCT!G10) | X10: =IF([4]OCT!H10="","",[4]OCT!H10) | Y10: =IF([4]OCT!I10="","",[4]OCT!I10) | Z10: =IF([5]OCT!C10="","",[5]OCT!C10) | AA10: =IF([5]OCT!D10="","",[5]OCT!D10) | AB10: =IF([5]OCT!E10="","",[5]OCT!E10) | AC10: =IF([5]OCT!F10="","",[5]OCT!F10) | AD10: =IF([5]OCT!G10="","",[5]OCT!G10) | AE10: =IF([5]OCT!H10="","",[5]OCT!H10) | AF10: =IF([5]OCT!I10="","",[5]OCT!I10) | AG10: =IF([5]OCT!J10="","",[5]OCT!J10) | ... AI10: =IF([5]OCT!L10="","",[5]OCT!L10) | AJ10: =IFERROR(AVERAGE(C10:AI10),"") | AK10: Avg
B11: Employee FTE (Finance) | C11: =IF(COUNT(C6:C9)=0,"",N(C6)+N(C7)*0.75+N(C8)*0.5+N(C9)*0.25) | D11: =IF(COUNT(D6:D9)=0,"",N(D6)+N(D7)*0.75+N(D8)*0.5+N(D9)*0.25) | E11: =IF(COUNT(E6:E9)=0,"",N(E6)+N(E7)*0.75+N(E8)*0.5+N(E9)*0.25) | F11: =IF(COUNT(F6:F9)=0,"",N(F6)+N(F7)*0.75+N(F8)*0.5+N(F9)*0.25) | G11: =IF(COUNT(G6:G9)=0,"",N(G6)+N(G7)*0.75+N(G8)*0.5+N(G9)*0.25) | H11: =IF(COUNT(H6:H9)=0,"",N(H6)+N(H7)*0.75+N(H8)*0.5+N(H9)*0.25) | I11: =IF(COUNT(I6:I9)=0,"",N(I6)+N(I7)*0.75+N(I8)*0.5+N(I9)*0.25) | J11: =IF(COUNT(J6:J9)=0,"",N(J6)+N(J7)*0.75+N(J8)*0.5+N(J9)*0.25) | ... AJ11: =IF(COUNT(AJ6:AJ9)=0,"",N(AJ6)+N(AJ7)*0.75+N(AJ8)*0.5+N(AJ9)*0.25) | AK11: FTE | AL11: =IF(COUNT(AJ5:AJ9)=0,"",N(AJ6)+N(AJ7)+N(AJ8)+N(AJ9)-N(AJ5))
B12: Subcontracted Workforce HC | C12: =IF([1]OCT!C12="","",[1]OCT!C12) | D12: =IF([2]OCT!C12="","",[2]OCT!C12) | E12: =IF([2]OCT!D12="","",[2]OCT!D12) | F12: =IF([2]OCT!E12="","",[2]OCT!E12) | G12: =IF([2]OCT!F12="","",[2]OCT!F12) | H12: =IF([2]OCT!G12="","",[2]OCT!G12) | I12: =IF([2]OCT!H12="","",[2]OCT!H12) | J12: =IF([2]OCT!I12="","",[2]OCT!I12) | K12: =IF([2]OCT!J12="","",[2]OCT!J12) | L12: =IF([3]OCT!C12="","",[3]OCT!C12) | M12: =IF([3]OCT!D12="","",[3]OCT!D12) | N12: =IF([3]OCT!E12="","",[3]OCT!E12) | O12: =IF([3]OCT!F12="","",[3]OCT!F12) | P12: =IF([3]OCT!G12="","",[3]OCT!G12) | Q12: =IF([3]OCT!H12="","",[3]OCT!H12) | R12: =IF([3]OCT!I12="","",[3]OCT!I12) | S12: =IF([4]OCT!C12="","",[4]OCT!C12) | T12: =IF([4]OCT!D12="","",[4]OCT!D12) | U12: =IF([4]OCT!E12="","",[4]OCT!E12) | V12: =IF([4]OCT!F12="","",[4]OCT!F12) | W12: =IF([4]OCT!G12="","",[4]OCT!G12) | X12: =IF([4]OCT!H12="","",[4]OCT!H12) | Y12: =IF([4]OCT!I12="","",[4]OCT!I12) | Z12: =IF([5]OCT!C12="","",[5]OCT!C12) | AA12: =IF([5]OCT!D12="","",[5]OCT!D12) | AB12: =IF([5]OCT!E12="","",[5]OCT!E12) | AC12: =IF([5]OCT!F12="","",[5]OCT!F12) | AD12: =IF([5]OCT!G12="","",[5]OCT!G12) | AE12: =IF([5]OCT!H12="","",[5]OCT!H12) | AF12: =IF([5]OCT!I12="","",[5]OCT!I12) | AG12: =IF([5]OCT!J12="","",[5]OCT!J12) | ... AI12: =IF([5]OCT!L12="","",[5]OCT!L12) | AJ12: =IF(COUNT(C12:AI12)=0,"",SUM(C12:AI12)) | AK12: ∑
B13: Subcontracted Productive Hours | C13: =IF([1]OCT!C13="","",[1]OCT!C13) | D13: =IF([2]OCT!C13="","",[2]OCT!C13) | E13: =IF([2]OCT!D13="","",[2]OCT!D13) | F13: =IF([2]OCT!E13="","",[2]OCT!E13) | G13: =IF([2]OCT!F13="","",[2]OCT!F13) | H13: =IF([2]OCT!G13="","",[2]OCT!G13) | I13: =IF([2]OCT!H13="","",[2]OCT!H13) | J13: =IF([2]OCT!I13="","",[2]OCT!I13) | K13: =IF([2]OCT!J13="","",[2]OCT!J13) | L13: =IF([3]OCT!C13="","",[3]OCT!C13) | M13: =IF([3]OCT!D13="","",[3]OCT!D13) | N13: =IF([3]OCT!E13="","",[3]OCT!E13) | O13: =IF([3]OCT!F13="","",[3]OCT!F13) | P13: =IF([3]OCT!G13="","",[3]OCT!G13) | Q13: =IF([3]OCT!H13="","",[3]OCT!H13) | R13: =IF([3]OCT!I13="","",[3]OCT!I13) | S13: =IF([4]OCT!C13="","",[4]OCT!C13) | T13: =IF([4]OCT!D13="","",[4]OCT!D13) | U13: =IF([4]OCT!E13="","",[4]OCT!E13) | V13: =IF([4]OCT!F13="","",[4]OCT!F13) | W13: =IF([4]OCT!G13="","",[4]OCT!G13) | X13: =IF([4]OCT!H13="","",[4]OCT!H13) | Y13: =IF([4]OCT!I13="","",[4]OCT!I13) | Z13: =IF([5]OCT!C13="","",[5]OCT!C13) | AA13: =IF([5]OCT!D13="","",[5]OCT!D13) | AB13: =IF([5]OCT!E13="","",[5]OCT!E13) | AC13: =IF([5]OCT!F13="","",[5]OCT!F13) | AD13: =IF([5]OCT!G13="","",[5]OCT!G13) | AE13: =IF([5]OCT!H13="","",[5]OCT!H13) | AF13: =IF([5]OCT!I13="","",[5]OCT!I13) | AG13: =IF([5]OCT!J13="","",[5]OCT!J13) | ... AI13: =IF([5]OCT!L13="","",[5]OCT!L13) | AJ13: =IF(COUNT(C13:AI13)=0,"",SUM(C13:AI13)) | AK13: ∑
B14: Subcontracted FTE | C14: =IFERROR(C13/C10,"") | D14: =IFERROR(D13/D10,"") | E14: =IFERROR(E13/E10,"") | F14: =IFERROR(F13/F10,"") | G14: =IFERROR(G13/G10,"") | H14: =IFERROR(H13/H10,"") | I14: =IFERROR(I13/I10,"") | J14: =IFERROR(J13/J10,"") | ... AI14: =IFERROR(AI13/AI10,"") | AJ14: =IF(COUNT(C14:AI14)=0,"",SUM(C14:AI14)) | AK14: FTE
B15: Total Operational Workforce | C15: =IF(COUNT(C5,C12)=0,"",SUM(C5,C12)) | D15: =IF(COUNT(D5,D12)=0,"",SUM(D5,D12)) | E15: =IF(COUNT(E5,E12)=0,"",SUM(E5,E12)) | F15: =IF(COUNT(F5,F12)=0,"",SUM(F5,F12)) | G15: =IF(COUNT(G5,G12)=0,"",SUM(G5,G12)) | H15: =IF(COUNT(H5,H12)=0,"",SUM(H5,H12)) | I15: =IF(COUNT(I5,I12)=0,"",SUM(I5,I12)) | J15: =IF(COUNT(J5,J12)=0,"",SUM(J5,J12)) | ... AJ15: =IF(COUNT(AJ5,AJ12)=0,"",SUM(AJ5,AJ12)) | AK15: ϝ
B16: Total Operational FTE | C16: =IF(COUNT(C11,C14)=0,"",SUM(C11,C14)) | D16: =IF(COUNT(D11,D14)=0,"",SUM(D11,D14)) | E16: =IF(COUNT(E11,E14)=0,"",SUM(E11,E14)) | F16: =IF(COUNT(F11,F14)=0,"",SUM(F11,F14)) | G16: =IF(COUNT(G11,G14)=0,"",SUM(G11,G14)) | H16: =IF(COUNT(H11,H14)=0,"",SUM(H11,H14)) | I16: =IF(COUNT(I11,I14)=0,"",SUM(I11,I14)) | J16: =IF(COUNT(J11,J14)=0,"",SUM(J11,J14)) | ... AJ16: =IF(COUNT(AJ11,AJ14)=0,"",SUM(AJ11,AJ14)) | AK16: FTE
B17: Subcontracted Share of Workforce (%) | C17: =IFERROR(C12/C15,"") | D17: =IFERROR(D12/D15,"") | E17: =IFERROR(E12/E15,"") | F17: =IFERROR(F12/F15,"") | G17: =IFERROR(G12/G15,"") | H17: =IFERROR(H12/H15,"") | I17: =IFERROR(I12/I15,"") | J17: =IFERROR(J12/J15,"") | ... AJ17: =IFERROR(AJ12/AJ15,"") | AK17: ϝ
B18: FTE HR Team | C18: =IF([1]OCT!C18="","",[1]OCT!C18) | D18: =IF([2]OCT!C18="","",[2]OCT!C18) | E18: =IF([2]OCT!D18="","",[2]OCT!D18) | F18: =IF([2]OCT!E18="","",[2]OCT!E18) | G18: =IF([2]OCT!F18="","",[2]OCT!F18) | H18: =IF([2]OCT!G18="","",[2]OCT!G18) | I18: =IF([2]OCT!H18="","",[2]OCT!H18) | J18: =IF([2]OCT!I18="","",[2]OCT!I18) | K18: =IF([2]OCT!J18="","",[2]OCT!J18) | L18: =IF([3]OCT!C18="","",[3]OCT!C18) | M18: =IF([3]OCT!D18="","",[3]OCT!D18) | N18: =IF([3]OCT!E18="","",[3]OCT!E18) | O18: =IF([3]OCT!F18="","",[3]OCT!F18) | P18: =IF([3]OCT!G18="","",[3]OCT!G18) | Q18: =IF([3]OCT!H18="","",[3]OCT!H18) | R18: =IF([3]OCT!I18="","",[3]OCT!I18) | S18: =IF([4]OCT!C18="","",[4]OCT!C18) | T18: =IF([4]OCT!D18="","",[4]OCT!D18) | U18: =IF([4]OCT!E18="","",[4]OCT!E18) | V18: =IF([4]OCT!F18="","",[4]OCT!F18) | W18: =IF([4]OCT!G18="","",[4]OCT!G18) | X18: =IF([4]OCT!H18="","",[4]OCT!H18) | Y18: =IF([4]OCT!I18="","",[4]OCT!I18) | Z18: =IF([5]OCT!C18="","",[5]OCT!C18) | AA18: =IF([5]OCT!D18="","",[5]OCT!D18) | AB18: =IF([5]OCT!E18="","",[5]OCT!E18) | AC18: =IF([5]OCT!F18="","",[5]OCT!F18) | AD18: =IF([5]OCT!G18="","",[5]OCT!G18) | AE18: =IF([5]OCT!H18="","",[5]OCT!H18) | AF18: =IF([5]OCT!I18="","",[5]OCT!I18) | AG18: =IF([5]OCT!J18="","",[5]OCT!J18) | ... AI18: =IF([5]OCT!L18="","",[5]OCT!L18) | AJ18: =IF(COUNT(C18:AI18)=0,"",SUM(C18:AI18)) | AK18: ∑
B19: Permanent Hires | C19: =IF([1]OCT!C19="","",[1]OCT!C19) | D19: =IF([2]OCT!C19="","",[2]OCT!C19) | E19: =IF([2]OCT!D19="","",[2]OCT!D19) | F19: =IF([2]OCT!E19="","",[2]OCT!E19) | G19: =IF([2]OCT!F19="","",[2]OCT!F19) | H19: =IF([2]OCT!G19="","",[2]OCT!G19) | I19: =IF([2]OCT!H19="","",[2]OCT!H19) | J19: =IF([2]OCT!I19="","",[2]OCT!I19) | K19: =IF([2]OCT!J19="","",[2]OCT!J19) | L19: =IF([3]OCT!C19="","",[3]OCT!C19) | M19: =IF([3]OCT!D19="","",[3]OCT!D19) | N19: =IF([3]OCT!E19="","",[3]OCT!E19) | O19: =IF([3]OCT!F19="","",[3]OCT!F19) | P19: =IF([3]OCT!G19="","",[3]OCT!G19) | Q19: =IF([3]OCT!H19="","",[3]OCT!H19) | R19: =IF([3]OCT!I19="","",[3]OCT!I19) | S19: =IF([4]OCT!C19="","",[4]OCT!C19) | T19: =IF([4]OCT!D19="","",[4]OCT!D19) | U19: =IF([4]OCT!E19="","",[4]OCT!E19) | V19: =IF([4]OCT!F19="","",[4]OCT!F19) | W19: =IF([4]OCT!G19="","",[4]OCT!G19) | X19: =IF([4]OCT!H19="","",[4]OCT!H19) | Y19: =IF([4]OCT!I19="","",[4]OCT!I19) | Z19: =IF([5]OCT!C19="","",[5]OCT!C19) | AA19: =IF([5]OCT!D19="","",[5]OCT!D19) | AB19: =IF([5]OCT!E19="","",[5]OCT!E19) | AC19: =IF([5]OCT!F19="","",[5]OCT!F19) | AD19: =IF([5]OCT!G19="","",[5]OCT!G19) | AE19: =IF([5]OCT!H19="","",[5]OCT!H19) | AF19: =IF([5]OCT!I19="","",[5]OCT!I19) | AG19: =IF([5]OCT!J19="","",[5]OCT!J19) | ... AI19: =IF([5]OCT!L19="","",[5]OCT!L19) | AJ19: =IF(COUNT(C19:AI19)=0,"",SUM(C19:AI19)) | AK19: ∑
B20: Temporary Hires | C20: =IF([1]OCT!C20="","",[1]OCT!C20) | D20: =IF([2]OCT!C20="","",[2]OCT!C20) | E20: =IF([2]OCT!D20="","",[2]OCT!D20) | F20: =IF([2]OCT!E20="","",[2]OCT!E20) | G20: =IF([2]OCT!F20="","",[2]OCT!F20) | H20: =IF([2]OCT!G20="","",[2]OCT!G20) | I20: =IF([2]OCT!H20="","",[2]OCT!H20) | J20: =IF([2]OCT!I20="","",[2]OCT!I20) | K20: =IF([2]OCT!J20="","",[2]OCT!J20) | L20: =IF([3]OCT!C20="","",[3]OCT!C20) | M20: =IF([3]OCT!D20="","",[3]OCT!D20) | N20: =IF([3]OCT!E20="","",[3]OCT!E20) | O20: =IF([3]OCT!F20="","",[3]OCT!F20) | P20: =IF([3]OCT!G20="","",[3]OCT!G20) | Q20: =IF([3]OCT!H20="","",[3]OCT!H20) | R20: =IF([3]OCT!I20="","",[3]OCT!I20) | S20: =IF([4]OCT!C20="","",[4]OCT!C20) | T20: =IF([4]OCT!D20="","",[4]OCT!D20) | U20: =IF([4]OCT!E20="","",[4]OCT!E20) | V20: =IF([4]OCT!F20="","",[4]OCT!F20) | W20: =IF([4]OCT!G20="","",[4]OCT!G20) | X20: =IF([4]OCT!H20="","",[4]OCT!H20) | Y20: =IF([4]OCT!I20="","",[4]OCT!I20) | Z20: =IF([5]OCT!C20="","",[5]OCT!C20) | AA20: =IF([5]OCT!D20="","",[5]OCT!D20) | AB20: =IF([5]OCT!E20="","",[5]OCT!E20) | AC20: =IF([5]OCT!F20="","",[5]OCT!F20) | AD20: =IF([5]OCT!G20="","",[5]OCT!G20) | AE20: =IF([5]OCT!H20="","",[5]OCT!H20) | AF20: =IF([5]OCT!I20="","",[5]OCT!I20) | AG20: =IF([5]OCT!J20="","",[5]OCT!J20) | ... AI20: =IF([5]OCT!L20="","",[5]OCT!L20) | AJ20: =IF(COUNT(C20:AI20)=0,"",SUM(C20:AI20)) | AK20: ∑
B21: Total Hires | C21: =IF(COUNT(C19:C20)=0,"",SUM(C19:C20)) | D21: =IF(COUNT(D19:D20)=0,"",SUM(D19:D20)) | E21: =IF(COUNT(E19:E20)=0,"",SUM(E19:E20)) | F21: =IF(COUNT(F19:F20)=0,"",SUM(F19:F20)) | G21: =IF(COUNT(G19:G20)=0,"",SUM(G19:G20)) | H21: =IF(COUNT(H19:H20)=0,"",SUM(H19:H20)) | I21: =IF(COUNT(I19:I20)=0,"",SUM(I19:I20)) | J21: =IF(COUNT(J19:J20)=0,"",SUM(J19:J20)) | ... AJ21: =IF(COUNT(AJ19:AJ20)=0,"",SUM(AJ19:AJ20)) | AK21: ϝ
B22: Permanent Exits | C22: =IF([1]OCT!C22="","",[1]OCT!C22) | D22: =IF([2]OCT!C22="","",[2]OCT!C22) | E22: =IF([2]OCT!D22="","",[2]OCT!D22) | F22: =IF([2]OCT!E22="","",[2]OCT!E22) | G22: =IF([2]OCT!F22="","",[2]OCT!F22) | H22: =IF([2]OCT!G22="","",[2]OCT!G22) | I22: =IF([2]OCT!H22="","",[2]OCT!H22) | J22: =IF([2]OCT!I22="","",[2]OCT!I22) | K22: =IF([2]OCT!J22="","",[2]OCT!J22) | L22: =IF([3]OCT!C22="","",[3]OCT!C22) | M22: =IF([3]OCT!D22="","",[3]OCT!D22) | N22: =IF([3]OCT!E22="","",[3]OCT!E22) | O22: =IF([3]OCT!F22="","",[3]OCT!F22) | P22: =IF([3]OCT!G22="","",[3]OCT!G22) | Q22: =IF([3]OCT!H22="","",[3]OCT!H22) | R22: =IF([3]OCT!I22="","",[3]OCT!I22) | S22: =IF([4]OCT!C22="","",[4]OCT!C22) | T22: =IF([4]OCT!D22="","",[4]OCT!D22) | U22: =IF([4]OCT!E22="","",[4]OCT!E22) | V22: =IF([4]OCT!F22="","",[4]OCT!F22) | W22: =IF([4]OCT!G22="","",[4]OCT!G22) | X22: =IF([4]OCT!H22="","",[4]OCT!H22) | Y22: =IF([4]OCT!I22="","",[4]OCT!I22) | Z22: =IF([5]OCT!C22="","",[5]OCT!C22) | AA22: =IF([5]OCT!D22="","",[5]OCT!D22) | AB22: =IF([5]OCT!E22="","",[5]OCT!E22) | AC22: =IF([5]OCT!F22="","",[5]OCT!F22) | AD22: =IF([5]OCT!G22="","",[5]OCT!G22) | AE22: =IF([5]OCT!H22="","",[5]OCT!H22) | AF22: =IF([5]OCT!I22="","",[5]OCT!I22) | AG22: =IF([5]OCT!J22="","",[5]OCT!J22) | ... AI22: =IF([5]OCT!L22="","",[5]OCT!L22) | AJ22: =IF(COUNT(C22:AI22)=0,"",SUM(C22:AI22)) | AK22: ∑
B23: Temporary Exits | C23: =IF([1]OCT!C23="","",[1]OCT!C23) | D23: =IF([2]OCT!C23="","",[2]OCT!C23) | E23: =IF([2]OCT!D23="","",[2]OCT!D23) | F23: =IF([2]OCT!E23="","",[2]OCT!E23) | G23: =IF([2]OCT!F23="","",[2]OCT!F23) | H23: =IF([2]OCT!G23="","",[2]OCT!G23) | I23: =IF([2]OCT!H23="","",[2]OCT!H23) | J23: =IF([2]OCT!I23="","",[2]OCT!I23) | K23: =IF([2]OCT!J23="","",[2]OCT!J23) | L23: =IF([3]OCT!C23="","",[3]OCT!C23) | M23: =IF([3]OCT!D23="","",[3]OCT!D23) | N23: =IF([3]OCT!E23="","",[3]OCT!E23) | O23: =IF([3]OCT!F23="","",[3]OCT!F23) | P23: =IF([3]OCT!G23="","",[3]OCT!G23) | Q23: =IF([3]OCT!H23="","",[3]OCT!H23) | R23: =IF([3]OCT!I23="","",[3]OCT!I23) | S23: =IF([4]OCT!C23="","",[4]OCT!C23) | T23: =IF([4]OCT!D23="","",[4]OCT!D23) | U23: =IF([4]OCT!E23="","",[4]OCT!E23) | V23: =IF([4]OCT!F23="","",[4]OCT!F23) | W23: =IF([4]OCT!G23="","",[4]OCT!G23) | X23: =IF([4]OCT!H23="","",[4]OCT!H23) | Y23: =IF([4]OCT!I23="","",[4]OCT!I23) | Z23: =IF([5]OCT!C23="","",[5]OCT!C23) | AA23: =IF([5]OCT!D23="","",[5]OCT!D23) | AB23: =IF([5]OCT!E23="","",[5]OCT!E23) | AC23: =IF([5]OCT!F23="","",[5]OCT!F23) | AD23: =IF([5]OCT!G23="","",[5]OCT!G23) | AE23: =IF([5]OCT!H23="","",[5]OCT!H23) | AF23: =IF([5]OCT!I23="","",[5]OCT!I23) | AG23: =IF([5]OCT!J23="","",[5]OCT!J23) | ... AI23: =IF([5]OCT!L23="","",[5]OCT!L23) | AJ23: =IF(COUNT(C23:AI23)=0,"",SUM(C23:AI23)) | AK23: ∑
B24: Total Exits | C24: =IF(COUNT(C22:C23)=0,"",SUM(C22:C23)) | D24: =IF(COUNT(D22:D23)=0,"",SUM(D22:D23)) | E24: =IF(COUNT(E22:E23)=0,"",SUM(E22:E23)) | F24: =IF(COUNT(F22:F23)=0,"",SUM(F22:F23)) | G24: =IF(COUNT(G22:G23)=0,"",SUM(G22:G23)) | H24: =IF(COUNT(H22:H23)=0,"",SUM(H22:H23)) | I24: =IF(COUNT(I22:I23)=0,"",SUM(I22:I23)) | J24: =IF(COUNT(J22:J23)=0,"",SUM(J22:J23)) | ... AJ24: =IF(COUNT(AJ22:AJ23)=0,"",SUM(AJ22:AJ23)) | AK24: ϝ
B25: Permanent Turnover (%) | C25: =IF(COUNT(C31,C32)<2,"",IF((C32+C31)=0,"",N(C22)/((C32+C31)/2))) | D25: =IF(COUNT(D31,D32)<2,"",IF((D32+D31)=0,"",N(D22)/((D32+D31)/2))) | E25: =IF(COUNT(E31,E32)<2,"",IF((E32+E31)=0,"",N(E22)/((E32+E31)/2))) | F25: =IF(COUNT(F31,F32)<2,"",IF((F32+F31)=0,"",N(F22)/((F32+F31)/2))) | G25: =IF(COUNT(G31,G32)<2,"",IF((G32+G31)=0,"",N(G22)/((G32+G31)/2))) | H25: =IF(COUNT(H31,H32)<2,"",IF((H32+H31)=0,"",N(H22)/((H32+H31)/2))) | I25: =IF(COUNT(I31,I32)<2,"",IF((I32+I31)=0,"",N(I22)/((I32+I31)/2))) | J25: =IF(COUNT(J31,J32)<2,"",IF((J32+J31)=0,"",N(J22)/((J32+J31)/2))) | ... AJ25: =IF(COUNT(AJ31,AJ32)<2,"",IF((AJ32+AJ31)=0,"",N(AJ22)/((AJ32+AJ31)/2))) | AK25: ϝ
B26: Temporary Turnover (%) | C26: =IF(COUNT(C31,C32)<2,"",IF((C32+C31)=0,"",N(C23)/((C32+C31)/2))) | D26: =IF(COUNT(D31,D32)<2,"",IF((D32+D31)=0,"",N(D23)/((D32+D31)/2))) | E26: =IF(COUNT(E31,E32)<2,"",IF((E32+E31)=0,"",N(E23)/((E32+E31)/2))) | F26: =IF(COUNT(F31,F32)<2,"",IF((F32+F31)=0,"",N(F23)/((F32+F31)/2))) | G26: =IF(COUNT(G31,G32)<2,"",IF((G32+G31)=0,"",N(G23)/((G32+G31)/2))) | H26: =IF(COUNT(H31,H32)<2,"",IF((H32+H31)=0,"",N(H23)/((H32+H31)/2))) | I26: =IF(COUNT(I31,I32)<2,"",IF((I32+I31)=0,"",N(I23)/((I32+I31)/2))) | J26: =IF(COUNT(J31,J32)<2,"",IF((J32+J31)=0,"",N(J23)/((J32+J31)/2))) | ... AJ26: =IF(COUNT(AJ31,AJ32)<2,"",IF((AJ32+AJ31)=0,"",N(AJ23)/((AJ32+AJ31)/2))) | AK26: ϝ
B27: Voluntary Terminations | C27: =IF([1]OCT!C27="","",[1]OCT!C27) | D27: =IF([2]OCT!C27="","",[2]OCT!C27) | E27: =IF([2]OCT!D27="","",[2]OCT!D27) | F27: =IF([2]OCT!E27="","",[2]OCT!E27) | G27: =IF([2]OCT!F27="","",[2]OCT!F27) | H27: =IF([2]OCT!G27="","",[2]OCT!G27) | I27: =IF([2]OCT!H27="","",[2]OCT!H27) | J27: =IF([2]OCT!I27="","",[2]OCT!I27) | K27: =IF([2]OCT!J27="","",[2]OCT!J27) | L27: =IF([3]OCT!C27="","",[3]OCT!C27) | M27: =IF([3]OCT!D27="","",[3]OCT!D27) | N27: =IF([3]OCT!E27="","",[3]OCT!E27) | O27: =IF([3]OCT!F27="","",[3]OCT!F27) | P27: =IF([3]OCT!G27="","",[3]OCT!G27) | Q27: =IF([3]OCT!H27="","",[3]OCT!H27) | R27: =IF([3]OCT!I27="","",[3]OCT!I27) | S27: =IF([4]OCT!C27="","",[4]OCT!C27) | T27: =IF([4]OCT!D27="","",[4]OCT!D27) | U27: =IF([4]OCT!E27="","",[4]OCT!E27) | V27: =IF([4]OCT!F27="","",[4]OCT!F27) | W27: =IF([4]OCT!G27="","",[4]OCT!G27) | X27: =IF([4]OCT!H27="","",[4]OCT!H27) | Y27: =IF([4]OCT!I27="","",[4]OCT!I27) | Z27: =IF([5]OCT!C27="","",[5]OCT!C27) | AA27: =IF([5]OCT!D27="","",[5]OCT!D27) | AB27: =IF([5]OCT!E27="","",[5]OCT!E27) | AC27: =IF([5]OCT!F27="","",[5]OCT!F27) | AD27: =IF([5]OCT!G27="","",[5]OCT!G27) | AE27: =IF([5]OCT!H27="","",[5]OCT!H27) | AF27: =IF([5]OCT!I27="","",[5]OCT!I27) | AG27: =IF([5]OCT!J27="","",[5]OCT!J27) | ... AI27: =IF([5]OCT!L27="","",[5]OCT!L27) | AJ27: =IF(COUNT(C27:AI27)=0,"",SUM(C27:AI27)) | AK27: ∑
B28: Involuntary Terminations | C28: =IF([1]OCT!C28="","",[1]OCT!C28) | D28: =IF([2]OCT!C28="","",[2]OCT!C28) | E28: =IF([2]OCT!D28="","",[2]OCT!D28) | F28: =IF([2]OCT!E28="","",[2]OCT!E28) | G28: =IF([2]OCT!F28="","",[2]OCT!F28) | H28: =IF([2]OCT!G28="","",[2]OCT!G28) | I28: =IF([2]OCT!H28="","",[2]OCT!H28) | J28: =IF([2]OCT!I28="","",[2]OCT!I28) | K28: =IF([2]OCT!J28="","",[2]OCT!J28) | L28: =IF([3]OCT!C28="","",[3]OCT!C28) | M28: =IF([3]OCT!D28="","",[3]OCT!D28) | N28: =IF([3]OCT!E28="","",[3]OCT!E28) | O28: =IF([3]OCT!F28="","",[3]OCT!F28) | P28: =IF([3]OCT!G28="","",[3]OCT!G28) | Q28: =IF([3]OCT!H28="","",[3]OCT!H28) | R28: =IF([3]OCT!I28="","",[3]OCT!I28) | S28: =IF([4]OCT!C28="","",[4]OCT!C28) | T28: =IF([4]OCT!D28="","",[4]OCT!D28) | U28: =IF([4]OCT!E28="","",[4]OCT!E28) | V28: =IF([4]OCT!F28="","",[4]OCT!F28) | W28: =IF([4]OCT!G28="","",[4]OCT!G28) | X28: =IF([4]OCT!H28="","",[4]OCT!H28) | Y28: =IF([4]OCT!I28="","",[4]OCT!I28) | Z28: =IF([5]OCT!C28="","",[5]OCT!C28) | AA28: =IF([5]OCT!D28="","",[5]OCT!D28) | AB28: =IF([5]OCT!E28="","",[5]OCT!E28) | AC28: =IF([5]OCT!F28="","",[5]OCT!F28) | AD28: =IF([5]OCT!G28="","",[5]OCT!G28) | AE28: =IF([5]OCT!H28="","",[5]OCT!H28) | AF28: =IF([5]OCT!I28="","",[5]OCT!I28) | AG28: =IF([5]OCT!J28="","",[5]OCT!J28) | ... AI28: =IF([5]OCT!L28="","",[5]OCT!L28) | AJ28: =IF(COUNT(C28:AI28)=0,"",SUM(C28:AI28)) | AK28: ∑
B29: Voluntary Turnover (%) | C29: =IF(COUNT(C31,C32)<2,"",IF((C32+C31)=0,"",N(C27)/((C32+C31)/2))) | D29: =IF(COUNT(D31,D32)<2,"",IF((D32+D31)=0,"",N(D27)/((D32+D31)/2))) | E29: =IF(COUNT(E31,E32)<2,"",IF((E32+E31)=0,"",N(E27)/((E32+E31)/2))) | F29: =IF(COUNT(F31,F32)<2,"",IF((F32+F31)=0,"",N(F27)/((F32+F31)/2))) | G29: =IF(COUNT(G31,G32)<2,"",IF((G32+G31)=0,"",N(G27)/((G32+G31)/2))) | H29: =IF(COUNT(H31,H32)<2,"",IF((H32+H31)=0,"",N(H27)/((H32+H31)/2))) | I29: =IF(COUNT(I31,I32)<2,"",IF((I32+I31)=0,"",N(I27)/((I32+I31)/2))) | J29: =IF(COUNT(J31,J32)<2,"",IF((J32+J31)=0,"",N(J27)/((J32+J31)/2))) | ... AJ29: =IF(COUNT(AJ31,AJ32)<2,"",IF((AJ32+AJ31)=0,"",N(AJ27)/((AJ32+AJ31)/2))) | AK29: ϝ
B30: Involuntary Turnover (%) | C30: =IF(COUNT(C31,C32)<2,"",IF((C32+C31)=0,"",N(C28)/((C32+C31)/2))) | D30: =IF(COUNT(D31,D32)<2,"",IF((D32+D31)=0,"",N(D28)/((D32+D31)/2))) | E30: =IF(COUNT(E31,E32)<2,"",IF((E32+E31)=0,"",N(E28)/((E32+E31)/2))) | F30: =IF(COUNT(F31,F32)<2,"",IF((F32+F31)=0,"",N(F28)/((F32+F31)/2))) | G30: =IF(COUNT(G31,G32)<2,"",IF((G32+G31)=0,"",N(G28)/((G32+G31)/2))) | H30: =IF(COUNT(H31,H32)<2,"",IF((H32+H31)=0,"",N(H28)/((H32+H31)/2))) | I30: =IF(COUNT(I31,I32)<2,"",IF((I32+I31)=0,"",N(I28)/((I32+I31)/2))) | J30: =IF(COUNT(J31,J32)<2,"",IF((J32+J31)=0,"",N(J28)/((J32+J31)/2))) | ... AJ30: =IF(COUNT(AJ31,AJ32)<2,"",IF((AJ32+AJ31)=0,"",N(AJ28)/((AJ32+AJ31)/2))) | AK30: ϝ
B31: Headcount last Month | C31: =IF([1]OCT!C31="","",[1]OCT!C31) | D31: =IF([2]OCT!C31="","",[2]OCT!C31) | E31: =IF([2]OCT!D31="","",[2]OCT!D31) | F31: =IF([2]OCT!E31="","",[2]OCT!E31) | G31: =IF([2]OCT!F31="","",[2]OCT!F31) | H31: =IF([2]OCT!G31="","",[2]OCT!G31) | I31: =IF([2]OCT!H31="","",[2]OCT!H31) | J31: =IF([2]OCT!I31="","",[2]OCT!I31) | K31: =IF([2]OCT!J31="","",[2]OCT!J31) | L31: =IF([3]OCT!C31="","",[3]OCT!C31) | M31: =IF([3]OCT!D31="","",[3]OCT!D31) | N31: =IF([3]OCT!E31="","",[3]OCT!E31) | O31: =IF([3]OCT!F31="","",[3]OCT!F31) | P31: =IF([3]OCT!G31="","",[3]OCT!G31) | Q31: =IF([3]OCT!H31="","",[3]OCT!H31) | R31: =IF([3]OCT!I31="","",[3]OCT!I31) | S31: =IF([4]OCT!C31="","",[4]OCT!C31) | T31: =IF([4]OCT!D31="","",[4]OCT!D31) | U31: =IF([4]OCT!E31="","",[4]OCT!E31) | V31: =IF([4]OCT!F31="","",[4]OCT!F31) | W31: =IF([4]OCT!G31="","",[4]OCT!G31) | X31: =IF([4]OCT!H31="","",[4]OCT!H31) | Y31: =IF([4]OCT!I31="","",[4]OCT!I31) | Z31: =IF([5]OCT!C31="","",[5]OCT!C31) | AA31: =IF([5]OCT!D31="","",[5]OCT!D31) | AB31: =IF([5]OCT!E31="","",[5]OCT!E31) | AC31: =IF([5]OCT!F31="","",[5]OCT!F31) | AD31: =IF([5]OCT!G31="","",[5]OCT!G31) | AE31: =IF([5]OCT!H31="","",[5]OCT!H31) | AF31: =IF([5]OCT!I31="","",[5]OCT!I31) | AG31: =IF([5]OCT!J31="","",[5]OCT!J31) | ... AI31: =IF([5]OCT!L31="","",[5]OCT!L31) | AJ31: =IF(COUNT(C31:AI31)=0,"",SUM(C31:AI31)) | AK31: ∑
B32: Headcount this Month | C32: =IF(C5="","",C5) | D32: =IF(D5="","",D5) | E32: =IF(E5="","",E5) | F32: =IF(F5="","",F5) | G32: =IF(G5="","",G5) | H32: =IF(H5="","",H5) | I32: =IF(I5="","",I5) | J32: =IF(J5="","",J5) | ... AI32: =IF(AI5="","",AI5) | AJ32: =IF(COUNT(C32:AI32)=0,"",SUM(C32:AI32)) | AK32: ∑
B33: Full Turnover (%) | C33: =IF(COUNT(C31,C32)<2,"",IF((C32+C31)=0,"",N(C24)/((C32+C31)/2))) | D33: =IF(COUNT(D31,D32)<2,"",IF((D32+D31)=0,"",N(D24)/((D32+D31)/2))) | E33: =IF(COUNT(E31,E32)<2,"",IF((E32+E31)=0,"",N(E24)/((E32+E31)/2))) | F33: =IF(COUNT(F31,F32)<2,"",IF((F32+F31)=0,"",N(F24)/((F32+F31)/2))) | G33: =IF(COUNT(G31,G32)<2,"",IF((G32+G31)=0,"",N(G24)/((G32+G31)/2))) | H33: =IF(COUNT(H31,H32)<2,"",IF((H32+H31)=0,"",N(H24)/((H32+H31)/2))) | I33: =IF(COUNT(I31,I32)<2,"",IF((I32+I31)=0,"",N(I24)/((I32+I31)/2))) | J33: =IF(COUNT(J31,J32)<2,"",IF((J32+J31)=0,"",N(J24)/((J32+J31)/2))) | ... AJ33: =IF(COUNT(AJ31,AJ32)<2,"",IF((AJ32+AJ31)=0,"",N(AJ24)/((AJ32+AJ31)/2))) | AK33: ϝ
B34: Permanent Vacancies | C34: =IF([1]OCT!C34="","",[1]OCT!C34) | D34: =IF([2]OCT!C34="","",[2]OCT!C34) | E34: =IF([2]OCT!D34="","",[2]OCT!D34) | F34: =IF([2]OCT!E34="","",[2]OCT!E34) | G34: =IF([2]OCT!F34="","",[2]OCT!F34) | H34: =IF([2]OCT!G34="","",[2]OCT!G34) | I34: =IF([2]OCT!H34="","",[2]OCT!H34) | J34: =IF([2]OCT!I34="","",[2]OCT!I34) | K34: =IF([2]OCT!J34="","",[2]OCT!J34) | L34: =IF([3]OCT!C34="","",[3]OCT!C34) | M34: =IF([3]OCT!D34="","",[3]OCT!D34) | N34: =IF([3]OCT!E34="","",[3]OCT!E34) | O34: =IF([3]OCT!F34="","",[3]OCT!F34) | P34: =IF([3]OCT!G34="","",[3]OCT!G34) | Q34: =IF([3]OCT!H34="","",[3]OCT!H34) | R34: =IF([3]OCT!I34="","",[3]OCT!I34) | S34: =IF([4]OCT!C34="","",[4]OCT!C34) | T34: =IF([4]OCT!D34="","",[4]OCT!D34) | U34: =IF([4]OCT!E34="","",[4]OCT!E34) | V34: =IF([4]OCT!F34="","",[4]OCT!F34) | W34: =IF([4]OCT!G34="","",[4]OCT!G34) | X34: =IF([4]OCT!H34="","",[4]OCT!H34) | Y34: =IF([4]OCT!I34="","",[4]OCT!I34) | Z34: =IF([5]OCT!C34="","",[5]OCT!C34) | AA34: =IF([5]OCT!D34="","",[5]OCT!D34) | AB34: =IF([5]OCT!E34="","",[5]OCT!E34) | AC34: =IF([5]OCT!F34="","",[5]OCT!F34) | AD34: =IF([5]OCT!G34="","",[5]OCT!G34) | AE34: =IF([5]OCT!H34="","",[5]OCT!H34) | AF34: =IF([5]OCT!I34="","",[5]OCT!I34) | AG34: =IF([5]OCT!J34="","",[5]OCT!J34) | ... AI34: =IF([5]OCT!L34="","",[5]OCT!L34) | AJ34: =IF(COUNT(C34:AI34)=0,"",SUM(C34:AI34)) | AK34: ∑
B35: Temporary Vacancies | C35: =IF([1]OCT!C35="","",[1]OCT!C35) | D35: =IF([2]OCT!C35="","",[2]OCT!C35) | E35: =IF([2]OCT!D35="","",[2]OCT!D35) | F35: =IF([2]OCT!E35="","",[2]OCT!E35) | G35: =IF([2]OCT!F35="","",[2]OCT!F35) | H35: =IF([2]OCT!G35="","",[2]OCT!G35) | I35: =IF([2]OCT!H35="","",[2]OCT!H35) | J35: =IF([2]OCT!I35="","",[2]OCT!I35) | K35: =IF([2]OCT!J35="","",[2]OCT!J35) | L35: =IF([3]OCT!C35="","",[3]OCT!C35) | M35: =IF([3]OCT!D35="","",[3]OCT!D35) | N35: =IF([3]OCT!E35="","",[3]OCT!E35) | O35: =IF([3]OCT!F35="","",[3]OCT!F35) | P35: =IF([3]OCT!G35="","",[3]OCT!G35) | Q35: =IF([3]OCT!H35="","",[3]OCT!H35) | R35: =IF([3]OCT!I35="","",[3]OCT!I35) | S35: =IF([4]OCT!C35="","",[4]OCT!C35) | T35: =IF([4]OCT!D35="","",[4]OCT!D35) | U35: =IF([4]OCT!E35="","",[4]OCT!E35) | V35: =IF([4]OCT!F35="","",[4]OCT!F35) | W35: =IF([4]OCT!G35="","",[4]OCT!G35) | X35: =IF([4]OCT!H35="","",[4]OCT!H35) | Y35: =IF([4]OCT!I35="","",[4]OCT!I35) | Z35: =IF([5]OCT!C35="","",[5]OCT!C35) | AA35: =IF([5]OCT!D35="","",[5]OCT!D35) | AB35: =IF([5]OCT!E35="","",[5]OCT!E35) | AC35: =IF([5]OCT!F35="","",[5]OCT!F35) | AD35: =IF([5]OCT!G35="","",[5]OCT!G35) | AE35: =IF([5]OCT!H35="","",[5]OCT!H35) | AF35: =IF([5]OCT!I35="","",[5]OCT!I35) | AG35: =IF([5]OCT!J35="","",[5]OCT!J35) | ... AI35: =IF([5]OCT!L35="","",[5]OCT!L35) | AJ35: =IF(COUNT(C35:AI35)=0,"",SUM(C35:AI35)) | AK35: ∑
B36: Total Vacancies | C36: =IF(COUNT(C34:C35)=0,"",SUM(C34:C35)) | D36: =IF(COUNT(D34:D35)=0,"",SUM(D34:D35)) | E36: =IF(COUNT(E34:E35)=0,"",SUM(E34:E35)) | F36: =IF(COUNT(F34:F35)=0,"",SUM(F34:F35)) | G36: =IF(COUNT(G34:G35)=0,"",SUM(G34:G35)) | H36: =IF(COUNT(H34:H35)=0,"",SUM(H34:H35)) | I36: =IF(COUNT(I34:I35)=0,"",SUM(I34:I35)) | J36: =IF(COUNT(J34:J35)=0,"",SUM(J34:J35)) | ... AJ36: =IF(COUNT(AJ34:AJ35)=0,"",SUM(AJ34:AJ35)) | AK36: ϝ
B37: Authorized Positions | C37: =IF(COUNT(C5,C36)=0,"",N(C5)+N(C36)) | D37: =IF(COUNT(D5,D36)=0,"",N(D5)+N(D36)) | E37: =IF(COUNT(E5,E36)=0,"",N(E5)+N(E36)) | F37: =IF(COUNT(F5,F36)=0,"",N(F5)+N(F36)) | G37: =IF(COUNT(G5,G36)=0,"",N(G5)+N(G36)) | H37: =IF(COUNT(H5,H36)=0,"",N(H5)+N(H36)) | I37: =IF(COUNT(I5,I36)=0,"",N(I5)+N(I36)) | J37: =IF(COUNT(J5,J36)=0,"",N(J5)+N(J36)) | ... AJ37: =IF(COUNT(AJ5,AJ36)=0,"",N(AJ5)+N(AJ36)) | AK37: ϝ
B38: Vacancy Rate (%) | C38: =IFERROR(C36/C37,"") | D38: =IFERROR(D36/D37,"") | E38: =IFERROR(E36/E37,"") | F38: =IFERROR(F36/F37,"") | G38: =IFERROR(G36/G37,"") | H38: =IFERROR(H36/H37,"") | I38: =IFERROR(I36/I37,"") | J38: =IFERROR(J36/J37,"") | ... AJ38: =IFERROR(AJ36/AJ37,"") | AK38: ϝ
B39: Permanent TimeToHire (Days) YTD | C39: =IF([1]OCT!C39="","",[1]OCT!C39) | D39: =IF([2]OCT!C39="","",[2]OCT!C39) | E39: =IF([2]OCT!D39="","",[2]OCT!D39) | F39: =IF([2]OCT!E39="","",[2]OCT!E39) | G39: =IF([2]OCT!F39="","",[2]OCT!F39) | H39: =IF([2]OCT!G39="","",[2]OCT!G39) | I39: =IF([2]OCT!H39="","",[2]OCT!H39) | J39: =IF([2]OCT!I39="","",[2]OCT!I39) | K39: =IF([2]OCT!J39="","",[2]OCT!J39) | L39: =IF([3]OCT!C39="","",[3]OCT!C39) | M39: =IF([3]OCT!D39="","",[3]OCT!D39) | N39: =IF([3]OCT!E39="","",[3]OCT!E39) | O39: =IF([3]OCT!F39="","",[3]OCT!F39) | P39: =IF([3]OCT!G39="","",[3]OCT!G39) | Q39: =IF([3]OCT!H39="","",[3]OCT!H39) | R39: =IF([3]OCT!I39="","",[3]OCT!I39) | S39: =IF([4]OCT!C39="","",[4]OCT!C39) | T39: =IF([4]OCT!D39="","",[4]OCT!D39) | U39: =IF([4]OCT!E39="","",[4]OCT!E39) | V39: =IF([4]OCT!F39="","",[4]OCT!F39) | W39: =IF([4]OCT!G39="","",[4]OCT!G39) | X39: =IF([4]OCT!H39="","",[4]OCT!H39) | Y39: =IF([4]OCT!I39="","",[4]OCT!I39) | Z39: =IF([5]OCT!C39="","",[5]OCT!C39) | AA39: =IF([5]OCT!D39="","",[5]OCT!D39) | AB39: =IF([5]OCT!E39="","",[5]OCT!E39) | AC39: =IF([5]OCT!F39="","",[5]OCT!F39) | AD39: =IF([5]OCT!G39="","",[5]OCT!G39) | AE39: =IF([5]OCT!H39="","",[5]OCT!H39) | AF39: =IF([5]OCT!I39="","",[5]OCT!I39) | AG39: =IF([5]OCT!J39="","",[5]OCT!J39) | ... AI39: =IF([5]OCT!L39="","",[5]OCT!L39) | AJ39: =IFERROR(AVERAGE(C39:AI39),"") | AK39: Avg
B40: Temporary TimeToHire (Days) YTD | C40: =IF([1]OCT!C40="","",[1]OCT!C40) | D40: =IF([2]OCT!C40="","",[2]OCT!C40) | E40: =IF([2]OCT!D40="","",[2]OCT!D40) | F40: =IF([2]OCT!E40="","",[2]OCT!E40) | G40: =IF([2]OCT!F40="","",[2]OCT!F40) | H40: =IF([2]OCT!G40="","",[2]OCT!G40) | I40: =IF([2]OCT!H40="","",[2]OCT!H40) | J40: =IF([2]OCT!I40="","",[2]OCT!I40) | K40: =IF([2]OCT!J40="","",[2]OCT!J40) | L40: =IF([3]OCT!C40="","",[3]OCT!C40) | M40: =IF([3]OCT!D40="","",[3]OCT!D40) | N40: =IF([3]OCT!E40="","",[3]OCT!E40) | O40: =IF([3]OCT!F40="","",[3]OCT!F40) | P40: =IF([3]OCT!G40="","",[3]OCT!G40) | Q40: =IF([3]OCT!H40="","",[3]OCT!H40) | R40: =IF([3]OCT!I40="","",[3]OCT!I40) | S40: =IF([4]OCT!C40="","",[4]OCT!C40) | T40: =IF([4]OCT!D40="","",[4]OCT!D40) | U40: =IF([4]OCT!E40="","",[4]OCT!E40) | V40: =IF([4]OCT!F40="","",[4]OCT!F40) | W40: =IF([4]OCT!G40="","",[4]OCT!G40) | X40: =IF([4]OCT!H40="","",[4]OCT!H40) | Y40: =IF([4]OCT!I40="","",[4]OCT!I40) | Z40: =IF([5]OCT!C40="","",[5]OCT!C40) | AA40: =IF([5]OCT!D40="","",[5]OCT!D40) | AB40: =IF([5]OCT!E40="","",[5]OCT!E40) | AC40: =IF([5]OCT!F40="","",[5]OCT!F40) | AD40: =IF([5]OCT!G40="","",[5]OCT!G40) | AE40: =IF([5]OCT!H40="","",[5]OCT!H40) | AF40: =IF([5]OCT!I40="","",[5]OCT!I40) | AG40: =IF([5]OCT!J40="","",[5]OCT!J40) | ... AI40: =IF([5]OCT!L40="","",[5]OCT!L40) | AJ40: =IFERROR(AVERAGE(C40:AI40),"") | AK40: Avg
B41: Check-ins Rate Completed (%) | C41: =IF([1]OCT!C41="","",[1]OCT!C41) | D41: =IF([2]OCT!C41="","",[2]OCT!C41) | E41: =IF([2]OCT!D41="","",[2]OCT!D41) | F41: =IF([2]OCT!E41="","",[2]OCT!E41) | G41: =IF([2]OCT!F41="","",[2]OCT!F41) | H41: =IF([2]OCT!G41="","",[2]OCT!G41) | I41: =IF([2]OCT!H41="","",[2]OCT!H41) | J41: =IF([2]OCT!I41="","",[2]OCT!I41) | K41: =IF([2]OCT!J41="","",[2]OCT!J41) | L41: =IF([3]OCT!C41="","",[3]OCT!C41) | M41: =IF([3]OCT!D41="","",[3]OCT!D41) | N41: =IF([3]OCT!E41="","",[3]OCT!E41) | O41: =IF([3]OCT!F41="","",[3]OCT!F41) | P41: =IF([3]OCT!G41="","",[3]OCT!G41) | Q41: =IF([3]OCT!H41="","",[3]OCT!H41) | R41: =IF([3]OCT!I41="","",[3]OCT!I41) | S41: =IF([4]OCT!C41="","",[4]OCT!C41) | T41: =IF([4]OCT!D41="","",[4]OCT!D41) | U41: =IF([4]OCT!E41="","",[4]OCT!E41) | V41: =IF([4]OCT!F41="","",[4]OCT!F41) | W41: =IF([4]OCT!G41="","",[4]OCT!G41) | X41: =IF([4]OCT!H41="","",[4]OCT!H41) | Y41: =IF([4]OCT!I41="","",[4]OCT!I41) | Z41: =IF([5]OCT!C41="","",[5]OCT!C41) | AA41: =IF([5]OCT!D41="","",[5]OCT!D41) | AB41: =IF([5]OCT!E41="","",[5]OCT!E41) | AC41: =IF([5]OCT!F41="","",[5]OCT!F41) | AD41: =IF([5]OCT!G41="","",[5]OCT!G41) | AE41: =IF([5]OCT!H41="","",[5]OCT!H41) | AF41: =IF([5]OCT!I41="","",[5]OCT!I41) | AG41: =IF([5]OCT!J41="","",[5]OCT!J41) | ... AI41: =IF([5]OCT!L41="","",[5]OCT!L41) | AJ41: =IFERROR(AVERAGE(C41:AI41),"") | AK41: Avg
B42: EE Objectives Completed (#) | C42: =IF([1]OCT!C42="","",[1]OCT!C42) | D42: =IF([2]OCT!C42="","",[2]OCT!C42) | E42: =IF([2]OCT!D42="","",[2]OCT!D42) | F42: =IF([2]OCT!E42="","",[2]OCT!E42) | G42: =IF([2]OCT!F42="","",[2]OCT!F42) | H42: =IF([2]OCT!G42="","",[2]OCT!G42) | I42: =IF([2]OCT!H42="","",[2]OCT!H42) | J42: =IF([2]OCT!I42="","",[2]OCT!I42) | K42: =IF([2]OCT!J42="","",[2]OCT!J42) | L42: =IF([3]OCT!C42="","",[3]OCT!C42) | M42: =IF([3]OCT!D42="","",[3]OCT!D42) | N42: =IF([3]OCT!E42="","",[3]OCT!E42) | O42: =IF([3]OCT!F42="","",[3]OCT!F42) | P42: =IF([3]OCT!G42="","",[3]OCT!G42) | Q42: =IF([3]OCT!H42="","",[3]OCT!H42) | R42: =IF([3]OCT!I42="","",[3]OCT!I42) | S42: =IF([4]OCT!C42="","",[4]OCT!C42) | T42: =IF([4]OCT!D42="","",[4]OCT!D42) | U42: =IF([4]OCT!E42="","",[4]OCT!E42) | V42: =IF([4]OCT!F42="","",[4]OCT!F42) | W42: =IF([4]OCT!G42="","",[4]OCT!G42) | X42: =IF([4]OCT!H42="","",[4]OCT!H42) | Y42: =IF([4]OCT!I42="","",[4]OCT!I42) | Z42: =IF([5]OCT!C42="","",[5]OCT!C42) | AA42: =IF([5]OCT!D42="","",[5]OCT!D42) | AB42: =IF([5]OCT!E42="","",[5]OCT!E42) | AC42: =IF([5]OCT!F42="","",[5]OCT!F42) | AD42: =IF([5]OCT!G42="","",[5]OCT!G42) | AE42: =IF([5]OCT!H42="","",[5]OCT!H42) | AF42: =IF([5]OCT!I42="","",[5]OCT!I42) | AG42: =IF([5]OCT!J42="","",[5]OCT!J42) | ... AI42: =IF([5]OCT!L42="","",[5]OCT!L42) | AJ42: =IF(COUNT(C42:AI42)=0,"",SUM(C42:AI42)) | AK42: ∑
B43: Non-certified Absent (Days Lost) | C43: =IF([1]OCT!C43="","",[1]OCT!C43) | D43: =IF([2]OCT!C43="","",[2]OCT!C43) | E43: =IF([2]OCT!D43="","",[2]OCT!D43) | F43: =IF([2]OCT!E43="","",[2]OCT!E43) | G43: =IF([2]OCT!F43="","",[2]OCT!F43) | H43: =IF([2]OCT!G43="","",[2]OCT!G43) | I43: =IF([2]OCT!H43="","",[2]OCT!H43) | J43: =IF([2]OCT!I43="","",[2]OCT!I43) | K43: =IF([2]OCT!J43="","",[2]OCT!J43) | L43: =IF([3]OCT!C43="","",[3]OCT!C43) | M43: =IF([3]OCT!D43="","",[3]OCT!D43) | N43: =IF([3]OCT!E43="","",[3]OCT!E43) | O43: =IF([3]OCT!F43="","",[3]OCT!F43) | P43: =IF([3]OCT!G43="","",[3]OCT!G43) | Q43: =IF([3]OCT!H43="","",[3]OCT!H43) | R43: =IF([3]OCT!I43="","",[3]OCT!I43) | S43: =IF([4]OCT!C43="","",[4]OCT!C43) | T43: =IF([4]OCT!D43="","",[4]OCT!D43) | U43: =IF([4]OCT!E43="","",[4]OCT!E43) | V43: =IF([4]OCT!F43="","",[4]OCT!F43) | W43: =IF([4]OCT!G43="","",[4]OCT!G43) | X43: =IF([4]OCT!H43="","",[4]OCT!H43) | Y43: =IF([4]OCT!I43="","",[4]OCT!I43) | Z43: =IF([5]OCT!C43="","",[5]OCT!C43) | AA43: =IF([5]OCT!D43="","",[5]OCT!D43) | AB43: =IF([5]OCT!E43="","",[5]OCT!E43) | AC43: =IF([5]OCT!F43="","",[5]OCT!F43) | AD43: =IF([5]OCT!G43="","",[5]OCT!G43) | AE43: =IF([5]OCT!H43="","",[5]OCT!H43) | AF43: =IF([5]OCT!I43="","",[5]OCT!I43) | AG43: =IF([5]OCT!J43="","",[5]OCT!J43) | ... AI43: =IF([5]OCT!L43="","",[5]OCT!L43) | AJ43: =IF(COUNT(C43:AI43)=0,"",SUM(C43:AI43)) | AK43: ∑
B44: Certified sick leave (Days Lost) | C44: =IF([1]OCT!C44="","",[1]OCT!C44) | D44: =IF([2]OCT!C44="","",[2]OCT!C44) | E44: =IF([2]OCT!D44="","",[2]OCT!D44) | F44: =IF([2]OCT!E44="","",[2]OCT!E44) | G44: =IF([2]OCT!F44="","",[2]OCT!F44) | H44: =IF([2]OCT!G44="","",[2]OCT!G44) | I44: =IF([2]OCT!H44="","",[2]OCT!H44) | J44: =IF([2]OCT!I44="","",[2]OCT!I44) | K44: =IF([2]OCT!J44="","",[2]OCT!J44) | L44: =IF([3]OCT!C44="","",[3]OCT!C44) | M44: =IF([3]OCT!D44="","",[3]OCT!D44) | N44: =IF([3]OCT!E44="","",[3]OCT!E44) | O44: =IF([3]OCT!F44="","",[3]OCT!F44) | P44: =IF([3]OCT!G44="","",[3]OCT!G44) | Q44: =IF([3]OCT!H44="","",[3]OCT!H44) | R44: =IF([3]OCT!I44="","",[3]OCT!I44) | S44: =IF([4]OCT!C44="","",[4]OCT!C44) | T44: =IF([4]OCT!D44="","",[4]OCT!D44) | U44: =IF([4]OCT!E44="","",[4]OCT!E44) | V44: =IF([4]OCT!F44="","",[4]OCT!F44) | W44: =IF([4]OCT!G44="","",[4]OCT!G44) | X44: =IF([4]OCT!H44="","",[4]OCT!H44) | Y44: =IF([4]OCT!I44="","",[4]OCT!I44) | Z44: =IF([5]OCT!C44="","",[5]OCT!C44) | AA44: =IF([5]OCT!D44="","",[5]OCT!D44) | AB44: =IF([5]OCT!E44="","",[5]OCT!E44) | AC44: =IF([5]OCT!F44="","",[5]OCT!F44) | AD44: =IF([5]OCT!G44="","",[5]OCT!G44) | AE44: =IF([5]OCT!H44="","",[5]OCT!H44) | AF44: =IF([5]OCT!I44="","",[5]OCT!I44) | AG44: =IF([5]OCT!J44="","",[5]OCT!J44) | ... AI44: =IF([5]OCT!L44="","",[5]OCT!L44) | AJ44: =IF(COUNT(C44:AI44)=0,"",SUM(C44:AI44)) | AK44: ∑
B45: Total Absences | C45: =IF(COUNT(C43:C44)=0,"",SUM(C43:C44)) | D45: =IF(COUNT(D43:D44)=0,"",SUM(D43:D44)) | E45: =IF(COUNT(E43:E44)=0,"",SUM(E43:E44)) | F45: =IF(COUNT(F43:F44)=0,"",SUM(F43:F44)) | G45: =IF(COUNT(G43:G44)=0,"",SUM(G43:G44)) | H45: =IF(COUNT(H43:H44)=0,"",SUM(H43:H44)) | I45: =IF(COUNT(I43:I44)=0,"",SUM(I43:I44)) | J45: =IF(COUNT(J43:J44)=0,"",SUM(J43:J44)) | ... AJ45: =IF(COUNT(AJ43:AJ44)=0,"",SUM(AJ43:AJ44)) | AK45: ϝ
B46: Absent Rate Non-Certified (%) | C46: =IF([1]OCT!C46="","",[1]OCT!C46) | D46: =IF([2]OCT!C46="","",[2]OCT!C46) | E46: =IF([2]OCT!D46="","",[2]OCT!D46) | F46: =IF([2]OCT!E46="","",[2]OCT!E46) | G46: =IF([2]OCT!F46="","",[2]OCT!F46) | H46: =IF([2]OCT!G46="","",[2]OCT!G46) | I46: =IF([2]OCT!H46="","",[2]OCT!H46) | J46: =IF([2]OCT!I46="","",[2]OCT!I46) | K46: =IF([2]OCT!J46="","",[2]OCT!J46) | L46: =IF([3]OCT!C46="","",[3]OCT!C46) | M46: =IF([3]OCT!D46="","",[3]OCT!D46) | N46: =IF([3]OCT!E46="","",[3]OCT!E46) | O46: =IF([3]OCT!F46="","",[3]OCT!F46) | P46: =IF([3]OCT!G46="","",[3]OCT!G46) | Q46: =IF([3]OCT!H46="","",[3]OCT!H46) | R46: =IF([3]OCT!I46="","",[3]OCT!I46) | S46: =IF([4]OCT!C46="","",[4]OCT!C46) | T46: =IF([4]OCT!D46="","",[4]OCT!D46) | U46: =IF([4]OCT!E46="","",[4]OCT!E46) | V46: =IF([4]OCT!F46="","",[4]OCT!F46) | W46: =IF([4]OCT!G46="","",[4]OCT!G46) | X46: =IF([4]OCT!H46="","",[4]OCT!H46) | Y46: =IF([4]OCT!I46="","",[4]OCT!I46) | Z46: =IF([5]OCT!C46="","",[5]OCT!C46) | AA46: =IF([5]OCT!D46="","",[5]OCT!D46) | AB46: =IF([5]OCT!E46="","",[5]OCT!E46) | AC46: =IF([5]OCT!F46="","",[5]OCT!F46) | AD46: =IF([5]OCT!G46="","",[5]OCT!G46) | AE46: =IF([5]OCT!H46="","",[5]OCT!H46) | AF46: =IF([5]OCT!I46="","",[5]OCT!I46) | AG46: =IF([5]OCT!J46="","",[5]OCT!J46) | ... AI46: =IF([5]OCT!L46="","",[5]OCT!L46) | AJ46: {=IF(COUNT(C46:AI46)=0,"",IFERROR(SUMPRODUCT(IFERROR(C46:AI46*((C3:AI3)+(C4:AI4)),0))/SUMPRODUCT(IFERROR(ISNUMBER(C46:AI46)*((C3:AI3)+(C4:AI4)),0)),""))} | AK46: Weighted
B47: Absent Rate Certified (%) | C47: =IF([1]OCT!C47="","",[1]OCT!C47) | D47: =IF([2]OCT!C47="","",[2]OCT!C47) | E47: =IF([2]OCT!D47="","",[2]OCT!D47) | F47: =IF([2]OCT!E47="","",[2]OCT!E47) | G47: =IF([2]OCT!F47="","",[2]OCT!F47) | H47: =IF([2]OCT!G47="","",[2]OCT!G47) | I47: =IF([2]OCT!H47="","",[2]OCT!H47) | J47: =IF([2]OCT!I47="","",[2]OCT!I47) | K47: =IF([2]OCT!J47="","",[2]OCT!J47) | L47: =IF([3]OCT!C47="","",[3]OCT!C47) | M47: =IF([3]OCT!D47="","",[3]OCT!D47) | N47: =IF([3]OCT!E47="","",[3]OCT!E47) | O47: =IF([3]OCT!F47="","",[3]OCT!F47) | P47: =IF([3]OCT!G47="","",[3]OCT!G47) | Q47: =IF([3]OCT!H47="","",[3]OCT!H47) | R47: =IF([3]OCT!I47="","",[3]OCT!I47) | S47: =IF([4]OCT!C47="","",[4]OCT!C47) | T47: =IF([4]OCT!D47="","",[4]OCT!D47) | U47: =IF([4]OCT!E47="","",[4]OCT!E47) | V47: =IF([4]OCT!F47="","",[4]OCT!F47) | W47: =IF([4]OCT!G47="","",[4]OCT!G47) | X47: =IF([4]OCT!H47="","",[4]OCT!H47) | Y47: =IF([4]OCT!I47="","",[4]OCT!I47) | Z47: =IF([5]OCT!C47="","",[5]OCT!C47) | AA47: =IF([5]OCT!D47="","",[5]OCT!D47) | AB47: =IF([5]OCT!E47="","",[5]OCT!E47) | AC47: =IF([5]OCT!F47="","",[5]OCT!F47) | AD47: =IF([5]OCT!G47="","",[5]OCT!G47) | AE47: =IF([5]OCT!H47="","",[5]OCT!H47) | AF47: =IF([5]OCT!I47="","",[5]OCT!I47) | AG47: =IF([5]OCT!J47="","",[5]OCT!J47) | ... AI47: =IF([5]OCT!L47="","",[5]OCT!L47) | AJ47: {=IF(COUNT(C47:AI47)=0,"",IFERROR(SUMPRODUCT(IFERROR(C47:AI47*((C3:AI3)+(C4:AI4)),0))/SUMPRODUCT(IFERROR(ISNUMBER(C47:AI47)*((C3:AI3)+(C4:AI4)),0)),""))} | AK47: Weighted
B48: Absent Rate Total (%) | C48: =IF(COUNT(C46:C47)=0,"",SUM(C46:C47)) | D48: =IF(COUNT(D46:D47)=0,"",SUM(D46:D47)) | E48: =IF(COUNT(E46:E47)=0,"",SUM(E46:E47)) | F48: =IF(COUNT(F46:F47)=0,"",SUM(F46:F47)) | G48: =IF(COUNT(G46:G47)=0,"",SUM(G46:G47)) | H48: =IF(COUNT(H46:H47)=0,"",SUM(H46:H47)) | I48: =IF(COUNT(I46:I47)=0,"",SUM(I46:I47)) | J48: =IF(COUNT(J46:J47)=0,"",SUM(J46:J47)) | ... AJ48: =IF(COUNT(AJ46:AJ47)=0,"",SUM(AJ46:AJ47)) | AK48: Weighted
B49: Weight factor | C49: =IFERROR(C5/$AJ5,"") | D49: =IFERROR(D5/$AJ5,"") | E49: =IFERROR(E5/$AJ5,"") | F49: =IFERROR(F5/$AJ5,"") | G49: =IFERROR(G5/$AJ5,"") | H49: =IFERROR(H5/$AJ5,"") | I49: =IFERROR(I5/$AJ5,"") | J49: =IFERROR(J5/$AJ5,"") | ... AI49: =IFERROR(AI5/$AJ5,"") | AJ49: =IF(COUNT(C49:AI49)=0,"",SUM(C49:AI49)) | AK49: Weight Factor
B50: Leadership (Hours) | C50: =IF([1]OCT!C50="","",[1]OCT!C50) | D50: =IF([2]OCT!C50="","",[2]OCT!C50) | E50: =IF([2]OCT!D50="","",[2]OCT!D50) | F50: =IF([2]OCT!E50="","",[2]OCT!E50) | G50: =IF([2]OCT!F50="","",[2]OCT!F50) | H50: =IF([2]OCT!G50="","",[2]OCT!G50) | I50: =IF([2]OCT!H50="","",[2]OCT!H50) | J50: =IF([2]OCT!I50="","",[2]OCT!I50) | K50: =IF([2]OCT!J50="","",[2]OCT!J50) | L50: =IF([3]OCT!C50="","",[3]OCT!C50) | M50: =IF([3]OCT!D50="","",[3]OCT!D50) | N50: =IF([3]OCT!E50="","",[3]OCT!E50) | O50: =IF([3]OCT!F50="","",[3]OCT!F50) | P50: =IF([3]OCT!G50="","",[3]OCT!G50) | Q50: =IF([3]OCT!H50="","",[3]OCT!H50) | R50: =IF([3]OCT!I50="","",[3]OCT!I50) | S50: =IF([4]OCT!C50="","",[4]OCT!C50) | T50: =IF([4]OCT!D50="","",[4]OCT!D50) | U50: =IF([4]OCT!E50="","",[4]OCT!E50) | V50: =IF([4]OCT!F50="","",[4]OCT!F50) | W50: =IF([4]OCT!G50="","",[4]OCT!G50) | X50: =IF([4]OCT!H50="","",[4]OCT!H50) | Y50: =IF([4]OCT!I50="","",[4]OCT!I50) | Z50: =IF([5]OCT!C50="","",[5]OCT!C50) | AA50: =IF([5]OCT!D50="","",[5]OCT!D50) | AB50: =IF([5]OCT!E50="","",[5]OCT!E50) | AC50: =IF([5]OCT!F50="","",[5]OCT!F50) | AD50: =IF([5]OCT!G50="","",[5]OCT!G50) | AE50: =IF([5]OCT!H50="","",[5]OCT!H50) | AF50: =IF([5]OCT!I50="","",[5]OCT!I50) | AG50: =IF([5]OCT!J50="","",[5]OCT!J50) | ... AI50: =IF([5]OCT!L50="","",[5]OCT!L50) | AJ50: =IF(COUNT(C50:AI50)=0,"",SUM(C50:AI50)) | AK50: ∑
B51: Technical (Hours) | C51: =IF([1]OCT!C51="","",[1]OCT!C51) | D51: =IF([2]OCT!C51="","",[2]OCT!C51) | E51: =IF([2]OCT!D51="","",[2]OCT!D51) | F51: =IF([2]OCT!E51="","",[2]OCT!E51) | G51: =IF([2]OCT!F51="","",[2]OCT!F51) | H51: =IF([2]OCT!G51="","",[2]OCT!G51) | I51: =IF([2]OCT!H51="","",[2]OCT!H51) | J51: =IF([2]OCT!I51="","",[2]OCT!I51) | K51: =IF([2]OCT!J51="","",[2]OCT!J51) | L51: =IF([3]OCT!C51="","",[3]OCT!C51) | M51: =IF([3]OCT!D51="","",[3]OCT!D51) | N51: =IF([3]OCT!E51="","",[3]OCT!E51) | O51: =IF([3]OCT!F51="","",[3]OCT!F51) | P51: =IF([3]OCT!G51="","",[3]OCT!G51) | Q51: =IF([3]OCT!H51="","",[3]OCT!H51) | R51: =IF([3]OCT!I51="","",[3]OCT!I51) | S51: =IF([4]OCT!C51="","",[4]OCT!C51) | T51: =IF([4]OCT!D51="","",[4]OCT!D51) | U51: =IF([4]OCT!E51="","",[4]OCT!E51) | V51: =IF([4]OCT!F51="","",[4]OCT!F51) | W51: =IF([4]OCT!G51="","",[4]OCT!G51) | X51: =IF([4]OCT!H51="","",[4]OCT!H51) | Y51: =IF([4]OCT!I51="","",[4]OCT!I51) | Z51: =IF([5]OCT!C51="","",[5]OCT!C51) | AA51: =IF([5]OCT!D51="","",[5]OCT!D51) | AB51: =IF([5]OCT!E51="","",[5]OCT!E51) | AC51: =IF([5]OCT!F51="","",[5]OCT!F51) | AD51: =IF([5]OCT!G51="","",[5]OCT!G51) | AE51: =IF([5]OCT!H51="","",[5]OCT!H51) | AF51: =IF([5]OCT!I51="","",[5]OCT!I51) | AG51: =IF([5]OCT!J51="","",[5]OCT!J51) | ... AI51: =IF([5]OCT!L51="","",[5]OCT!L51) | AJ51: =IF(COUNT(C51:AI51)=0,"",SUM(C51:AI51)) | AK51: ∑
B52: Professional Develop. (Hours) | C52: =IF([1]OCT!C52="","",[1]OCT!C52) | D52: =IF([2]OCT!C52="","",[2]OCT!C52) | E52: =IF([2]OCT!D52="","",[2]OCT!D52) | F52: =IF([2]OCT!E52="","",[2]OCT!E52) | G52: =IF([2]OCT!F52="","",[2]OCT!F52) | H52: =IF([2]OCT!G52="","",[2]OCT!G52) | I52: =IF([2]OCT!H52="","",[2]OCT!H52) | J52: =IF([2]OCT!I52="","",[2]OCT!I52) | K52: =IF([2]OCT!J52="","",[2]OCT!J52) | L52: =IF([3]OCT!C52="","",[3]OCT!C52) | M52: =IF([3]OCT!D52="","",[3]OCT!D52) | N52: =IF([3]OCT!E52="","",[3]OCT!E52) | O52: =IF([3]OCT!F52="","",[3]OCT!F52) | P52: =IF([3]OCT!G52="","",[3]OCT!G52) | Q52: =IF([3]OCT!H52="","",[3]OCT!H52) | R52: =IF([3]OCT!I52="","",[3]OCT!I52) | S52: =IF([4]OCT!C52="","",[4]OCT!C52) | T52: =IF([4]OCT!D52="","",[4]OCT!D52) | U52: =IF([4]OCT!E52="","",[4]OCT!E52) | V52: =IF([4]OCT!F52="","",[4]OCT!F52) | W52: =IF([4]OCT!G52="","",[4]OCT!G52) | X52: =IF([4]OCT!H52="","",[4]OCT!H52) | Y52: =IF([4]OCT!I52="","",[4]OCT!I52) | Z52: =IF([5]OCT!C52="","",[5]OCT!C52) | AA52: =IF([5]OCT!D52="","",[5]OCT!D52) | AB52: =IF([5]OCT!E52="","",[5]OCT!E52) | AC52: =IF([5]OCT!F52="","",[5]OCT!F52) | AD52: =IF([5]OCT!G52="","",[5]OCT!G52) | AE52: =IF([5]OCT!H52="","",[5]OCT!H52) | AF52: =IF([5]OCT!I52="","",[5]OCT!I52) | AG52: =IF([5]OCT!J52="","",[5]OCT!J52) | ... AI52: =IF([5]OCT!L52="","",[5]OCT!L52) | AJ52: =IF(COUNT(C52:AI52)=0,"",SUM(C52:AI52)) | AK52: ∑
B53: HSSE (Hours) | C53: =IF([1]OCT!C53="","",[1]OCT!C53) | D53: =IF([2]OCT!C53="","",[2]OCT!C53) | E53: =IF([2]OCT!D53="","",[2]OCT!D53) | F53: =IF([2]OCT!E53="","",[2]OCT!E53) | G53: =IF([2]OCT!F53="","",[2]OCT!F53) | H53: =IF([2]OCT!G53="","",[2]OCT!G53) | I53: =IF([2]OCT!H53="","",[2]OCT!H53) | J53: =IF([2]OCT!I53="","",[2]OCT!I53) | K53: =IF([2]OCT!J53="","",[2]OCT!J53) | L53: =IF([3]OCT!C53="","",[3]OCT!C53) | M53: =IF([3]OCT!D53="","",[3]OCT!D53) | N53: =IF([3]OCT!E53="","",[3]OCT!E53) | O53: =IF([3]OCT!F53="","",[3]OCT!F53) | P53: =IF([3]OCT!G53="","",[3]OCT!G53) | Q53: =IF([3]OCT!H53="","",[3]OCT!H53) | R53: =IF([3]OCT!I53="","",[3]OCT!I53) | S53: =IF([4]OCT!C53="","",[4]OCT!C53) | T53: =IF([4]OCT!D53="","",[4]OCT!D53) | U53: =IF([4]OCT!E53="","",[4]OCT!E53) | V53: =IF([4]OCT!F53="","",[4]OCT!F53) | W53: =IF([4]OCT!G53="","",[4]OCT!G53) | X53: =IF([4]OCT!H53="","",[4]OCT!H53) | Y53: =IF([4]OCT!I53="","",[4]OCT!I53) | Z53: =IF([5]OCT!C53="","",[5]OCT!C53) | AA53: =IF([5]OCT!D53="","",[5]OCT!D53) | AB53: =IF([5]OCT!E53="","",[5]OCT!E53) | AC53: =IF([5]OCT!F53="","",[5]OCT!F53) | AD53: =IF([5]OCT!G53="","",[5]OCT!G53) | AE53: =IF([5]OCT!H53="","",[5]OCT!H53) | AF53: =IF([5]OCT!I53="","",[5]OCT!I53) | AG53: =IF([5]OCT!J53="","",[5]OCT!J53) | ... AI53: =IF([5]OCT!L53="","",[5]OCT!L53) | AJ53: =IF(COUNT(C53:AI53)=0,"",SUM(C53:AI53)) | AK53: ∑
B54: Workday (Hours) | C54: =IF([1]OCT!C54="","",[1]OCT!C54) | D54: =IF([2]OCT!C54="","",[2]OCT!C54) | E54: =IF([2]OCT!D54="","",[2]OCT!D54) | F54: =IF([2]OCT!E54="","",[2]OCT!E54) | G54: =IF([2]OCT!F54="","",[2]OCT!F54) | H54: =IF([2]OCT!G54="","",[2]OCT!G54) | I54: =IF([2]OCT!H54="","",[2]OCT!H54) | J54: =IF([2]OCT!I54="","",[2]OCT!I54) | K54: =IF([2]OCT!J54="","",[2]OCT!J54) | L54: =IF([3]OCT!C54="","",[3]OCT!C54) | M54: =IF([3]OCT!D54="","",[3]OCT!D54) | N54: =IF([3]OCT!E54="","",[3]OCT!E54) | O54: =IF([3]OCT!F54="","",[3]OCT!F54) | P54: =IF([3]OCT!G54="","",[3]OCT!G54) | Q54: =IF([3]OCT!H54="","",[3]OCT!H54) | R54: =IF([3]OCT!I54="","",[3]OCT!I54) | S54: =IF([4]OCT!C54="","",[4]OCT!C54) | T54: =IF([4]OCT!D54="","",[4]OCT!D54) | U54: =IF([4]OCT!E54="","",[4]OCT!E54) | V54: =IF([4]OCT!F54="","",[4]OCT!F54) | W54: =IF([4]OCT!G54="","",[4]OCT!G54) | X54: =IF([4]OCT!H54="","",[4]OCT!H54) | Y54: =IF([4]OCT!I54="","",[4]OCT!I54) | Z54: =IF([5]OCT!C54="","",[5]OCT!C54) | AA54: =IF([5]OCT!D54="","",[5]OCT!D54) | AB54: =IF([5]OCT!E54="","",[5]OCT!E54) | AC54: =IF([5]OCT!F54="","",[5]OCT!F54) | AD54: =IF([5]OCT!G54="","",[5]OCT!G54) | AE54: =IF([5]OCT!H54="","",[5]OCT!H54) | AF54: =IF([5]OCT!I54="","",[5]OCT!I54) | AG54: =IF([5]OCT!J54="","",[5]OCT!J54) | ... AI54: =IF([5]OCT!L54="","",[5]OCT!L54) | AJ54: =IF(COUNT(C54:AI54)=0,"",SUM(C54:AI54)) | AK54: ∑
B55: Total Training Hours | C55: =IF(COUNT(C50:C54)=0,"",SUM(C50:C54)) | D55: =IF(COUNT(D50:D54)=0,"",SUM(D50:D54)) | E55: =IF(COUNT(E50:E54)=0,"",SUM(E50:E54)) | F55: =IF(COUNT(F50:F54)=0,"",SUM(F50:F54)) | G55: =IF(COUNT(G50:G54)=0,"",SUM(G50:G54)) | H55: =IF(COUNT(H50:H54)=0,"",SUM(H50:H54)) | I55: =IF(COUNT(I50:I54)=0,"",SUM(I50:I54)) | J55: =IF(COUNT(J50:J54)=0,"",SUM(J50:J54)) | ... AJ55: =IF(COUNT(AJ50:AJ54)=0,"",SUM(AJ50:AJ54)) | AK55: ϝ
B56: Total Trained (Staff) | C56: =IF([1]OCT!C56="","",[1]OCT!C56) | D56: =IF([2]OCT!C56="","",[2]OCT!C56) | E56: =IF([2]OCT!D56="","",[2]OCT!D56) | F56: =IF([2]OCT!E56="","",[2]OCT!E56) | G56: =IF([2]OCT!F56="","",[2]OCT!F56) | H56: =IF([2]OCT!G56="","",[2]OCT!G56) | I56: =IF([2]OCT!H56="","",[2]OCT!H56) | J56: =IF([2]OCT!I56="","",[2]OCT!I56) | K56: =IF([2]OCT!J56="","",[2]OCT!J56) | L56: =IF([3]OCT!C56="","",[3]OCT!C56) | M56: =IF([3]OCT!D56="","",[3]OCT!D56) | N56: =IF([3]OCT!E56="","",[3]OCT!E56) | O56: =IF([3]OCT!F56="","",[3]OCT!F56) | P56: =IF([3]OCT!G56="","",[3]OCT!G56) | Q56: =IF([3]OCT!H56="","",[3]OCT!H56) | R56: =IF([3]OCT!I56="","",[3]OCT!I56) | S56: =IF([4]OCT!C56="","",[4]OCT!C56) | T56: =IF([4]OCT!D56="","",[4]OCT!D56) | U56: =IF([4]OCT!E56="","",[4]OCT!E56) | V56: =IF([4]OCT!F56="","",[4]OCT!F56) | W56: =IF([4]OCT!G56="","",[4]OCT!G56) | X56: =IF([4]OCT!H56="","",[4]OCT!H56) | Y56: =IF([4]OCT!I56="","",[4]OCT!I56) | Z56: =IF([5]OCT!C56="","",[5]OCT!C56) | AA56: =IF([5]OCT!D56="","",[5]OCT!D56) | AB56: =IF([5]OCT!E56="","",[5]OCT!E56) | AC56: =IF([5]OCT!F56="","",[5]OCT!F56) | AD56: =IF([5]OCT!G56="","",[5]OCT!G56) | AE56: =IF([5]OCT!H56="","",[5]OCT!H56) | AF56: =IF([5]OCT!I56="","",[5]OCT!I56) | AG56: =IF([5]OCT!J56="","",[5]OCT!J56) | ... AI56: =IF([5]OCT!L56="","",[5]OCT!L56) | AJ56: =IF(COUNT(C56:AI56)=0,"",SUM(C56:AI56)) | AK56: ∑
B57: Training Programs (#) | C57: =IF([1]OCT!C57="","",[1]OCT!C57) | D57: =IF([2]OCT!C57="","",[2]OCT!C57) | E57: =IF([2]OCT!D57="","",[2]OCT!D57) | F57: =IF([2]OCT!E57="","",[2]OCT!E57) | G57: =IF([2]OCT!F57="","",[2]OCT!F57) | H57: =IF([2]OCT!G57="","",[2]OCT!G57) | I57: =IF([2]OCT!H57="","",[2]OCT!H57) | J57: =IF([2]OCT!I57="","",[2]OCT!I57) | K57: =IF([2]OCT!J57="","",[2]OCT!J57) | L57: =IF([3]OCT!C57="","",[3]OCT!C57) | M57: =IF([3]OCT!D57="","",[3]OCT!D57) | N57: =IF([3]OCT!E57="","",[3]OCT!E57) | O57: =IF([3]OCT!F57="","",[3]OCT!F57) | P57: =IF([3]OCT!G57="","",[3]OCT!G57) | Q57: =IF([3]OCT!H57="","",[3]OCT!H57) | R57: =IF([3]OCT!I57="","",[3]OCT!I57) | S57: =IF([4]OCT!C57="","",[4]OCT!C57) | T57: =IF([4]OCT!D57="","",[4]OCT!D57) | U57: =IF([4]OCT!E57="","",[4]OCT!E57) | V57: =IF([4]OCT!F57="","",[4]OCT!F57) | W57: =IF([4]OCT!G57="","",[4]OCT!G57) | X57: =IF([4]OCT!H57="","",[4]OCT!H57) | Y57: =IF([4]OCT!I57="","",[4]OCT!I57) | Z57: =IF([5]OCT!C57="","",[5]OCT!C57) | AA57: =IF([5]OCT!D57="","",[5]OCT!D57) | AB57: =IF([5]OCT!E57="","",[5]OCT!E57) | AC57: =IF([5]OCT!F57="","",[5]OCT!F57) | AD57: =IF([5]OCT!G57="","",[5]OCT!G57) | AE57: =IF([5]OCT!H57="","",[5]OCT!H57) | AF57: =IF([5]OCT!I57="","",[5]OCT!I57) | AG57: =IF([5]OCT!J57="","",[5]OCT!J57) | ... AI57: =IF([5]OCT!L57="","",[5]OCT!L57) | AJ57: =IF(COUNT(C57:AI57)=0,"",SUM(C57:AI57)) | AK57: ∑
B58: Training Cost (USD) | C58: =IF([1]OCT!C58="","",[1]OCT!C58) | D58: =IF([2]OCT!C58="","",[2]OCT!C58) | E58: =IF([2]OCT!D58="","",[2]OCT!D58) | F58: =IF([2]OCT!E58="","",[2]OCT!E58) | G58: =IF([2]OCT!F58="","",[2]OCT!F58) | H58: =IF([2]OCT!G58="","",[2]OCT!G58) | I58: =IF([2]OCT!H58="","",[2]OCT!H58) | J58: =IF([2]OCT!I58="","",[2]OCT!I58) | K58: =IF([2]OCT!J58="","",[2]OCT!J58) | L58: =IF([3]OCT!C58="","",[3]OCT!C58) | M58: =IF([3]OCT!D58="","",[3]OCT!D58) | N58: =IF([3]OCT!E58="","",[3]OCT!E58) | O58: =IF([3]OCT!F58="","",[3]OCT!F58) | P58: =IF([3]OCT!G58="","",[3]OCT!G58) | Q58: =IF([3]OCT!H58="","",[3]OCT!H58) | R58: =IF([3]OCT!I58="","",[3]OCT!I58) | S58: =IF([4]OCT!C58="","",[4]OCT!C58) | T58: =IF([4]OCT!D58="","",[4]OCT!D58) | U58: =IF([4]OCT!E58="","",[4]OCT!E58) | V58: =IF([4]OCT!F58="","",[4]OCT!F58) | W58: =IF([4]OCT!G58="","",[4]OCT!G58) | X58: =IF([4]OCT!H58="","",[4]OCT!H58) | Y58: =IF([4]OCT!I58="","",[4]OCT!I58) | Z58: =IF([5]OCT!C58="","",[5]OCT!C58) | AA58: =IF([5]OCT!D58="","",[5]OCT!D58) | AB58: =IF([5]OCT!E58="","",[5]OCT!E58) | AC58: =IF([5]OCT!F58="","",[5]OCT!F58) | AD58: =IF([5]OCT!G58="","",[5]OCT!G58) | AE58: =IF([5]OCT!H58="","",[5]OCT!H58) | AF58: =IF([5]OCT!I58="","",[5]OCT!I58) | AG58: =IF([5]OCT!J58="","",[5]OCT!J58) | ... AI58: =IF([5]OCT!L58="","",[5]OCT!L58) | AJ58: =IF(COUNT(C58:AI58)=0,"",SUM(C58:AI58)) | AK58: ∑
B59: Training Travel Cost (USD) | C59: =IF([1]OCT!C59="","",[1]OCT!C59) | D59: =IF([2]OCT!C59="","",[2]OCT!C59) | E59: =IF([2]OCT!D59="","",[2]OCT!D59) | F59: =IF([2]OCT!E59="","",[2]OCT!E59) | G59: =IF([2]OCT!F59="","",[2]OCT!F59) | H59: =IF([2]OCT!G59="","",[2]OCT!G59) | I59: =IF([2]OCT!H59="","",[2]OCT!H59) | J59: =IF([2]OCT!I59="","",[2]OCT!I59) | K59: =IF([2]OCT!J59="","",[2]OCT!J59) | L59: =IF([3]OCT!C59="","",[3]OCT!C59) | M59: =IF([3]OCT!D59="","",[3]OCT!D59) | N59: =IF([3]OCT!E59="","",[3]OCT!E59) | O59: =IF([3]OCT!F59="","",[3]OCT!F59) | P59: =IF([3]OCT!G59="","",[3]OCT!G59) | Q59: =IF([3]OCT!H59="","",[3]OCT!H59) | R59: =IF([3]OCT!I59="","",[3]OCT!I59) | S59: =IF([4]OCT!C59="","",[4]OCT!C59) | T59: =IF([4]OCT!D59="","",[4]OCT!D59) | U59: =IF([4]OCT!E59="","",[4]OCT!E59) | V59: =IF([4]OCT!F59="","",[4]OCT!F59) | W59: =IF([4]OCT!G59="","",[4]OCT!G59) | X59: =IF([4]OCT!H59="","",[4]OCT!H59) | Y59: =IF([4]OCT!I59="","",[4]OCT!I59) | Z59: =IF([5]OCT!C59="","",[5]OCT!C59) | AA59: =IF([5]OCT!D59="","",[5]OCT!D59) | AB59: =IF([5]OCT!E59="","",[5]OCT!E59) | AC59: =IF([5]OCT!F59="","",[5]OCT!F59) | AD59: =IF([5]OCT!G59="","",[5]OCT!G59) | AE59: =IF([5]OCT!H59="","",[5]OCT!H59) | AF59: =IF([5]OCT!I59="","",[5]OCT!I59) | AG59: =IF([5]OCT!J59="","",[5]OCT!J59) | ... AI59: =IF([5]OCT!L59="","",[5]OCT!L59) | AJ59: =IF(COUNT(C59:AI59)=0,"",SUM(C59:AI59)) | AK59: ∑
B60: Leadership Hours Trained (%) | C60: =IFERROR(C50/C$55,"") | D60: =IFERROR(D50/D$55,"") | E60: =IFERROR(E50/E$55,"") | F60: =IFERROR(F50/F$55,"") | G60: =IFERROR(G50/G$55,"") | H60: =IFERROR(H50/H$55,"") | I60: =IFERROR(I50/I$55,"") | J60: =IFERROR(J50/J$55,"") | ... AJ60: =IFERROR(AJ50/AJ$55,"") | AK60: ϝ
B61: Technical Hours Trained (%) | C61: =IFERROR(C51/C$55,"") | D61: =IFERROR(D51/D$55,"") | E61: =IFERROR(E51/E$55,"") | F61: =IFERROR(F51/F$55,"") | G61: =IFERROR(G51/G$55,"") | H61: =IFERROR(H51/H$55,"") | I61: =IFERROR(I51/I$55,"") | J61: =IFERROR(J51/J$55,"") | ... AJ61: =IFERROR(AJ51/AJ$55,"") | AK61: ϝ
B62: Profess. Dev. Hours Trained (%) | C62: =IFERROR(C52/C$55,"") | D62: =IFERROR(D52/D$55,"") | E62: =IFERROR(E52/E$55,"") | F62: =IFERROR(F52/F$55,"") | G62: =IFERROR(G52/G$55,"") | H62: =IFERROR(H52/H$55,"") | I62: =IFERROR(I52/I$55,"") | J62: =IFERROR(J52/J$55,"") | ... AJ62: =IFERROR(AJ52/AJ$55,"") | AK62: ϝ
B63: HSSE Hours Trained (%) | C63: =IFERROR(C53/C$55,"") | D63: =IFERROR(D53/D$55,"") | E63: =IFERROR(E53/E$55,"") | F63: =IFERROR(F53/F$55,"") | G63: =IFERROR(G53/G$55,"") | H63: =IFERROR(H53/H$55,"") | I63: =IFERROR(I53/I$55,"") | J63: =IFERROR(J53/J$55,"") | ... AJ63: =IFERROR(AJ53/AJ$55,"") | AK63: ϝ
B64: Workday Hours Trained (%) | C64: =IFERROR(C54/C$55,"") | D64: =IFERROR(D54/D$55,"") | E64: =IFERROR(E54/E$55,"") | F64: =IFERROR(F54/F$55,"") | G64: =IFERROR(G54/G$55,"") | H64: =IFERROR(H54/H$55,"") | I64: =IFERROR(I54/I$55,"") | J64: =IFERROR(J54/J$55,"") | ... AJ64: =IFERROR(AJ54/AJ$55,"") | AK64: ϝ
B65: Staff Trained (%) | C65: =IFERROR(C56/C5,"") | D65: =IFERROR(D56/D5,"") | E65: =IFERROR(E56/E5,"") | F65: =IFERROR(F56/F5,"") | G65: =IFERROR(G56/G5,"") | H65: =IFERROR(H56/H5,"") | I65: =IFERROR(I56/I5,"") | J65: =IFERROR(J56/J5,"") | ... AJ65: =IFERROR(AJ56/AJ5,"") | AK65: ϝ
B66: Training Hours / EE | C66: =IFERROR(C55/C5,"") | D66: =IFERROR(D55/D5,"") | E66: =IFERROR(E55/E5,"") | F66: =IFERROR(F55/F5,"") | G66: =IFERROR(G55/G5,"") | H66: =IFERROR(H55/H5,"") | I66: =IFERROR(I55/I5,"") | J66: =IFERROR(J55/J5,"") | ... AJ66: =IFERROR(AJ55/AJ5,"") | AK66: ϝ
B67: Training Hours / EE Trained | C67: =IFERROR(C55/C56,"") | D67: =IFERROR(D55/D56,"") | E67: =IFERROR(E55/E56,"") | F67: =IFERROR(F55/F56,"") | G67: =IFERROR(G55/G56,"") | H67: =IFERROR(H55/H56,"") | I67: =IFERROR(I55/I56,"") | J67: =IFERROR(J55/J56,"") | ... AJ67: =IFERROR(AJ55/AJ56,"") | AK67: ϝ
B68: Training Invest. / EE (USD) | C68: =IF(COUNT(C58:C59)=0,"",IFERROR((N(C58)+N(C59))/C5,"")) | D68: =IF(COUNT(D58:D59)=0,"",IFERROR((N(D58)+N(D59))/D5,"")) | E68: =IF(COUNT(E58:E59)=0,"",IFERROR((N(E58)+N(E59))/E5,"")) | F68: =IF(COUNT(F58:F59)=0,"",IFERROR((N(F58)+N(F59))/F5,"")) | G68: =IF(COUNT(G58:G59)=0,"",IFERROR((N(G58)+N(G59))/G5,"")) | H68: =IF(COUNT(H58:H59)=0,"",IFERROR((N(H58)+N(H59))/H5,"")) | I68: =IF(COUNT(I58:I59)=0,"",IFERROR((N(I58)+N(I59))/I5,"")) | J68: =IF(COUNT(J58:J59)=0,"",IFERROR((N(J58)+N(J59))/J5,"")) | ... AJ68: =IF(COUNT(AJ58:AJ59)=0,"",IFERROR((N(AJ58)+N(AJ59))/AJ5,"")) | AK68: ϝ
B69: Training Invest. / EE Trained (USD) | C69: =IF(COUNT(C58:C59)=0,"",IFERROR((N(C58)+N(C59))/C56,"")) | D69: =IF(COUNT(D58:D59)=0,"",IFERROR((N(D58)+N(D59))/D56,"")) | E69: =IF(COUNT(E58:E59)=0,"",IFERROR((N(E58)+N(E59))/E56,"")) | F69: =IF(COUNT(F58:F59)=0,"",IFERROR((N(F58)+N(F59))/F56,"")) | G69: =IF(COUNT(G58:G59)=0,"",IFERROR((N(G58)+N(G59))/G56,"")) | H69: =IF(COUNT(H58:H59)=0,"",IFERROR((N(H58)+N(H59))/H56,"")) | I69: =IF(COUNT(I58:I59)=0,"",IFERROR((N(I58)+N(I59))/I56,"")) | J69: =IF(COUNT(J58:J59)=0,"",IFERROR((N(J58)+N(J59))/J56,"")) | ... AJ69: =IF(COUNT(AJ58:AJ59)=0,"",IFERROR((N(AJ58)+N(AJ59))/AJ56,"")) | AK69: ϝ
B70: Input Cells Not Submitted | C70: =COUNTBLANK(C3:C4)+COUNTBLANK(C6:C10)+COUNTBLANK(C12:C13)+COUNTBLANK(C18:C20)+COUNTBLANK(C22:C23)+COUNTBLANK(C27:C28)+COUNTBLANK(C34:C35)+COUNTBLANK(C39:C44)+COUNTBLANK(C46:C47)+COUNTBLANK(C50:C54)+COUNTBLANK(C56:C59) | D70: =COUNTBLANK(D3:D4)+COUNTBLANK(D6:D10)+COUNTBLANK(D12:D13)+COUNTBLANK(D18:D20)+COUNTBLANK(D22:D23)+COUNTBLANK(D27:D28)+COUNTBLANK(D34:D35)+COUNTBLANK(D39:D44)+COUNTBLANK(D46:D47)+COUNTBLANK(D50:D54)+COUNTBLANK(D56:D59) | E70: =COUNTBLANK(E3:E4)+COUNTBLANK(E6:E10)+COUNTBLANK(E12:E13)+COUNTBLANK(E18:E20)+COUNTBLANK(E22:E23)+COUNTBLANK(E27:E28)+COUNTBLANK(E34:E35)+COUNTBLANK(E39:E44)+COUNTBLANK(E46:E47)+COUNTBLANK(E50:E54)+COUNTBLANK(E56:E59) | F70: =COUNTBLANK(F3:F4)+COUNTBLANK(F6:F10)+COUNTBLANK(F12:F13)+COUNTBLANK(F18:F20)+COUNTBLANK(F22:F23)+COUNTBLANK(F27:F28)+COUNTBLANK(F34:F35)+COUNTBLANK(F39:F44)+COUNTBLANK(F46:F47)+COUNTBLANK(F50:F54)+COUNTBLANK(F56:F59) | G70: =COUNTBLANK(G3:G4)+COUNTBLANK(G6:G10)+COUNTBLANK(G12:G13)+COUNTBLANK(G18:G20)+COUNTBLANK(G22:G23)+COUNTBLANK(G27:G28)+COUNTBLANK(G34:G35)+COUNTBLANK(G39:G44)+COUNTBLANK(G46:G47)+COUNTBLANK(G50:G54)+COUNTBLANK(G56:G59) | H70: =COUNTBLANK(H3:H4)+COUNTBLANK(H6:H10)+COUNTBLANK(H12:H13)+COUNTBLANK(H18:H20)+COUNTBLANK(H22:H23)+COUNTBLANK(H27:H28)+COUNTBLANK(H34:H35)+COUNTBLANK(H39:H44)+COUNTBLANK(H46:H47)+COUNTBLANK(H50:H54)+COUNTBLANK(H56:H59) | I70: =COUNTBLANK(I3:I4)+COUNTBLANK(I6:I10)+COUNTBLANK(I12:I13)+COUNTBLANK(I18:I20)+COUNTBLANK(I22:I23)+COUNTBLANK(I27:I28)+COUNTBLANK(I34:I35)+COUNTBLANK(I39:I44)+COUNTBLANK(I46:I47)+COUNTBLANK(I50:I54)+COUNTBLANK(I56:I59) | J70: =COUNTBLANK(J3:J4)+COUNTBLANK(J6:J10)+COUNTBLANK(J12:J13)+COUNTBLANK(J18:J20)+COUNTBLANK(J22:J23)+COUNTBLANK(J27:J28)+COUNTBLANK(J34:J35)+COUNTBLANK(J39:J44)+COUNTBLANK(J46:J47)+COUNTBLANK(J50:J54)+COUNTBLANK(J56:J59) | ... AI70: =COUNTBLANK(AI3:AI4)+COUNTBLANK(AI6:AI10)+COUNTBLANK(AI12:AI13)+COUNTBLANK(AI18:AI20)+COUNTBLANK(AI22:AI23)+COUNTBLANK(AI27:AI28)+COUNTBLANK(AI34:AI35)+COUNTBLANK(AI39:AI44)+COUNTBLANK(AI46:AI47)+COUNTBLANK(AI50:AI54)+COUNTBLANK(AI56:AI59) | AJ70: =SUM(C70:AI70) | AK70: ∑

Sheet NOV
B1: GCG | C1: 1079 | D1: 1171 | E1: 1162 | F1: 1076 | G1: 1170 | H1: 1078 | I1: 1172 | J1: 1074 | K1: 1161 | L1: 1062 | M1: 1075 | N1: 1044 | O1: 1066 | P1: 1158 | Q1: 1067 | R1: 1046 | S1: 1069 | T1: 1178 | U1: 1077 | V1: 1081 | W1: 1082 | X1: 1085 | Y1: 1071U | Z1: 1015 | AA1: 1004 | AB1: 1063 | AC1: 1160 | AD1: 1073 | AE1: 1042 | AF1: 1084 | AG1: 1049 | AH1: 1005 | AI1: 1115
A2: =VALUE(TEXT(EDATE(DATE(LEFT(OCT!A2,4),RIGHT(OCT!A2,2),1),1),"yyyymm")) | B2: NOV | C2: GCG HDQ | D2: GCG Culinary Costa Rica | E2: GCG Food Guatemala | F2: GCG Guatemala | G2: GCG Aviation Ground Honduras | H2: GCG Honduras | I2: GCG Concessions Panama | J2: GCG El Salvador | K2: GCG Food El Salvador | L2: GCG Antigua | M2: GCG Grand Cayman | N2: GCG Aviation Ground Jamaica | O2: GCG Jamaica | P2: GCG Aviation Ground Saint Lucia | Q2: GCG Saint Lucia | R2: GCG Ground Saint Thomas | S2: GCG Bogota Colombia | T2: GCG Colombia | U2: GCG Guayaquil | V2: GCG Paraguay | W2: GCG Quito | X2: GCG Uruguay | Y2: GCG Caracas | Z2: Calloway Aruba | AA2: Airport Rest. Barbados | AB2: GCG Barbados | AC2: GCG Aviation Ground Barbados | AD2: GCG Curacao | AE2: GCG Events Curacao | AF2: GCG Sint Maarten Sky Dining | AG2: GCG Sint Maarten Airport Dining | AH2: Allied Caterers Trinidad | AI2: Katerserv Trinidad | AJ2: TOTAL | AK2: Total by Division | AL2: =N(AL11)<>0
A3: =+A2 | B3: Permanent (Regular) Headcount | C3: =IF([1]NOV!C3="","",[1]NOV!C3) | D3: =IF([2]NOV!C3="","",[2]NOV!C3) | E3: =IF([2]NOV!D3="","",[2]NOV!D3) | F3: =IF([2]NOV!E3="","",[2]NOV!E3) | G3: =IF([2]NOV!F3="","",[2]NOV!F3) | H3: =IF([2]NOV!G3="","",[2]NOV!G3) | I3: =IF([2]NOV!H3="","",[2]NOV!H3) | J3: =IF([2]NOV!I3="","",[2]NOV!I3) | K3: =IF([2]NOV!J3="","",[2]NOV!J3) | L3: =IF([3]NOV!C3="","",[3]NOV!C3) | M3: =IF([3]NOV!D3="","",[3]NOV!D3) | N3: =IF([3]NOV!E3="","",[3]NOV!E3) | O3: =IF([3]NOV!F3="","",[3]NOV!F3) | P3: =IF([3]NOV!G3="","",[3]NOV!G3) | Q3: =IF([3]NOV!H3="","",[3]NOV!H3) | R3: =IF([3]NOV!I3="","",[3]NOV!I3) | S3: =IF([4]NOV!C3="","",[4]NOV!C3) | T3: =IF([4]NOV!D3="","",[4]NOV!D3) | U3: =IF([4]NOV!E3="","",[4]NOV!E3) | V3: =IF([4]NOV!F3="","",[4]NOV!F3) | W3: =IF([4]NOV!G3="","",[4]NOV!G3) | X3: =IF([4]NOV!H3="","",[4]NOV!H3) | Y3: =IF([4]NOV!I3="","",[4]NOV!I3) | Z3: =IF([5]NOV!C3="","",[5]NOV!C3) | AA3: =IF([5]NOV!D3="","",[5]NOV!D3) | AB3: =IF([5]NOV!E3="","",[5]NOV!E3) | AC3: =IF([5]NOV!F3="","",[5]NOV!F3) | AD3: =IF([5]NOV!G3="","",[5]NOV!G3) | AE3: =IF([5]NOV!H3="","",[5]NOV!H3) | AF3: =IF([5]NOV!I3="","",[5]NOV!I3) | AG3: =IF([5]NOV!J3="","",[5]NOV!J3) | ... AI3: =IF([5]NOV!L3="","",[5]NOV!L3) | AJ3: =IF(COUNT(C3:AI3)=0,"",SUM(C3:AI3)) | AK3: ∑
B4: Temporary (Fix Term) Headcount | C4: =IF([1]NOV!C4="","",[1]NOV!C4) | D4: =IF([2]NOV!C4="","",[2]NOV!C4) | E4: =IF([2]NOV!D4="","",[2]NOV!D4) | F4: =IF([2]NOV!E4="","",[2]NOV!E4) | G4: =IF([2]NOV!F4="","",[2]NOV!F4) | H4: =IF([2]NOV!G4="","",[2]NOV!G4) | I4: =IF([2]NOV!H4="","",[2]NOV!H4) | J4: =IF([2]NOV!I4="","",[2]NOV!I4) | K4: =IF([2]NOV!J4="","",[2]NOV!J4) | L4: =IF([3]NOV!C4="","",[3]NOV!C4) | M4: =IF([3]NOV!D4="","",[3]NOV!D4) | N4: =IF([3]NOV!E4="","",[3]NOV!E4) | O4: =IF([3]NOV!F4="","",[3]NOV!F4) | P4: =IF([3]NOV!G4="","",[3]NOV!G4) | Q4: =IF([3]NOV!H4="","",[3]NOV!H4) | R4: =IF([3]NOV!I4="","",[3]NOV!I4) | S4: =IF([4]NOV!C4="","",[4]NOV!C4) | T4: =IF([4]NOV!D4="","",[4]NOV!D4) | U4: =IF([4]NOV!E4="","",[4]NOV!E4) | V4: =IF([4]NOV!F4="","",[4]NOV!F4) | W4: =IF([4]NOV!G4="","",[4]NOV!G4) | X4: =IF([4]NOV!H4="","",[4]NOV!H4) | Y4: =IF([4]NOV!I4="","",[4]NOV!I4) | Z4: =IF([5]NOV!C4="","",[5]NOV!C4) | AA4: =IF([5]NOV!D4="","",[5]NOV!D4) | AB4: =IF([5]NOV!E4="","",[5]NOV!E4) | AC4: =IF([5]NOV!F4="","",[5]NOV!F4) | AD4: =IF([5]NOV!G4="","",[5]NOV!G4) | AE4: =IF([5]NOV!H4="","",[5]NOV!H4) | AF4: =IF([5]NOV!I4="","",[5]NOV!I4) | AG4: =IF([5]NOV!J4="","",[5]NOV!J4) | ... AI4: =IF([5]NOV!L4="","",[5]NOV!L4) | AJ4: =IF(COUNT(C4:AI4)=0,"",SUM(C4:AI4)) | AK4: ∑
B5: Employee Headcount (Productivity) | C5: =IF(COUNT(C3:C4)=0,"",SUM(C3:C4)) | D5: =IF(COUNT(D3:D4)=0,"",SUM(D3:D4)) | E5: =IF(COUNT(E3:E4)=0,"",SUM(E3:E4)) | F5: =IF(COUNT(F3:F4)=0,"",SUM(F3:F4)) | G5: =IF(COUNT(G3:G4)=0,"",SUM(G3:G4)) | H5: =IF(COUNT(H3:H4)=0,"",SUM(H3:H4)) | I5: =IF(COUNT(I3:I4)=0,"",SUM(I3:I4)) | J5: =IF(COUNT(J3:J4)=0,"",SUM(J3:J4)) | ... AJ5: =IF(COUNT(AJ3:AJ4)=0,"",SUM(AJ3:AJ4)) | AK5: ϝ
B6: Headcount = 1.00 | C6: =IF([1]NOV!C6="","",[1]NOV!C6) | D6: =IF([2]NOV!C6="","",[2]NOV!C6) | E6: =IF([2]NOV!D6="","",[2]NOV!D6) | F6: =IF([2]NOV!E6="","",[2]NOV!E6) | G6: =IF([2]NOV!F6="","",[2]NOV!F6) | H6: =IF([2]NOV!G6="","",[2]NOV!G6) | I6: =IF([2]NOV!H6="","",[2]NOV!H6) | J6: =IF([2]NOV!I6="","",[2]NOV!I6) | K6: =IF([2]NOV!J6="","",[2]NOV!J6) | L6: =IF([3]NOV!C6="","",[3]NOV!C6) | M6: =IF([3]NOV!D6="","",[3]NOV!D6) | N6: =IF([3]NOV!E6="","",[3]NOV!E6) | O6: =IF([3]NOV!F6="","",[3]NOV!F6) | P6: =IF([3]NOV!G6="","",[3]NOV!G6) | Q6: =IF([3]NOV!H6="","",[3]NOV!H6) | R6: =IF([3]NOV!I6="","",[3]NOV!I6) | S6: =IF([4]NOV!C6="","",[4]NOV!C6) | T6: =IF([4]NOV!D6="","",[4]NOV!D6) | U6: =IF([4]NOV!E6="","",[4]NOV!E6) | V6: =IF([4]NOV!F6="","",[4]NOV!F6) | W6: =IF([4]NOV!G6="","",[4]NOV!G6) | X6: =IF([4]NOV!H6="","",[4]NOV!H6) | Y6: =IF([4]NOV!I6="","",[4]NOV!I6) | Z6: =IF([5]NOV!C6="","",[5]NOV!C6) | AA6: =IF([5]NOV!D6="","",[5]NOV!D6) | AB6: =IF([5]NOV!E6="","",[5]NOV!E6) | AC6: =IF([5]NOV!F6="","",[5]NOV!F6) | AD6: =IF([5]NOV!G6="","",[5]NOV!G6) | AE6: =IF([5]NOV!H6="","",[5]NOV!H6) | AF6: =IF([5]NOV!I6="","",[5]NOV!I6) | AG6: =IF([5]NOV!J6="","",[5]NOV!J6) | ... AI6: =IF([5]NOV!L6="","",[5]NOV!L6) | AJ6: =IF(COUNT(C6:AI6)=0,"",SUM(C6:AI6)) | AK6: ∑
B7: Headcount = 0.75 | C7: =IF([1]NOV!C7="","",[1]NOV!C7) | D7: =IF([2]NOV!C7="","",[2]NOV!C7) | E7: =IF([2]NOV!D7="","",[2]NOV!D7) | F7: =IF([2]NOV!E7="","",[2]NOV!E7) | G7: =IF([2]NOV!F7="","",[2]NOV!F7) | H7: =IF([2]NOV!G7="","",[2]NOV!G7) | I7: =IF([2]NOV!H7="","",[2]NOV!H7) | J7: =IF([2]NOV!I7="","",[2]NOV!I7) | K7: =IF([2]NOV!J7="","",[2]NOV!J7) | L7: =IF([3]NOV!C7="","",[3]NOV!C7) | M7: =IF([3]NOV!D7="","",[3]NOV!D7) | N7: =IF([3]NOV!E7="","",[3]NOV!E7) | O7: =IF([3]NOV!F7="","",[3]NOV!F7) | P7: =IF([3]NOV!G7="","",[3]NOV!G7) | Q7: =IF([3]NOV!H7="","",[3]NOV!H7) | R7: =IF([3]NOV!I7="","",[3]NOV!I7) | S7: =IF([4]NOV!C7="","",[4]NOV!C7) | T7: =IF([4]NOV!D7="","",[4]NOV!D7) | U7: =IF([4]NOV!E7="","",[4]NOV!E7) | V7: =IF([4]NOV!F7="","",[4]NOV!F7) | W7: =IF([4]NOV!G7="","",[4]NOV!G7) | X7: =IF([4]NOV!H7="","",[4]NOV!H7) | Y7: =IF([4]NOV!I7="","",[4]NOV!I7) | Z7: =IF([5]NOV!C7="","",[5]NOV!C7) | AA7: =IF([5]NOV!D7="","",[5]NOV!D7) | AB7: =IF([5]NOV!E7="","",[5]NOV!E7) | AC7: =IF([5]NOV!F7="","",[5]NOV!F7) | AD7: =IF([5]NOV!G7="","",[5]NOV!G7) | AE7: =IF([5]NOV!H7="","",[5]NOV!H7) | AF7: =IF([5]NOV!I7="","",[5]NOV!I7) | AG7: =IF([5]NOV!J7="","",[5]NOV!J7) | ... AI7: =IF([5]NOV!L7="","",[5]NOV!L7) | AJ7: =IF(COUNT(C7:AI7)=0,"",SUM(C7:AI7)) | AK7: ∑
B8: Headcount = 0.50 | C8: =IF([1]NOV!C8="","",[1]NOV!C8) | D8: =IF([2]NOV!C8="","",[2]NOV!C8) | E8: =IF([2]NOV!D8="","",[2]NOV!D8) | F8: =IF([2]NOV!E8="","",[2]NOV!E8) | G8: =IF([2]NOV!F8="","",[2]NOV!F8) | H8: =IF([2]NOV!G8="","",[2]NOV!G8) | I8: =IF([2]NOV!H8="","",[2]NOV!H8) | J8: =IF([2]NOV!I8="","",[2]NOV!I8) | K8: =IF([2]NOV!J8="","",[2]NOV!J8) | L8: =IF([3]NOV!C8="","",[3]NOV!C8) | M8: =IF([3]NOV!D8="","",[3]NOV!D8) | N8: =IF([3]NOV!E8="","",[3]NOV!E8) | O8: =IF([3]NOV!F8="","",[3]NOV!F8) | P8: =IF([3]NOV!G8="","",[3]NOV!G8) | Q8: =IF([3]NOV!H8="","",[3]NOV!H8) | R8: =IF([3]NOV!I8="","",[3]NOV!I8) | S8: =IF([4]NOV!C8="","",[4]NOV!C8) | T8: =IF([4]NOV!D8="","",[4]NOV!D8) | U8: =IF([4]NOV!E8="","",[4]NOV!E8) | V8: =IF([4]NOV!F8="","",[4]NOV!F8) | W8: =IF([4]NOV!G8="","",[4]NOV!G8) | X8: =IF([4]NOV!H8="","",[4]NOV!H8) | Y8: =IF([4]NOV!I8="","",[4]NOV!I8) | Z8: =IF([5]NOV!C8="","",[5]NOV!C8) | AA8: =IF([5]NOV!D8="","",[5]NOV!D8) | AB8: =IF([5]NOV!E8="","",[5]NOV!E8) | AC8: =IF([5]NOV!F8="","",[5]NOV!F8) | AD8: =IF([5]NOV!G8="","",[5]NOV!G8) | AE8: =IF([5]NOV!H8="","",[5]NOV!H8) | AF8: =IF([5]NOV!I8="","",[5]NOV!I8) | AG8: =IF([5]NOV!J8="","",[5]NOV!J8) | ... AI8: =IF([5]NOV!L8="","",[5]NOV!L8) | AJ8: =IF(COUNT(C8:AI8)=0,"",SUM(C8:AI8)) | AK8: ∑
B9: Headcount = 0.25 | C9: =IF([1]NOV!C9="","",[1]NOV!C9) | D9: =IF([2]NOV!C9="","",[2]NOV!C9) | E9: =IF([2]NOV!D9="","",[2]NOV!D9) | F9: =IF([2]NOV!E9="","",[2]NOV!E9) | G9: =IF([2]NOV!F9="","",[2]NOV!F9) | H9: =IF([2]NOV!G9="","",[2]NOV!G9) | I9: =IF([2]NOV!H9="","",[2]NOV!H9) | J9: =IF([2]NOV!I9="","",[2]NOV!I9) | K9: =IF([2]NOV!J9="","",[2]NOV!J9) | L9: =IF([3]NOV!C9="","",[3]NOV!C9) | M9: =IF([3]NOV!D9="","",[3]NOV!D9) | N9: =IF([3]NOV!E9="","",[3]NOV!E9) | O9: =IF([3]NOV!F9="","",[3]NOV!F9) | P9: =IF([3]NOV!G9="","",[3]NOV!G9) | Q9: =IF([3]NOV!H9="","",[3]NOV!H9) | R9: =IF([3]NOV!I9="","",[3]NOV!I9) | S9: =IF([4]NOV!C9="","",[4]NOV!C9) | T9: =IF([4]NOV!D9="","",[4]NOV!D9) | U9: =IF([4]NOV!E9="","",[4]NOV!E9) | V9: =IF([4]NOV!F9="","",[4]NOV!F9) | W9: =IF([4]NOV!G9="","",[4]NOV!G9) | X9: =IF([4]NOV!H9="","",[4]NOV!H9) | Y9: =IF([4]NOV!I9="","",[4]NOV!I9) | Z9: =IF([5]NOV!C9="","",[5]NOV!C9) | AA9: =IF([5]NOV!D9="","",[5]NOV!D9) | AB9: =IF([5]NOV!E9="","",[5]NOV!E9) | AC9: =IF([5]NOV!F9="","",[5]NOV!F9) | AD9: =IF([5]NOV!G9="","",[5]NOV!G9) | AE9: =IF([5]NOV!H9="","",[5]NOV!H9) | AF9: =IF([5]NOV!I9="","",[5]NOV!I9) | AG9: =IF([5]NOV!J9="","",[5]NOV!J9) | ... AI9: =IF([5]NOV!L9="","",[5]NOV!L9) | AJ9: =IF(COUNT(C9:AI9)=0,"",SUM(C9:AI9)) | AK9: ∑
B10: Standard Monthly Hours (FTE basis) | C10: =IF([1]NOV!C10="","",[1]NOV!C10) | D10: =IF([2]NOV!C10="","",[2]NOV!C10) | E10: =IF([2]NOV!D10="","",[2]NOV!D10) | F10: =IF([2]NOV!E10="","",[2]NOV!E10) | G10: =IF([2]NOV!F10="","",[2]NOV!F10) | H10: =IF([2]NOV!G10="","",[2]NOV!G10) | I10: =IF([2]NOV!H10="","",[2]NOV!H10) | J10: =IF([2]NOV!I10="","",[2]NOV!I10) | K10: =IF([2]NOV!J10="","",[2]NOV!J10) | L10: =IF([3]NOV!C10="","",[3]NOV!C10) | M10: =IF([3]NOV!D10="","",[3]NOV!D10) | N10: =IF([3]NOV!E10="","",[3]NOV!E10) | O10: =IF([3]NOV!F10="","",[3]NOV!F10) | P10: =IF([3]NOV!G10="","",[3]NOV!G10) | Q10: =IF([3]NOV!H10="","",[3]NOV!H10) | R10: =IF([3]NOV!I10="","",[3]NOV!I10) | S10: =IF([4]NOV!C10="","",[4]NOV!C10) | T10: =IF([4]NOV!D10="","",[4]NOV!D10) | U10: =IF([4]NOV!E10="","",[4]NOV!E10) | V10: =IF([4]NOV!F10="","",[4]NOV!F10) | W10: =IF([4]NOV!G10="","",[4]NOV!G10) | X10: =IF([4]NOV!H10="","",[4]NOV!H10) | Y10: =IF([4]NOV!I10="","",[4]NOV!I10) | Z10: =IF([5]NOV!C10="","",[5]NOV!C10) | AA10: =IF([5]NOV!D10="","",[5]NOV!D10) | AB10: =IF([5]NOV!E10="","",[5]NOV!E10) | AC10: =IF([5]NOV!F10="","",[5]NOV!F10) | AD10: =IF([5]NOV!G10="","",[5]NOV!G10) | AE10: =IF([5]NOV!H10="","",[5]NOV!H10) | AF10: =IF([5]NOV!I10="","",[5]NOV!I10) | AG10: =IF([5]NOV!J10="","",[5]NOV!J10) | ... AI10: =IF([5]NOV!L10="","",[5]NOV!L10) | AJ10: =IFERROR(AVERAGE(C10:AI10),"") | AK10: Avg
B11: Employee FTE (Finance) | C11: =IF(COUNT(C6:C9)=0,"",N(C6)+N(C7)*0.75+N(C8)*0.5+N(C9)*0.25) | D11: =IF(COUNT(D6:D9)=0,"",N(D6)+N(D7)*0.75+N(D8)*0.5+N(D9)*0.25) | E11: =IF(COUNT(E6:E9)=0,"",N(E6)+N(E7)*0.75+N(E8)*0.5+N(E9)*0.25) | F11: =IF(COUNT(F6:F9)=0,"",N(F6)+N(F7)*0.75+N(F8)*0.5+N(F9)*0.25) | G11: =IF(COUNT(G6:G9)=0,"",N(G6)+N(G7)*0.75+N(G8)*0.5+N(G9)*0.25) | H11: =IF(COUNT(H6:H9)=0,"",N(H6)+N(H7)*0.75+N(H8)*0.5+N(H9)*0.25) | I11: =IF(COUNT(I6:I9)=0,"",N(I6)+N(I7)*0.75+N(I8)*0.5+N(I9)*0.25) | J11: =IF(COUNT(J6:J9)=0,"",N(J6)+N(J7)*0.75+N(J8)*0.5+N(J9)*0.25) | ... AJ11: =IF(COUNT(AJ6:AJ9)=0,"",N(AJ6)+N(AJ7)*0.75+N(AJ8)*0.5+N(AJ9)*0.25) | AK11: FTE | AL11: =IF(COUNT(AJ5:AJ9)=0,"",N(AJ6)+N(AJ7)+N(AJ8)+N(AJ9)-N(AJ5))
B12: Subcontracted Workforce HC | C12: =IF([1]NOV!C12="","",[1]NOV!C12) | D12: =IF([2]NOV!C12="","",[2]NOV!C12) | E12: =IF([2]NOV!D12="","",[2]NOV!D12) | F12: =IF([2]NOV!E12="","",[2]NOV!E12) | G12: =IF([2]NOV!F12="","",[2]NOV!F12) | H12: =IF([2]NOV!G12="","",[2]NOV!G12) | I12: =IF([2]NOV!H12="","",[2]NOV!H12) | J12: =IF([2]NOV!I12="","",[2]NOV!I12) | K12: =IF([2]NOV!J12="","",[2]NOV!J12) | L12: =IF([3]NOV!C12="","",[3]NOV!C12) | M12: =IF([3]NOV!D12="","",[3]NOV!D12) | N12: =IF([3]NOV!E12="","",[3]NOV!E12) | O12: =IF([3]NOV!F12="","",[3]NOV!F12) | P12: =IF([3]NOV!G12="","",[3]NOV!G12) | Q12: =IF([3]NOV!H12="","",[3]NOV!H12) | R12: =IF([3]NOV!I12="","",[3]NOV!I12) | S12: =IF([4]NOV!C12="","",[4]NOV!C12) | T12: =IF([4]NOV!D12="","",[4]NOV!D12) | U12: =IF([4]NOV!E12="","",[4]NOV!E12) | V12: =IF([4]NOV!F12="","",[4]NOV!F12) | W12: =IF([4]NOV!G12="","",[4]NOV!G12) | X12: =IF([4]NOV!H12="","",[4]NOV!H12) | Y12: =IF([4]NOV!I12="","",[4]NOV!I12) | Z12: =IF([5]NOV!C12="","",[5]NOV!C12) | AA12: =IF([5]NOV!D12="","",[5]NOV!D12) | AB12: =IF([5]NOV!E12="","",[5]NOV!E12) | AC12: =IF([5]NOV!F12="","",[5]NOV!F12) | AD12: =IF([5]NOV!G12="","",[5]NOV!G12) | AE12: =IF([5]NOV!H12="","",[5]NOV!H12) | AF12: =IF([5]NOV!I12="","",[5]NOV!I12) | AG12: =IF([5]NOV!J12="","",[5]NOV!J12) | ... AI12: =IF([5]NOV!L12="","",[5]NOV!L12) | AJ12: =IF(COUNT(C12:AI12)=0,"",SUM(C12:AI12)) | AK12: ∑
B13: Subcontracted Productive Hours | C13: =IF([1]NOV!C13="","",[1]NOV!C13) | D13: =IF([2]NOV!C13="","",[2]NOV!C13) | E13: =IF([2]NOV!D13="","",[2]NOV!D13) | F13: =IF([2]NOV!E13="","",[2]NOV!E13) | G13: =IF([2]NOV!F13="","",[2]NOV!F13) | H13: =IF([2]NOV!G13="","",[2]NOV!G13) | I13: =IF([2]NOV!H13="","",[2]NOV!H13) | J13: =IF([2]NOV!I13="","",[2]NOV!I13) | K13: =IF([2]NOV!J13="","",[2]NOV!J13) | L13: =IF([3]NOV!C13="","",[3]NOV!C13) | M13: =IF([3]NOV!D13="","",[3]NOV!D13) | N13: =IF([3]NOV!E13="","",[3]NOV!E13) | O13: =IF([3]NOV!F13="","",[3]NOV!F13) | P13: =IF([3]NOV!G13="","",[3]NOV!G13) | Q13: =IF([3]NOV!H13="","",[3]NOV!H13) | R13: =IF([3]NOV!I13="","",[3]NOV!I13) | S13: =IF([4]NOV!C13="","",[4]NOV!C13) | T13: =IF([4]NOV!D13="","",[4]NOV!D13) | U13: =IF([4]NOV!E13="","",[4]NOV!E13) | V13: =IF([4]NOV!F13="","",[4]NOV!F13) | W13: =IF([4]NOV!G13="","",[4]NOV!G13) | X13: =IF([4]NOV!H13="","",[4]NOV!H13) | Y13: =IF([4]NOV!I13="","",[4]NOV!I13) | Z13: =IF([5]NOV!C13="","",[5]NOV!C13) | AA13: =IF([5]NOV!D13="","",[5]NOV!D13) | AB13: =IF([5]NOV!E13="","",[5]NOV!E13) | AC13: =IF([5]NOV!F13="","",[5]NOV!F13) | AD13: =IF([5]NOV!G13="","",[5]NOV!G13) | AE13: =IF([5]NOV!H13="","",[5]NOV!H13) | AF13: =IF([5]NOV!I13="","",[5]NOV!I13) | AG13: =IF([5]NOV!J13="","",[5]NOV!J13) | ... AI13: =IF([5]NOV!L13="","",[5]NOV!L13) | AJ13: =IF(COUNT(C13:AI13)=0,"",SUM(C13:AI13)) | AK13: ∑
B14: Subcontracted FTE | C14: =IFERROR(C13/C10,"") | D14: =IFERROR(D13/D10,"") | E14: =IFERROR(E13/E10,"") | F14: =IFERROR(F13/F10,"") | G14: =IFERROR(G13/G10,"") | H14: =IFERROR(H13/H10,"") | I14: =IFERROR(I13/I10,"") | J14: =IFERROR(J13/J10,"") | ... AI14: =IFERROR(AI13/AI10,"") | AJ14: =IF(COUNT(C14:AI14)=0,"",SUM(C14:AI14)) | AK14: FTE
B15: Total Operational Workforce | C15: =IF(COUNT(C5,C12)=0,"",SUM(C5,C12)) | D15: =IF(COUNT(D5,D12)=0,"",SUM(D5,D12)) | E15: =IF(COUNT(E5,E12)=0,"",SUM(E5,E12)) | F15: =IF(COUNT(F5,F12)=0,"",SUM(F5,F12)) | G15: =IF(COUNT(G5,G12)=0,"",SUM(G5,G12)) | H15: =IF(COUNT(H5,H12)=0,"",SUM(H5,H12)) | I15: =IF(COUNT(I5,I12)=0,"",SUM(I5,I12)) | J15: =IF(COUNT(J5,J12)=0,"",SUM(J5,J12)) | ... AJ15: =IF(COUNT(AJ5,AJ12)=0,"",SUM(AJ5,AJ12)) | AK15: ϝ
B16: Total Operational FTE | C16: =IF(COUNT(C11,C14)=0,"",SUM(C11,C14)) | D16: =IF(COUNT(D11,D14)=0,"",SUM(D11,D14)) | E16: =IF(COUNT(E11,E14)=0,"",SUM(E11,E14)) | F16: =IF(COUNT(F11,F14)=0,"",SUM(F11,F14)) | G16: =IF(COUNT(G11,G14)=0,"",SUM(G11,G14)) | H16: =IF(COUNT(H11,H14)=0,"",SUM(H11,H14)) | I16: =IF(COUNT(I11,I14)=0,"",SUM(I11,I14)) | J16: =IF(COUNT(J11,J14)=0,"",SUM(J11,J14)) | ... AJ16: =IF(COUNT(AJ11,AJ14)=0,"",SUM(AJ11,AJ14)) | AK16: FTE
B17: Subcontracted Share of Workforce (%) | C17: =IFERROR(C12/C15,"") | D17: =IFERROR(D12/D15,"") | E17: =IFERROR(E12/E15,"") | F17: =IFERROR(F12/F15,"") | G17: =IFERROR(G12/G15,"") | H17: =IFERROR(H12/H15,"") | I17: =IFERROR(I12/I15,"") | J17: =IFERROR(J12/J15,"") | ... AJ17: =IFERROR(AJ12/AJ15,"") | AK17: ϝ
B18: FTE HR Team | C18: =IF([1]NOV!C18="","",[1]NOV!C18) | D18: =IF([2]NOV!C18="","",[2]NOV!C18) | E18: =IF([2]NOV!D18="","",[2]NOV!D18) | F18: =IF([2]NOV!E18="","",[2]NOV!E18) | G18: =IF([2]NOV!F18="","",[2]NOV!F18) | H18: =IF([2]NOV!G18="","",[2]NOV!G18) | I18: =IF([2]NOV!H18="","",[2]NOV!H18) | J18: =IF([2]NOV!I18="","",[2]NOV!I18) | K18: =IF([2]NOV!J18="","",[2]NOV!J18) | L18: =IF([3]NOV!C18="","",[3]NOV!C18) | M18: =IF([3]NOV!D18="","",[3]NOV!D18) | N18: =IF([3]NOV!E18="","",[3]NOV!E18) | O18: =IF([3]NOV!F18="","",[3]NOV!F18) | P18: =IF([3]NOV!G18="","",[3]NOV!G18) | Q18: =IF([3]NOV!H18="","",[3]NOV!H18) | R18: =IF([3]NOV!I18="","",[3]NOV!I18) | S18: =IF([4]NOV!C18="","",[4]NOV!C18) | T18: =IF([4]NOV!D18="","",[4]NOV!D18) | U18: =IF([4]NOV!E18="","",[4]NOV!E18) | V18: =IF([4]NOV!F18="","",[4]NOV!F18) | W18: =IF([4]NOV!G18="","",[4]NOV!G18) | X18: =IF([4]NOV!H18="","",[4]NOV!H18) | Y18: =IF([4]NOV!I18="","",[4]NOV!I18) | Z18: =IF([5]NOV!C18="","",[5]NOV!C18) | AA18: =IF([5]NOV!D18="","",[5]NOV!D18) | AB18: =IF([5]NOV!E18="","",[5]NOV!E18) | AC18: =IF([5]NOV!F18="","",[5]NOV!F18) | AD18: =IF([5]NOV!G18="","",[5]NOV!G18) | AE18: =IF([5]NOV!H18="","",[5]NOV!H18) | AF18: =IF([5]NOV!I18="","",[5]NOV!I18) | AG18: =IF([5]NOV!J18="","",[5]NOV!J18) | ... AI18: =IF([5]NOV!L18="","",[5]NOV!L18) | AJ18: =IF(COUNT(C18:AI18)=0,"",SUM(C18:AI18)) | AK18: ∑
B19: Permanent Hires | C19: =IF([1]NOV!C19="","",[1]NOV!C19) | D19: =IF([2]NOV!C19="","",[2]NOV!C19) | E19: =IF([2]NOV!D19="","",[2]NOV!D19) | F19: =IF([2]NOV!E19="","",[2]NOV!E19) | G19: =IF([2]NOV!F19="","",[2]NOV!F19) | H19: =IF([2]NOV!G19="","",[2]NOV!G19) | I19: =IF([2]NOV!H19="","",[2]NOV!H19) | J19: =IF([2]NOV!I19="","",[2]NOV!I19) | K19: =IF([2]NOV!J19="","",[2]NOV!J19) | L19: =IF([3]NOV!C19="","",[3]NOV!C19) | M19: =IF([3]NOV!D19="","",[3]NOV!D19) | N19: =IF([3]NOV!E19="","",[3]NOV!E19) | O19: =IF([3]NOV!F19="","",[3]NOV!F19) | P19: =IF([3]NOV!G19="","",[3]NOV!G19) | Q19: =IF([3]NOV!H19="","",[3]NOV!H19) | R19: =IF([3]NOV!I19="","",[3]NOV!I19) | S19: =IF([4]NOV!C19="","",[4]NOV!C19) | T19: =IF([4]NOV!D19="","",[4]NOV!D19) | U19: =IF([4]NOV!E19="","",[4]NOV!E19) | V19: =IF([4]NOV!F19="","",[4]NOV!F19) | W19: =IF([4]NOV!G19="","",[4]NOV!G19) | X19: =IF([4]NOV!H19="","",[4]NOV!H19) | Y19: =IF([4]NOV!I19="","",[4]NOV!I19) | Z19: =IF([5]NOV!C19="","",[5]NOV!C19) | AA19: =IF([5]NOV!D19="","",[5]NOV!D19) | AB19: =IF([5]NOV!E19="","",[5]NOV!E19) | AC19: =IF([5]NOV!F19="","",[5]NOV!F19) | AD19: =IF([5]NOV!G19="","",[5]NOV!G19) | AE19: =IF([5]NOV!H19="","",[5]NOV!H19) | AF19: =IF([5]NOV!I19="","",[5]NOV!I19) | AG19: =IF([5]NOV!J19="","",[5]NOV!J19) | ... AI19: =IF([5]NOV!L19="","",[5]NOV!L19) | AJ19: =IF(COUNT(C19:AI19)=0,"",SUM(C19:AI19)) | AK19: ∑
B20: Temporary Hires | C20: =IF([1]NOV!C20="","",[1]NOV!C20) | D20: =IF([2]NOV!C20="","",[2]NOV!C20) | E20: =IF([2]NOV!D20="","",[2]NOV!D20) | F20: =IF([2]NOV!E20="","",[2]NOV!E20) | G20: =IF([2]NOV!F20="","",[2]NOV!F20) | H20: =IF([2]NOV!G20="","",[2]NOV!G20) | I20: =IF([2]NOV!H20="","",[2]NOV!H20) | J20: =IF([2]NOV!I20="","",[2]NOV!I20) | K20: =IF([2]NOV!J20="","",[2]NOV!J20) | L20: =IF([3]NOV!C20="","",[3]NOV!C20) | M20: =IF([3]NOV!D20="","",[3]NOV!D20) | N20: =IF([3]NOV!E20="","",[3]NOV!E20) | O20: =IF([3]NOV!F20="","",[3]NOV!F20) | P20: =IF([3]NOV!G20="","",[3]NOV!G20) | Q20: =IF([3]NOV!H20="","",[3]NOV!H20) | R20: =IF([3]NOV!I20="","",[3]NOV!I20) | S20: =IF([4]NOV!C20="","",[4]NOV!C20) | T20: =IF([4]NOV!D20="","",[4]NOV!D20) | U20: =IF([4]NOV!E20="","",[4]NOV!E20) | V20: =IF([4]NOV!F20="","",[4]NOV!F20) | W20: =IF([4]NOV!G20="","",[4]NOV!G20) | X20: =IF([4]NOV!H20="","",[4]NOV!H20) | Y20: =IF([4]NOV!I20="","",[4]NOV!I20) | Z20: =IF([5]NOV!C20="","",[5]NOV!C20) | AA20: =IF([5]NOV!D20="","",[5]NOV!D20) | AB20: =IF([5]NOV!E20="","",[5]NOV!E20) | AC20: =IF([5]NOV!F20="","",[5]NOV!F20) | AD20: =IF([5]NOV!G20="","",[5]NOV!G20) | AE20: =IF([5]NOV!H20="","",[5]NOV!H20) | AF20: =IF([5]NOV!I20="","",[5]NOV!I20) | AG20: =IF([5]NOV!J20="","",[5]NOV!J20) | ... AI20: =IF([5]NOV!L20="","",[5]NOV!L20) | AJ20: =IF(COUNT(C20:AI20)=0,"",SUM(C20:AI20)) | AK20: ∑
B21: Total Hires | C21: =IF(COUNT(C19:C20)=0,"",SUM(C19:C20)) | D21: =IF(COUNT(D19:D20)=0,"",SUM(D19:D20)) | E21: =IF(COUNT(E19:E20)=0,"",SUM(E19:E20)) | F21: =IF(COUNT(F19:F20)=0,"",SUM(F19:F20)) | G21: =IF(COUNT(G19:G20)=0,"",SUM(G19:G20)) | H21: =IF(COUNT(H19:H20)=0,"",SUM(H19:H20)) | I21: =IF(COUNT(I19:I20)=0,"",SUM(I19:I20)) | J21: =IF(COUNT(J19:J20)=0,"",SUM(J19:J20)) | ... AJ21: =IF(COUNT(AJ19:AJ20)=0,"",SUM(AJ19:AJ20)) | AK21: ϝ
B22: Permanent Exits | C22: =IF([1]NOV!C22="","",[1]NOV!C22) | D22: =IF([2]NOV!C22="","",[2]NOV!C22) | E22: =IF([2]NOV!D22="","",[2]NOV!D22) | F22: =IF([2]NOV!E22="","",[2]NOV!E22) | G22: =IF([2]NOV!F22="","",[2]NOV!F22) | H22: =IF([2]NOV!G22="","",[2]NOV!G22) | I22: =IF([2]NOV!H22="","",[2]NOV!H22) | J22: =IF([2]NOV!I22="","",[2]NOV!I22) | K22: =IF([2]NOV!J22="","",[2]NOV!J22) | L22: =IF([3]NOV!C22="","",[3]NOV!C22) | M22: =IF([3]NOV!D22="","",[3]NOV!D22) | N22: =IF([3]NOV!E22="","",[3]NOV!E22) | O22: =IF([3]NOV!F22="","",[3]NOV!F22) | P22: =IF([3]NOV!G22="","",[3]NOV!G22) | Q22: =IF([3]NOV!H22="","",[3]NOV!H22) | R22: =IF([3]NOV!I22="","",[3]NOV!I22) | S22: =IF([4]NOV!C22="","",[4]NOV!C22) | T22: =IF([4]NOV!D22="","",[4]NOV!D22) | U22: =IF([4]NOV!E22="","",[4]NOV!E22) | V22: =IF([4]NOV!F22="","",[4]NOV!F22) | W22: =IF([4]NOV!G22="","",[4]NOV!G22) | X22: =IF([4]NOV!H22="","",[4]NOV!H22) | Y22: =IF([4]NOV!I22="","",[4]NOV!I22) | Z22: =IF([5]NOV!C22="","",[5]NOV!C22) | AA22: =IF([5]NOV!D22="","",[5]NOV!D22) | AB22: =IF([5]NOV!E22="","",[5]NOV!E22) | AC22: =IF([5]NOV!F22="","",[5]NOV!F22) | AD22: =IF([5]NOV!G22="","",[5]NOV!G22) | AE22: =IF([5]NOV!H22="","",[5]NOV!H22) | AF22: =IF([5]NOV!I22="","",[5]NOV!I22) | AG22: =IF([5]NOV!J22="","",[5]NOV!J22) | ... AI22: =IF([5]NOV!L22="","",[5]NOV!L22) | AJ22: =IF(COUNT(C22:AI22)=0,"",SUM(C22:AI22)) | AK22: ∑
B23: Temporary Exits | C23: =IF([1]NOV!C23="","",[1]NOV!C23) | D23: =IF([2]NOV!C23="","",[2]NOV!C23) | E23: =IF([2]NOV!D23="","",[2]NOV!D23) | F23: =IF([2]NOV!E23="","",[2]NOV!E23) | G23: =IF([2]NOV!F23="","",[2]NOV!F23) | H23: =IF([2]NOV!G23="","",[2]NOV!G23) | I23: =IF([2]NOV!H23="","",[2]NOV!H23) | J23: =IF([2]NOV!I23="","",[2]NOV!I23) | K23: =IF([2]NOV!J23="","",[2]NOV!J23) | L23: =IF([3]NOV!C23="","",[3]NOV!C23) | M23: =IF([3]NOV!D23="","",[3]NOV!D23) | N23: =IF([3]NOV!E23="","",[3]NOV!E23) | O23: =IF([3]NOV!F23="","",[3]NOV!F23) | P23: =IF([3]NOV!G23="","",[3]NOV!G23) | Q23: =IF([3]NOV!H23="","",[3]NOV!H23) | R23: =IF([3]NOV!I23="","",[3]NOV!I23) | S23: =IF([4]NOV!C23="","",[4]NOV!C23) | T23: =IF([4]NOV!D23="","",[4]NOV!D23) | U23: =IF([4]NOV!E23="","",[4]NOV!E23) | V23: =IF([4]NOV!F23="","",[4]NOV!F23) | W23: =IF([4]NOV!G23="","",[4]NOV!G23) | X23: =IF([4]NOV!H23="","",[4]NOV!H23) | Y23: =IF([4]NOV!I23="","",[4]NOV!I23) | Z23: =IF([5]NOV!C23="","",[5]NOV!C23) | AA23: =IF([5]NOV!D23="","",[5]NOV!D23) | AB23: =IF([5]NOV!E23="","",[5]NOV!E23) | AC23: =IF([5]NOV!F23="","",[5]NOV!F23) | AD23: =IF([5]NOV!G23="","",[5]NOV!G23) | AE23: =IF([5]NOV!H23="","",[5]NOV!H23) | AF23: =IF([5]NOV!I23="","",[5]NOV!I23) | AG23: =IF([5]NOV!J23="","",[5]NOV!J23) | ... AI23: =IF([5]NOV!L23="","",[5]NOV!L23) | AJ23: =IF(COUNT(C23:AI23)=0,"",SUM(C23:AI23)) | AK23: ∑
B24: Total Exits | C24: =IF(COUNT(C22:C23)=0,"",SUM(C22:C23)) | D24: =IF(COUNT(D22:D23)=0,"",SUM(D22:D23)) | E24: =IF(COUNT(E22:E23)=0,"",SUM(E22:E23)) | F24: =IF(COUNT(F22:F23)=0,"",SUM(F22:F23)) | G24: =IF(COUNT(G22:G23)=0,"",SUM(G22:G23)) | H24: =IF(COUNT(H22:H23)=0,"",SUM(H22:H23)) | I24: =IF(COUNT(I22:I23)=0,"",SUM(I22:I23)) | J24: =IF(COUNT(J22:J23)=0,"",SUM(J22:J23)) | ... AJ24: =IF(COUNT(AJ22:AJ23)=0,"",SUM(AJ22:AJ23)) | AK24: ϝ
B25: Permanent Turnover (%) | C25: =IF(COUNT(C31,C32)<2,"",IF((C32+C31)=0,"",N(C22)/((C32+C31)/2))) | D25: =IF(COUNT(D31,D32)<2,"",IF((D32+D31)=0,"",N(D22)/((D32+D31)/2))) | E25: =IF(COUNT(E31,E32)<2,"",IF((E32+E31)=0,"",N(E22)/((E32+E31)/2))) | F25: =IF(COUNT(F31,F32)<2,"",IF((F32+F31)=0,"",N(F22)/((F32+F31)/2))) | G25: =IF(COUNT(G31,G32)<2,"",IF((G32+G31)=0,"",N(G22)/((G32+G31)/2))) | H25: =IF(COUNT(H31,H32)<2,"",IF((H32+H31)=0,"",N(H22)/((H32+H31)/2))) | I25: =IF(COUNT(I31,I32)<2,"",IF((I32+I31)=0,"",N(I22)/((I32+I31)/2))) | J25: =IF(COUNT(J31,J32)<2,"",IF((J32+J31)=0,"",N(J22)/((J32+J31)/2))) | ... AJ25: =IF(COUNT(AJ31,AJ32)<2,"",IF((AJ32+AJ31)=0,"",N(AJ22)/((AJ32+AJ31)/2))) | AK25: ϝ
B26: Temporary Turnover (%) | C26: =IF(COUNT(C31,C32)<2,"",IF((C32+C31)=0,"",N(C23)/((C32+C31)/2))) | D26: =IF(COUNT(D31,D32)<2,"",IF((D32+D31)=0,"",N(D23)/((D32+D31)/2))) | E26: =IF(COUNT(E31,E32)<2,"",IF((E32+E31)=0,"",N(E23)/((E32+E31)/2))) | F26: =IF(COUNT(F31,F32)<2,"",IF((F32+F31)=0,"",N(F23)/((F32+F31)/2))) | G26: =IF(COUNT(G31,G32)<2,"",IF((G32+G31)=0,"",N(G23)/((G32+G31)/2))) | H26: =IF(COUNT(H31,H32)<2,"",IF((H32+H31)=0,"",N(H23)/((H32+H31)/2))) | I26: =IF(COUNT(I31,I32)<2,"",IF((I32+I31)=0,"",N(I23)/((I32+I31)/2))) | J26: =IF(COUNT(J31,J32)<2,"",IF((J32+J31)=0,"",N(J23)/((J32+J31)/2))) | ... AJ26: =IF(COUNT(AJ31,AJ32)<2,"",IF((AJ32+AJ31)=0,"",N(AJ23)/((AJ32+AJ31)/2))) | AK26: ϝ
B27: Voluntary Terminations | C27: =IF([1]NOV!C27="","",[1]NOV!C27) | D27: =IF([2]NOV!C27="","",[2]NOV!C27) | E27: =IF([2]NOV!D27="","",[2]NOV!D27) | F27: =IF([2]NOV!E27="","",[2]NOV!E27) | G27: =IF([2]NOV!F27="","",[2]NOV!F27) | H27: =IF([2]NOV!G27="","",[2]NOV!G27) | I27: =IF([2]NOV!H27="","",[2]NOV!H27) | J27: =IF([2]NOV!I27="","",[2]NOV!I27) | K27: =IF([2]NOV!J27="","",[2]NOV!J27) | L27: =IF([3]NOV!C27="","",[3]NOV!C27) | M27: =IF([3]NOV!D27="","",[3]NOV!D27) | N27: =IF([3]NOV!E27="","",[3]NOV!E27) | O27: =IF([3]NOV!F27="","",[3]NOV!F27) | P27: =IF([3]NOV!G27="","",[3]NOV!G27) | Q27: =IF([3]NOV!H27="","",[3]NOV!H27) | R27: =IF([3]NOV!I27="","",[3]NOV!I27) | S27: =IF([4]NOV!C27="","",[4]NOV!C27) | T27: =IF([4]NOV!D27="","",[4]NOV!D27) | U27: =IF([4]NOV!E27="","",[4]NOV!E27) | V27: =IF([4]NOV!F27="","",[4]NOV!F27) | W27: =IF([4]NOV!G27="","",[4]NOV!G27) | X27: =IF([4]NOV!H27="","",[4]NOV!H27) | Y27: =IF([4]NOV!I27="","",[4]NOV!I27) | Z27: =IF([5]NOV!C27="","",[5]NOV!C27) | AA27: =IF([5]NOV!D27="","",[5]NOV!D27) | AB27: =IF([5]NOV!E27="","",[5]NOV!E27) | AC27: =IF([5]NOV!F27="","",[5]NOV!F27) | AD27: =IF([5]NOV!G27="","",[5]NOV!G27) | AE27: =IF([5]NOV!H27="","",[5]NOV!H27) | AF27: =IF([5]NOV!I27="","",[5]NOV!I27) | AG27: =IF([5]NOV!J27="","",[5]NOV!J27) | ... AI27: =IF([5]NOV!L27="","",[5]NOV!L27) | AJ27: =IF(COUNT(C27:AI27)=0,"",SUM(C27:AI27)) | AK27: ∑
B28: Involuntary Terminations | C28: =IF([1]NOV!C28="","",[1]NOV!C28) | D28: =IF([2]NOV!C28="","",[2]NOV!C28) | E28: =IF([2]NOV!D28="","",[2]NOV!D28) | F28: =IF([2]NOV!E28="","",[2]NOV!E28) | G28: =IF([2]NOV!F28="","",[2]NOV!F28) | H28: =IF([2]NOV!G28="","",[2]NOV!G28) | I28: =IF([2]NOV!H28="","",[2]NOV!H28) | J28: =IF([2]NOV!I28="","",[2]NOV!I28) | K28: =IF([2]NOV!J28="","",[2]NOV!J28) | L28: =IF([3]NOV!C28="","",[3]NOV!C28) | M28: =IF([3]NOV!D28="","",[3]NOV!D28) | N28: =IF([3]NOV!E28="","",[3]NOV!E28) | O28: =IF([3]NOV!F28="","",[3]NOV!F28) | P28: =IF([3]NOV!G28="","",[3]NOV!G28) | Q28: =IF([3]NOV!H28="","",[3]NOV!H28) | R28: =IF([3]NOV!I28="","",[3]NOV!I28) | S28: =IF([4]NOV!C28="","",[4]NOV!C28) | T28: =IF([4]NOV!D28="","",[4]NOV!D28) | U28: =IF([4]NOV!E28="","",[4]NOV!E28) | V28: =IF([4]NOV!F28="","",[4]NOV!F28) | W28: =IF([4]NOV!G28="","",[4]NOV!G28) | X28: =IF([4]NOV!H28="","",[4]NOV!H28) | Y28: =IF([4]NOV!I28="","",[4]NOV!I28) | Z28: =IF([5]NOV!C28="","",[5]NOV!C28) | AA28: =IF([5]NOV!D28="","",[5]NOV!D28) | AB28: =IF([5]NOV!E28="","",[5]NOV!E28) | AC28: =IF([5]NOV!F28="","",[5]NOV!F28) | AD28: =IF([5]NOV!G28="","",[5]NOV!G28) | AE28: =IF([5]NOV!H28="","",[5]NOV!H28) | AF28: =IF([5]NOV!I28="","",[5]NOV!I28) | AG28: =IF([5]NOV!J28="","",[5]NOV!J28) | ... AI28: =IF([5]NOV!L28="","",[5]NOV!L28) | AJ28: =IF(COUNT(C28:AI28)=0,"",SUM(C28:AI28)) | AK28: ∑
B29: Voluntary Turnover (%) | C29: =IF(COUNT(C31,C32)<2,"",IF((C32+C31)=0,"",N(C27)/((C32+C31)/2))) | D29: =IF(COUNT(D31,D32)<2,"",IF((D32+D31)=0,"",N(D27)/((D32+D31)/2))) | E29: =IF(COUNT(E31,E32)<2,"",IF((E32+E31)=0,"",N(E27)/((E32+E31)/2))) | F29: =IF(COUNT(F31,F32)<2,"",IF((F32+F31)=0,"",N(F27)/((F32+F31)/2))) | G29: =IF(COUNT(G31,G32)<2,"",IF((G32+G31)=0,"",N(G27)/((G32+G31)/2))) | H29: =IF(COUNT(H31,H32)<2,"",IF((H32+H31)=0,"",N(H27)/((H32+H31)/2))) | I29: =IF(COUNT(I31,I32)<2,"",IF((I32+I31)=0,"",N(I27)/((I32+I31)/2))) | J29: =IF(COUNT(J31,J32)<2,"",IF((J32+J31)=0,"",N(J27)/((J32+J31)/2))) | ... AJ29: =IF(COUNT(AJ31,AJ32)<2,"",IF((AJ32+AJ31)=0,"",N(AJ27)/((AJ32+AJ31)/2))) | AK29: ϝ
B30: Involuntary Turnover (%) | C30: =IF(COUNT(C31,C32)<2,"",IF((C32+C31)=0,"",N(C28)/((C32+C31)/2))) | D30: =IF(COUNT(D31,D32)<2,"",IF((D32+D31)=0,"",N(D28)/((D32+D31)/2))) | E30: =IF(COUNT(E31,E32)<2,"",IF((E32+E31)=0,"",N(E28)/((E32+E31)/2))) | F30: =IF(COUNT(F31,F32)<2,"",IF((F32+F31)=0,"",N(F28)/((F32+F31)/2))) | G30: =IF(COUNT(G31,G32)<2,"",IF((G32+G31)=0,"",N(G28)/((G32+G31)/2))) | H30: =IF(COUNT(H31,H32)<2,"",IF((H32+H31)=0,"",N(H28)/((H32+H31)/2))) | I30: =IF(COUNT(I31,I32)<2,"",IF((I32+I31)=0,"",N(I28)/((I32+I31)/2))) | J30: =IF(COUNT(J31,J32)<2,"",IF((J32+J31)=0,"",N(J28)/((J32+J31)/2))) | ... AJ30: =IF(COUNT(AJ31,AJ32)<2,"",IF((AJ32+AJ31)=0,"",N(AJ28)/((AJ32+AJ31)/2))) | AK30: ϝ
B31: Headcount last Month | C31: =IF(OCT!C5="","",OCT!C5) | D31: =IF(OCT!D5="","",OCT!D5) | E31: =IF(OCT!E5="","",OCT!E5) | F31: =IF(OCT!F5="","",OCT!F5) | G31: =IF(OCT!G5="","",OCT!G5) | H31: =IF(OCT!H5="","",OCT!H5) | I31: =IF(OCT!I5="","",OCT!I5) | J31: =IF(OCT!J5="","",OCT!J5) | ... AI31: =IF(OCT!AI5="","",OCT!AI5) | AJ31: =IF(COUNT(C31:AI31)=0,"",SUM(C31:AI31)) | AK31: ∑
B32: Headcount this Month | C32: =IF(C5="","",C5) | D32: =IF(D5="","",D5) | E32: =IF(E5="","",E5) | F32: =IF(F5="","",F5) | G32: =IF(G5="","",G5) | H32: =IF(H5="","",H5) | I32: =IF(I5="","",I5) | J32: =IF(J5="","",J5) | ... AI32: =IF(AI5="","",AI5) | AJ32: =IF(COUNT(C32:AI32)=0,"",SUM(C32:AI32)) | AK32: ∑
B33: Full Turnover (%) | C33: =IF(COUNT(C31,C32)<2,"",IF((C32+C31)=0,"",N(C24)/((C32+C31)/2))) | D33: =IF(COUNT(D31,D32)<2,"",IF((D32+D31)=0,"",N(D24)/((D32+D31)/2))) | E33: =IF(COUNT(E31,E32)<2,"",IF((E32+E31)=0,"",N(E24)/((E32+E31)/2))) | F33: =IF(COUNT(F31,F32)<2,"",IF((F32+F31)=0,"",N(F24)/((F32+F31)/2))) | G33: =IF(COUNT(G31,G32)<2,"",IF((G32+G31)=0,"",N(G24)/((G32+G31)/2))) | H33: =IF(COUNT(H31,H32)<2,"",IF((H32+H31)=0,"",N(H24)/((H32+H31)/2))) | I33: =IF(COUNT(I31,I32)<2,"",IF((I32+I31)=0,"",N(I24)/((I32+I31)/2))) | J33: =IF(COUNT(J31,J32)<2,"",IF((J32+J31)=0,"",N(J24)/((J32+J31)/2))) | ... AJ33: =IF(COUNT(AJ31,AJ32)<2,"",IF((AJ32+AJ31)=0,"",N(AJ24)/((AJ32+AJ31)/2))) | AK33: ϝ
B34: Permanent Vacancies | C34: =IF([1]NOV!C34="","",[1]NOV!C34) | D34: =IF([2]NOV!C34="","",[2]NOV!C34) | E34: =IF([2]NOV!D34="","",[2]NOV!D34) | F34: =IF([2]NOV!E34="","",[2]NOV!E34) | G34: =IF([2]NOV!F34="","",[2]NOV!F34) | H34: =IF([2]NOV!G34="","",[2]NOV!G34) | I34: =IF([2]NOV!H34="","",[2]NOV!H34) | J34: =IF([2]NOV!I34="","",[2]NOV!I34) | K34: =IF([2]NOV!J34="","",[2]NOV!J34) | L34: =IF([3]NOV!C34="","",[3]NOV!C34) | M34: =IF([3]NOV!D34="","",[3]NOV!D34) | N34: =IF([3]NOV!E34="","",[3]NOV!E34) | O34: =IF([3]NOV!F34="","",[3]NOV!F34) | P34: =IF([3]NOV!G34="","",[3]NOV!G34) | Q34: =IF([3]NOV!H34="","",[3]NOV!H34) | R34: =IF([3]NOV!I34="","",[3]NOV!I34) | S34: =IF([4]NOV!C34="","",[4]NOV!C34) | T34: =IF([4]NOV!D34="","",[4]NOV!D34) | U34: =IF([4]NOV!E34="","",[4]NOV!E34) | V34: =IF([4]NOV!F34="","",[4]NOV!F34) | W34: =IF([4]NOV!G34="","",[4]NOV!G34) | X34: =IF([4]NOV!H34="","",[4]NOV!H34) | Y34: =IF([4]NOV!I34="","",[4]NOV!I34) | Z34: =IF([5]NOV!C34="","",[5]NOV!C34) | AA34: =IF([5]NOV!D34="","",[5]NOV!D34) | AB34: =IF([5]NOV!E34="","",[5]NOV!E34) | AC34: =IF([5]NOV!F34="","",[5]NOV!F34) | AD34: =IF([5]NOV!G34="","",[5]NOV!G34) | AE34: =IF([5]NOV!H34="","",[5]NOV!H34) | AF34: =IF([5]NOV!I34="","",[5]NOV!I34) | AG34: =IF([5]NOV!J34="","",[5]NOV!J34) | ... AI34: =IF([5]NOV!L34="","",[5]NOV!L34) | AJ34: =IF(COUNT(C34:AI34)=0,"",SUM(C34:AI34)) | AK34: ∑
B35: Temporary Vacancies | C35: =IF([1]NOV!C35="","",[1]NOV!C35) | D35: =IF([2]NOV!C35="","",[2]NOV!C35) | E35: =IF([2]NOV!D35="","",[2]NOV!D35) | F35: =IF([2]NOV!E35="","",[2]NOV!E35) | G35: =IF([2]NOV!F35="","",[2]NOV!F35) | H35: =IF([2]NOV!G35="","",[2]NOV!G35) | I35: =IF([2]NOV!H35="","",[2]NOV!H35) | J35: =IF([2]NOV!I35="","",[2]NOV!I35) | K35: =IF([2]NOV!J35="","",[2]NOV!J35) | L35: =IF([3]NOV!C35="","",[3]NOV!C35) | M35: =IF([3]NOV!D35="","",[3]NOV!D35) | N35: =IF([3]NOV!E35="","",[3]NOV!E35) | O35: =IF([3]NOV!F35="","",[3]NOV!F35) | P35: =IF([3]NOV!G35="","",[3]NOV!G35) | Q35: =IF([3]NOV!H35="","",[3]NOV!H35) | R35: =IF([3]NOV!I35="","",[3]NOV!I35) | S35: =IF([4]NOV!C35="","",[4]NOV!C35) | T35: =IF([4]NOV!D35="","",[4]NOV!D35) | U35: =IF([4]NOV!E35="","",[4]NOV!E35) | V35: =IF([4]NOV!F35="","",[4]NOV!F35) | W35: =IF([4]NOV!G35="","",[4]NOV!G35) | X35: =IF([4]NOV!H35="","",[4]NOV!H35) | Y35: =IF([4]NOV!I35="","",[4]NOV!I35) | Z35: =IF([5]NOV!C35="","",[5]NOV!C35) | AA35: =IF([5]NOV!D35="","",[5]NOV!D35) | AB35: =IF([5]NOV!E35="","",[5]NOV!E35) | AC35: =IF([5]NOV!F35="","",[5]NOV!F35) | AD35: =IF([5]NOV!G35="","",[5]NOV!G35) | AE35: =IF([5]NOV!H35="","",[5]NOV!H35) | AF35: =IF([5]NOV!I35="","",[5]NOV!I35) | AG35: =IF([5]NOV!J35="","",[5]NOV!J35) | ... AI35: =IF([5]NOV!L35="","",[5]NOV!L35) | AJ35: =IF(COUNT(C35:AI35)=0,"",SUM(C35:AI35)) | AK35: ∑
B36: Total Vacancies | C36: =IF(COUNT(C34:C35)=0,"",SUM(C34:C35)) | D36: =IF(COUNT(D34:D35)=0,"",SUM(D34:D35)) | E36: =IF(COUNT(E34:E35)=0,"",SUM(E34:E35)) | F36: =IF(COUNT(F34:F35)=0,"",SUM(F34:F35)) | G36: =IF(COUNT(G34:G35)=0,"",SUM(G34:G35)) | H36: =IF(COUNT(H34:H35)=0,"",SUM(H34:H35)) | I36: =IF(COUNT(I34:I35)=0,"",SUM(I34:I35)) | J36: =IF(COUNT(J34:J35)=0,"",SUM(J34:J35)) | ... AJ36: =IF(COUNT(AJ34:AJ35)=0,"",SUM(AJ34:AJ35)) | AK36: ϝ
B37: Authorized Positions | C37: =IF(COUNT(C5,C36)=0,"",N(C5)+N(C36)) | D37: =IF(COUNT(D5,D36)=0,"",N(D5)+N(D36)) | E37: =IF(COUNT(E5,E36)=0,"",N(E5)+N(E36)) | F37: =IF(COUNT(F5,F36)=0,"",N(F5)+N(F36)) | G37: =IF(COUNT(G5,G36)=0,"",N(G5)+N(G36)) | H37: =IF(COUNT(H5,H36)=0,"",N(H5)+N(H36)) | I37: =IF(COUNT(I5,I36)=0,"",N(I5)+N(I36)) | J37: =IF(COUNT(J5,J36)=0,"",N(J5)+N(J36)) | ... AJ37: =IF(COUNT(AJ5,AJ36)=0,"",N(AJ5)+N(AJ36)) | AK37: ϝ
B38: Vacancy Rate (%) | C38: =IFERROR(C36/C37,"") | D38: =IFERROR(D36/D37,"") | E38: =IFERROR(E36/E37,"") | F38: =IFERROR(F36/F37,"") | G38: =IFERROR(G36/G37,"") | H38: =IFERROR(H36/H37,"") | I38: =IFERROR(I36/I37,"") | J38: =IFERROR(J36/J37,"") | ... AJ38: =IFERROR(AJ36/AJ37,"") | AK38: ϝ
B39: Permanent TimeToHire (Days) YTD | C39: =IF([1]NOV!C39="","",[1]NOV!C39) | D39: =IF([2]NOV!C39="","",[2]NOV!C39) | E39: =IF([2]NOV!D39="","",[2]NOV!D39) | F39: =IF([2]NOV!E39="","",[2]NOV!E39) | G39: =IF([2]NOV!F39="","",[2]NOV!F39) | H39: =IF([2]NOV!G39="","",[2]NOV!G39) | I39: =IF([2]NOV!H39="","",[2]NOV!H39) | J39: =IF([2]NOV!I39="","",[2]NOV!I39) | K39: =IF([2]NOV!J39="","",[2]NOV!J39) | L39: =IF([3]NOV!C39="","",[3]NOV!C39) | M39: =IF([3]NOV!D39="","",[3]NOV!D39) | N39: =IF([3]NOV!E39="","",[3]NOV!E39) | O39: =IF([3]NOV!F39="","",[3]NOV!F39) | P39: =IF([3]NOV!G39="","",[3]NOV!G39) | Q39: =IF([3]NOV!H39="","",[3]NOV!H39) | R39: =IF([3]NOV!I39="","",[3]NOV!I39) | S39: =IF([4]NOV!C39="","",[4]NOV!C39) | T39: =IF([4]NOV!D39="","",[4]NOV!D39) | U39: =IF([4]NOV!E39="","",[4]NOV!E39) | V39: =IF([4]NOV!F39="","",[4]NOV!F39) | W39: =IF([4]NOV!G39="","",[4]NOV!G39) | X39: =IF([4]NOV!H39="","",[4]NOV!H39) | Y39: =IF([4]NOV!I39="","",[4]NOV!I39) | Z39: =IF([5]NOV!C39="","",[5]NOV!C39) | AA39: =IF([5]NOV!D39="","",[5]NOV!D39) | AB39: =IF([5]NOV!E39="","",[5]NOV!E39) | AC39: =IF([5]NOV!F39="","",[5]NOV!F39) | AD39: =IF([5]NOV!G39="","",[5]NOV!G39) | AE39: =IF([5]NOV!H39="","",[5]NOV!H39) | AF39: =IF([5]NOV!I39="","",[5]NOV!I39) | AG39: =IF([5]NOV!J39="","",[5]NOV!J39) | ... AI39: =IF([5]NOV!L39="","",[5]NOV!L39) | AJ39: =IFERROR(AVERAGE(C39:AI39),"") | AK39: Avg
B40: Temporary TimeToHire (Days) YTD | C40: =IF([1]NOV!C40="","",[1]NOV!C40) | D40: =IF([2]NOV!C40="","",[2]NOV!C40) | E40: =IF([2]NOV!D40="","",[2]NOV!D40) | F40: =IF([2]NOV!E40="","",[2]NOV!E40) | G40: =IF([2]NOV!F40="","",[2]NOV!F40) | H40: =IF([2]NOV!G40="","",[2]NOV!G40) | I40: =IF([2]NOV!H40="","",[2]NOV!H40) | J40: =IF([2]NOV!I40="","",[2]NOV!I40) | K40: =IF([2]NOV!J40="","",[2]NOV!J40) | L40: =IF([3]NOV!C40="","",[3]NOV!C40) | M40: =IF([3]NOV!D40="","",[3]NOV!D40) | N40: =IF([3]NOV!E40="","",[3]NOV!E40) | O40: =IF([3]NOV!F40="","",[3]NOV!F40) | P40: =IF([3]NOV!G40="","",[3]NOV!G40) | Q40: =IF([3]NOV!H40="","",[3]NOV!H40) | R40: =IF([3]NOV!I40="","",[3]NOV!I40) | S40: =IF([4]NOV!C40="","",[4]NOV!C40) | T40: =IF([4]NOV!D40="","",[4]NOV!D40) | U40: =IF([4]NOV!E40="","",[4]NOV!E40) | V40: =IF([4]NOV!F40="","",[4]NOV!F40) | W40: =IF([4]NOV!G40="","",[4]NOV!G40) | X40: =IF([4]NOV!H40="","",[4]NOV!H40) | Y40: =IF([4]NOV!I40="","",[4]NOV!I40) | Z40: =IF([5]NOV!C40="","",[5]NOV!C40) | AA40: =IF([5]NOV!D40="","",[5]NOV!D40) | AB40: =IF([5]NOV!E40="","",[5]NOV!E40) | AC40: =IF([5]NOV!F40="","",[5]NOV!F40) | AD40: =IF([5]NOV!G40="","",[5]NOV!G40) | AE40: =IF([5]NOV!H40="","",[5]NOV!H40) | AF40: =IF([5]NOV!I40="","",[5]NOV!I40) | AG40: =IF([5]NOV!J40="","",[5]NOV!J40) | ... AI40: =IF([5]NOV!L40="","",[5]NOV!L40) | AJ40: =IFERROR(AVERAGE(C40:AI40),"") | AK40: Avg
B41: Check-ins Rate Completed (%) | C41: =IF([1]NOV!C41="","",[1]NOV!C41) | D41: =IF([2]NOV!C41="","",[2]NOV!C41) | E41: =IF([2]NOV!D41="","",[2]NOV!D41) | F41: =IF([2]NOV!E41="","",[2]NOV!E41) | G41: =IF([2]NOV!F41="","",[2]NOV!F41) | H41: =IF([2]NOV!G41="","",[2]NOV!G41) | I41: =IF([2]NOV!H41="","",[2]NOV!H41) | J41: =IF([2]NOV!I41="","",[2]NOV!I41) | K41: =IF([2]NOV!J41="","",[2]NOV!J41) | L41: =IF([3]NOV!C41="","",[3]NOV!C41) | M41: =IF([3]NOV!D41="","",[3]NOV!D41) | N41: =IF([3]NOV!E41="","",[3]NOV!E41) | O41: =IF([3]NOV!F41="","",[3]NOV!F41) | P41: =IF([3]NOV!G41="","",[3]NOV!G41) | Q41: =IF([3]NOV!H41="","",[3]NOV!H41) | R41: =IF([3]NOV!I41="","",[3]NOV!I41) | S41: =IF([4]NOV!C41="","",[4]NOV!C41) | T41: =IF([4]NOV!D41="","",[4]NOV!D41) | U41: =IF([4]NOV!E41="","",[4]NOV!E41) | V41: =IF([4]NOV!F41="","",[4]NOV!F41) | W41: =IF([4]NOV!G41="","",[4]NOV!G41) | X41: =IF([4]NOV!H41="","",[4]NOV!H41) | Y41: =IF([4]NOV!I41="","",[4]NOV!I41) | Z41: =IF([5]NOV!C41="","",[5]NOV!C41) | AA41: =IF([5]NOV!D41="","",[5]NOV!D41) | AB41: =IF([5]NOV!E41="","",[5]NOV!E41) | AC41: =IF([5]NOV!F41="","",[5]NOV!F41) | AD41: =IF([5]NOV!G41="","",[5]NOV!G41) | AE41: =IF([5]NOV!H41="","",[5]NOV!H41) | AF41: =IF([5]NOV!I41="","",[5]NOV!I41) | AG41: =IF([5]NOV!J41="","",[5]NOV!J41) | ... AI41: =IF([5]NOV!L41="","",[5]NOV!L41) | AJ41: =IFERROR(AVERAGE(C41:AI41),"") | AK41: Avg
B42: EE Objectives Completed (#) | C42: =IF([1]NOV!C42="","",[1]NOV!C42) | D42: =IF([2]NOV!C42="","",[2]NOV!C42) | E42: =IF([2]NOV!D42="","",[2]NOV!D42) | F42: =IF([2]NOV!E42="","",[2]NOV!E42) | G42: =IF([2]NOV!F42="","",[2]NOV!F42) | H42: =IF([2]NOV!G42="","",[2]NOV!G42) | I42: =IF([2]NOV!H42="","",[2]NOV!H42) | J42: =IF([2]NOV!I42="","",[2]NOV!I42) | K42: =IF([2]NOV!J42="","",[2]NOV!J42) | L42: =IF([3]NOV!C42="","",[3]NOV!C42) | M42: =IF([3]NOV!D42="","",[3]NOV!D42) | N42: =IF([3]NOV!E42="","",[3]NOV!E42) | O42: =IF([3]NOV!F42="","",[3]NOV!F42) | P42: =IF([3]NOV!G42="","",[3]NOV!G42) | Q42: =IF([3]NOV!H42="","",[3]NOV!H42) | R42: =IF([3]NOV!I42="","",[3]NOV!I42) | S42: =IF([4]NOV!C42="","",[4]NOV!C42) | T42: =IF([4]NOV!D42="","",[4]NOV!D42) | U42: =IF([4]NOV!E42="","",[4]NOV!E42) | V42: =IF([4]NOV!F42="","",[4]NOV!F42) | W42: =IF([4]NOV!G42="","",[4]NOV!G42) | X42: =IF([4]NOV!H42="","",[4]NOV!H42) | Y42: =IF([4]NOV!I42="","",[4]NOV!I42) | Z42: =IF([5]NOV!C42="","",[5]NOV!C42) | AA42: =IF([5]NOV!D42="","",[5]NOV!D42) | AB42: =IF([5]NOV!E42="","",[5]NOV!E42) | AC42: =IF([5]NOV!F42="","",[5]NOV!F42) | AD42: =IF([5]NOV!G42="","",[5]NOV!G42) | AE42: =IF([5]NOV!H42="","",[5]NOV!H42) | AF42: =IF([5]NOV!I42="","",[5]NOV!I42) | AG42: =IF([5]NOV!J42="","",[5]NOV!J42) | ... AI42: =IF([5]NOV!L42="","",[5]NOV!L42) | AJ42: =IF(COUNT(C42:AI42)=0,"",SUM(C42:AI42)) | AK42: ∑
B43: Non-certified Absent (Days Lost) | C43: =IF([1]NOV!C43="","",[1]NOV!C43) | D43: =IF([2]NOV!C43="","",[2]NOV!C43) | E43: =IF([2]NOV!D43="","",[2]NOV!D43) | F43: =IF([2]NOV!E43="","",[2]NOV!E43) | G43: =IF([2]NOV!F43="","",[2]NOV!F43) | H43: =IF([2]NOV!G43="","",[2]NOV!G43) | I43: =IF([2]NOV!H43="","",[2]NOV!H43) | J43: =IF([2]NOV!I43="","",[2]NOV!I43) | K43: =IF([2]NOV!J43="","",[2]NOV!J43) | L43: =IF([3]NOV!C43="","",[3]NOV!C43) | M43: =IF([3]NOV!D43="","",[3]NOV!D43) | N43: =IF([3]NOV!E43="","",[3]NOV!E43) | O43: =IF([3]NOV!F43="","",[3]NOV!F43) | P43: =IF([3]NOV!G43="","",[3]NOV!G43) | Q43: =IF([3]NOV!H43="","",[3]NOV!H43) | R43: =IF([3]NOV!I43="","",[3]NOV!I43) | S43: =IF([4]NOV!C43="","",[4]NOV!C43) | T43: =IF([4]NOV!D43="","",[4]NOV!D43) | U43: =IF([4]NOV!E43="","",[4]NOV!E43) | V43: =IF([4]NOV!F43="","",[4]NOV!F43) | W43: =IF([4]NOV!G43="","",[4]NOV!G43) | X43: =IF([4]NOV!H43="","",[4]NOV!H43) | Y43: =IF([4]NOV!I43="","",[4]NOV!I43) | Z43: =IF([5]NOV!C43="","",[5]NOV!C43) | AA43: =IF([5]NOV!D43="","",[5]NOV!D43) | AB43: =IF([5]NOV!E43="","",[5]NOV!E43) | AC43: =IF([5]NOV!F43="","",[5]NOV!F43) | AD43: =IF([5]NOV!G43="","",[5]NOV!G43) | AE43: =IF([5]NOV!H43="","",[5]NOV!H43) | AF43: =IF([5]NOV!I43="","",[5]NOV!I43) | AG43: =IF([5]NOV!J43="","",[5]NOV!J43) | ... AI43: =IF([5]NOV!L43="","",[5]NOV!L43) | AJ43: =IF(COUNT(C43:AI43)=0,"",SUM(C43:AI43)) | AK43: ∑
B44: Certified sick leave (Days Lost) | C44: =IF([1]NOV!C44="","",[1]NOV!C44) | D44: =IF([2]NOV!C44="","",[2]NOV!C44) | E44: =IF([2]NOV!D44="","",[2]NOV!D44) | F44: =IF([2]NOV!E44="","",[2]NOV!E44) | G44: =IF([2]NOV!F44="","",[2]NOV!F44) | H44: =IF([2]NOV!G44="","",[2]NOV!G44) | I44: =IF([2]NOV!H44="","",[2]NOV!H44) | J44: =IF([2]NOV!I44="","",[2]NOV!I44) | K44: =IF([2]NOV!J44="","",[2]NOV!J44) | L44: =IF([3]NOV!C44="","",[3]NOV!C44) | M44: =IF([3]NOV!D44="","",[3]NOV!D44) | N44: =IF([3]NOV!E44="","",[3]NOV!E44) | O44: =IF([3]NOV!F44="","",[3]NOV!F44) | P44: =IF([3]NOV!G44="","",[3]NOV!G44) | Q44: =IF([3]NOV!H44="","",[3]NOV!H44) | R44: =IF([3]NOV!I44="","",[3]NOV!I44) | S44: =IF([4]NOV!C44="","",[4]NOV!C44) | T44: =IF([4]NOV!D44="","",[4]NOV!D44) | U44: =IF([4]NOV!E44="","",[4]NOV!E44) | V44: =IF([4]NOV!F44="","",[4]NOV!F44) | W44: =IF([4]NOV!G44="","",[4]NOV!G44) | X44: =IF([4]NOV!H44="","",[4]NOV!H44) | Y44: =IF([4]NOV!I44="","",[4]NOV!I44) | Z44: =IF([5]NOV!C44="","",[5]NOV!C44) | AA44: =IF([5]NOV!D44="","",[5]NOV!D44) | AB44: =IF([5]NOV!E44="","",[5]NOV!E44) | AC44: =IF([5]NOV!F44="","",[5]NOV!F44) | AD44: =IF([5]NOV!G44="","",[5]NOV!G44) | AE44: =IF([5]NOV!H44="","",[5]NOV!H44) | AF44: =IF([5]NOV!I44="","",[5]NOV!I44) | AG44: =IF([5]NOV!J44="","",[5]NOV!J44) | ... AI44: =IF([5]NOV!L44="","",[5]NOV!L44) | AJ44: =IF(COUNT(C44:AI44)=0,"",SUM(C44:AI44)) | AK44: ∑
B45: Total Absences | C45: =IF(COUNT(C43:C44)=0,"",SUM(C43:C44)) | D45: =IF(COUNT(D43:D44)=0,"",SUM(D43:D44)) | E45: =IF(COUNT(E43:E44)=0,"",SUM(E43:E44)) | F45: =IF(COUNT(F43:F44)=0,"",SUM(F43:F44)) | G45: =IF(COUNT(G43:G44)=0,"",SUM(G43:G44)) | H45: =IF(COUNT(H43:H44)=0,"",SUM(H43:H44)) | I45: =IF(COUNT(I43:I44)=0,"",SUM(I43:I44)) | J45: =IF(COUNT(J43:J44)=0,"",SUM(J43:J44)) | ... AJ45: =IF(COUNT(AJ43:AJ44)=0,"",SUM(AJ43:AJ44)) | AK45: ϝ
B46: Absent Rate Non-Certified (%) | C46: =IF([1]NOV!C46="","",[1]NOV!C46) | D46: =IF([2]NOV!C46="","",[2]NOV!C46) | E46: =IF([2]NOV!D46="","",[2]NOV!D46) | F46: =IF([2]NOV!E46="","",[2]NOV!E46) | G46: =IF([2]NOV!F46="","",[2]NOV!F46) | H46: =IF([2]NOV!G46="","",[2]NOV!G46) | I46: =IF([2]NOV!H46="","",[2]NOV!H46) | J46: =IF([2]NOV!I46="","",[2]NOV!I46) | K46: =IF([2]NOV!J46="","",[2]NOV!J46) | L46: =IF([3]NOV!C46="","",[3]NOV!C46) | M46: =IF([3]NOV!D46="","",[3]NOV!D46) | N46: =IF([3]NOV!E46="","",[3]NOV!E46) | O46: =IF([3]NOV!F46="","",[3]NOV!F46) | P46: =IF([3]NOV!G46="","",[3]NOV!G46) | Q46: =IF([3]NOV!H46="","",[3]NOV!H46) | R46: =IF([3]NOV!I46="","",[3]NOV!I46) | S46: =IF([4]NOV!C46="","",[4]NOV!C46) | T46: =IF([4]NOV!D46="","",[4]NOV!D46) | U46: =IF([4]NOV!E46="","",[4]NOV!E46) | V46: =IF([4]NOV!F46="","",[4]NOV!F46) | W46: =IF([4]NOV!G46="","",[4]NOV!G46) | X46: =IF([4]NOV!H46="","",[4]NOV!H46) | Y46: =IF([4]NOV!I46="","",[4]NOV!I46) | Z46: =IF([5]NOV!C46="","",[5]NOV!C46) | AA46: =IF([5]NOV!D46="","",[5]NOV!D46) | AB46: =IF([5]NOV!E46="","",[5]NOV!E46) | AC46: =IF([5]NOV!F46="","",[5]NOV!F46) | AD46: =IF([5]NOV!G46="","",[5]NOV!G46) | AE46: =IF([5]NOV!H46="","",[5]NOV!H46) | AF46: =IF([5]NOV!I46="","",[5]NOV!I46) | AG46: =IF([5]NOV!J46="","",[5]NOV!J46) | ... AI46: =IF([5]NOV!L46="","",[5]NOV!L46) | AJ46: {=IF(COUNT(C46:AI46)=0,"",IFERROR(SUMPRODUCT(IFERROR(C46:AI46*((C3:AI3)+(C4:AI4)),0))/SUMPRODUCT(IFERROR(ISNUMBER(C46:AI46)*((C3:AI3)+(C4:AI4)),0)),""))} | AK46: Weighted
B47: Absent Rate Certified (%) | C47: =IF([1]NOV!C47="","",[1]NOV!C47) | D47: =IF([2]NOV!C47="","",[2]NOV!C47) | E47: =IF([2]NOV!D47="","",[2]NOV!D47) | F47: =IF([2]NOV!E47="","",[2]NOV!E47) | G47: =IF([2]NOV!F47="","",[2]NOV!F47) | H47: =IF([2]NOV!G47="","",[2]NOV!G47) | I47: =IF([2]NOV!H47="","",[2]NOV!H47) | J47: =IF([2]NOV!I47="","",[2]NOV!I47) | K47: =IF([2]NOV!J47="","",[2]NOV!J47) | L47: =IF([3]NOV!C47="","",[3]NOV!C47) | M47: =IF([3]NOV!D47="","",[3]NOV!D47) | N47: =IF([3]NOV!E47="","",[3]NOV!E47) | O47: =IF([3]NOV!F47="","",[3]NOV!F47) | P47: =IF([3]NOV!G47="","",[3]NOV!G47) | Q47: =IF([3]NOV!H47="","",[3]NOV!H47) | R47: =IF([3]NOV!I47="","",[3]NOV!I47) | S47: =IF([4]NOV!C47="","",[4]NOV!C47) | T47: =IF([4]NOV!D47="","",[4]NOV!D47) | U47: =IF([4]NOV!E47="","",[4]NOV!E47) | V47: =IF([4]NOV!F47="","",[4]NOV!F47) | W47: =IF([4]NOV!G47="","",[4]NOV!G47) | X47: =IF([4]NOV!H47="","",[4]NOV!H47) | Y47: =IF([4]NOV!I47="","",[4]NOV!I47) | Z47: =IF([5]NOV!C47="","",[5]NOV!C47) | AA47: =IF([5]NOV!D47="","",[5]NOV!D47) | AB47: =IF([5]NOV!E47="","",[5]NOV!E47) | AC47: =IF([5]NOV!F47="","",[5]NOV!F47) | AD47: =IF([5]NOV!G47="","",[5]NOV!G47) | AE47: =IF([5]NOV!H47="","",[5]NOV!H47) | AF47: =IF([5]NOV!I47="","",[5]NOV!I47) | AG47: =IF([5]NOV!J47="","",[5]NOV!J47) | ... AI47: =IF([5]NOV!L47="","",[5]NOV!L47) | AJ47: {=IF(COUNT(C47:AI47)=0,"",IFERROR(SUMPRODUCT(IFERROR(C47:AI47*((C3:AI3)+(C4:AI4)),0))/SUMPRODUCT(IFERROR(ISNUMBER(C47:AI47)*((C3:AI3)+(C4:AI4)),0)),""))} | AK47: Weighted
B48: Absent Rate Total (%) | C48: =IF(COUNT(C46:C47)=0,"",SUM(C46:C47)) | D48: =IF(COUNT(D46:D47)=0,"",SUM(D46:D47)) | E48: =IF(COUNT(E46:E47)=0,"",SUM(E46:E47)) | F48: =IF(COUNT(F46:F47)=0,"",SUM(F46:F47)) | G48: =IF(COUNT(G46:G47)=0,"",SUM(G46:G47)) | H48: =IF(COUNT(H46:H47)=0,"",SUM(H46:H47)) | I48: =IF(COUNT(I46:I47)=0,"",SUM(I46:I47)) | J48: =IF(COUNT(J46:J47)=0,"",SUM(J46:J47)) | ... AJ48: =IF(COUNT(AJ46:AJ47)=0,"",SUM(AJ46:AJ47)) | AK48: Weighted
B49: Weight factor | C49: =IFERROR(C5/$AJ5,"") | D49: =IFERROR(D5/$AJ5,"") | E49: =IFERROR(E5/$AJ5,"") | F49: =IFERROR(F5/$AJ5,"") | G49: =IFERROR(G5/$AJ5,"") | H49: =IFERROR(H5/$AJ5,"") | I49: =IFERROR(I5/$AJ5,"") | J49: =IFERROR(J5/$AJ5,"") | ... AI49: =IFERROR(AI5/$AJ5,"") | AJ49: =IF(COUNT(C49:AI49)=0,"",SUM(C49:AI49)) | AK49: Weight Factor
B50: Leadership (Hours) | C50: =IF([1]NOV!C50="","",[1]NOV!C50) | D50: =IF([2]NOV!C50="","",[2]NOV!C50) | E50: =IF([2]NOV!D50="","",[2]NOV!D50) | F50: =IF([2]NOV!E50="","",[2]NOV!E50) | G50: =IF([2]NOV!F50="","",[2]NOV!F50) | H50: =IF([2]NOV!G50="","",[2]NOV!G50) | I50: =IF([2]NOV!H50="","",[2]NOV!H50) | J50: =IF([2]NOV!I50="","",[2]NOV!I50) | K50: =IF([2]NOV!J50="","",[2]NOV!J50) | L50: =IF([3]NOV!C50="","",[3]NOV!C50) | M50: =IF([3]NOV!D50="","",[3]NOV!D50) | N50: =IF([3]NOV!E50="","",[3]NOV!E50) | O50: =IF([3]NOV!F50="","",[3]NOV!F50) | P50: =IF([3]NOV!G50="","",[3]NOV!G50) | Q50: =IF([3]NOV!H50="","",[3]NOV!H50) | R50: =IF([3]NOV!I50="","",[3]NOV!I50) | S50: =IF([4]NOV!C50="","",[4]NOV!C50) | T50: =IF([4]NOV!D50="","",[4]NOV!D50) | U50: =IF([4]NOV!E50="","",[4]NOV!E50) | V50: =IF([4]NOV!F50="","",[4]NOV!F50) | W50: =IF([4]NOV!G50="","",[4]NOV!G50) | X50: =IF([4]NOV!H50="","",[4]NOV!H50) | Y50: =IF([4]NOV!I50="","",[4]NOV!I50) | Z50: =IF([5]NOV!C50="","",[5]NOV!C50) | AA50: =IF([5]NOV!D50="","",[5]NOV!D50) | AB50: =IF([5]NOV!E50="","",[5]NOV!E50) | AC50: =IF([5]NOV!F50="","",[5]NOV!F50) | AD50: =IF([5]NOV!G50="","",[5]NOV!G50) | AE50: =IF([5]NOV!H50="","",[5]NOV!H50) | AF50: =IF([5]NOV!I50="","",[5]NOV!I50) | AG50: =IF([5]NOV!J50="","",[5]NOV!J50) | ... AI50: =IF([5]NOV!L50="","",[5]NOV!L50) | AJ50: =IF(COUNT(C50:AI50)=0,"",SUM(C50:AI50)) | AK50: ∑
B51: Technical (Hours) | C51: =IF([1]NOV!C51="","",[1]NOV!C51) | D51: =IF([2]NOV!C51="","",[2]NOV!C51) | E51: =IF([2]NOV!D51="","",[2]NOV!D51) | F51: =IF([2]NOV!E51="","",[2]NOV!E51) | G51: =IF([2]NOV!F51="","",[2]NOV!F51) | H51: =IF([2]NOV!G51="","",[2]NOV!G51) | I51: =IF([2]NOV!H51="","",[2]NOV!H51) | J51: =IF([2]NOV!I51="","",[2]NOV!I51) | K51: =IF([2]NOV!J51="","",[2]NOV!J51) | L51: =IF([3]NOV!C51="","",[3]NOV!C51) | M51: =IF([3]NOV!D51="","",[3]NOV!D51) | N51: =IF([3]NOV!E51="","",[3]NOV!E51) | O51: =IF([3]NOV!F51="","",[3]NOV!F51) | P51: =IF([3]NOV!G51="","",[3]NOV!G51) | Q51: =IF([3]NOV!H51="","",[3]NOV!H51) | R51: =IF([3]NOV!I51="","",[3]NOV!I51) | S51: =IF([4]NOV!C51="","",[4]NOV!C51) | T51: =IF([4]NOV!D51="","",[4]NOV!D51) | U51: =IF([4]NOV!E51="","",[4]NOV!E51) | V51: =IF([4]NOV!F51="","",[4]NOV!F51) | W51: =IF([4]NOV!G51="","",[4]NOV!G51) | X51: =IF([4]NOV!H51="","",[4]NOV!H51) | Y51: =IF([4]NOV!I51="","",[4]NOV!I51) | Z51: =IF([5]NOV!C51="","",[5]NOV!C51) | AA51: =IF([5]NOV!D51="","",[5]NOV!D51) | AB51: =IF([5]NOV!E51="","",[5]NOV!E51) | AC51: =IF([5]NOV!F51="","",[5]NOV!F51) | AD51: =IF([5]NOV!G51="","",[5]NOV!G51) | AE51: =IF([5]NOV!H51="","",[5]NOV!H51) | AF51: =IF([5]NOV!I51="","",[5]NOV!I51) | AG51: =IF([5]NOV!J51="","",[5]NOV!J51) | ... AI51: =IF([5]NOV!L51="","",[5]NOV!L51) | AJ51: =IF(COUNT(C51:AI51)=0,"",SUM(C51:AI51)) | AK51: ∑
B52: Professional Develop. (Hours) | C52: =IF([1]NOV!C52="","",[1]NOV!C52) | D52: =IF([2]NOV!C52="","",[2]NOV!C52) | E52: =IF([2]NOV!D52="","",[2]NOV!D52) | F52: =IF([2]NOV!E52="","",[2]NOV!E52) | G52: =IF([2]NOV!F52="","",[2]NOV!F52) | H52: =IF([2]NOV!G52="","",[2]NOV!G52) | I52: =IF([2]NOV!H52="","",[2]NOV!H52) | J52: =IF([2]NOV!I52="","",[2]NOV!I52) | K52: =IF([2]NOV!J52="","",[2]NOV!J52) | L52: =IF([3]NOV!C52="","",[3]NOV!C52) | M52: =IF([3]NOV!D52="","",[3]NOV!D52) | N52: =IF([3]NOV!E52="","",[3]NOV!E52) | O52: =IF([3]NOV!F52="","",[3]NOV!F52) | P52: =IF([3]NOV!G52="","",[3]NOV!G52) | Q52: =IF([3]NOV!H52="","",[3]NOV!H52) | R52: =IF([3]NOV!I52="","",[3]NOV!I52) | S52: =IF([4]NOV!C52="","",[4]NOV!C52) | T52: =IF([4]NOV!D52="","",[4]NOV!D52) | U52: =IF([4]NOV!E52="","",[4]NOV!E52) | V52: =IF([4]NOV!F52="","",[4]NOV!F52) | W52: =IF([4]NOV!G52="","",[4]NOV!G52) | X52: =IF([4]NOV!H52="","",[4]NOV!H52) | Y52: =IF([4]NOV!I52="","",[4]NOV!I52) | Z52: =IF([5]NOV!C52="","",[5]NOV!C52) | AA52: =IF([5]NOV!D52="","",[5]NOV!D52) | AB52: =IF([5]NOV!E52="","",[5]NOV!E52) | AC52: =IF([5]NOV!F52="","",[5]NOV!F52) | AD52: =IF([5]NOV!G52="","",[5]NOV!G52) | AE52: =IF([5]NOV!H52="","",[5]NOV!H52) | AF52: =IF([5]NOV!I52="","",[5]NOV!I52) | AG52: =IF([5]NOV!J52="","",[5]NOV!J52) | ... AI52: =IF([5]NOV!L52="","",[5]NOV!L52) | AJ52: =IF(COUNT(C52:AI52)=0,"",SUM(C52:AI52)) | AK52: ∑
B53: HSSE (Hours) | C53: =IF([1]NOV!C53="","",[1]NOV!C53) | D53: =IF([2]NOV!C53="","",[2]NOV!C53) | E53: =IF([2]NOV!D53="","",[2]NOV!D53) | F53: =IF([2]NOV!E53="","",[2]NOV!E53) | G53: =IF([2]NOV!F53="","",[2]NOV!F53) | H53: =IF([2]NOV!G53="","",[2]NOV!G53) | I53: =IF([2]NOV!H53="","",[2]NOV!H53) | J53: =IF([2]NOV!I53="","",[2]NOV!I53) | K53: =IF([2]NOV!J53="","",[2]NOV!J53) | L53: =IF([3]NOV!C53="","",[3]NOV!C53) | M53: =IF([3]NOV!D53="","",[3]NOV!D53) | N53: =IF([3]NOV!E53="","",[3]NOV!E53) | O53: =IF([3]NOV!F53="","",[3]NOV!F53) | P53: =IF([3]NOV!G53="","",[3]NOV!G53) | Q53: =IF([3]NOV!H53="","",[3]NOV!H53) | R53: =IF([3]NOV!I53="","",[3]NOV!I53) | S53: =IF([4]NOV!C53="","",[4]NOV!C53) | T53: =IF([4]NOV!D53="","",[4]NOV!D53) | U53: =IF([4]NOV!E53="","",[4]NOV!E53) | V53: =IF([4]NOV!F53="","",[4]NOV!F53) | W53: =IF([4]NOV!G53="","",[4]NOV!G53) | X53: =IF([4]NOV!H53="","",[4]NOV!H53) | Y53: =IF([4]NOV!I53="","",[4]NOV!I53) | Z53: =IF([5]NOV!C53="","",[5]NOV!C53) | AA53: =IF([5]NOV!D53="","",[5]NOV!D53) | AB53: =IF([5]NOV!E53="","",[5]NOV!E53) | AC53: =IF([5]NOV!F53="","",[5]NOV!F53) | AD53: =IF([5]NOV!G53="","",[5]NOV!G53) | AE53: =IF([5]NOV!H53="","",[5]NOV!H53) | AF53: =IF([5]NOV!I53="","",[5]NOV!I53) | AG53: =IF([5]NOV!J53="","",[5]NOV!J53) | ... AI53: =IF([5]NOV!L53="","",[5]NOV!L53) | AJ53: =IF(COUNT(C53:AI53)=0,"",SUM(C53:AI53)) | AK53: ∑
B54: Workday (Hours) | C54: =IF([1]NOV!C54="","",[1]NOV!C54) | D54: =IF([2]NOV!C54="","",[2]NOV!C54) | E54: =IF([2]NOV!D54="","",[2]NOV!D54) | F54: =IF([2]NOV!E54="","",[2]NOV!E54) | G54: =IF([2]NOV!F54="","",[2]NOV!F54) | H54: =IF([2]NOV!G54="","",[2]NOV!G54) | I54: =IF([2]NOV!H54="","",[2]NOV!H54) | J54: =IF([2]NOV!I54="","",[2]NOV!I54) | K54: =IF([2]NOV!J54="","",[2]NOV!J54) | L54: =IF([3]NOV!C54="","",[3]NOV!C54) | M54: =IF([3]NOV!D54="","",[3]NOV!D54) | N54: =IF([3]NOV!E54="","",[3]NOV!E54) | O54: =IF([3]NOV!F54="","",[3]NOV!F54) | P54: =IF([3]NOV!G54="","",[3]NOV!G54) | Q54: =IF([3]NOV!H54="","",[3]NOV!H54) | R54: =IF([3]NOV!I54="","",[3]NOV!I54) | S54: =IF([4]NOV!C54="","",[4]NOV!C54) | T54: =IF([4]NOV!D54="","",[4]NOV!D54) | U54: =IF([4]NOV!E54="","",[4]NOV!E54) | V54: =IF([4]NOV!F54="","",[4]NOV!F54) | W54: =IF([4]NOV!G54="","",[4]NOV!G54) | X54: =IF([4]NOV!H54="","",[4]NOV!H54) | Y54: =IF([4]NOV!I54="","",[4]NOV!I54) | Z54: =IF([5]NOV!C54="","",[5]NOV!C54) | AA54: =IF([5]NOV!D54="","",[5]NOV!D54) | AB54: =IF([5]NOV!E54="","",[5]NOV!E54) | AC54: =IF([5]NOV!F54="","",[5]NOV!F54) | AD54: =IF([5]NOV!G54="","",[5]NOV!G54) | AE54: =IF([5]NOV!H54="","",[5]NOV!H54) | AF54: =IF([5]NOV!I54="","",[5]NOV!I54) | AG54: =IF([5]NOV!J54="","",[5]NOV!J54) | ... AI54: =IF([5]NOV!L54="","",[5]NOV!L54) | AJ54: =IF(COUNT(C54:AI54)=0,"",SUM(C54:AI54)) | AK54: ∑
B55: Total Training Hours | C55: =IF(COUNT(C50:C54)=0,"",SUM(C50:C54)) | D55: =IF(COUNT(D50:D54)=0,"",SUM(D50:D54)) | E55: =IF(COUNT(E50:E54)=0,"",SUM(E50:E54)) | F55: =IF(COUNT(F50:F54)=0,"",SUM(F50:F54)) | G55: =IF(COUNT(G50:G54)=0,"",SUM(G50:G54)) | H55: =IF(COUNT(H50:H54)=0,"",SUM(H50:H54)) | I55: =IF(COUNT(I50:I54)=0,"",SUM(I50:I54)) | J55: =IF(COUNT(J50:J54)=0,"",SUM(J50:J54)) | ... AJ55: =IF(COUNT(AJ50:AJ54)=0,"",SUM(AJ50:AJ54)) | AK55: ϝ
B56: Total Trained (Staff) | C56: =IF([1]NOV!C56="","",[1]NOV!C56) | D56: =IF([2]NOV!C56="","",[2]NOV!C56) | E56: =IF([2]NOV!D56="","",[2]NOV!D56) | F56: =IF([2]NOV!E56="","",[2]NOV!E56) | G56: =IF([2]NOV!F56="","",[2]NOV!F56) | H56: =IF([2]NOV!G56="","",[2]NOV!G56) | I56: =IF([2]NOV!H56="","",[2]NOV!H56) | J56: =IF([2]NOV!I56="","",[2]NOV!I56) | K56: =IF([2]NOV!J56="","",[2]NOV!J56) | L56: =IF([3]NOV!C56="","",[3]NOV!C56) | M56: =IF([3]NOV!D56="","",[3]NOV!D56) | N56: =IF([3]NOV!E56="","",[3]NOV!E56) | O56: =IF([3]NOV!F56="","",[3]NOV!F56) | P56: =IF([3]NOV!G56="","",[3]NOV!G56) | Q56: =IF([3]NOV!H56="","",[3]NOV!H56) | R56: =IF([3]NOV!I56="","",[3]NOV!I56) | S56: =IF([4]NOV!C56="","",[4]NOV!C56) | T56: =IF([4]NOV!D56="","",[4]NOV!D56) | U56: =IF([4]NOV!E56="","",[4]NOV!E56) | V56: =IF([4]NOV!F56="","",[4]NOV!F56) | W56: =IF([4]NOV!G56="","",[4]NOV!G56) | X56: =IF([4]NOV!H56="","",[4]NOV!H56) | Y56: =IF([4]NOV!I56="","",[4]NOV!I56) | Z56: =IF([5]NOV!C56="","",[5]NOV!C56) | AA56: =IF([5]NOV!D56="","",[5]NOV!D56) | AB56: =IF([5]NOV!E56="","",[5]NOV!E56) | AC56: =IF([5]NOV!F56="","",[5]NOV!F56) | AD56: =IF([5]NOV!G56="","",[5]NOV!G56) | AE56: =IF([5]NOV!H56="","",[5]NOV!H56) | AF56: =IF([5]NOV!I56="","",[5]NOV!I56) | AG56: =IF([5]NOV!J56="","",[5]NOV!J56) | ... AI56: =IF([5]NOV!L56="","",[5]NOV!L56) | AJ56: =IF(COUNT(C56:AI56)=0,"",SUM(C56:AI56)) | AK56: ∑
B57: Training Programs (#) | C57: =IF([1]NOV!C57="","",[1]NOV!C57) | D57: =IF([2]NOV!C57="","",[2]NOV!C57) | E57: =IF([2]NOV!D57="","",[2]NOV!D57) | F57: =IF([2]NOV!E57="","",[2]NOV!E57) | G57: =IF([2]NOV!F57="","",[2]NOV!F57) | H57: =IF([2]NOV!G57="","",[2]NOV!G57) | I57: =IF([2]NOV!H57="","",[2]NOV!H57) | J57: =IF([2]NOV!I57="","",[2]NOV!I57) | K57: =IF([2]NOV!J57="","",[2]NOV!J57) | L57: =IF([3]NOV!C57="","",[3]NOV!C57) | M57: =IF([3]NOV!D57="","",[3]NOV!D57) | N57: =IF([3]NOV!E57="","",[3]NOV!E57) | O57: =IF([3]NOV!F57="","",[3]NOV!F57) | P57: =IF([3]NOV!G57="","",[3]NOV!G57) | Q57: =IF([3]NOV!H57="","",[3]NOV!H57) | R57: =IF([3]NOV!I57="","",[3]NOV!I57) | S57: =IF([4]NOV!C57="","",[4]NOV!C57) | T57: =IF([4]NOV!D57="","",[4]NOV!D57) | U57: =IF([4]NOV!E57="","",[4]NOV!E57) | V57: =IF([4]NOV!F57="","",[4]NOV!F57) | W57: =IF([4]NOV!G57="","",[4]NOV!G57) | X57: =IF([4]NOV!H57="","",[4]NOV!H57) | Y57: =IF([4]NOV!I57="","",[4]NOV!I57) | Z57: =IF([5]NOV!C57="","",[5]NOV!C57) | AA57: =IF([5]NOV!D57="","",[5]NOV!D57) | AB57: =IF([5]NOV!E57="","",[5]NOV!E57) | AC57: =IF([5]NOV!F57="","",[5]NOV!F57) | AD57: =IF([5]NOV!G57="","",[5]NOV!G57) | AE57: =IF([5]NOV!H57="","",[5]NOV!H57) | AF57: =IF([5]NOV!I57="","",[5]NOV!I57) | AG57: =IF([5]NOV!J57="","",[5]NOV!J57) | ... AI57: =IF([5]NOV!L57="","",[5]NOV!L57) | AJ57: =IF(COUNT(C57:AI57)=0,"",SUM(C57:AI57)) | AK57: ∑
B58: Training Cost (USD) | C58: =IF([1]NOV!C58="","",[1]NOV!C58) | D58: =IF([2]NOV!C58="","",[2]NOV!C58) | E58: =IF([2]NOV!D58="","",[2]NOV!D58) | F58: =IF([2]NOV!E58="","",[2]NOV!E58) | G58: =IF([2]NOV!F58="","",[2]NOV!F58) | H58: =IF([2]NOV!G58="","",[2]NOV!G58) | I58: =IF([2]NOV!H58="","",[2]NOV!H58) | J58: =IF([2]NOV!I58="","",[2]NOV!I58) | K58: =IF([2]NOV!J58="","",[2]NOV!J58) | L58: =IF([3]NOV!C58="","",[3]NOV!C58) | M58: =IF([3]NOV!D58="","",[3]NOV!D58) | N58: =IF([3]NOV!E58="","",[3]NOV!E58) | O58: =IF([3]NOV!F58="","",[3]NOV!F58) | P58: =IF([3]NOV!G58="","",[3]NOV!G58) | Q58: =IF([3]NOV!H58="","",[3]NOV!H58) | R58: =IF([3]NOV!I58="","",[3]NOV!I58) | S58: =IF([4]NOV!C58="","",[4]NOV!C58) | T58: =IF([4]NOV!D58="","",[4]NOV!D58) | U58: =IF([4]NOV!E58="","",[4]NOV!E58) | V58: =IF([4]NOV!F58="","",[4]NOV!F58) | W58: =IF([4]NOV!G58="","",[4]NOV!G58) | X58: =IF([4]NOV!H58="","",[4]NOV!H58) | Y58: =IF([4]NOV!I58="","",[4]NOV!I58) | Z58: =IF([5]NOV!C58="","",[5]NOV!C58) | AA58: =IF([5]NOV!D58="","",[5]NOV!D58) | AB58: =IF([5]NOV!E58="","",[5]NOV!E58) | AC58: =IF([5]NOV!F58="","",[5]NOV!F58) | AD58: =IF([5]NOV!G58="","",[5]NOV!G58) | AE58: =IF([5]NOV!H58="","",[5]NOV!H58) | AF58: =IF([5]NOV!I58="","",[5]NOV!I58) | AG58: =IF([5]NOV!J58="","",[5]NOV!J58) | ... AI58: =IF([5]NOV!L58="","",[5]NOV!L58) | AJ58: =IF(COUNT(C58:AI58)=0,"",SUM(C58:AI58)) | AK58: ∑
B59: Training Travel Cost (USD) | C59: =IF([1]NOV!C59="","",[1]NOV!C59) | D59: =IF([2]NOV!C59="","",[2]NOV!C59) | E59: =IF([2]NOV!D59="","",[2]NOV!D59) | F59: =IF([2]NOV!E59="","",[2]NOV!E59) | G59: =IF([2]NOV!F59="","",[2]NOV!F59) | H59: =IF([2]NOV!G59="","",[2]NOV!G59) | I59: =IF([2]NOV!H59="","",[2]NOV!H59) | J59: =IF([2]NOV!I59="","",[2]NOV!I59) | K59: =IF([2]NOV!J59="","",[2]NOV!J59) | L59: =IF([3]NOV!C59="","",[3]NOV!C59) | M59: =IF([3]NOV!D59="","",[3]NOV!D59) | N59: =IF([3]NOV!E59="","",[3]NOV!E59) | O59: =IF([3]NOV!F59="","",[3]NOV!F59) | P59: =IF([3]NOV!G59="","",[3]NOV!G59) | Q59: =IF([3]NOV!H59="","",[3]NOV!H59) | R59: =IF([3]NOV!I59="","",[3]NOV!I59) | S59: =IF([4]NOV!C59="","",[4]NOV!C59) | T59: =IF([4]NOV!D59="","",[4]NOV!D59) | U59: =IF([4]NOV!E59="","",[4]NOV!E59) | V59: =IF([4]NOV!F59="","",[4]NOV!F59) | W59: =IF([4]NOV!G59="","",[4]NOV!G59) | X59: =IF([4]NOV!H59="","",[4]NOV!H59) | Y59: =IF([4]NOV!I59="","",[4]NOV!I59) | Z59: =IF([5]NOV!C59="","",[5]NOV!C59) | AA59: =IF([5]NOV!D59="","",[5]NOV!D59) | AB59: =IF([5]NOV!E59="","",[5]NOV!E59) | AC59: =IF([5]NOV!F59="","",[5]NOV!F59) | AD59: =IF([5]NOV!G59="","",[5]NOV!G59) | AE59: =IF([5]NOV!H59="","",[5]NOV!H59) | AF59: =IF([5]NOV!I59="","",[5]NOV!I59) | AG59: =IF([5]NOV!J59="","",[5]NOV!J59) | ... AI59: =IF([5]NOV!L59="","",[5]NOV!L59) | AJ59: =IF(COUNT(C59:AI59)=0,"",SUM(C59:AI59)) | AK59: ∑
B60: Leadership Hours Trained (%) | C60: =IFERROR(C50/C$55,"") | D60: =IFERROR(D50/D$55,"") | E60: =IFERROR(E50/E$55,"") | F60: =IFERROR(F50/F$55,"") | G60: =IFERROR(G50/G$55,"") | H60: =IFERROR(H50/H$55,"") | I60: =IFERROR(I50/I$55,"") | J60: =IFERROR(J50/J$55,"") | ... AJ60: =IFERROR(AJ50/AJ$55,"") | AK60: ϝ
B61: Technical Hours Trained (%) | C61: =IFERROR(C51/C$55,"") | D61: =IFERROR(D51/D$55,"") | E61: =IFERROR(E51/E$55,"") | F61: =IFERROR(F51/F$55,"") | G61: =IFERROR(G51/G$55,"") | H61: =IFERROR(H51/H$55,"") | I61: =IFERROR(I51/I$55,"") | J61: =IFERROR(J51/J$55,"") | ... AJ61: =IFERROR(AJ51/AJ$55,"") | AK61: ϝ
B62: Profess. Dev. Hours Trained (%) | C62: =IFERROR(C52/C$55,"") | D62: =IFERROR(D52/D$55,"") | E62: =IFERROR(E52/E$55,"") | F62: =IFERROR(F52/F$55,"") | G62: =IFERROR(G52/G$55,"") | H62: =IFERROR(H52/H$55,"") | I62: =IFERROR(I52/I$55,"") | J62: =IFERROR(J52/J$55,"") | ... AJ62: =IFERROR(AJ52/AJ$55,"") | AK62: ϝ
B63: HSSE Hours Trained (%) | C63: =IFERROR(C53/C$55,"") | D63: =IFERROR(D53/D$55,"") | E63: =IFERROR(E53/E$55,"") | F63: =IFERROR(F53/F$55,"") | G63: =IFERROR(G53/G$55,"") | H63: =IFERROR(H53/H$55,"") | I63: =IFERROR(I53/I$55,"") | J63: =IFERROR(J53/J$55,"") | ... AJ63: =IFERROR(AJ53/AJ$55,"") | AK63: ϝ
B64: Workday Hours Trained (%) | C64: =IFERROR(C54/C$55,"") | D64: =IFERROR(D54/D$55,"") | E64: =IFERROR(E54/E$55,"") | F64: =IFERROR(F54/F$55,"") | G64: =IFERROR(G54/G$55,"") | H64: =IFERROR(H54/H$55,"") | I64: =IFERROR(I54/I$55,"") | J64: =IFERROR(J54/J$55,"") | ... AJ64: =IFERROR(AJ54/AJ$55,"") | AK64: ϝ
B65: Staff Trained (%) | C65: =IFERROR(C56/C5,"") | D65: =IFERROR(D56/D5,"") | E65: =IFERROR(E56/E5,"") | F65: =IFERROR(F56/F5,"") | G65: =IFERROR(G56/G5,"") | H65: =IFERROR(H56/H5,"") | I65: =IFERROR(I56/I5,"") | J65: =IFERROR(J56/J5,"") | ... AJ65: =IFERROR(AJ56/AJ5,"") | AK65: ϝ
B66: Training Hours / EE | C66: =IFERROR(C55/C5,"") | D66: =IFERROR(D55/D5,"") | E66: =IFERROR(E55/E5,"") | F66: =IFERROR(F55/F5,"") | G66: =IFERROR(G55/G5,"") | H66: =IFERROR(H55/H5,"") | I66: =IFERROR(I55/I5,"") | J66: =IFERROR(J55/J5,"") | ... AJ66: =IFERROR(AJ55/AJ5,"") | AK66: ϝ
B67: Training Hours / EE Trained | C67: =IFERROR(C55/C56,"") | D67: =IFERROR(D55/D56,"") | E67: =IFERROR(E55/E56,"") | F67: =IFERROR(F55/F56,"") | G67: =IFERROR(G55/G56,"") | H67: =IFERROR(H55/H56,"") | I67: =IFERROR(I55/I56,"") | J67: =IFERROR(J55/J56,"") | ... AJ67: =IFERROR(AJ55/AJ56,"") | AK67: ϝ
B68: Training Invest. / EE (USD) | C68: =IF(COUNT(C58:C59)=0,"",IFERROR((N(C58)+N(C59))/C5,"")) | D68: =IF(COUNT(D58:D59)=0,"",IFERROR((N(D58)+N(D59))/D5,"")) | E68: =IF(COUNT(E58:E59)=0,"",IFERROR((N(E58)+N(E59))/E5,"")) | F68: =IF(COUNT(F58:F59)=0,"",IFERROR((N(F58)+N(F59))/F5,"")) | G68: =IF(COUNT(G58:G59)=0,"",IFERROR((N(G58)+N(G59))/G5,"")) | H68: =IF(COUNT(H58:H59)=0,"",IFERROR((N(H58)+N(H59))/H5,"")) | I68: =IF(COUNT(I58:I59)=0,"",IFERROR((N(I58)+N(I59))/I5,"")) | J68: =IF(COUNT(J58:J59)=0,"",IFERROR((N(J58)+N(J59))/J5,"")) | ... AJ68: =IF(COUNT(AJ58:AJ59)=0,"",IFERROR((N(AJ58)+N(AJ59))/AJ5,"")) | AK68: ϝ
B69: Training Invest. / EE Trained (USD) | C69: =IF(COUNT(C58:C59)=0,"",IFERROR((N(C58)+N(C59))/C56,"")) | D69: =IF(COUNT(D58:D59)=0,"",IFERROR((N(D58)+N(D59))/D56,"")) | E69: =IF(COUNT(E58:E59)=0,"",IFERROR((N(E58)+N(E59))/E56,"")) | F69: =IF(COUNT(F58:F59)=0,"",IFERROR((N(F58)+N(F59))/F56,"")) | G69: =IF(COUNT(G58:G59)=0,"",IFERROR((N(G58)+N(G59))/G56,"")) | H69: =IF(COUNT(H58:H59)=0,"",IFERROR((N(H58)+N(H59))/H56,"")) | I69: =IF(COUNT(I58:I59)=0,"",IFERROR((N(I58)+N(I59))/I56,"")) | J69: =IF(COUNT(J58:J59)=0,"",IFERROR((N(J58)+N(J59))/J56,"")) | ... AJ69: =IF(COUNT(AJ58:AJ59)=0,"",IFERROR((N(AJ58)+N(AJ59))/AJ56,"")) | AK69: ϝ
B70: Input Cells Not Submitted | C70: =COUNTBLANK(C3:C4)+COUNTBLANK(C6:C10)+COUNTBLANK(C12:C13)+COUNTBLANK(C18:C20)+COUNTBLANK(C22:C23)+COUNTBLANK(C27:C28)+COUNTBLANK(C34:C35)+COUNTBLANK(C39:C44)+COUNTBLANK(C46:C47)+COUNTBLANK(C50:C54)+COUNTBLANK(C56:C59) | D70: =COUNTBLANK(D3:D4)+COUNTBLANK(D6:D10)+COUNTBLANK(D12:D13)+COUNTBLANK(D18:D20)+COUNTBLANK(D22:D23)+COUNTBLANK(D27:D28)+COUNTBLANK(D34:D35)+COUNTBLANK(D39:D44)+COUNTBLANK(D46:D47)+COUNTBLANK(D50:D54)+COUNTBLANK(D56:D59) | E70: =COUNTBLANK(E3:E4)+COUNTBLANK(E6:E10)+COUNTBLANK(E12:E13)+COUNTBLANK(E18:E20)+COUNTBLANK(E22:E23)+COUNTBLANK(E27:E28)+COUNTBLANK(E34:E35)+COUNTBLANK(E39:E44)+COUNTBLANK(E46:E47)+COUNTBLANK(E50:E54)+COUNTBLANK(E56:E59) | F70: =COUNTBLANK(F3:F4)+COUNTBLANK(F6:F10)+COUNTBLANK(F12:F13)+COUNTBLANK(F18:F20)+COUNTBLANK(F22:F23)+COUNTBLANK(F27:F28)+COUNTBLANK(F34:F35)+COUNTBLANK(F39:F44)+COUNTBLANK(F46:F47)+COUNTBLANK(F50:F54)+COUNTBLANK(F56:F59) | G70: =COUNTBLANK(G3:G4)+COUNTBLANK(G6:G10)+COUNTBLANK(G12:G13)+COUNTBLANK(G18:G20)+COUNTBLANK(G22:G23)+COUNTBLANK(G27:G28)+COUNTBLANK(G34:G35)+COUNTBLANK(G39:G44)+COUNTBLANK(G46:G47)+COUNTBLANK(G50:G54)+COUNTBLANK(G56:G59) | H70: =COUNTBLANK(H3:H4)+COUNTBLANK(H6:H10)+COUNTBLANK(H12:H13)+COUNTBLANK(H18:H20)+COUNTBLANK(H22:H23)+COUNTBLANK(H27:H28)+COUNTBLANK(H34:H35)+COUNTBLANK(H39:H44)+COUNTBLANK(H46:H47)+COUNTBLANK(H50:H54)+COUNTBLANK(H56:H59) | I70: =COUNTBLANK(I3:I4)+COUNTBLANK(I6:I10)+COUNTBLANK(I12:I13)+COUNTBLANK(I18:I20)+COUNTBLANK(I22:I23)+COUNTBLANK(I27:I28)+COUNTBLANK(I34:I35)+COUNTBLANK(I39:I44)+COUNTBLANK(I46:I47)+COUNTBLANK(I50:I54)+COUNTBLANK(I56:I59) | J70: =COUNTBLANK(J3:J4)+COUNTBLANK(J6:J10)+COUNTBLANK(J12:J13)+COUNTBLANK(J18:J20)+COUNTBLANK(J22:J23)+COUNTBLANK(J27:J28)+COUNTBLANK(J34:J35)+COUNTBLANK(J39:J44)+COUNTBLANK(J46:J47)+COUNTBLANK(J50:J54)+COUNTBLANK(J56:J59) | ... AI70: =COUNTBLANK(AI3:AI4)+COUNTBLANK(AI6:AI10)+COUNTBLANK(AI12:AI13)+COUNTBLANK(AI18:AI20)+COUNTBLANK(AI22:AI23)+COUNTBLANK(AI27:AI28)+COUNTBLANK(AI34:AI35)+COUNTBLANK(AI39:AI44)+COUNTBLANK(AI46:AI47)+COUNTBLANK(AI50:AI54)+COUNTBLANK(AI56:AI59) | AJ70: =SUM(C70:AI70) | AK70: ∑

Sheet DEC
B1: GCG | C1: 1079 | D1: 1171 | E1: 1162 | F1: 1076 | G1: 1170 | H1: 1078 | I1: 1172 | J1: 1074 | K1: 1161 | L1: 1062 | M1: 1075 | N1: 1044 | O1: 1066 | P1: 1158 | Q1: 1067 | R1: 1046 | S1: 1069 | T1: 1178 | U1: 1077 | V1: 1081 | W1: 1082 | X1: 1085 | Y1: 1071U | Z1: 1015 | AA1: 1004 | AB1: 1063 | AC1: 1160 | AD1: 1073 | AE1: 1042 | AF1: 1084 | AG1: 1049 | AH1: 1005 | AI1: 1115
A2: =VALUE(TEXT(EDATE(DATE(LEFT(NOV!A2,4),RIGHT(NOV!A2,2),1),1),"yyyymm")) | B2: DEC | C2: GCG HDQ | D2: GCG Culinary Costa Rica | E2: GCG Food Guatemala | F2: GCG Guatemala | G2: GCG Aviation Ground Honduras | H2: GCG Honduras | I2: GCG Concessions Panama | J2: GCG El Salvador | K2: GCG Food El Salvador | L2: GCG Antigua | M2: GCG Grand Cayman | N2: GCG Aviation Ground Jamaica | O2: GCG Jamaica | P2: GCG Aviation Ground Saint Lucia | Q2: GCG Saint Lucia | R2: GCG Ground Saint Thomas | S2: GCG Bogota Colombia | T2: GCG Colombia | U2: GCG Guayaquil | V2: GCG Paraguay | W2: GCG Quito | X2: GCG Uruguay | Y2: GCG Caracas | Z2: Calloway Aruba | AA2: Airport Rest. Barbados | AB2: GCG Barbados | AC2: GCG Aviation Ground Barbados | AD2: GCG Curacao | AE2: GCG Events Curacao | AF2: GCG Sint Maarten Sky Dining | AG2: GCG Sint Maarten Airport Dining | AH2: Allied Caterers Trinidad | AI2: Katerserv Trinidad | AJ2: TOTAL | AK2: Total by Division | AL2: =N(AL11)<>0
A3: =+A2 | B3: Permanent (Regular) Headcount | C3: =IF([1]DEC!C3="","",[1]DEC!C3) | D3: =IF([2]DEC!C3="","",[2]DEC!C3) | E3: =IF([2]DEC!D3="","",[2]DEC!D3) | F3: =IF([2]DEC!E3="","",[2]DEC!E3) | G3: =IF([2]DEC!F3="","",[2]DEC!F3) | H3: =IF([2]DEC!G3="","",[2]DEC!G3) | I3: =IF([2]DEC!H3="","",[2]DEC!H3) | J3: =IF([2]DEC!I3="","",[2]DEC!I3) | K3: =IF([2]DEC!J3="","",[2]DEC!J3) | L3: =IF([3]DEC!C3="","",[3]DEC!C3) | M3: =IF([3]DEC!D3="","",[3]DEC!D3) | N3: =IF([3]DEC!E3="","",[3]DEC!E3) | O3: =IF([3]DEC!F3="","",[3]DEC!F3) | P3: =IF([3]DEC!G3="","",[3]DEC!G3) | Q3: =IF([3]DEC!H3="","",[3]DEC!H3) | R3: =IF([3]DEC!I3="","",[3]DEC!I3) | S3: =IF([4]DEC!C3="","",[4]DEC!C3) | T3: =IF([4]DEC!D3="","",[4]DEC!D3) | U3: =IF([4]DEC!E3="","",[4]DEC!E3) | V3: =IF([4]DEC!F3="","",[4]DEC!F3) | W3: =IF([4]DEC!G3="","",[4]DEC!G3) | X3: =IF([4]DEC!H3="","",[4]DEC!H3) | Y3: =IF([4]DEC!I3="","",[4]DEC!I3) | Z3: =IF([5]DEC!C3="","",[5]DEC!C3) | AA3: =IF([5]DEC!D3="","",[5]DEC!D3) | AB3: =IF([5]DEC!E3="","",[5]DEC!E3) | AC3: =IF([5]DEC!F3="","",[5]DEC!F3) | AD3: =IF([5]DEC!G3="","",[5]DEC!G3) | AE3: =IF([5]DEC!H3="","",[5]DEC!H3) | AF3: =IF([5]DEC!I3="","",[5]DEC!I3) | AG3: =IF([5]DEC!J3="","",[5]DEC!J3) | ... AI3: =IF([5]DEC!L3="","",[5]DEC!L3) | AJ3: =IF(COUNT(C3:AI3)=0,"",SUM(C3:AI3)) | AK3: ∑
B4: Temporary (Fix Term) Headcount | C4: =IF([1]DEC!C4="","",[1]DEC!C4) | D4: =IF([2]DEC!C4="","",[2]DEC!C4) | E4: =IF([2]DEC!D4="","",[2]DEC!D4) | F4: =IF([2]DEC!E4="","",[2]DEC!E4) | G4: =IF([2]DEC!F4="","",[2]DEC!F4) | H4: =IF([2]DEC!G4="","",[2]DEC!G4) | I4: =IF([2]DEC!H4="","",[2]DEC!H4) | J4: =IF([2]DEC!I4="","",[2]DEC!I4) | K4: =IF([2]DEC!J4="","",[2]DEC!J4) | L4: =IF([3]DEC!C4="","",[3]DEC!C4) | M4: =IF([3]DEC!D4="","",[3]DEC!D4) | N4: =IF([3]DEC!E4="","",[3]DEC!E4) | O4: =IF([3]DEC!F4="","",[3]DEC!F4) | P4: =IF([3]DEC!G4="","",[3]DEC!G4) | Q4: =IF([3]DEC!H4="","",[3]DEC!H4) | R4: =IF([3]DEC!I4="","",[3]DEC!I4) | S4: =IF([4]DEC!C4="","",[4]DEC!C4) | T4: =IF([4]DEC!D4="","",[4]DEC!D4) | U4: =IF([4]DEC!E4="","",[4]DEC!E4) | V4: =IF([4]DEC!F4="","",[4]DEC!F4) | W4: =IF([4]DEC!G4="","",[4]DEC!G4) | X4: =IF([4]DEC!H4="","",[4]DEC!H4) | Y4: =IF([4]DEC!I4="","",[4]DEC!I4) | Z4: =IF([5]DEC!C4="","",[5]DEC!C4) | AA4: =IF([5]DEC!D4="","",[5]DEC!D4) | AB4: =IF([5]DEC!E4="","",[5]DEC!E4) | AC4: =IF([5]DEC!F4="","",[5]DEC!F4) | AD4: =IF([5]DEC!G4="","",[5]DEC!G4) | AE4: =IF([5]DEC!H4="","",[5]DEC!H4) | AF4: =IF([5]DEC!I4="","",[5]DEC!I4) | AG4: =IF([5]DEC!J4="","",[5]DEC!J4) | ... AI4: =IF([5]DEC!L4="","",[5]DEC!L4) | AJ4: =IF(COUNT(C4:AI4)=0,"",SUM(C4:AI4)) | AK4: ∑
B5: Employee Headcount (Productivity) | C5: =IF(COUNT(C3:C4)=0,"",SUM(C3:C4)) | D5: =IF(COUNT(D3:D4)=0,"",SUM(D3:D4)) | E5: =IF(COUNT(E3:E4)=0,"",SUM(E3:E4)) | F5: =IF(COUNT(F3:F4)=0,"",SUM(F3:F4)) | G5: =IF(COUNT(G3:G4)=0,"",SUM(G3:G4)) | H5: =IF(COUNT(H3:H4)=0,"",SUM(H3:H4)) | I5: =IF(COUNT(I3:I4)=0,"",SUM(I3:I4)) | J5: =IF(COUNT(J3:J4)=0,"",SUM(J3:J4)) | ... AJ5: =IF(COUNT(AJ3:AJ4)=0,"",SUM(AJ3:AJ4)) | AK5: ϝ
B6: Headcount = 1.00 | C6: =IF([1]DEC!C6="","",[1]DEC!C6) | D6: =IF([2]DEC!C6="","",[2]DEC!C6) | E6: =IF([2]DEC!D6="","",[2]DEC!D6) | F6: =IF([2]DEC!E6="","",[2]DEC!E6) | G6: =IF([2]DEC!F6="","",[2]DEC!F6) | H6: =IF([2]DEC!G6="","",[2]DEC!G6) | I6: =IF([2]DEC!H6="","",[2]DEC!H6) | J6: =IF([2]DEC!I6="","",[2]DEC!I6) | K6: =IF([2]DEC!J6="","",[2]DEC!J6) | L6: =IF([3]DEC!C6="","",[3]DEC!C6) | M6: =IF([3]DEC!D6="","",[3]DEC!D6) | N6: =IF([3]DEC!E6="","",[3]DEC!E6) | O6: =IF([3]DEC!F6="","",[3]DEC!F6) | P6: =IF([3]DEC!G6="","",[3]DEC!G6) | Q6: =IF([3]DEC!H6="","",[3]DEC!H6) | R6: =IF([3]DEC!I6="","",[3]DEC!I6) | S6: =IF([4]DEC!C6="","",[4]DEC!C6) | T6: =IF([4]DEC!D6="","",[4]DEC!D6) | U6: =IF([4]DEC!E6="","",[4]DEC!E6) | V6: =IF([4]DEC!F6="","",[4]DEC!F6) | W6: =IF([4]DEC!G6="","",[4]DEC!G6) | X6: =IF([4]DEC!H6="","",[4]DEC!H6) | Y6: =IF([4]DEC!I6="","",[4]DEC!I6) | Z6: =IF([5]DEC!C6="","",[5]DEC!C6) | AA6: =IF([5]DEC!D6="","",[5]DEC!D6) | AB6: =IF([5]DEC!E6="","",[5]DEC!E6) | AC6: =IF([5]DEC!F6="","",[5]DEC!F6) | AD6: =IF([5]DEC!G6="","",[5]DEC!G6) | AE6: =IF([5]DEC!H6="","",[5]DEC!H6) | AF6: =IF([5]DEC!I6="","",[5]DEC!I6) | AG6: =IF([5]DEC!J6="","",[5]DEC!J6) | ... AI6: =IF([5]DEC!L6="","",[5]DEC!L6) | AJ6: =IF(COUNT(C6:AI6)=0,"",SUM(C6:AI6)) | AK6: ∑
B7: Headcount = 0.75 | C7: =IF([1]DEC!C7="","",[1]DEC!C7) | D7: =IF([2]DEC!C7="","",[2]DEC!C7) | E7: =IF([2]DEC!D7="","",[2]DEC!D7) | F7: =IF([2]DEC!E7="","",[2]DEC!E7) | G7: =IF([2]DEC!F7="","",[2]DEC!F7) | H7: =IF([2]DEC!G7="","",[2]DEC!G7) | I7: =IF([2]DEC!H7="","",[2]DEC!H7) | J7: =IF([2]DEC!I7="","",[2]DEC!I7) | K7: =IF([2]DEC!J7="","",[2]DEC!J7) | L7: =IF([3]DEC!C7="","",[3]DEC!C7) | M7: =IF([3]DEC!D7="","",[3]DEC!D7) | N7: =IF([3]DEC!E7="","",[3]DEC!E7) | O7: =IF([3]DEC!F7="","",[3]DEC!F7) | P7: =IF([3]DEC!G7="","",[3]DEC!G7) | Q7: =IF([3]DEC!H7="","",[3]DEC!H7) | R7: =IF([3]DEC!I7="","",[3]DEC!I7) | S7: =IF([4]DEC!C7="","",[4]DEC!C7) | T7: =IF([4]DEC!D7="","",[4]DEC!D7) | U7: =IF([4]DEC!E7="","",[4]DEC!E7) | V7: =IF([4]DEC!F7="","",[4]DEC!F7) | W7: =IF([4]DEC!G7="","",[4]DEC!G7) | X7: =IF([4]DEC!H7="","",[4]DEC!H7) | Y7: =IF([4]DEC!I7="","",[4]DEC!I7) | Z7: =IF([5]DEC!C7="","",[5]DEC!C7) | AA7: =IF([5]DEC!D7="","",[5]DEC!D7) | AB7: =IF([5]DEC!E7="","",[5]DEC!E7) | AC7: =IF([5]DEC!F7="","",[5]DEC!F7) | AD7: =IF([5]DEC!G7="","",[5]DEC!G7) | AE7: =IF([5]DEC!H7="","",[5]DEC!H7) | AF7: =IF([5]DEC!I7="","",[5]DEC!I7) | AG7: =IF([5]DEC!J7="","",[5]DEC!J7) | ... AI7: =IF([5]DEC!L7="","",[5]DEC!L7) | AJ7: =IF(COUNT(C7:AI7)=0,"",SUM(C7:AI7)) | AK7: ∑
B8: Headcount = 0.50 | C8: =IF([1]DEC!C8="","",[1]DEC!C8) | D8: =IF([2]DEC!C8="","",[2]DEC!C8) | E8: =IF([2]DEC!D8="","",[2]DEC!D8) | F8: =IF([2]DEC!E8="","",[2]DEC!E8) | G8: =IF([2]DEC!F8="","",[2]DEC!F8) | H8: =IF([2]DEC!G8="","",[2]DEC!G8) | I8: =IF([2]DEC!H8="","",[2]DEC!H8) | J8: =IF([2]DEC!I8="","",[2]DEC!I8) | K8: =IF([2]DEC!J8="","",[2]DEC!J8) | L8: =IF([3]DEC!C8="","",[3]DEC!C8) | M8: =IF([3]DEC!D8="","",[3]DEC!D8) | N8: =IF([3]DEC!E8="","",[3]DEC!E8) | O8: =IF([3]DEC!F8="","",[3]DEC!F8) | P8: =IF([3]DEC!G8="","",[3]DEC!G8) | Q8: =IF([3]DEC!H8="","",[3]DEC!H8) | R8: =IF([3]DEC!I8="","",[3]DEC!I8) | S8: =IF([4]DEC!C8="","",[4]DEC!C8) | T8: =IF([4]DEC!D8="","",[4]DEC!D8) | U8: =IF([4]DEC!E8="","",[4]DEC!E8) | V8: =IF([4]DEC!F8="","",[4]DEC!F8) | W8: =IF([4]DEC!G8="","",[4]DEC!G8) | X8: =IF([4]DEC!H8="","",[4]DEC!H8) | Y8: =IF([4]DEC!I8="","",[4]DEC!I8) | Z8: =IF([5]DEC!C8="","",[5]DEC!C8) | AA8: =IF([5]DEC!D8="","",[5]DEC!D8) | AB8: =IF([5]DEC!E8="","",[5]DEC!E8) | AC8: =IF([5]DEC!F8="","",[5]DEC!F8) | AD8: =IF([5]DEC!G8="","",[5]DEC!G8) | AE8: =IF([5]DEC!H8="","",[5]DEC!H8) | AF8: =IF([5]DEC!I8="","",[5]DEC!I8) | AG8: =IF([5]DEC!J8="","",[5]DEC!J8) | ... AI8: =IF([5]DEC!L8="","",[5]DEC!L8) | AJ8: =IF(COUNT(C8:AI8)=0,"",SUM(C8:AI8)) | AK8: ∑
B9: Headcount = 0.25 | C9: =IF([1]DEC!C9="","",[1]DEC!C9) | D9: =IF([2]DEC!C9="","",[2]DEC!C9) | E9: =IF([2]DEC!D9="","",[2]DEC!D9) | F9: =IF([2]DEC!E9="","",[2]DEC!E9) | G9: =IF([2]DEC!F9="","",[2]DEC!F9) | H9: =IF([2]DEC!G9="","",[2]DEC!G9) | I9: =IF([2]DEC!H9="","",[2]DEC!H9) | J9: =IF([2]DEC!I9="","",[2]DEC!I9) | K9: =IF([2]DEC!J9="","",[2]DEC!J9) | L9: =IF([3]DEC!C9="","",[3]DEC!C9) | M9: =IF([3]DEC!D9="","",[3]DEC!D9) | N9: =IF([3]DEC!E9="","",[3]DEC!E9) | O9: =IF([3]DEC!F9="","",[3]DEC!F9) | P9: =IF([3]DEC!G9="","",[3]DEC!G9) | Q9: =IF([3]DEC!H9="","",[3]DEC!H9) | R9: =IF([3]DEC!I9="","",[3]DEC!I9) | S9: =IF([4]DEC!C9="","",[4]DEC!C9) | T9: =IF([4]DEC!D9="","",[4]DEC!D9) | U9: =IF([4]DEC!E9="","",[4]DEC!E9) | V9: =IF([4]DEC!F9="","",[4]DEC!F9) | W9: =IF([4]DEC!G9="","",[4]DEC!G9) | X9: =IF([4]DEC!H9="","",[4]DEC!H9) | Y9: =IF([4]DEC!I9="","",[4]DEC!I9) | Z9: =IF([5]DEC!C9="","",[5]DEC!C9) | AA9: =IF([5]DEC!D9="","",[5]DEC!D9) | AB9: =IF([5]DEC!E9="","",[5]DEC!E9) | AC9: =IF([5]DEC!F9="","",[5]DEC!F9) | AD9: =IF([5]DEC!G9="","",[5]DEC!G9) | AE9: =IF([5]DEC!H9="","",[5]DEC!H9) | AF9: =IF([5]DEC!I9="","",[5]DEC!I9) | AG9: =IF([5]DEC!J9="","",[5]DEC!J9) | ... AI9: =IF([5]DEC!L9="","",[5]DEC!L9) | AJ9: =IF(COUNT(C9:AI9)=0,"",SUM(C9:AI9)) | AK9: ∑
B10: Standard Monthly Hours (FTE basis) | C10: =IF([1]DEC!C10="","",[1]DEC!C10) | D10: =IF([2]DEC!C10="","",[2]DEC!C10) | E10: =IF([2]DEC!D10="","",[2]DEC!D10) | F10: =IF([2]DEC!E10="","",[2]DEC!E10) | G10: =IF([2]DEC!F10="","",[2]DEC!F10) | H10: =IF([2]DEC!G10="","",[2]DEC!G10) | I10: =IF([2]DEC!H10="","",[2]DEC!H10) | J10: =IF([2]DEC!I10="","",[2]DEC!I10) | K10: =IF([2]DEC!J10="","",[2]DEC!J10) | L10: =IF([3]DEC!C10="","",[3]DEC!C10) | M10: =IF([3]DEC!D10="","",[3]DEC!D10) | N10: =IF([3]DEC!E10="","",[3]DEC!E10) | O10: =IF([3]DEC!F10="","",[3]DEC!F10) | P10: =IF([3]DEC!G10="","",[3]DEC!G10) | Q10: =IF([3]DEC!H10="","",[3]DEC!H10) | R10: =IF([3]DEC!I10="","",[3]DEC!I10) | S10: =IF([4]DEC!C10="","",[4]DEC!C10) | T10: =IF([4]DEC!D10="","",[4]DEC!D10) | U10: =IF([4]DEC!E10="","",[4]DEC!E10) | V10: =IF([4]DEC!F10="","",[4]DEC!F10) | W10: =IF([4]DEC!G10="","",[4]DEC!G10) | X10: =IF([4]DEC!H10="","",[4]DEC!H10) | Y10: =IF([4]DEC!I10="","",[4]DEC!I10) | Z10: =IF([5]DEC!C10="","",[5]DEC!C10) | AA10: =IF([5]DEC!D10="","",[5]DEC!D10) | AB10: =IF([5]DEC!E10="","",[5]DEC!E10) | AC10: =IF([5]DEC!F10="","",[5]DEC!F10) | AD10: =IF([5]DEC!G10="","",[5]DEC!G10) | AE10: =IF([5]DEC!H10="","",[5]DEC!H10) | AF10: =IF([5]DEC!I10="","",[5]DEC!I10) | AG10: =IF([5]DEC!J10="","",[5]DEC!J10) | ... AI10: =IF([5]DEC!L10="","",[5]DEC!L10) | AJ10: =IFERROR(AVERAGE(C10:AI10),"") | AK10: Avg
B11: Employee FTE (Finance) | C11: =IF(COUNT(C6:C9)=0,"",N(C6)+N(C7)*0.75+N(C8)*0.5+N(C9)*0.25) | D11: =IF(COUNT(D6:D9)=0,"",N(D6)+N(D7)*0.75+N(D8)*0.5+N(D9)*0.25) | E11: =IF(COUNT(E6:E9)=0,"",N(E6)+N(E7)*0.75+N(E8)*0.5+N(E9)*0.25) | F11: =IF(COUNT(F6:F9)=0,"",N(F6)+N(F7)*0.75+N(F8)*0.5+N(F9)*0.25) | G11: =IF(COUNT(G6:G9)=0,"",N(G6)+N(G7)*0.75+N(G8)*0.5+N(G9)*0.25) | H11: =IF(COUNT(H6:H9)=0,"",N(H6)+N(H7)*0.75+N(H8)*0.5+N(H9)*0.25) | I11: =IF(COUNT(I6:I9)=0,"",N(I6)+N(I7)*0.75+N(I8)*0.5+N(I9)*0.25) | J11: =IF(COUNT(J6:J9)=0,"",N(J6)+N(J7)*0.75+N(J8)*0.5+N(J9)*0.25) | ... AJ11: =IF(COUNT(AJ6:AJ9)=0,"",N(AJ6)+N(AJ7)*0.75+N(AJ8)*0.5+N(AJ9)*0.25) | AK11: FTE | AL11: =IF(COUNT(AJ5:AJ9)=0,"",N(AJ6)+N(AJ7)+N(AJ8)+N(AJ9)-N(AJ5))
B12: Subcontracted Workforce HC | C12: =IF([1]DEC!C12="","",[1]DEC!C12) | D12: =IF([2]DEC!C12="","",[2]DEC!C12) | E12: =IF([2]DEC!D12="","",[2]DEC!D12) | F12: =IF([2]DEC!E12="","",[2]DEC!E12) | G12: =IF([2]DEC!F12="","",[2]DEC!F12) | H12: =IF([2]DEC!G12="","",[2]DEC!G12) | I12: =IF([2]DEC!H12="","",[2]DEC!H12) | J12: =IF([2]DEC!I12="","",[2]DEC!I12) | K12: =IF([2]DEC!J12="","",[2]DEC!J12) | L12: =IF([3]DEC!C12="","",[3]DEC!C12) | M12: =IF([3]DEC!D12="","",[3]DEC!D12) | N12: =IF([3]DEC!E12="","",[3]DEC!E12) | O12: =IF([3]DEC!F12="","",[3]DEC!F12) | P12: =IF([3]DEC!G12="","",[3]DEC!G12) | Q12: =IF([3]DEC!H12="","",[3]DEC!H12) | R12: =IF([3]DEC!I12="","",[3]DEC!I12) | S12: =IF([4]DEC!C12="","",[4]DEC!C12) | T12: =IF([4]DEC!D12="","",[4]DEC!D12) | U12: =IF([4]DEC!E12="","",[4]DEC!E12) | V12: =IF([4]DEC!F12="","",[4]DEC!F12) | W12: =IF([4]DEC!G12="","",[4]DEC!G12) | X12: =IF([4]DEC!H12="","",[4]DEC!H12) | Y12: =IF([4]DEC!I12="","",[4]DEC!I12) | Z12: =IF([5]DEC!C12="","",[5]DEC!C12) | AA12: =IF([5]DEC!D12="","",[5]DEC!D12) | AB12: =IF([5]DEC!E12="","",[5]DEC!E12) | AC12: =IF([5]DEC!F12="","",[5]DEC!F12) | AD12: =IF([5]DEC!G12="","",[5]DEC!G12) | AE12: =IF([5]DEC!H12="","",[5]DEC!H12) | AF12: =IF([5]DEC!I12="","",[5]DEC!I12) | AG12: =IF([5]DEC!J12="","",[5]DEC!J12) | ... AI12: =IF([5]DEC!L12="","",[5]DEC!L12) | AJ12: =IF(COUNT(C12:AI12)=0,"",SUM(C12:AI12)) | AK12: ∑
B13: Subcontracted Productive Hours | C13: =IF([1]DEC!C13="","",[1]DEC!C13) | D13: =IF([2]DEC!C13="","",[2]DEC!C13) | E13: =IF([2]DEC!D13="","",[2]DEC!D13) | F13: =IF([2]DEC!E13="","",[2]DEC!E13) | G13: =IF([2]DEC!F13="","",[2]DEC!F13) | H13: =IF([2]DEC!G13="","",[2]DEC!G13) | I13: =IF([2]DEC!H13="","",[2]DEC!H13) | J13: =IF([2]DEC!I13="","",[2]DEC!I13) | K13: =IF([2]DEC!J13="","",[2]DEC!J13) | L13: =IF([3]DEC!C13="","",[3]DEC!C13) | M13: =IF([3]DEC!D13="","",[3]DEC!D13) | N13: =IF([3]DEC!E13="","",[3]DEC!E13) | O13: =IF([3]DEC!F13="","",[3]DEC!F13) | P13: =IF([3]DEC!G13="","",[3]DEC!G13) | Q13: =IF([3]DEC!H13="","",[3]DEC!H13) | R13: =IF([3]DEC!I13="","",[3]DEC!I13) | S13: =IF([4]DEC!C13="","",[4]DEC!C13) | T13: =IF([4]DEC!D13="","",[4]DEC!D13) | U13: =IF([4]DEC!E13="","",[4]DEC!E13) | V13: =IF([4]DEC!F13="","",[4]DEC!F13) | W13: =IF([4]DEC!G13="","",[4]DEC!G13) | X13: =IF([4]DEC!H13="","",[4]DEC!H13) | Y13: =IF([4]DEC!I13="","",[4]DEC!I13) | Z13: =IF([5]DEC!C13="","",[5]DEC!C13) | AA13: =IF([5]DEC!D13="","",[5]DEC!D13) | AB13: =IF([5]DEC!E13="","",[5]DEC!E13) | AC13: =IF([5]DEC!F13="","",[5]DEC!F13) | AD13: =IF([5]DEC!G13="","",[5]DEC!G13) | AE13: =IF([5]DEC!H13="","",[5]DEC!H13) | AF13: =IF([5]DEC!I13="","",[5]DEC!I13) | AG13: =IF([5]DEC!J13="","",[5]DEC!J13) | ... AI13: =IF([5]DEC!L13="","",[5]DEC!L13) | AJ13: =IF(COUNT(C13:AI13)=0,"",SUM(C13:AI13)) | AK13: ∑
B14: Subcontracted FTE | C14: =IFERROR(C13/C10,"") | D14: =IFERROR(D13/D10,"") | E14: =IFERROR(E13/E10,"") | F14: =IFERROR(F13/F10,"") | G14: =IFERROR(G13/G10,"") | H14: =IFERROR(H13/H10,"") | I14: =IFERROR(I13/I10,"") | J14: =IFERROR(J13/J10,"") | ... AI14: =IFERROR(AI13/AI10,"") | AJ14: =IF(COUNT(C14:AI14)=0,"",SUM(C14:AI14)) | AK14: FTE
B15: Total Operational Workforce | C15: =IF(COUNT(C5,C12)=0,"",SUM(C5,C12)) | D15: =IF(COUNT(D5,D12)=0,"",SUM(D5,D12)) | E15: =IF(COUNT(E5,E12)=0,"",SUM(E5,E12)) | F15: =IF(COUNT(F5,F12)=0,"",SUM(F5,F12)) | G15: =IF(COUNT(G5,G12)=0,"",SUM(G5,G12)) | H15: =IF(COUNT(H5,H12)=0,"",SUM(H5,H12)) | I15: =IF(COUNT(I5,I12)=0,"",SUM(I5,I12)) | J15: =IF(COUNT(J5,J12)=0,"",SUM(J5,J12)) | ... AJ15: =IF(COUNT(AJ5,AJ12)=0,"",SUM(AJ5,AJ12)) | AK15: ϝ
B16: Total Operational FTE | C16: =IF(COUNT(C11,C14)=0,"",SUM(C11,C14)) | D16: =IF(COUNT(D11,D14)=0,"",SUM(D11,D14)) | E16: =IF(COUNT(E11,E14)=0,"",SUM(E11,E14)) | F16: =IF(COUNT(F11,F14)=0,"",SUM(F11,F14)) | G16: =IF(COUNT(G11,G14)=0,"",SUM(G11,G14)) | H16: =IF(COUNT(H11,H14)=0,"",SUM(H11,H14)) | I16: =IF(COUNT(I11,I14)=0,"",SUM(I11,I14)) | J16: =IF(COUNT(J11,J14)=0,"",SUM(J11,J14)) | ... AJ16: =IF(COUNT(AJ11,AJ14)=0,"",SUM(AJ11,AJ14)) | AK16: FTE
B17: Subcontracted Share of Workforce (%) | C17: =IFERROR(C12/C15,"") | D17: =IFERROR(D12/D15,"") | E17: =IFERROR(E12/E15,"") | F17: =IFERROR(F12/F15,"") | G17: =IFERROR(G12/G15,"") | H17: =IFERROR(H12/H15,"") | I17: =IFERROR(I12/I15,"") | J17: =IFERROR(J12/J15,"") | ... AJ17: =IFERROR(AJ12/AJ15,"") | AK17: ϝ
B18: FTE HR Team | C18: =IF([1]DEC!C18="","",[1]DEC!C18) | D18: =IF([2]DEC!C18="","",[2]DEC!C18) | E18: =IF([2]DEC!D18="","",[2]DEC!D18) | F18: =IF([2]DEC!E18="","",[2]DEC!E18) | G18: =IF([2]DEC!F18="","",[2]DEC!F18) | H18: =IF([2]DEC!G18="","",[2]DEC!G18) | I18: =IF([2]DEC!H18="","",[2]DEC!H18) | J18: =IF([2]DEC!I18="","",[2]DEC!I18) | K18: =IF([2]DEC!J18="","",[2]DEC!J18) | L18: =IF([3]DEC!C18="","",[3]DEC!C18) | M18: =IF([3]DEC!D18="","",[3]DEC!D18) | N18: =IF([3]DEC!E18="","",[3]DEC!E18) | O18: =IF([3]DEC!F18="","",[3]DEC!F18) | P18: =IF([3]DEC!G18="","",[3]DEC!G18) | Q18: =IF([3]DEC!H18="","",[3]DEC!H18) | R18: =IF([3]DEC!I18="","",[3]DEC!I18) | S18: =IF([4]DEC!C18="","",[4]DEC!C18) | T18: =IF([4]DEC!D18="","",[4]DEC!D18) | U18: =IF([4]DEC!E18="","",[4]DEC!E18) | V18: =IF([4]DEC!F18="","",[4]DEC!F18) | W18: =IF([4]DEC!G18="","",[4]DEC!G18) | X18: =IF([4]DEC!H18="","",[4]DEC!H18) | Y18: =IF([4]DEC!I18="","",[4]DEC!I18) | Z18: =IF([5]DEC!C18="","",[5]DEC!C18) | AA18: =IF([5]DEC!D18="","",[5]DEC!D18) | AB18: =IF([5]DEC!E18="","",[5]DEC!E18) | AC18: =IF([5]DEC!F18="","",[5]DEC!F18) | AD18: =IF([5]DEC!G18="","",[5]DEC!G18) | AE18: =IF([5]DEC!H18="","",[5]DEC!H18) | AF18: =IF([5]DEC!I18="","",[5]DEC!I18) | AG18: =IF([5]DEC!J18="","",[5]DEC!J18) | ... AI18: =IF([5]DEC!L18="","",[5]DEC!L18) | AJ18: =IF(COUNT(C18:AI18)=0,"",SUM(C18:AI18)) | AK18: ∑
B19: Permanent Hires | C19: =IF([1]DEC!C19="","",[1]DEC!C19) | D19: =IF([2]DEC!C19="","",[2]DEC!C19) | E19: =IF([2]DEC!D19="","",[2]DEC!D19) | F19: =IF([2]DEC!E19="","",[2]DEC!E19) | G19: =IF([2]DEC!F19="","",[2]DEC!F19) | H19: =IF([2]DEC!G19="","",[2]DEC!G19) | I19: =IF([2]DEC!H19="","",[2]DEC!H19) | J19: =IF([2]DEC!I19="","",[2]DEC!I19) | K19: =IF([2]DEC!J19="","",[2]DEC!J19) | L19: =IF([3]DEC!C19="","",[3]DEC!C19) | M19: =IF([3]DEC!D19="","",[3]DEC!D19) | N19: =IF([3]DEC!E19="","",[3]DEC!E19) | O19: =IF([3]DEC!F19="","",[3]DEC!F19) | P19: =IF([3]DEC!G19="","",[3]DEC!G19) | Q19: =IF([3]DEC!H19="","",[3]DEC!H19) | R19: =IF([3]DEC!I19="","",[3]DEC!I19) | S19: =IF([4]DEC!C19="","",[4]DEC!C19) | T19: =IF([4]DEC!D19="","",[4]DEC!D19) | U19: =IF([4]DEC!E19="","",[4]DEC!E19) | V19: =IF([4]DEC!F19="","",[4]DEC!F19) | W19: =IF([4]DEC!G19="","",[4]DEC!G19) | X19: =IF([4]DEC!H19="","",[4]DEC!H19) | Y19: =IF([4]DEC!I19="","",[4]DEC!I19) | Z19: =IF([5]DEC!C19="","",[5]DEC!C19) | AA19: =IF([5]DEC!D19="","",[5]DEC!D19) | AB19: =IF([5]DEC!E19="","",[5]DEC!E19) | AC19: =IF([5]DEC!F19="","",[5]DEC!F19) | AD19: =IF([5]DEC!G19="","",[5]DEC!G19) | AE19: =IF([5]DEC!H19="","",[5]DEC!H19) | AF19: =IF([5]DEC!I19="","",[5]DEC!I19) | AG19: =IF([5]DEC!J19="","",[5]DEC!J19) | ... AI19: =IF([5]DEC!L19="","",[5]DEC!L19) | AJ19: =IF(COUNT(C19:AI19)=0,"",SUM(C19:AI19)) | AK19: ∑
B20: Temporary Hires | C20: =IF([1]DEC!C20="","",[1]DEC!C20) | D20: =IF([2]DEC!C20="","",[2]DEC!C20) | E20: =IF([2]DEC!D20="","",[2]DEC!D20) | F20: =IF([2]DEC!E20="","",[2]DEC!E20) | G20: =IF([2]DEC!F20="","",[2]DEC!F20) | H20: =IF([2]DEC!G20="","",[2]DEC!G20) | I20: =IF([2]DEC!H20="","",[2]DEC!H20) | J20: =IF([2]DEC!I20="","",[2]DEC!I20) | K20: =IF([2]DEC!J20="","",[2]DEC!J20) | L20: =IF([3]DEC!C20="","",[3]DEC!C20) | M20: =IF([3]DEC!D20="","",[3]DEC!D20) | N20: =IF([3]DEC!E20="","",[3]DEC!E20) | O20: =IF([3]DEC!F20="","",[3]DEC!F20) | P20: =IF([3]DEC!G20="","",[3]DEC!G20) | Q20: =IF([3]DEC!H20="","",[3]DEC!H20) | R20: =IF([3]DEC!I20="","",[3]DEC!I20) | S20: =IF([4]DEC!C20="","",[4]DEC!C20) | T20: =IF([4]DEC!D20="","",[4]DEC!D20) | U20: =IF([4]DEC!E20="","",[4]DEC!E20) | V20: =IF([4]DEC!F20="","",[4]DEC!F20) | W20: =IF([4]DEC!G20="","",[4]DEC!G20) | X20: =IF([4]DEC!H20="","",[4]DEC!H20) | Y20: =IF([4]DEC!I20="","",[4]DEC!I20) | Z20: =IF([5]DEC!C20="","",[5]DEC!C20) | AA20: =IF([5]DEC!D20="","",[5]DEC!D20) | AB20: =IF([5]DEC!E20="","",[5]DEC!E20) | AC20: =IF([5]DEC!F20="","",[5]DEC!F20) | AD20: =IF([5]DEC!G20="","",[5]DEC!G20) | AE20: =IF([5]DEC!H20="","",[5]DEC!H20) | AF20: =IF([5]DEC!I20="","",[5]DEC!I20) | AG20: =IF([5]DEC!J20="","",[5]DEC!J20) | ... AI20: =IF([5]DEC!L20="","",[5]DEC!L20) | AJ20: =IF(COUNT(C20:AI20)=0,"",SUM(C20:AI20)) | AK20: ∑
B21: Total Hires | C21: =IF(COUNT(C19:C20)=0,"",SUM(C19:C20)) | D21: =IF(COUNT(D19:D20)=0,"",SUM(D19:D20)) | E21: =IF(COUNT(E19:E20)=0,"",SUM(E19:E20)) | F21: =IF(COUNT(F19:F20)=0,"",SUM(F19:F20)) | G21: =IF(COUNT(G19:G20)=0,"",SUM(G19:G20)) | H21: =IF(COUNT(H19:H20)=0,"",SUM(H19:H20)) | I21: =IF(COUNT(I19:I20)=0,"",SUM(I19:I20)) | J21: =IF(COUNT(J19:J20)=0,"",SUM(J19:J20)) | ... AJ21: =IF(COUNT(AJ19:AJ20)=0,"",SUM(AJ19:AJ20)) | AK21: ϝ
B22: Permanent Exits | C22: =IF([1]DEC!C22="","",[1]DEC!C22) | D22: =IF([2]DEC!C22="","",[2]DEC!C22) | E22: =IF([2]DEC!D22="","",[2]DEC!D22) | F22: =IF([2]DEC!E22="","",[2]DEC!E22) | G22: =IF([2]DEC!F22="","",[2]DEC!F22) | H22: =IF([2]DEC!G22="","",[2]DEC!G22) | I22: =IF([2]DEC!H22="","",[2]DEC!H22) | J22: =IF([2]DEC!I22="","",[2]DEC!I22) | K22: =IF([2]DEC!J22="","",[2]DEC!J22) | L22: =IF([3]DEC!C22="","",[3]DEC!C22) | M22: =IF([3]DEC!D22="","",[3]DEC!D22) | N22: =IF([3]DEC!E22="","",[3]DEC!E22) | O22: =IF([3]DEC!F22="","",[3]DEC!F22) | P22: =IF([3]DEC!G22="","",[3]DEC!G22) | Q22: =IF([3]DEC!H22="","",[3]DEC!H22) | R22: =IF([3]DEC!I22="","",[3]DEC!I22) | S22: =IF([4]DEC!C22="","",[4]DEC!C22) | T22: =IF([4]DEC!D22="","",[4]DEC!D22) | U22: =IF([4]DEC!E22="","",[4]DEC!E22) | V22: =IF([4]DEC!F22="","",[4]DEC!F22) | W22: =IF([4]DEC!G22="","",[4]DEC!G22) | X22: =IF([4]DEC!H22="","",[4]DEC!H22) | Y22: =IF([4]DEC!I22="","",[4]DEC!I22) | Z22: =IF([5]DEC!C22="","",[5]DEC!C22) | AA22: =IF([5]DEC!D22="","",[5]DEC!D22) | AB22: =IF([5]DEC!E22="","",[5]DEC!E22) | AC22: =IF([5]DEC!F22="","",[5]DEC!F22) | AD22: =IF([5]DEC!G22="","",[5]DEC!G22) | AE22: =IF([5]DEC!H22="","",[5]DEC!H22) | AF22: =IF([5]DEC!I22="","",[5]DEC!I22) | AG22: =IF([5]DEC!J22="","",[5]DEC!J22) | ... AI22: =IF([5]DEC!L22="","",[5]DEC!L22) | AJ22: =IF(COUNT(C22:AI22)=0,"",SUM(C22:AI22)) | AK22: ∑
B23: Temporary Exits | C23: =IF([1]DEC!C23="","",[1]DEC!C23) | D23: =IF([2]DEC!C23="","",[2]DEC!C23) | E23: =IF([2]DEC!D23="","",[2]DEC!D23) | F23: =IF([2]DEC!E23="","",[2]DEC!E23) | G23: =IF([2]DEC!F23="","",[2]DEC!F23) | H23: =IF([2]DEC!G23="","",[2]DEC!G23) | I23: =IF([2]DEC!H23="","",[2]DEC!H23) | J23: =IF([2]DEC!I23="","",[2]DEC!I23) | K23: =IF([2]DEC!J23="","",[2]DEC!J23) | L23: =IF([3]DEC!C23="","",[3]DEC!C23) | M23: =IF([3]DEC!D23="","",[3]DEC!D23) | N23: =IF([3]DEC!E23="","",[3]DEC!E23) | O23: =IF([3]DEC!F23="","",[3]DEC!F23) | P23: =IF([3]DEC!G23="","",[3]DEC!G23) | Q23: =IF([3]DEC!H23="","",[3]DEC!H23) | R23: =IF([3]DEC!I23="","",[3]DEC!I23) | S23: =IF([4]DEC!C23="","",[4]DEC!C23) | T23: =IF([4]DEC!D23="","",[4]DEC!D23) | U23: =IF([4]DEC!E23="","",[4]DEC!E23) | V23: =IF([4]DEC!F23="","",[4]DEC!F23) | W23: =IF([4]DEC!G23="","",[4]DEC!G23) | X23: =IF([4]DEC!H23="","",[4]DEC!H23) | Y23: =IF([4]DEC!I23="","",[4]DEC!I23) | Z23: =IF([5]DEC!C23="","",[5]DEC!C23) | AA23: =IF([5]DEC!D23="","",[5]DEC!D23) | AB23: =IF([5]DEC!E23="","",[5]DEC!E23) | AC23: =IF([5]DEC!F23="","",[5]DEC!F23) | AD23: =IF([5]DEC!G23="","",[5]DEC!G23) | AE23: =IF([5]DEC!H23="","",[5]DEC!H23) | AF23: =IF([5]DEC!I23="","",[5]DEC!I23) | AG23: =IF([5]DEC!J23="","",[5]DEC!J23) | ... AI23: =IF([5]DEC!L23="","",[5]DEC!L23) | AJ23: =IF(COUNT(C23:AI23)=0,"",SUM(C23:AI23)) | AK23: ∑
B24: Total Exits | C24: =IF(COUNT(C22:C23)=0,"",SUM(C22:C23)) | D24: =IF(COUNT(D22:D23)=0,"",SUM(D22:D23)) | E24: =IF(COUNT(E22:E23)=0,"",SUM(E22:E23)) | F24: =IF(COUNT(F22:F23)=0,"",SUM(F22:F23)) | G24: =IF(COUNT(G22:G23)=0,"",SUM(G22:G23)) | H24: =IF(COUNT(H22:H23)=0,"",SUM(H22:H23)) | I24: =IF(COUNT(I22:I23)=0,"",SUM(I22:I23)) | J24: =IF(COUNT(J22:J23)=0,"",SUM(J22:J23)) | ... AJ24: =IF(COUNT(AJ22:AJ23)=0,"",SUM(AJ22:AJ23)) | AK24: ϝ
B25: Permanent Turnover (%) | C25: =IF(COUNT(C31,C32)<2,"",IF((C32+C31)=0,"",N(C22)/((C32+C31)/2))) | D25: =IF(COUNT(D31,D32)<2,"",IF((D32+D31)=0,"",N(D22)/((D32+D31)/2))) | E25: =IF(COUNT(E31,E32)<2,"",IF((E32+E31)=0,"",N(E22)/((E32+E31)/2))) | F25: =IF(COUNT(F31,F32)<2,"",IF((F32+F31)=0,"",N(F22)/((F32+F31)/2))) | G25: =IF(COUNT(G31,G32)<2,"",IF((G32+G31)=0,"",N(G22)/((G32+G31)/2))) | H25: =IF(COUNT(H31,H32)<2,"",IF((H32+H31)=0,"",N(H22)/((H32+H31)/2))) | I25: =IF(COUNT(I31,I32)<2,"",IF((I32+I31)=0,"",N(I22)/((I32+I31)/2))) | J25: =IF(COUNT(J31,J32)<2,"",IF((J32+J31)=0,"",N(J22)/((J32+J31)/2))) | ... AJ25: =IF(COUNT(AJ31,AJ32)<2,"",IF((AJ32+AJ31)=0,"",N(AJ22)/((AJ32+AJ31)/2))) | AK25: ϝ
B26: Temporary Turnover (%) | C26: =IF(COUNT(C31,C32)<2,"",IF((C32+C31)=0,"",N(C23)/((C32+C31)/2))) | D26: =IF(COUNT(D31,D32)<2,"",IF((D32+D31)=0,"",N(D23)/((D32+D31)/2))) | E26: =IF(COUNT(E31,E32)<2,"",IF((E32+E31)=0,"",N(E23)/((E32+E31)/2))) | F26: =IF(COUNT(F31,F32)<2,"",IF((F32+F31)=0,"",N(F23)/((F32+F31)/2))) | G26: =IF(COUNT(G31,G32)<2,"",IF((G32+G31)=0,"",N(G23)/((G32+G31)/2))) | H26: =IF(COUNT(H31,H32)<2,"",IF((H32+H31)=0,"",N(H23)/((H32+H31)/2))) | I26: =IF(COUNT(I31,I32)<2,"",IF((I32+I31)=0,"",N(I23)/((I32+I31)/2))) | J26: =IF(COUNT(J31,J32)<2,"",IF((J32+J31)=0,"",N(J23)/((J32+J31)/2))) | ... AJ26: =IF(COUNT(AJ31,AJ32)<2,"",IF((AJ32+AJ31)=0,"",N(AJ23)/((AJ32+AJ31)/2))) | AK26: ϝ
B27: Voluntary Terminations | C27: =IF([1]DEC!C27="","",[1]DEC!C27) | D27: =IF([2]DEC!C27="","",[2]DEC!C27) | E27: =IF([2]DEC!D27="","",[2]DEC!D27) | F27: =IF([2]DEC!E27="","",[2]DEC!E27) | G27: =IF([2]DEC!F27="","",[2]DEC!F27) | H27: =IF([2]DEC!G27="","",[2]DEC!G27) | I27: =IF([2]DEC!H27="","",[2]DEC!H27) | J27: =IF([2]DEC!I27="","",[2]DEC!I27) | K27: =IF([2]DEC!J27="","",[2]DEC!J27) | L27: =IF([3]DEC!C27="","",[3]DEC!C27) | M27: =IF([3]DEC!D27="","",[3]DEC!D27) | N27: =IF([3]DEC!E27="","",[3]DEC!E27) | O27: =IF([3]DEC!F27="","",[3]DEC!F27) | P27: =IF([3]DEC!G27="","",[3]DEC!G27) | Q27: =IF([3]DEC!H27="","",[3]DEC!H27) | R27: =IF([3]DEC!I27="","",[3]DEC!I27) | S27: =IF([4]DEC!C27="","",[4]DEC!C27) | T27: =IF([4]DEC!D27="","",[4]DEC!D27) | U27: =IF([4]DEC!E27="","",[4]DEC!E27) | V27: =IF([4]DEC!F27="","",[4]DEC!F27) | W27: =IF([4]DEC!G27="","",[4]DEC!G27) | X27: =IF([4]DEC!H27="","",[4]DEC!H27) | Y27: =IF([4]DEC!I27="","",[4]DEC!I27) | Z27: =IF([5]DEC!C27="","",[5]DEC!C27) | AA27: =IF([5]DEC!D27="","",[5]DEC!D27) | AB27: =IF([5]DEC!E27="","",[5]DEC!E27) | AC27: =IF([5]DEC!F27="","",[5]DEC!F27) | AD27: =IF([5]DEC!G27="","",[5]DEC!G27) | AE27: =IF([5]DEC!H27="","",[5]DEC!H27) | AF27: =IF([5]DEC!I27="","",[5]DEC!I27) | AG27: =IF([5]DEC!J27="","",[5]DEC!J27) | ... AI27: =IF([5]DEC!L27="","",[5]DEC!L27) | AJ27: =IF(COUNT(C27:AI27)=0,"",SUM(C27:AI27)) | AK27: ∑
B28: Involuntary Terminations | C28: =IF([1]DEC!C28="","",[1]DEC!C28) | D28: =IF([2]DEC!C28="","",[2]DEC!C28) | E28: =IF([2]DEC!D28="","",[2]DEC!D28) | F28: =IF([2]DEC!E28="","",[2]DEC!E28) | G28: =IF([2]DEC!F28="","",[2]DEC!F28) | H28: =IF([2]DEC!G28="","",[2]DEC!G28) | I28: =IF([2]DEC!H28="","",[2]DEC!H28) | J28: =IF([2]DEC!I28="","",[2]DEC!I28) | K28: =IF([2]DEC!J28="","",[2]DEC!J28) | L28: =IF([3]DEC!C28="","",[3]DEC!C28) | M28: =IF([3]DEC!D28="","",[3]DEC!D28) | N28: =IF([3]DEC!E28="","",[3]DEC!E28) | O28: =IF([3]DEC!F28="","",[3]DEC!F28) | P28: =IF([3]DEC!G28="","",[3]DEC!G28) | Q28: =IF([3]DEC!H28="","",[3]DEC!H28) | R28: =IF([3]DEC!I28="","",[3]DEC!I28) | S28: =IF([4]DEC!C28="","",[4]DEC!C28) | T28: =IF([4]DEC!D28="","",[4]DEC!D28) | U28: =IF([4]DEC!E28="","",[4]DEC!E28) | V28: =IF([4]DEC!F28="","",[4]DEC!F28) | W28: =IF([4]DEC!G28="","",[4]DEC!G28) | X28: =IF([4]DEC!H28="","",[4]DEC!H28) | Y28: =IF([4]DEC!I28="","",[4]DEC!I28) | Z28: =IF([5]DEC!C28="","",[5]DEC!C28) | AA28: =IF([5]DEC!D28="","",[5]DEC!D28) | AB28: =IF([5]DEC!E28="","",[5]DEC!E28) | AC28: =IF([5]DEC!F28="","",[5]DEC!F28) | AD28: =IF([5]DEC!G28="","",[5]DEC!G28) | AE28: =IF([5]DEC!H28="","",[5]DEC!H28) | AF28: =IF([5]DEC!I28="","",[5]DEC!I28) | AG28: =IF([5]DEC!J28="","",[5]DEC!J28) | ... AI28: =IF([5]DEC!L28="","",[5]DEC!L28) | AJ28: =IF(COUNT(C28:AI28)=0,"",SUM(C28:AI28)) | AK28: ∑
B29: Voluntary Turnover (%) | C29: =IF(COUNT(C31,C32)<2,"",IF((C32+C31)=0,"",N(C27)/((C32+C31)/2))) | D29: =IF(COUNT(D31,D32)<2,"",IF((D32+D31)=0,"",N(D27)/((D32+D31)/2))) | E29: =IF(COUNT(E31,E32)<2,"",IF((E32+E31)=0,"",N(E27)/((E32+E31)/2))) | F29: =IF(COUNT(F31,F32)<2,"",IF((F32+F31)=0,"",N(F27)/((F32+F31)/2))) | G29: =IF(COUNT(G31,G32)<2,"",IF((G32+G31)=0,"",N(G27)/((G32+G31)/2))) | H29: =IF(COUNT(H31,H32)<2,"",IF((H32+H31)=0,"",N(H27)/((H32+H31)/2))) | I29: =IF(COUNT(I31,I32)<2,"",IF((I32+I31)=0,"",N(I27)/((I32+I31)/2))) | J29: =IF(COUNT(J31,J32)<2,"",IF((J32+J31)=0,"",N(J27)/((J32+J31)/2))) | ... AJ29: =IF(COUNT(AJ31,AJ32)<2,"",IF((AJ32+AJ31)=0,"",N(AJ27)/((AJ32+AJ31)/2))) | AK29: ϝ
B30: Involuntary Turnover (%) | C30: =IF(COUNT(C31,C32)<2,"",IF((C32+C31)=0,"",N(C28)/((C32+C31)/2))) | D30: =IF(COUNT(D31,D32)<2,"",IF((D32+D31)=0,"",N(D28)/((D32+D31)/2))) | E30: =IF(COUNT(E31,E32)<2,"",IF((E32+E31)=0,"",N(E28)/((E32+E31)/2))) | F30: =IF(COUNT(F31,F32)<2,"",IF((F32+F31)=0,"",N(F28)/((F32+F31)/2))) | G30: =IF(COUNT(G31,G32)<2,"",IF((G32+G31)=0,"",N(G28)/((G32+G31)/2))) | H30: =IF(COUNT(H31,H32)<2,"",IF((H32+H31)=0,"",N(H28)/((H32+H31)/2))) | I30: =IF(COUNT(I31,I32)<2,"",IF((I32+I31)=0,"",N(I28)/((I32+I31)/2))) | J30: =IF(COUNT(J31,J32)<2,"",IF((J32+J31)=0,"",N(J28)/((J32+J31)/2))) | ... AJ30: =IF(COUNT(AJ31,AJ32)<2,"",IF((AJ32+AJ31)=0,"",N(AJ28)/((AJ32+AJ31)/2))) | AK30: ϝ
B31: Headcount last Month | C31: =IF(NOV!C5="","",NOV!C5) | D31: =IF(NOV!D5="","",NOV!D5) | E31: =IF(NOV!E5="","",NOV!E5) | F31: =IF(NOV!F5="","",NOV!F5) | G31: =IF(NOV!G5="","",NOV!G5) | H31: =IF(NOV!H5="","",NOV!H5) | I31: =IF(NOV!I5="","",NOV!I5) | J31: =IF(NOV!J5="","",NOV!J5) | ... AI31: =IF(NOV!AI5="","",NOV!AI5) | AJ31: =IF(COUNT(C31:AI31)=0,"",SUM(C31:AI31)) | AK31: ∑
B32: Headcount this Month | C32: =IF(C5="","",C5) | D32: =IF(D5="","",D5) | E32: =IF(E5="","",E5) | F32: =IF(F5="","",F5) | G32: =IF(G5="","",G5) | H32: =IF(H5="","",H5) | I32: =IF(I5="","",I5) | J32: =IF(J5="","",J5) | ... AI32: =IF(AI5="","",AI5) | AJ32: =IF(COUNT(C32:AI32)=0,"",SUM(C32:AI32)) | AK32: ∑
B33: Full Turnover (%) | C33: =IF(COUNT(C31,C32)<2,"",IF((C32+C31)=0,"",N(C24)/((C32+C31)/2))) | D33: =IF(COUNT(D31,D32)<2,"",IF((D32+D31)=0,"",N(D24)/((D32+D31)/2))) | E33: =IF(COUNT(E31,E32)<2,"",IF((E32+E31)=0,"",N(E24)/((E32+E31)/2))) | F33: =IF(COUNT(F31,F32)<2,"",IF((F32+F31)=0,"",N(F24)/((F32+F31)/2))) | G33: =IF(COUNT(G31,G32)<2,"",IF((G32+G31)=0,"",N(G24)/((G32+G31)/2))) | H33: =IF(COUNT(H31,H32)<2,"",IF((H32+H31)=0,"",N(H24)/((H32+H31)/2))) | I33: =IF(COUNT(I31,I32)<2,"",IF((I32+I31)=0,"",N(I24)/((I32+I31)/2))) | J33: =IF(COUNT(J31,J32)<2,"",IF((J32+J31)=0,"",N(J24)/((J32+J31)/2))) | ... AJ33: =IF(COUNT(AJ31,AJ32)<2,"",IF((AJ32+AJ31)=0,"",N(AJ24)/((AJ32+AJ31)/2))) | AK33: ϝ
B34: Permanent Vacancies | C34: =IF([1]DEC!C34="","",[1]DEC!C34) | D34: =IF([2]DEC!C34="","",[2]DEC!C34) | E34: =IF([2]DEC!D34="","",[2]DEC!D34) | F34: =IF([2]DEC!E34="","",[2]DEC!E34) | G34: =IF([2]DEC!F34="","",[2]DEC!F34) | H34: =IF([2]DEC!G34="","",[2]DEC!G34) | I34: =IF([2]DEC!H34="","",[2]DEC!H34) | J34: =IF([2]DEC!I34="","",[2]DEC!I34) | K34: =IF([2]DEC!J34="","",[2]DEC!J34) | L34: =IF([3]DEC!C34="","",[3]DEC!C34) | M34: =IF([3]DEC!D34="","",[3]DEC!D34) | N34: =IF([3]DEC!E34="","",[3]DEC!E34) | O34: =IF([3]DEC!F34="","",[3]DEC!F34) | P34: =IF([3]DEC!G34="","",[3]DEC!G34) | Q34: =IF([3]DEC!H34="","",[3]DEC!H34) | R34: =IF([3]DEC!I34="","",[3]DEC!I34) | S34: =IF([4]DEC!C34="","",[4]DEC!C34) | T34: =IF([4]DEC!D34="","",[4]DEC!D34) | U34: =IF([4]DEC!E34="","",[4]DEC!E34) | V34: =IF([4]DEC!F34="","",[4]DEC!F34) | W34: =IF([4]DEC!G34="","",[4]DEC!G34) | X34: =IF([4]DEC!H34="","",[4]DEC!H34) | Y34: =IF([4]DEC!I34="","",[4]DEC!I34) | Z34: =IF([5]DEC!C34="","",[5]DEC!C34) | AA34: =IF([5]DEC!D34="","",[5]DEC!D34) | AB34: =IF([5]DEC!E34="","",[5]DEC!E34) | AC34: =IF([5]DEC!F34="","",[5]DEC!F34) | AD34: =IF([5]DEC!G34="","",[5]DEC!G34) | AE34: =IF([5]DEC!H34="","",[5]DEC!H34) | AF34: =IF([5]DEC!I34="","",[5]DEC!I34) | AG34: =IF([5]DEC!J34="","",[5]DEC!J34) | ... AI34: =IF([5]DEC!L34="","",[5]DEC!L34) | AJ34: =IF(COUNT(C34:AI34)=0,"",SUM(C34:AI34)) | AK34: ∑
B35: Temporary Vacancies | C35: =IF([1]DEC!C35="","",[1]DEC!C35) | D35: =IF([2]DEC!C35="","",[2]DEC!C35) | E35: =IF([2]DEC!D35="","",[2]DEC!D35) | F35: =IF([2]DEC!E35="","",[2]DEC!E35) | G35: =IF([2]DEC!F35="","",[2]DEC!F35) | H35: =IF([2]DEC!G35="","",[2]DEC!G35) | I35: =IF([2]DEC!H35="","",[2]DEC!H35) | J35: =IF([2]DEC!I35="","",[2]DEC!I35) | K35: =IF([2]DEC!J35="","",[2]DEC!J35) | L35: =IF([3]DEC!C35="","",[3]DEC!C35) | M35: =IF([3]DEC!D35="","",[3]DEC!D35) | N35: =IF([3]DEC!E35="","",[3]DEC!E35) | O35: =IF([3]DEC!F35="","",[3]DEC!F35) | P35: =IF([3]DEC!G35="","",[3]DEC!G35) | Q35: =IF([3]DEC!H35="","",[3]DEC!H35) | R35: =IF([3]DEC!I35="","",[3]DEC!I35) | S35: =IF([4]DEC!C35="","",[4]DEC!C35) | T35: =IF([4]DEC!D35="","",[4]DEC!D35) | U35: =IF([4]DEC!E35="","",[4]DEC!E35) | V35: =IF([4]DEC!F35="","",[4]DEC!F35) | W35: =IF([4]DEC!G35="","",[4]DEC!G35) | X35: =IF([4]DEC!H35="","",[4]DEC!H35) | Y35: =IF([4]DEC!I35="","",[4]DEC!I35) | Z35: =IF([5]DEC!C35="","",[5]DEC!C35) | AA35: =IF([5]DEC!D35="","",[5]DEC!D35) | AB35: =IF([5]DEC!E35="","",[5]DEC!E35) | AC35: =IF([5]DEC!F35="","",[5]DEC!F35) | AD35: =IF([5]DEC!G35="","",[5]DEC!G35) | AE35: =IF([5]DEC!H35="","",[5]DEC!H35) | AF35: =IF([5]DEC!I35="","",[5]DEC!I35) | AG35: =IF([5]DEC!J35="","",[5]DEC!J35) | ... AI35: =IF([5]DEC!L35="","",[5]DEC!L35) | AJ35: =IF(COUNT(C35:AI35)=0,"",SUM(C35:AI35)) | AK35: ∑
B36: Total Vacancies | C36: =IF(COUNT(C34:C35)=0,"",SUM(C34:C35)) | D36: =IF(COUNT(D34:D35)=0,"",SUM(D34:D35)) | E36: =IF(COUNT(E34:E35)=0,"",SUM(E34:E35)) | F36: =IF(COUNT(F34:F35)=0,"",SUM(F34:F35)) | G36: =IF(COUNT(G34:G35)=0,"",SUM(G34:G35)) | H36: =IF(COUNT(H34:H35)=0,"",SUM(H34:H35)) | I36: =IF(COUNT(I34:I35)=0,"",SUM(I34:I35)) | J36: =IF(COUNT(J34:J35)=0,"",SUM(J34:J35)) | ... AJ36: =IF(COUNT(AJ34:AJ35)=0,"",SUM(AJ34:AJ35)) | AK36: ϝ
B37: Authorized Positions | C37: =IF(COUNT(C5,C36)=0,"",N(C5)+N(C36)) | D37: =IF(COUNT(D5,D36)=0,"",N(D5)+N(D36)) | E37: =IF(COUNT(E5,E36)=0,"",N(E5)+N(E36)) | F37: =IF(COUNT(F5,F36)=0,"",N(F5)+N(F36)) | G37: =IF(COUNT(G5,G36)=0,"",N(G5)+N(G36)) | H37: =IF(COUNT(H5,H36)=0,"",N(H5)+N(H36)) | I37: =IF(COUNT(I5,I36)=0,"",N(I5)+N(I36)) | J37: =IF(COUNT(J5,J36)=0,"",N(J5)+N(J36)) | ... AJ37: =IF(COUNT(AJ5,AJ36)=0,"",N(AJ5)+N(AJ36)) | AK37: ϝ
B38: Vacancy Rate (%) | C38: =IFERROR(C36/C37,"") | D38: =IFERROR(D36/D37,"") | E38: =IFERROR(E36/E37,"") | F38: =IFERROR(F36/F37,"") | G38: =IFERROR(G36/G37,"") | H38: =IFERROR(H36/H37,"") | I38: =IFERROR(I36/I37,"") | J38: =IFERROR(J36/J37,"") | ... AJ38: =IFERROR(AJ36/AJ37,"") | AK38: ϝ
