Workbook

Sheet Quarter
B1: GCG NORTH CARIBBEAN
A2: FY2027 | B2: Quarter | C2: OCT | D2: NOV | E2: DEC | F2: ∑Q1 | G2: JAN | H2: FEB | I2: MAR | J2: ∑Q2 | K2: APR | L2: MAY | M2: JUN | N2: ∑Q3 | O2: JUL | P2: AUG | Q2: SEP | R2: ∑Q4 | S2: FY2027
B3: Permanent (Regular) Headcount | C3: =OCT!J3 | D3: =NOV!J3 | E3: =DEC!J3 | F3: =IFERROR(AVERAGE(C3:E3),"") | G3: =JAN!J3 | H3: =FEB!J3 | I3: =MAR!J3 | J3: =IFERROR(AVERAGE(G3:I3),"") | K3: =APR!J3 | L3: =MAY!J3 | M3: =JUN!J3 | N3: =IFERROR(AVERAGE(K3:M3),"") | O3: =JUL!J3 | P3: =AUG!J3 | Q3: =SEP!J3 | R3: =IFERROR(AVERAGE(O3:Q3),"") | S3: =IFERROR(AVERAGE(C3:E3,G3:I3,K3:M3,O3:Q3),"")
B4: Temporary (Fix Term) Headcount | C4: =OCT!J4 | D4: =NOV!J4 | E4: =DEC!J4 | F4: =IFERROR(AVERAGE(C4:E4),"") | G4: =JAN!J4 | H4: =FEB!J4 | I4: =MAR!J4 | J4: =IFERROR(AVERAGE(G4:I4),"") | K4: =APR!J4 | L4: =MAY!J4 | M4: =JUN!J4 | N4: =IFERROR(AVERAGE(K4:M4),"") | O4: =JUL!J4 | P4: =AUG!J4 | Q4: =SEP!J4 | R4: =IFERROR(AVERAGE(O4:Q4),"") | S4: =IFERROR(AVERAGE(C4:E4,G4:I4,K4:M4,O4:Q4),"")
B5: Employee Headcount (Productivity) | C5: =OCT!J5 | D5: =NOV!J5 | E5: =DEC!J5 | F5: =IF(COUNT(F3:F4)=0,"",SUM(F3:F4)) | G5: =JAN!J5 | H5: =FEB!J5 | I5: =MAR!J5 | J5: =IF(COUNT(J3:J4)=0,"",SUM(J3:J4)) | K5: =APR!J5 | L5: =MAY!J5 | M5: =JUN!J5 | N5: =IF(COUNT(N3:N4)=0,"",SUM(N3:N4)) | O5: =JUL!J5 | P5: =AUG!J5 | Q5: =SEP!J5 | R5: =IF(COUNT(R3:R4)=0,"",SUM(R3:R4)) | S5: =IF(COUNT(S3:S4)=0,"",SUM(S3:S4))
B6: Headcount = 1.00 | C6: =OCT!J6 | D6: =NOV!J6 | E6: =DEC!J6 | F6: =IFERROR(AVERAGE(C6:E6),"") | G6: =JAN!J6 | H6: =FEB!J6 | I6: =MAR!J6 | J6: =IFERROR(AVERAGE(G6:I6),"") | K6: =APR!J6 | L6: =MAY!J6 | M6: =JUN!J6 | N6: =IFERROR(AVERAGE(K6:M6),"") | O6: =JUL!J6 | P6: =AUG!J6 | Q6: =SEP!J6 | R6: =IFERROR(AVERAGE(O6:Q6),"") | S6: =IFERROR(AVERAGE(C6:E6,G6:I6,K6:M6,O6:Q6),"")
B7: Headcount = 0.75 | C7: =OCT!J7 | D7: =NOV!J7 | E7: =DEC!J7 | F7: =IFERROR(AVERAGE(C7:E7),"") | G7: =JAN!J7 | H7: =FEB!J7 | I7: =MAR!J7 | J7: =IFERROR(AVERAGE(G7:I7),"") | K7: =APR!J7 | L7: =MAY!J7 | M7: =JUN!J7 | N7: =IFERROR(AVERAGE(K7:M7),"") | O7: =JUL!J7 | P7: =AUG!J7 | Q7: =SEP!J7 | R7: =IFERROR(AVERAGE(O7:Q7),"") | S7: =IFERROR(AVERAGE(C7:E7,G7:I7,K7:M7,O7:Q7),"")
B8: Headcount = 0.50 | C8: =OCT!J8 | D8: =NOV!J8 | E8: =DEC!J8 | F8: =IFERROR(AVERAGE(C8:E8),"") | G8: =JAN!J8 | H8: =FEB!J8 | I8: =MAR!J8 | J8: =IFERROR(AVERAGE(G8:I8),"") | K8: =APR!J8 | L8: =MAY!J8 | M8: =JUN!J8 | N8: =IFERROR(AVERAGE(K8:M8),"") | O8: =JUL!J8 | P8: =AUG!J8 | Q8: =SEP!J8 | R8: =IFERROR(AVERAGE(O8:Q8),"") | S8: =IFERROR(AVERAGE(C8:E8,G8:I8,K8:M8,O8:Q8),"")
B9: Headcount = 0.25 | C9: =OCT!J9 | D9: =NOV!J9 | E9: =DEC!J9 | F9: =IFERROR(AVERAGE(C9:E9),"") | G9: =JAN!J9 | H9: =FEB!J9 | I9: =MAR!J9 | J9: =IFERROR(AVERAGE(G9:I9),"") | K9: =APR!J9 | L9: =MAY!J9 | M9: =JUN!J9 | N9: =IFERROR(AVERAGE(K9:M9),"") | O9: =JUL!J9 | P9: =AUG!J9 | Q9: =SEP!J9 | R9: =IFERROR(AVERAGE(O9:Q9),"") | S9: =IFERROR(AVERAGE(C9:E9,G9:I9,K9:M9,O9:Q9),"")
B10: Standard Monthly Hours (FTE basis) | C10: =OCT!J10 | D10: =NOV!J10 | E10: =DEC!J10 | F10: =IFERROR(AVERAGE(C10:E10),"") | G10: =JAN!J10 | H10: =FEB!J10 | I10: =MAR!J10 | J10: =IFERROR(AVERAGE(G10:I10),"") | K10: =APR!J10 | L10: =MAY!J10 | M10: =JUN!J10 | N10: =IFERROR(AVERAGE(K10:M10),"") | O10: =JUL!J10 | P10: =AUG!J10 | Q10: =SEP!J10 | R10: =IFERROR(AVERAGE(O10:Q10),"") | S10: =IFERROR(AVERAGE(C10:E10,G10:I10,K10:M10,O10:Q10),"")
B11: Employee FTE (Finance) | C11: =OCT!J11 | D11: =NOV!J11 | E11: =DEC!J11 | F11: =IF(COUNT(F6:F9)=0,"",N(F6)+N(F7)*0.75+N(F8)*0.5+N(F9)*0.25) | G11: =JAN!J11 | H11: =FEB!J11 | I11: =MAR!J11 | J11: =IF(COUNT(J6:J9)=0,"",N(J6)+N(J7)*0.75+N(J8)*0.5+N(J9)*0.25) | K11: =APR!J11 | L11: =MAY!J11 | M11: =JUN!J11 | N11: =IF(COUNT(N6:N9)=0,"",N(N6)+N(N7)*0.75+N(N8)*0.5+N(N9)*0.25) | O11: =JUL!J11 | P11: =AUG!J11 | Q11: =SEP!J11 | R11: =IF(COUNT(R6:R9)=0,"",N(R6)+N(R7)*0.75+N(R8)*0.5+N(R9)*0.25) | S11: =IF(COUNT(S6:S9)=0,"",N(S6)+N(S7)*0.75+N(S8)*0.5+N(S9)*0.25)
B12: Subcontracted Workforce HC | C12: =OCT!J12 | D12: =NOV!J12 | E12: =DEC!J12 | F12: =IFERROR(AVERAGE(C12:E12),"") | G12: =JAN!J12 | H12: =FEB!J12 | I12: =MAR!J12 | J12: =IFERROR(AVERAGE(G12:I12),"") | K12: =APR!J12 | L12: =MAY!J12 | M12: =JUN!J12 | N12: =IFERROR(AVERAGE(K12:M12),"") | O12: =JUL!J12 | P12: =AUG!J12 | Q12: =SEP!J12 | R12: =IFERROR(AVERAGE(O12:Q12),"") | S12: =IFERROR(AVERAGE(C12:E12,G12:I12,K12:M12,O12:Q12),"")
B13: Subcontracted Productive Hours | C13: =OCT!J13 | D13: =NOV!J13 | E13: =DEC!J13 | F13: =IFERROR(AVERAGE(C13:E13),"") | G13: =JAN!J13 | H13: =FEB!J13 | I13: =MAR!J13 | J13: =IFERROR(AVERAGE(G13:I13),"") | K13: =APR!J13 | L13: =MAY!J13 | M13: =JUN!J13 | N13: =IFERROR(AVERAGE(K13:M13),"") | O13: =JUL!J13 | P13: =AUG!J13 | Q13: =SEP!J13 | R13: =IFERROR(AVERAGE(O13:Q13),"") | S13: =IFERROR(AVERAGE(C13:E13,G13:I13,K13:M13,O13:Q13),"")
B14: Subcontracted FTE | C14: =OCT!J14 | D14: =NOV!J14 | E14: =DEC!J14 | F14: =IFERROR(F13/F10,"") | G14: =JAN!J14 | H14: =FEB!J14 | I14: =MAR!J14 | J14: =IFERROR(J13/J10,"") | K14: =APR!J14 | L14: =MAY!J14 | M14: =JUN!J14 | N14: =IFERROR(N13/N10,"") | O14: =JUL!J14 | P14: =AUG!J14 | Q14: =SEP!J14 | R14: =IFERROR(R13/R10,"") | S14: =IFERROR(S13/S10,"")
B15: Total Operational Workforce | C15: =OCT!J15 | D15: =NOV!J15 | E15: =DEC!J15 | F15: =IF(COUNT(F5,F12)=0,"",SUM(F5,F12)) | G15: =JAN!J15 | H15: =FEB!J15 | I15: =MAR!J15 | J15: =IF(COUNT(J5,J12)=0,"",SUM(J5,J12)) | K15: =APR!J15 | L15: =MAY!J15 | M15: =JUN!J15 | N15: =IF(COUNT(N5,N12)=0,"",SUM(N5,N12)) | O15: =JUL!J15 | P15: =AUG!J15 | Q15: =SEP!J15 | R15: =IF(COUNT(R5,R12)=0,"",SUM(R5,R12)) | S15: =IF(COUNT(S5,S12)=0,"",SUM(S5,S12))
B16: Total Operational FTE | C16: =OCT!J16 | D16: =NOV!J16 | E16: =DEC!J16 | F16: =IF(COUNT(F11,F14)=0,"",SUM(F11,F14)) | G16: =JAN!J16 | H16: =FEB!J16 | I16: =MAR!J16 | J16: =IF(COUNT(J11,J14)=0,"",SUM(J11,J14)) | K16: =APR!J16 | L16: =MAY!J16 | M16: =JUN!J16 | N16: =IF(COUNT(N11,N14)=0,"",SUM(N11,N14)) | O16: =JUL!J16 | P16: =AUG!J16 | Q16: =SEP!J16 | R16: =IF(COUNT(R11,R14)=0,"",SUM(R11,R14)) | S16: =IF(COUNT(S11,S14)=0,"",SUM(S11,S14))
B17: Subcontracted Share of Workforce (%) | C17: =OCT!J17 | D17: =NOV!J17 | E17: =DEC!J17 | F17: =IFERROR(F12/F15,"") | G17: =JAN!J17 | H17: =FEB!J17 | I17: =MAR!J17 | J17: =IFERROR(J12/J15,"") | K17: =APR!J17 | L17: =MAY!J17 | M17: =JUN!J17 | N17: =IFERROR(N12/N15,"") | O17: =JUL!J17 | P17: =AUG!J17 | Q17: =SEP!J17 | R17: =IFERROR(R12/R15,"") | S17: =IFERROR(S12/S15,"")
B18: FTE HR Team | C18: =OCT!J18 | D18: =NOV!J18 | E18: =DEC!J18 | F18: =IFERROR(AVERAGE(C18:E18),"") | G18: =JAN!J18 | H18: =FEB!J18 | I18: =MAR!J18 | J18: =IFERROR(AVERAGE(G18:I18),"") | K18: =APR!J18 | L18: =MAY!J18 | M18: =JUN!J18 | N18: =IFERROR(AVERAGE(K18:M18),"") | O18: =JUL!J18 | P18: =AUG!J18 | Q18: =SEP!J18 | R18: =IFERROR(AVERAGE(O18:Q18),"") | S18: =IFERROR(AVERAGE(C18:E18,G18:I18,K18:M18,O18:Q18),"")
B19: Permanent Hires | C19: =OCT!J19 | D19: =NOV!J19 | E19: =DEC!J19 | F19: =IF(COUNT(C19:E19)=0,"",SUM(C19:E19)) | G19: =JAN!J19 | H19: =FEB!J19 | I19: =MAR!J19 | J19: =IF(COUNT(G19:I19)=0,"",SUM(G19:I19)) | K19: =APR!J19 | L19: =MAY!J19 | M19: =JUN!J19 | N19: =IF(COUNT(K19:M19)=0,"",SUM(K19:M19)) | O19: =JUL!J19 | P19: =AUG!J19 | Q19: =SEP!J19 | R19: =IF(COUNT(O19:Q19)=0,"",SUM(O19:Q19)) | S19: =IF(COUNT(C19:E19,G19:I19,K19:M19,O19:Q19)=0,"",SUM(C19:E19,G19:I19,K19:M19,O19:Q19))
B20: Temporary Hires | C20: =OCT!J20 | D20: =NOV!J20 | E20: =DEC!J20 | F20: =IF(COUNT(C20:E20)=0,"",SUM(C20:E20)) | G20: =JAN!J20 | H20: =FEB!J20 | I20: =MAR!J20 | J20: =IF(COUNT(G20:I20)=0,"",SUM(G20:I20)) | K20: =APR!J20 | L20: =MAY!J20 | M20: =JUN!J20 | N20: =IF(COUNT(K20:M20)=0,"",SUM(K20:M20)) | O20: =JUL!J20 | P20: =AUG!J20 | Q20: =SEP!J20 | R20: =IF(COUNT(O20:Q20)=0,"",SUM(O20:Q20)) | S20: =IF(COUNT(C20:E20,G20:I20,K20:M20,O20:Q20)=0,"",SUM(C20:E20,G20:I20,K20:M20,O20:Q20))
B21: Total Hires | C21: =OCT!J21 | D21: =NOV!J21 | E21: =DEC!J21 | F21: =IF(COUNT(F19:F20)=0,"",SUM(F19:F20)) | G21: =JAN!J21 | H21: =FEB!J21 | I21: =MAR!J21 | J21: =IF(COUNT(J19:J20)=0,"",SUM(J19:J20)) | K21: =APR!J21 | L21: =MAY!J21 | M21: =JUN!J21 | N21: =IF(COUNT(N19:N20)=0,"",SUM(N19:N20)) | O21: =JUL!J21 | P21: =AUG!J21 | Q21: =SEP!J21 | R21: =IF(COUNT(R19:R20)=0,"",SUM(R19:R20)) | S21: =IF(COUNT(S19:S20)=0,"",SUM(S19:S20))
B22: Permanent Exits | C22: =OCT!J22 | D22: =NOV!J22 | E22: =DEC!J22 | F22: =IF(COUNT(C22:E22)=0,"",SUM(C22:E22)) | G22: =JAN!J22 | H22: =FEB!J22 | I22: =MAR!J22 | J22: =IF(COUNT(G22:I22)=0,"",SUM(G22:I22)) | K22: =APR!J22 | L22: =MAY!J22 | M22: =JUN!J22 | N22: =IF(COUNT(K22:M22)=0,"",SUM(K22:M22)) | O22: =JUL!J22 | P22: =AUG!J22 | Q22: =SEP!J22 | R22: =IF(COUNT(O22:Q22)=0,"",SUM(O22:Q22)) | S22: =IF(COUNT(C22:E22,G22:I22,K22:M22,O22:Q22)=0,"",SUM(C22:E22,G22:I22,K22:M22,O22:Q22))
B23: Temporary Exits | C23: =OCT!J23 | D23: =NOV!J23 | E23: =DEC!J23 | F23: =IF(COUNT(C23:E23)=0,"",SUM(C23:E23)) | G23: =JAN!J23 | H23: =FEB!J23 | I23: =MAR!J23 | J23: =IF(COUNT(G23:I23)=0,"",SUM(G23:I23)) | K23: =APR!J23 | L23: =MAY!J23 | M23: =JUN!J23 | N23: =IF(COUNT(K23:M23)=0,"",SUM(K23:M23)) | O23: =JUL!J23 | P23: =AUG!J23 | Q23: =SEP!J23 | R23: =IF(COUNT(O23:Q23)=0,"",SUM(O23:Q23)) | S23: =IF(COUNT(C23:E23,G23:I23,K23:M23,O23:Q23)=0,"",SUM(C23:E23,G23:I23,K23:M23,O23:Q23))
B24: Total Exits | C24: =OCT!J24 | D24: =NOV!J24 | E24: =DEC!J24 | F24: =IF(COUNT(F22:F23)=0,"",SUM(F22:F23)) | G24: =JAN!J24 | H24: =FEB!J24 | I24: =MAR!J24 | J24: =IF(COUNT(J22:J23)=0,"",SUM(J22:J23)) | K24: =APR!J24 | L24: =MAY!J24 | M24: =JUN!J24 | N24: =IF(COUNT(N22:N23)=0,"",SUM(N22:N23)) | O24: =JUL!J24 | P24: =AUG!J24 | Q24: =SEP!J24 | R24: =IF(COUNT(R22:R23)=0,"",SUM(R22:R23)) | S24: =IF(COUNT(S22:S23)=0,"",SUM(S22:S23))
B25: Permanent Turnover (%) | C25: =OCT!J25 | D25: =NOV!J25 | E25: =DEC!J25 | F25: =IF(COUNT(F31,F32)<2,"",IF((F32+F31)=0,"",N(F22)/((F32+F31)/2))) | G25: =JAN!J25 | H25: =FEB!J25 | I25: =MAR!J25 | J25: =IF(COUNT(J31,J32)<2,"",IF((J32+J31)=0,"",N(J22)/((J32+J31)/2))) | K25: =APR!J25 | L25: =MAY!J25 | M25: =JUN!J25 | N25: =IF(COUNT(N31,N32)<2,"",IF((N32+N31)=0,"",N(N22)/((N32+N31)/2))) | O25: =JUL!J25 | P25: =AUG!J25 | Q25: =SEP!J25 | R25: =IF(COUNT(R31,R32)<2,"",IF((R32+R31)=0,"",N(R22)/((R32+R31)/2))) | S25: =IF(COUNT(S31,S32)<2,"",IF((S32+S31)=0,"",N(S22)/((S32+S31)/2)))
B26: Temporary Turnover (%) | C26: =OCT!J26 | D26: =NOV!J26 | E26: =DEC!J26 | F26: =IF(COUNT(F31,F32)<2,"",IF((F32+F31)=0,"",N(F23)/((F32+F31)/2))) | G26: =JAN!J26 | H26: =FEB!J26 | I26: =MAR!J26 | J26: =IF(COUNT(J31,J32)<2,"",IF((J32+J31)=0,"",N(J23)/((J32+J31)/2))) | K26: =APR!J26 | L26: =MAY!J26 | M26: =JUN!J26 | N26: =IF(COUNT(N31,N32)<2,"",IF((N32+N31)=0,"",N(N23)/((N32+N31)/2))) | O26: =JUL!J26 | P26: =AUG!J26 | Q26: =SEP!J26 | R26: =IF(COUNT(R31,R32)<2,"",IF((R32+R31)=0,"",N(R23)/((R32+R31)/2))) | S26: =IF(COUNT(S31,S32)<2,"",IF((S32+S31)=0,"",N(S23)/((S32+S31)/2)))
B27: Voluntary Terminations | C27: =OCT!J27 | D27: =NOV!J27 | E27: =DEC!J27 | F27: =IF(COUNT(C27:E27)=0,"",SUM(C27:E27)) | G27: =JAN!J27 | H27: =FEB!J27 | I27: =MAR!J27 | J27: =IF(COUNT(G27:I27)=0,"",SUM(G27:I27)) | K27: =APR!J27 | L27: =MAY!J27 | M27: =JUN!J27 | N27: =IF(COUNT(K27:M27)=0,"",SUM(K27:M27)) | O27: =JUL!J27 | P27: =AUG!J27 | Q27: =SEP!J27 | R27: =IF(COUNT(O27:Q27)=0,"",SUM(O27:Q27)) | S27: =IF(COUNT(C27:E27,G27:I27,K27:M27,O27:Q27)=0,"",SUM(C27:E27,G27:I27,K27:M27,O27:Q27))
B28: Involuntary Terminations | C28: =OCT!J28 | D28: =NOV!J28 | E28: =DEC!J28 | F28: =IF(COUNT(C28:E28)=0,"",SUM(C28:E28)) | G28: =JAN!J28 | H28: =FEB!J28 | I28: =MAR!J28 | J28: =IF(COUNT(G28:I28)=0,"",SUM(G28:I28)) | K28: =APR!J28 | L28: =MAY!J28 | M28: =JUN!J28 | N28: =IF(COUNT(K28:M28)=0,"",SUM(K28:M28)) | O28: =JUL!J28 | P28: =AUG!J28 | Q28: =SEP!J28 | R28: =IF(COUNT(O28:Q28)=0,"",SUM(O28:Q28)) | S28: =IF(COUNT(C28:E28,G28:I28,K28:M28,O28:Q28)=0,"",SUM(C28:E28,G28:I28,K28:M28,O28:Q28))
B29: Voluntary Turnover (%) | C29: =OCT!J29 | D29: =NOV!J29 | E29: =DEC!J29 | F29: =IF(COUNT(F31,F32)<2,"",IF((F32+F31)=0,"",N(F27)/((F32+F31)/2))) | G29: =JAN!J29 | H29: =FEB!J29 | I29: =MAR!J29 | J29: =IF(COUNT(J31,J32)<2,"",IF((J32+J31)=0,"",N(J27)/((J32+J31)/2))) | K29: =APR!J29 | L29: =MAY!J29 | M29: =JUN!J29 | N29: =IF(COUNT(N31,N32)<2,"",IF((N32+N31)=0,"",N(N27)/((N32+N31)/2))) | O29: =JUL!J29 | P29: =AUG!J29 | Q29: =SEP!J29 | R29: =IF(COUNT(R31,R32)<2,"",IF((R32+R31)=0,"",N(R27)/((R32+R31)/2))) | S29: =IF(COUNT(S31,S32)<2,"",IF((S32+S31)=0,"",N(S27)/((S32+S31)/2)))
B30: Involuntary Turnover (%) | C30: =OCT!J30 | D30: =NOV!J30 | E30: =DEC!J30 | F30: =IF(COUNT(F31,F32)<2,"",IF((F32+F31)=0,"",N(F28)/((F32+F31)/2))) | G30: =JAN!J30 | H30: =FEB!J30 | I30: =MAR!J30 | J30: =IF(COUNT(J31,J32)<2,"",IF((J32+J31)=0,"",N(J28)/((J32+J31)/2))) | K30: =APR!J30 | L30: =MAY!J30 | M30: =JUN!J30 | N30: =IF(COUNT(N31,N32)<2,"",IF((N32+N31)=0,"",N(N28)/((N32+N31)/2))) | O30: =JUL!J30 | P30: =AUG!J30 | Q30: =SEP!J30 | R30: =IF(COUNT(R31,R32)<2,"",IF((R32+R31)=0,"",N(R28)/((R32+R31)/2))) | S30: =IF(COUNT(S31,S32)<2,"",IF((S32+S31)=0,"",N(S28)/((S32+S31)/2)))
B31: Headcount last Month | C31: =OCT!J31 | D31: =NOV!J31 | E31: =DEC!J31 | F31: =IFERROR(AVERAGE(C31:E31),"") | G31: =JAN!J31 | H31: =FEB!J31 | I31: =MAR!J31 | J31: =IFERROR(AVERAGE(G31:I31),"") | K31: =APR!J31 | L31: =MAY!J31 | M31: =JUN!J31 | N31: =IFERROR(AVERAGE(K31:M31),"") | O31: =JUL!J31 | P31: =AUG!J31 | Q31: =SEP!J31 | R31: =IFERROR(AVERAGE(O31:Q31),"") | S31: =IFERROR(AVERAGE(C31:E31,G31:I31,K31:M31,O31:Q31),"")
B32: Headcount this Month | C32: =OCT!J32 | D32: =NOV!J32 | E32: =DEC!J32 | F32: =IFERROR(AVERAGE(C32:E32),"") | G32: =JAN!J32 | H32: =FEB!J32 | I32: =MAR!J32 | J32: =IFERROR(AVERAGE(G32:I32),"") | K32: =APR!J32 | L32: =MAY!J32 | M32: =JUN!J32 | N32: =IFERROR(AVERAGE(K32:M32),"") | O32: =JUL!J32 | P32: =AUG!J32 | Q32: =SEP!J32 | R32: =IFERROR(AVERAGE(O32:Q32),"") | S32: =IFERROR(AVERAGE(C32:E32,G32:I32,K32:M32,O32:Q32),"")
B33: Full Turnover (%) | C33: =OCT!J33 | D33: =NOV!J33 | E33: =DEC!J33 | F33: =IF(COUNT(F31,F32)<2,"",IF((F32+F31)=0,"",N(F24)/((F32+F31)/2))) | G33: =JAN!J33 | H33: =FEB!J33 | I33: =MAR!J33 | J33: =IF(COUNT(J31,J32)<2,"",IF((J32+J31)=0,"",N(J24)/((J32+J31)/2))) | K33: =APR!J33 | L33: =MAY!J33 | M33: =JUN!J33 | N33: =IF(COUNT(N31,N32)<2,"",IF((N32+N31)=0,"",N(N24)/((N32+N31)/2))) | O33: =JUL!J33 | P33: =AUG!J33 | Q33: =SEP!J33 | R33: =IF(COUNT(R31,R32)<2,"",IF((R32+R31)=0,"",N(R24)/((R32+R31)/2))) | S33: =IF(COUNT(S31,S32)<2,"",IF((S32+S31)=0,"",N(S24)/((S32+S31)/2)))
B34: Permanent Vacancies | C34: =OCT!J34 | D34: =NOV!J34 | E34: =DEC!J34 | F34: =IFERROR(AVERAGE(C34:E34),"") | G34: =JAN!J34 | H34: =FEB!J34 | I34: =MAR!J34 | J34: =IFERROR(AVERAGE(G34:I34),"") | K34: =APR!J34 | L34: =MAY!J34 | M34: =JUN!J34 | N34: =IFERROR(AVERAGE(K34:M34),"") | O34: =JUL!J34 | P34: =AUG!J34 | Q34: =SEP!J34 | R34: =IFERROR(AVERAGE(O34:Q34),"") | S34: =IFERROR(AVERAGE(C34:E34,G34:I34,K34:M34,O34:Q34),"")
B35: Temporary Vacancies | C35: =OCT!J35 | D35: =NOV!J35 | E35: =DEC!J35 | F35: =IFERROR(AVERAGE(C35:E35),"") | G35: =JAN!J35 | H35: =FEB!J35 | I35: =MAR!J35 | J35: =IFERROR(AVERAGE(G35:I35),"") | K35: =APR!J35 | L35: =MAY!J35 | M35: =JUN!J35 | N35: =IFERROR(AVERAGE(K35:M35),"") | O35: =JUL!J35 | P35: =AUG!J35 | Q35: =SEP!J35 | R35: =IFERROR(AVERAGE(O35:Q35),"") | S35: =IFERROR(AVERAGE(C35:E35,G35:I35,K35:M35,O35:Q35),"")
B36: Total Vacancies | C36: =OCT!J36 | D36: =NOV!J36 | E36: =DEC!J36 | F36: =IF(COUNT(F34:F35)=0,"",SUM(F34:F35)) | G36: =JAN!J36 | H36: =FEB!J36 | I36: =MAR!J36 | J36: =IF(COUNT(J34:J35)=0,"",SUM(J34:J35)) | K36: =APR!J36 | L36: =MAY!J36 | M36: =JUN!J36 | N36: =IF(COUNT(N34:N35)=0,"",SUM(N34:N35)) | O36: =JUL!J36 | P36: =AUG!J36 | Q36: =SEP!J36 | R36: =IF(COUNT(R34:R35)=0,"",SUM(R34:R35)) | S36: =IF(COUNT(S34:S35)=0,"",SUM(S34:S35))
B37: Authorized Positions | C37: =OCT!J37 | D37: =NOV!J37 | E37: =DEC!J37 | F37: =IF(COUNT(F5,F36)=0,"",N(F5)+N(F36)) | G37: =JAN!J37 | H37: =FEB!J37 | I37: =MAR!J37 | J37: =IF(COUNT(J5,J36)=0,"",N(J5)+N(J36)) | K37: =APR!J37 | L37: =MAY!J37 | M37: =JUN!J37 | N37: =IF(COUNT(N5,N36)=0,"",N(N5)+N(N36)) | O37: =JUL!J37 | P37: =AUG!J37 | Q37: =SEP!J37 | R37: =IF(COUNT(R5,R36)=0,"",N(R5)+N(R36)) | S37: =IF(COUNT(S5,S36)=0,"",N(S5)+N(S36))
B38: Vacancy Rate (%) | C38: =OCT!J38 | D38: =NOV!J38 | E38: =DEC!J38 | F38: =IFERROR(F36/F37,"") | G38: =JAN!J38 | H38: =FEB!J38 | I38: =MAR!J38 | J38: =IFERROR(J36/J37,"") | K38: =APR!J38 | L38: =MAY!J38 | M38: =JUN!J38 | N38: =IFERROR(N36/N37,"") | O38: =JUL!J38 | P38: =AUG!J38 | Q38: =SEP!J38 | R38: =IFERROR(R36/R37,"") | S38: =IFERROR(S36/S37,"")
B39: Permanent TimeToHire (Days) YTD | C39: =OCT!J39 | D39: =NOV!J39 | E39: =DEC!J39 | F39: =IFERROR(LOOKUP(2,1/ISNUMBER(C39:E39),C39:E39),"") | G39: =JAN!J39 | H39: =FEB!J39 | I39: =MAR!J39 | J39: =IFERROR(LOOKUP(2,1/ISNUMBER(G39:I39),G39:I39),"") | K39: =APR!J39 | L39: =MAY!J39 | M39: =JUN!J39 | N39: =IFERROR(LOOKUP(2,1/ISNUMBER(K39:M39),K39:M39),"") | O39: =JUL!J39 | P39: =AUG!J39 | Q39: =SEP!J39 | R39: =IFERROR(LOOKUP(2,1/ISNUMBER(O39:Q39),O39:Q39),"") | S39: =IFERROR(LOOKUP(2,1/ISNUMBER(C39:Q39),C39:Q39),"")
B40: Temporary TimeToHire (Days) YTD | C40: =OCT!J40 | D40: =NOV!J40 | E40: =DEC!J40 | F40: =IFERROR(LOOKUP(2,1/ISNUMBER(C40:E40),C40:E40),"") | G40: =JAN!J40 | H40: =FEB!J40 | I40: =MAR!J40 | J40: =IFERROR(LOOKUP(2,1/ISNUMBER(G40:I40),G40:I40),"") | K40: =APR!J40 | L40: =MAY!J40 | M40: =JUN!J40 | N40: =IFERROR(LOOKUP(2,1/ISNUMBER(K40:M40),K40:M40),"") | O40: =JUL!J40 | P40: =AUG!J40 | Q40: =SEP!J40 | R40: =IFERROR(LOOKUP(2,1/ISNUMBER(O40:Q40),O40:Q40),"") | S40: =IFERROR(LOOKUP(2,1/ISNUMBER(C40:Q40),C40:Q40),"")
B41: Check-ins Rate Completed (%) | C41: =OCT!J41 | D41: =NOV!J41 | E41: =DEC!J41 | F41: =IFERROR(AVERAGE(C41:E41),"") | G41: =JAN!J41 | H41: =FEB!J41 | I41: =MAR!J41 | J41: =IFERROR(AVERAGE(G41:I41),"") | K41: =APR!J41 | L41: =MAY!J41 | M41: =JUN!J41 | N41: =IFERROR(AVERAGE(K41:M41),"") | O41: =JUL!J41 | P41: =AUG!J41 | Q41: =SEP!J41 | R41: =IFERROR(AVERAGE(O41:Q41),"") | S41: =IFERROR(AVERAGE(C41:E41,G41:I41,K41:M41,O41:Q41),"")
B42: EE Objectives Completed (#) | C42: =OCT!J42 | D42: =NOV!J42 | E42: =DEC!J42 | F42: =IF(COUNT(C42:E42)=0,"",SUM(C42:E42)) | G42: =JAN!J42 | H42: =FEB!J42 | I42: =MAR!J42 | J42: =IF(COUNT(G42:I42)=0,"",SUM(G42:I42)) | K42: =APR!J42 | L42: =MAY!J42 | M42: =JUN!J42 | N42: =IF(COUNT(K42:M42)=0,"",SUM(K42:M42)) | O42: =JUL!J42 | P42: =AUG!J42 | Q42: =SEP!J42 | R42: =IF(COUNT(O42:Q42)=0,"",SUM(O42:Q42)) | S42: =IF(COUNT(C42:E42,G42:I42,K42:M42,O42:Q42)=0,"",SUM(C42:E42,G42:I42,K42:M42,O42:Q42))
B43: Non-certified Absent (Days Lost) | C43: =OCT!J43 | D43: =NOV!J43 | E43: =DEC!J43 | F43: =IF(COUNT(C43:E43)=0,"",SUM(C43:E43)) | G43: =JAN!J43 | H43: =FEB!J43 | I43: =MAR!J43 | J43: =IF(COUNT(G43:I43)=0,"",SUM(G43:I43)) | K43: =APR!J43 | L43: =MAY!J43 | M43: =JUN!J43 | N43: =IF(COUNT(K43:M43)=0,"",SUM(K43:M43)) | O43: =JUL!J43 | P43: =AUG!J43 | Q43: =SEP!J43 | R43: =IF(COUNT(O43:Q43)=0,"",SUM(O43:Q43)) | S43: =IF(COUNT(C43:E43,G43:I43,K43:M43,O43:Q43)=0,"",SUM(C43:E43,G43:I43,K43:M43,O43:Q43))
B44: Certified sick leave (Days Lost) | C44: =OCT!J44 | D44: =NOV!J44 | E44: =DEC!J44 | F44: =IF(COUNT(C44:E44)=0,"",SUM(C44:E44)) | G44: =JAN!J44 | H44: =FEB!J44 | I44: =MAR!J44 | J44: =IF(COUNT(G44:I44)=0,"",SUM(G44:I44)) | K44: =APR!J44 | L44: =MAY!J44 | M44: =JUN!J44 | N44: =IF(COUNT(K44:M44)=0,"",SUM(K44:M44)) | O44: =JUL!J44 | P44: =AUG!J44 | Q44: =SEP!J44 | R44: =IF(COUNT(O44:Q44)=0,"",SUM(O44:Q44)) | S44: =IF(COUNT(C44:E44,G44:I44,K44:M44,O44:Q44)=0,"",SUM(C44:E44,G44:I44,K44:M44,O44:Q44))
B45: Total Absences | C45: =OCT!J45 | D45: =NOV!J45 | E45: =DEC!J45 | F45: =IF(COUNT(F43:F44)=0,"",SUM(F43:F44)) | G45: =JAN!J45 | H45: =FEB!J45 | I45: =MAR!J45 | J45: =IF(COUNT(J43:J44)=0,"",SUM(J43:J44)) | K45: =APR!J45 | L45: =MAY!J45 | M45: =JUN!J45 | N45: =IF(COUNT(N43:N44)=0,"",SUM(N43:N44)) | O45: =JUL!J45 | P45: =AUG!J45 | Q45: =SEP!J45 | R45: =IF(COUNT(R43:R44)=0,"",SUM(R43:R44)) | S45: =IF(COUNT(S43:S44)=0,"",SUM(S43:S44))
B46: Absent Rate Non-Certified (%) | C46: =OCT!J46 | D46: =NOV!J46 | E46: =DEC!J46 | F46: {=IF(COUNT(C46:E46)=0,"",IFERROR(SUMPRODUCT(IFERROR(C46:E46*((C3:E3)+(C4:E4)),0))/SUMPRODUCT(IFERROR(ISNUMBER(C46:E46)*((C3:E3)+(C4:E4)),0)),""))} | G46: =JAN!J46 | H46: =FEB!J46 | I46: =MAR!J46 | J46: {=IF(COUNT(G46:I46)=0,"",IFERROR(SUMPRODUCT(IFERROR(G46:I46*((G3:I3)+(G4:I4)),0))/SUMPRODUCT(IFERROR(ISNUMBER(G46:I46)*((G3:I3)+(G4:I4)),0)),""))} | K46: =APR!J46 | L46: =MAY!J46 | M46: =JUN!J46 | N46: {=IF(COUNT(K46:M46)=0,"",IFERROR(SUMPRODUCT(IFERROR(K46:M46*((K3:M3)+(K4:M4)),0))/SUMPRODUCT(IFERROR(ISNUMBER(K46:M46)*((K3:M3)+(K4:M4)),0)),""))} | O46: =JUL!J46 | P46: =AUG!J46 | Q46: =SEP!J46 | R46: {=IF(COUNT(O46:Q46)=0,"",IFERROR(SUMPRODUCT(IFERROR(O46:Q46*((O3:Q3)+(O4:Q4)),0))/SUMPRODUCT(IFERROR(ISNUMBER(O46:Q46)*((O3:Q3)+(O4:Q4)),0)),""))} | S46: =IF(COUNT(F46,J46,N46,R46)=0,"",IFERROR((IFERROR(F46*(F3+F4),0)+IFERROR(J46*(J3+J4),0)+IFERROR(N46*(N3+N4),0)+IFERROR(R46*(R3+R4),0))/(IFERROR(ISNUMBER(F46)*(F3+F4),0)+IFERROR(ISNUMBER(J46)*(J3+J4),0)+IFERROR(ISNUMBER(N46)*(N3+N4),0)+IFERROR(ISNUMBER(R46)*(R3+R4),0)),""))
B47: Absent Rate Certified (%) | C47: =OCT!J47 | D47: =NOV!J47 | E47: =DEC!J47 | F47: {=IF(COUNT(C47:E47)=0,"",IFERROR(SUMPRODUCT(IFERROR(C47:E47*((C3:E3)+(C4:E4)),0))/SUMPRODUCT(IFERROR(ISNUMBER(C47:E47)*((C3:E3)+(C4:E4)),0)),""))} | G47: =JAN!J47 | H47: =FEB!J47 | I47: =MAR!J47 | J47: {=IF(COUNT(G47:I47)=0,"",IFERROR(SUMPRODUCT(IFERROR(G47:I47*((G3:I3)+(G4:I4)),0))/SUMPRODUCT(IFERROR(ISNUMBER(G47:I47)*((G3:I3)+(G4:I4)),0)),""))} | K47: =APR!J47 | L47: =MAY!J47 | M47: =JUN!J47 | N47: {=IF(COUNT(K47:M47)=0,"",IFERROR(SUMPRODUCT(IFERROR(K47:M47*((K3:M3)+(K4:M4)),0))/SUMPRODUCT(IFERROR(ISNUMBER(K47:M47)*((K3:M3)+(K4:M4)),0)),""))} | O47: =JUL!J47 | P47: =AUG!J47 | Q47: =SEP!J47 | R47: {=IF(COUNT(O47:Q47)=0,"",IFERROR(SUMPRODUCT(IFERROR(O47:Q47*((O3:Q3)+(O4:Q4)),0))/SUMPRODUCT(IFERROR(ISNUMBER(O47:Q47)*((O3:Q3)+(O4:Q4)),0)),""))} | S47: =IF(COUNT(F47,J47,N47,R47)=0,"",IFERROR((IFERROR(F47*(F3+F4),0)+IFERROR(J47*(J3+J4),0)+IFERROR(N47*(N3+N4),0)+IFERROR(R47*(R3+R4),0))/(IFERROR(ISNUMBER(F47)*(F3+F4),0)+IFERROR(ISNUMBER(J47)*(J3+J4),0)+IFERROR(ISNUMBER(N47)*(N3+N4),0)+IFERROR(ISNUMBER(R47)*(R3+R4),0)),""))
B48: Absent Rate Total (%) | C48: =OCT!J48 | D48: =NOV!J48 | E48: =DEC!J48 | F48: =IF(COUNT(F46:F47)=0,"",SUM(F46:F47)) | G48: =JAN!J48 | H48: =FEB!J48 | I48: =MAR!J48 | J48: =IF(COUNT(J46:J47)=0,"",SUM(J46:J47)) | K48: =APR!J48 | L48: =MAY!J48 | M48: =JUN!J48 | N48: =IF(COUNT(N46:N47)=0,"",SUM(N46:N47)) | O48: =JUL!J48 | P48: =AUG!J48 | Q48: =SEP!J48 | R48: =IF(COUNT(R46:R47)=0,"",SUM(R46:R47)) | S48: =IF(COUNT(S46:S47)=0,"",SUM(S46:S47))
B49: Weight factor | C49: =OCT!J49 | D49: =NOV!J49 | E49: =DEC!J49 | F49: =IFERROR(AVERAGE(C49:E49),"") | G49: =JAN!J49 | H49: =FEB!J49 | I49: =MAR!J49 | J49: =IFERROR(AVERAGE(G49:I49),"") | K49: =APR!J49 | L49: =MAY!J49 | M49: =JUN!J49 | N49: =IFERROR(AVERAGE(K49:M49),"") | O49: =JUL!J49 | P49: =AUG!J49 | Q49: =SEP!J49 | R49: =IFERROR(AVERAGE(O49:Q49),"") | S49: =IFERROR(AVERAGE(C49:E49,G49:I49,K49:M49,O49:Q49),"")
B50: Leadership (Hours) | C50: =OCT!J50 | D50: =NOV!J50 | E50: =DEC!J50 | F50: =IF(COUNT(C50:E50)=0,"",SUM(C50:E50)) | G50: =JAN!J50 | H50: =FEB!J50 | I50: =MAR!J50 | J50: =IF(COUNT(G50:I50)=0,"",SUM(G50:I50)) | K50: =APR!J50 | L50: =MAY!J50 | M50: =JUN!J50 | N50: =IF(COUNT(K50:M50)=0,"",SUM(K50:M50)) | O50: =JUL!J50 | P50: =AUG!J50 | Q50: =SEP!J50 | R50: =IF(COUNT(O50:Q50)=0,"",SUM(O50:Q50)) | S50: =IF(COUNT(C50:E50,G50:I50,K50:M50,O50:Q50)=0,"",SUM(C50:E50,G50:I50,K50:M50,O50:Q50))
B51: Technical (Hours) | C51: =OCT!J51 | D51: =NOV!J51 | E51: =DEC!J51 | F51: =IF(COUNT(C51:E51)=0,"",SUM(C51:E51)) | G51: =JAN!J51 | H51: =FEB!J51 | I51: =MAR!J51 | J51: =IF(COUNT(G51:I51)=0,"",SUM(G51:I51)) | K51: =APR!J51 | L51: =MAY!J51 | M51: =JUN!J51 | N51: =IF(COUNT(K51:M51)=0,"",SUM(K51:M51)) | O51: =JUL!J51 | P51: =AUG!J51 | Q51: =SEP!J51 | R51: =IF(COUNT(O51:Q51)=0,"",SUM(O51:Q51)) | S51: =IF(COUNT(C51:E51,G51:I51,K51:M51,O51:Q51)=0,"",SUM(C51:E51,G51:I51,K51:M51,O51:Q51))
B52: Professional Develop. (Hours) | C52: =OCT!J52 | D52: =NOV!J52 | E52: =DEC!J52 | F52: =IF(COUNT(C52:E52)=0,"",SUM(C52:E52)) | G52: =JAN!J52 | H52: =FEB!J52 | I52: =MAR!J52 | J52: =IF(COUNT(G52:I52)=0,"",SUM(G52:I52)) | K52: =APR!J52 | L52: =MAY!J52 | M52: =JUN!J52 | N52: =IF(COUNT(K52:M52)=0,"",SUM(K52:M52)) | O52: =JUL!J52 | P52: =AUG!J52 | Q52: =SEP!J52 | R52: =IF(COUNT(O52:Q52)=0,"",SUM(O52:Q52)) | S52: =IF(COUNT(C52:E52,G52:I52,K52:M52,O52:Q52)=0,"",SUM(C52:E52,G52:I52,K52:M52,O52:Q52))
B53: HSSE (Hours) | C53: =OCT!J53 | D53: =NOV!J53 | E53: =DEC!J53 | F53: =IF(COUNT(C53:E53)=0,"",SUM(C53:E53)) | G53: =JAN!J53 | H53: =FEB!J53 | I53: =MAR!J53 | J53: =IF(COUNT(G53:I53)=0,"",SUM(G53:I53)) | K53: =APR!J53 | L53: =MAY!J53 | M53: =JUN!J53 | N53: =IF(COUNT(K53:M53)=0,"",SUM(K53:M53)) | O53: =JUL!J53 | P53: =AUG!J53 | Q53: =SEP!J53 | R53: =IF(COUNT(O53:Q53)=0,"",SUM(O53:Q53)) | S53: =IF(COUNT(C53:E53,G53:I53,K53:M53,O53:Q53)=0,"",SUM(C53:E53,G53:I53,K53:M53,O53:Q53))
B54: Workday (Hours) | C54: =OCT!J54 | D54: =NOV!J54 | E54: =DEC!J54 | F54: =IF(COUNT(C54:E54)=0,"",SUM(C54:E54)) | G54: =JAN!J54 | H54: =FEB!J54 | I54: =MAR!J54 | J54: =IF(COUNT(G54:I54)=0,"",SUM(G54:I54)) | K54: =APR!J54 | L54: =MAY!J54 | M54: =JUN!J54 | N54: =IF(COUNT(K54:M54)=0,"",SUM(K54:M54)) | O54: =JUL!J54 | P54: =AUG!J54 | Q54: =SEP!J54 | R54: =IF(COUNT(O54:Q54)=0,"",SUM(O54:Q54)) | S54: =IF(COUNT(C54:E54,G54:I54,K54:M54,O54:Q54)=0,"",SUM(C54:E54,G54:I54,K54:M54,O54:Q54))
B55: Total Training Hours | C55: =OCT!J55 | D55: =NOV!J55 | E55: =DEC!J55 | F55: =IF(COUNT(F50:F54)=0,"",SUM(F50:F54)) | G55: =JAN!J55 | H55: =FEB!J55 | I55: =MAR!J55 | J55: =IF(COUNT(J50:J54)=0,"",SUM(J50:J54)) | K55: =APR!J55 | L55: =MAY!J55 | M55: =JUN!J55 | N55: =IF(COUNT(N50:N54)=0,"",SUM(N50:N54)) | O55: =JUL!J55 | P55: =AUG!J55 | Q55: =SEP!J55 | R55: =IF(COUNT(R50:R54)=0,"",SUM(R50:R54)) | S55: =IF(COUNT(S50:S54)=0,"",SUM(S50:S54))
B56: Total Trained (Staff) | C56: =OCT!J56 | D56: =NOV!J56 | E56: =DEC!J56 | F56: =IF(COUNT(C56:E56)=0,"",SUM(C56:E56)) | G56: =JAN!J56 | H56: =FEB!J56 | I56: =MAR!J56 | J56: =IF(COUNT(G56:I56)=0,"",SUM(G56:I56)) | K56: =APR!J56 | L56: =MAY!J56 | M56: =JUN!J56 | N56: =IF(COUNT(K56:M56)=0,"",SUM(K56:M56)) | O56: =JUL!J56 | P56: =AUG!J56 | Q56: =SEP!J56 | R56: =IF(COUNT(O56:Q56)=0,"",SUM(O56:Q56)) | S56: =IF(COUNT(C56:E56,G56:I56,K56:M56,O56:Q56)=0,"",SUM(C56:E56,G56:I56,K56:M56,O56:Q56))
B57: Training Programs (#) | C57: =OCT!J57 | D57: =NOV!J57 | E57: =DEC!J57 | F57: =IF(COUNT(C57:E57)=0,"",SUM(C57:E57)) | G57: =JAN!J57 | H57: =FEB!J57 | I57: =MAR!J57 | J57: =IF(COUNT(G57:I57)=0,"",SUM(G57:I57)) | K57: =APR!J57 | L57: =MAY!J57 | M57: =JUN!J57 | N57: =IF(COUNT(K57:M57)=0,"",SUM(K57:M57)) | O57: =JUL!J57 | P57: =AUG!J57 | Q57: =SEP!J57 | R57: =IF(COUNT(O57:Q57)=0,"",SUM(O57:Q57)) | S57: =IF(COUNT(C57:E57,G57:I57,K57:M57,O57:Q57)=0,"",SUM(C57:E57,G57:I57,K57:M57,O57:Q57))
B58: Training Cost (USD) | C58: =OCT!J58 | D58: =NOV!J58 | E58: =DEC!J58 | F58: =IF(COUNT(C58:E58)=0,"",SUM(C58:E58)) | G58: =JAN!J58 | H58: =FEB!J58 | I58: =MAR!J58 | J58: =IF(COUNT(G58:I58)=0,"",SUM(G58:I58)) | K58: =APR!J58 | L58: =MAY!J58 | M58: =JUN!J58 | N58: =IF(COUNT(K58:M58)=0,"",SUM(K58:M58)) | O58: =JUL!J58 | P58: =AUG!J58 | Q58: =SEP!J58 | R58: =IF(COUNT(O58:Q58)=0,"",SUM(O58:Q58)) | S58: =IF(COUNT(C58:E58,G58:I58,K58:M58,O58:Q58)=0,"",SUM(C58:E58,G58:I58,K58:M58,O58:Q58))
B59: Training Travel Cost (USD) | C59: =OCT!J59 | D59: =NOV!J59 | E59: =DEC!J59 | F59: =IF(COUNT(C59:E59)=0,"",SUM(C59:E59)) | G59: =JAN!J59 | H59: =FEB!J59 | I59: =MAR!J59 | J59: =IF(COUNT(G59:I59)=0,"",SUM(G59:I59)) | K59: =APR!J59 | L59: =MAY!J59 | M59: =JUN!J59 | N59: =IF(COUNT(K59:M59)=0,"",SUM(K59:M59)) | O59: =JUL!J59 | P59: =AUG!J59 | Q59: =SEP!J59 | R59: =IF(COUNT(O59:Q59)=0,"",SUM(O59:Q59)) | S59: =IF(COUNT(C59:E59,G59:I59,K59:M59,O59:Q59)=0,"",SUM(C59:E59,G59:I59,K59:M59,O59:Q59))
B60: Leadership Hours Trained (%) | C60: =OCT!J60 | D60: =NOV!J60 | E60: =DEC!J60 | F60: =IFERROR(F50/F$55,"") | G60: =JAN!J60 | H60: =FEB!J60 | I60: =MAR!J60 | J60: =IFERROR(J50/J$55,"") | K60: =APR!J60 | L60: =MAY!J60 | M60: =JUN!J60 | N60: =IFERROR(N50/N$55,"") | O60: =JUL!J60 | P60: =AUG!J60 | Q60: =SEP!J60 | R60: =IFERROR(R50/R$55,"") | S60: =IFERROR(S50/S$55,"")
B61: Technical Hours Trained (%) | C61: =OCT!J61 | D61: =NOV!J61 | E61: =DEC!J61 | F61: =IFERROR(F51/F$55,"") | G61: =JAN!J61 | H61: =FEB!J61 | I61: =MAR!J61 | J61: =IFERROR(J51/J$55,"") | K61: =APR!J61 | L61: =MAY!J61 | M61: =JUN!J61 | N61: =IFERROR(N51/N$55,"") | O61: =JUL!J61 | P61: =AUG!J61 | Q61: =SEP!J61 | R61: =IFERROR(R51/R$55,"") | S61: =IFERROR(S51/S$55,"")
B62: Profess. Dev. Hours Trained (%) | C62: =OCT!J62 | D62: =NOV!J62 | E62: =DEC!J62 | F62: =IFERROR(F52/F$55,"") | G62: =JAN!J62 | H62: =FEB!J62 | I62: =MAR!J62 | J62: =IFERROR(J52/J$55,"") | K62: =APR!J62 | L62: =MAY!J62 | M62: =JUN!J62 | N62: =IFERROR(N52/N$55,"") | O62: =JUL!J62 | P62: =AUG!J62 | Q62: =SEP!J62 | R62: =IFERROR(R52/R$55,"") | S62: =IFERROR(S52/S$55,"")
B63: HSSE Hours Trained (%) | C63: =OCT!J63 | D63: =NOV!J63 | E63: =DEC!J63 | F63: =IFERROR(F53/F$55,"") | G63: =JAN!J63 | H63: =FEB!J63 | I63: =MAR!J63 | J63: =IFERROR(J53/J$55,"") | K63: =APR!J63 | L63: =MAY!J63 | M63: =JUN!J63 | N63: =IFERROR(N53/N$55,"") | O63: =JUL!J63 | P63: =AUG!J63 | Q63: =SEP!J63 | R63: =IFERROR(R53/R$55,"") | S63: =IFERROR(S53/S$55,"")
B64: Workday Hours Trained (%) | C64: =OCT!J64 | D64: =NOV!J64 | E64: =DEC!J64 | F64: =IFERROR(F54/F$55,"") | G64: =JAN!J64 | H64: =FEB!J64 | I64: =MAR!J64 | J64: =IFERROR(J54/J$55,"") | K64: =APR!J64 | L64: =MAY!J64 | M64: =JUN!J64 | N64: =IFERROR(N54/N$55,"") | O64: =JUL!J64 | P64: =AUG!J64 | Q64: =SEP!J64 | R64: =IFERROR(R54/R$55,"") | S64: =IFERROR(S54/S$55,"")
B65: Staff Trained (%) | C65: =OCT!J65 | D65: =NOV!J65 | E65: =DEC!J65 | F65: =IFERROR(F56/SUM(C5:E5),"") | G65: =JAN!J65 | H65: =FEB!J65 | I65: =MAR!J65 | J65: =IFERROR(J56/SUM(G5:I5),"") | K65: =APR!J65 | L65: =MAY!J65 | M65: =JUN!J65 | N65: =IFERROR(N56/SUM(K5:M5),"") | O65: =JUL!J65 | P65: =AUG!J65 | Q65: =SEP!J65 | R65: =IFERROR(R56/SUM(O5:Q5),"") | S65: =IFERROR(S56/SUM(C5:E5,G5:I5,K5:M5,O5:Q5),"")
B66: Training Hours / EE | C66: =OCT!J66 | D66: =NOV!J66 | E66: =DEC!J66 | F66: =IFERROR(F55/F5,"") | G66: =JAN!J66 | H66: =FEB!J66 | I66: =MAR!J66 | J66: =IFERROR(J55/J5,"") | K66: =APR!J66 | L66: =MAY!J66 | M66: =JUN!J66 | N66: =IFERROR(N55/N5,"") | O66: =JUL!J66 | P66: =AUG!J66 | Q66: =SEP!J66 | R66: =IFERROR(R55/R5,"") | S66: =IFERROR(S55/S5,"")
B67: Training Hours / EE Trained | C67: =OCT!J67 | D67: =NOV!J67 | E67: =DEC!J67 | F67: =IFERROR(F55/F56,"") | G67: =JAN!J67 | H67: =FEB!J67 | I67: =MAR!J67 | J67: =IFERROR(J55/J56,"") | K67: =APR!J67 | L67: =MAY!J67 | M67: =JUN!J67 | N67: =IFERROR(N55/N56,"") | O67: =JUL!J67 | P67: =AUG!J67 | Q67: =SEP!J67 | R67: =IFERROR(R55/R56,"") | S67: =IFERROR(S55/S56,"")
B68: Training Invest. / EE (USD) | C68: =OCT!J68 | D68: =NOV!J68 | E68: =DEC!J68 | F68: =IF(COUNT(F58:F59)=0,"",IFERROR((N(F58)+N(F59))/F5,"")) | G68: =JAN!J68 | H68: =FEB!J68 | I68: =MAR!J68 | J68: =IF(COUNT(J58:J59)=0,"",IFERROR((N(J58)+N(J59))/J5,"")) | K68: =APR!J68 | L68: =MAY!J68 | M68: =JUN!J68 | N68: =IF(COUNT(N58:N59)=0,"",IFERROR((N(N58)+N(N59))/N5,"")) | O68: =JUL!J68 | P68: =AUG!J68 | Q68: =SEP!J68 | R68: =IF(COUNT(R58:R59)=0,"",IFERROR((N(R58)+N(R59))/R5,"")) | S68: =IF(COUNT(S58:S59)=0,"",IFERROR((N(S58)+N(S59))/S5,""))
B69: Training Invest. / EE Trained (USD) | C69: =OCT!J69 | D69: =NOV!J69 | E69: =DEC!J69 | F69: =IF(COUNT(F58:F59)=0,"",IFERROR((N(F58)+N(F59))/F56,"")) | G69: =JAN!J69 | H69: =FEB!J69 | I69: =MAR!J69 | J69: =IF(COUNT(J58:J59)=0,"",IFERROR((N(J58)+N(J59))/J56,"")) | K69: =APR!J69 | L69: =MAY!J69 | M69: =JUN!J69 | N69: =IF(COUNT(N58:N59)=0,"",IFERROR((N(N58)+N(N59))/N56,"")) | O69: =JUL!J69 | P69: =AUG!J69 | Q69: =SEP!J69 | R69: =IF(COUNT(R58:R59)=0,"",IFERROR((N(R58)+N(R59))/R56,"")) | S69: =IF(COUNT(S58:S59)=0,"",IFERROR((N(S58)+N(S59))/S56,""))
B70: Input Cells Not Submitted | C70: =OCT!J70 | D70: =NOV!J70 | E70: =DEC!J70 | F70: =SUM(C70:E70) | G70: =JAN!J70 | H70: =FEB!J70 | I70: =MAR!J70 | J70: =SUM(G70:I70) | K70: =APR!J70 | L70: =MAY!J70 | M70: =JUN!J70 | N70: =SUM(K70:M70) | O70: =JUL!J70 | P70: =AUG!J70 | Q70: =SEP!J70 | R70: =SUM(O70:Q70) | S70: =SUM(C70:E70,G70:I70,K70:M70,O70:Q70)

Sheet OCT
B1: GCG NORTH CARIBBEAN | C1: 1062 | D1: 1075 | E1: 1044 | F1: 1066 | G1: 1158 | H1: 1067 | I1: 1046
A2: 202610 | B2: OCT | C2: GCG Antigua | D2: GCG Grand Cayman | E2: GCG Aviation Ground Jamaica | F2: GCG Jamaica | G2: GCG Aviation Ground Saint Lucia | H2: GCG Saint Lucia | I2: GCG Ground Saint Thomas | J2: TOTAL | K2: Total by Division | L2: =N(L11)<>0
A3: =+A2 | B3: Permanent (Regular) Headcount | J3: =IF(COUNT(C3:I3)=0,"",SUM(C3:I3)) | K3: ∑
B4: Temporary (Fix Term) Headcount | J4: =IF(COUNT(C4:I4)=0,"",SUM(C4:I4)) | K4: ∑
B5: Employee Headcount (Productivity) | C5: =IF(COUNT(C3:C4)=0,"",SUM(C3:C4)) | D5: =IF(COUNT(D3:D4)=0,"",SUM(D3:D4)) | E5: =IF(COUNT(E3:E4)=0,"",SUM(E3:E4)) | F5: =IF(COUNT(F3:F4)=0,"",SUM(F3:F4)) | G5: =IF(COUNT(G3:G4)=0,"",SUM(G3:G4)) | H5: =IF(COUNT(H3:H4)=0,"",SUM(H3:H4)) | I5: =IF(COUNT(I3:I4)=0,"",SUM(I3:I4)) | J5: =IF(COUNT(J3:J4)=0,"",SUM(J3:J4)) | K5: ϝ
B6: Headcount = 1.00 | J6: =IF(COUNT(C6:I6)=0,"",SUM(C6:I6)) | K6: ∑
B7: Headcount = 0.75 | J7: =IF(COUNT(C7:I7)=0,"",SUM(C7:I7)) | K7: ∑
B8: Headcount = 0.50 | J8: =IF(COUNT(C8:I8)=0,"",SUM(C8:I8)) | K8: ∑
B9: Headcount = 0.25 | J9: =IF(COUNT(C9:I9)=0,"",SUM(C9:I9)) | K9: ∑
B10: Standard Monthly Hours (FTE basis) | J10: =IFERROR(AVERAGE(C10:I10),"") | K10: Avg
B11: Employee FTE (Finance) | C11: =IF(COUNT(C6:C9)=0,"",N(C6)+N(C7)*0.75+N(C8)*0.5+N(C9)*0.25) | D11: =IF(COUNT(D6:D9)=0,"",N(D6)+N(D7)*0.75+N(D8)*0.5+N(D9)*0.25) | E11: =IF(COUNT(E6:E9)=0,"",N(E6)+N(E7)*0.75+N(E8)*0.5+N(E9)*0.25) | F11: =IF(COUNT(F6:F9)=0,"",N(F6)+N(F7)*0.75+N(F8)*0.5+N(F9)*0.25) | G11: =IF(COUNT(G6:G9)=0,"",N(G6)+N(G7)*0.75+N(G8)*0.5+N(G9)*0.25) | H11: =IF(COUNT(H6:H9)=0,"",N(H6)+N(H7)*0.75+N(H8)*0.5+N(H9)*0.25) | I11: =IF(COUNT(I6:I9)=0,"",N(I6)+N(I7)*0.75+N(I8)*0.5+N(I9)*0.25) | J11: =IF(COUNT(J6:J9)=0,"",N(J6)+N(J7)*0.75+N(J8)*0.5+N(J9)*0.25) | K11: FTE | L11: =IF(COUNT(J5:J9)=0,"",N(J6)+N(J7)+N(J8)+N(J9)-N(J5))
B12: Subcontracted Workforce HC | J12: =IF(COUNT(C12:I12)=0,"",SUM(C12:I12)) | K12: ∑
B13: Subcontracted Productive Hours | J13: =IF(COUNT(C13:I13)=0,"",SUM(C13:I13)) | K13: ∑
B14: Subcontracted FTE | C14: =IFERROR(C13/C10,"") | D14: =IFERROR(D13/D10,"") | E14: =IFERROR(E13/E10,"") | F14: =IFERROR(F13/F10,"") | G14: =IFERROR(G13/G10,"") | H14: =IFERROR(H13/H10,"") | I14: =IFERROR(I13/I10,"") | J14: =IF(COUNT(C14:I14)=0,"",SUM(C14:I14)) | K14: FTE
B15: Total Operational Workforce | C15: =IF(COUNT(C5,C12)=0,"",SUM(C5,C12)) | D15: =IF(COUNT(D5,D12)=0,"",SUM(D5,D12)) | E15: =IF(COUNT(E5,E12)=0,"",SUM(E5,E12)) | F15: =IF(COUNT(F5,F12)=0,"",SUM(F5,F12)) | G15: =IF(COUNT(G5,G12)=0,"",SUM(G5,G12)) | H15: =IF(COUNT(H5,H12)=0,"",SUM(H5,H12)) | I15: =IF(COUNT(I5,I12)=0,"",SUM(I5,I12)) | J15: =IF(COUNT(J5,J12)=0,"",SUM(J5,J12)) | K15: ϝ
B16: Total Operational FTE | C16: =IF(COUNT(C11,C14)=0,"",SUM(C11,C14)) | D16: =IF(COUNT(D11,D14)=0,"",SUM(D11,D14)) | E16: =IF(COUNT(E11,E14)=0,"",SUM(E11,E14)) | F16: =IF(COUNT(F11,F14)=0,"",SUM(F11,F14)) | G16: =IF(COUNT(G11,G14)=0,"",SUM(G11,G14)) | H16: =IF(COUNT(H11,H14)=0,"",SUM(H11,H14)) | I16: =IF(COUNT(I11,I14)=0,"",SUM(I11,I14)) | J16: =IF(COUNT(J11,J14)=0,"",SUM(J11,J14)) | K16: FTE
B17: Subcontracted Share of Workforce (%) | C17: =IFERROR(C12/C15,"") | D17: =IFERROR(D12/D15,"") | E17: =IFERROR(E12/E15,"") | F17: =IFERROR(F12/F15,"") | G17: =IFERROR(G12/G15,"") | H17: =IFERROR(H12/H15,"") | I17: =IFERROR(I12/I15,"") | J17: =IFERROR(J12/J15,"") | K17: ϝ
B18: FTE HR Team | J18: =IF(COUNT(C18:I18)=0,"",SUM(C18:I18)) | K18: ∑
B19: Permanent Hires | J19: =IF(COUNT(C19:I19)=0,"",SUM(C19:I19)) | K19: ∑
B20: Temporary Hires | J20: =IF(COUNT(C20:I20)=0,"",SUM(C20:I20)) | K20: ∑
B21: Total Hires | C21: =IF(COUNT(C19:C20)=0,"",SUM(C19:C20)) | D21: =IF(COUNT(D19:D20)=0,"",SUM(D19:D20)) | E21: =IF(COUNT(E19:E20)=0,"",SUM(E19:E20)) | F21: =IF(COUNT(F19:F20)=0,"",SUM(F19:F20)) | G21: =IF(COUNT(G19:G20)=0,"",SUM(G19:G20)) | H21: =IF(COUNT(H19:H20)=0,"",SUM(H19:H20)) | I21: =IF(COUNT(I19:I20)=0,"",SUM(I19:I20)) | J21: =IF(COUNT(J19:J20)=0,"",SUM(J19:J20)) | K21: ϝ
B22: Permanent Exits | J22: =IF(COUNT(C22:I22)=0,"",SUM(C22:I22)) | K22: ∑
B23: Temporary Exits | J23: =IF(COUNT(C23:I23)=0,"",SUM(C23:I23)) | K23: ∑
B24: Total Exits | C24: =IF(COUNT(C22:C23)=0,"",SUM(C22:C23)) | D24: =IF(COUNT(D22:D23)=0,"",SUM(D22:D23)) | E24: =IF(COUNT(E22:E23)=0,"",SUM(E22:E23)) | F24: =IF(COUNT(F22:F23)=0,"",SUM(F22:F23)) | G24: =IF(COUNT(G22:G23)=0,"",SUM(G22:G23)) | H24: =IF(COUNT(H22:H23)=0,"",SUM(H22:H23)) | I24: =IF(COUNT(I22:I23)=0,"",SUM(I22:I23)) | J24: =IF(COUNT(J22:J23)=0,"",SUM(J22:J23)) | K24: ϝ
B25: Permanent Turnover (%) | C25: =IF(COUNT(C31,C32)<2,"",IF((C32+C31)=0,"",N(C22)/((C32+C31)/2))) | D25: =IF(COUNT(D31,D32)<2,"",IF((D32+D31)=0,"",N(D22)/((D32+D31)/2))) | E25: =IF(COUNT(E31,E32)<2,"",IF((E32+E31)=0,"",N(E22)/((E32+E31)/2))) | F25: =IF(COUNT(F31,F32)<2,"",IF((F32+F31)=0,"",N(F22)/((F32+F31)/2))) | G25: =IF(COUNT(G31,G32)<2,"",IF((G32+G31)=0,"",N(G22)/((G32+G31)/2))) | H25: =IF(COUNT(H31,H32)<2,"",IF((H32+H31)=0,"",N(H22)/((H32+H31)/2))) | I25: =IF(COUNT(I31,I32)<2,"",IF((I32+I31)=0,"",N(I22)/((I32+I31)/2))) | J25: =IF(COUNT(J31,J32)<2,"",IF((J32+J31)=0,"",N(J22)/((J32+J31)/2))) | K25: ϝ
B26: Temporary Turnover (%) | C26: =IF(COUNT(C31,C32)<2,"",IF((C32+C31)=0,"",N(C23)/((C32+C31)/2))) | D26: =IF(COUNT(D31,D32)<2,"",IF((D32+D31)=0,"",N(D23)/((D32+D31)/2))) | E26: =IF(COUNT(E31,E32)<2,"",IF((E32+E31)=0,"",N(E23)/((E32+E31)/2))) | F26: =IF(COUNT(F31,F32)<2,"",IF((F32+F31)=0,"",N(F23)/((F32+F31)/2))) | G26: =IF(COUNT(G31,G32)<2,"",IF((G32+G31)=0,"",N(G23)/((G32+G31)/2))) | H26: =IF(COUNT(H31,H32)<2,"",IF((H32+H31)=0,"",N(H23)/((H32+H31)/2))) | I26: =IF(COUNT(I31,I32)<2,"",IF((I32+I31)=0,"",N(I23)/((I32+I31)/2))) | J26: =IF(COUNT(J31,J32)<2,"",IF((J32+J31)=0,"",N(J23)/((J32+J31)/2))) | K26: ϝ
B27: Voluntary Terminations | J27: =IF(COUNT(C27:I27)=0,"",SUM(C27:I27)) | K27: ∑
B28: Involuntary Terminations | J28: =IF(COUNT(C28:I28)=0,"",SUM(C28:I28)) | K28: ∑
B29: Voluntary Turnover (%) | C29: =IF(COUNT(C31,C32)<2,"",IF((C32+C31)=0,"",N(C27)/((C32+C31)/2))) | D29: =IF(COUNT(D31,D32)<2,"",IF((D32+D31)=0,"",N(D27)/((D32+D31)/2))) | E29: =IF(COUNT(E31,E32)<2,"",IF((E32+E31)=0,"",N(E27)/((E32+E31)/2))) | F29: =IF(COUNT(F31,F32)<2,"",IF((F32+F31)=0,"",N(F27)/((F32+F31)/2))) | G29: =IF(COUNT(G31,G32)<2,"",IF((G32+G31)=0,"",N(G27)/((G32+G31)/2))) | H29: =IF(COUNT(H31,H32)<2,"",IF((H32+H31)=0,"",N(H27)/((H32+H31)/2))) | I29: =IF(COUNT(I31,I32)<2,"",IF((I32+I31)=0,"",N(I27)/((I32+I31)/2))) | J29: =IF(COUNT(J31,J32)<2,"",IF((J32+J31)=0,"",N(J27)/((J32+J31)/2))) | K29: ϝ
B30: Involuntary Turnover (%) | C30: =IF(COUNT(C31,C32)<2,"",IF((C32+C31)=0,"",N(C28)/((C32+C31)/2))) | D30: =IF(COUNT(D31,D32)<2,"",IF((D32+D31)=0,"",N(D28)/((D32+D31)/2))) | E30: =IF(COUNT(E31,E32)<2,"",IF((E32+E31)=0,"",N(E28)/((E32+E31)/2))) | F30: =IF(COUNT(F31,F32)<2,"",IF((F32+F31)=0,"",N(F28)/((F32+F31)/2))) | G30: =IF(COUNT(G31,G32)<2,"",IF((G32+G31)=0,"",N(G28)/((G32+G31)/2))) | H30: =IF(COUNT(H31,H32)<2,"",IF((H32+H31)=0,"",N(H28)/((H32+H31)/2))) | I30: =IF(COUNT(I31,I32)<2,"",IF((I32+I31)=0,"",N(I28)/((I32+I31)/2))) | J30: =IF(COUNT(J31,J32)<2,"",IF((J32+J31)=0,"",N(J28)/((J32+J31)/2))) | K30: ϝ
B31: Headcount last Month | J31: =IF(COUNT(C31:I31)=0,"",SUM(C31:I31)) | K31: ∑
B32: Headcount this Month | C32: =IF(C5="","",C5) | D32: =IF(D5="","",D5) | E32: =IF(E5="","",E5) | F32: =IF(F5="","",F5) | G32: =IF(G5="","",G5) | H32: =IF(H5="","",H5) | I32: =IF(I5="","",I5) | J32: =IF(COUNT(C32:I32)=0,"",SUM(C32:I32)) | K32: ∑
B33: Full Turnover (%) | C33: =IF(COUNT(C31,C32)<2,"",IF((C32+C31)=0,"",N(C24)/((C32+C31)/2))) | D33: =IF(COUNT(D31,D32)<2,"",IF((D32+D31)=0,"",N(D24)/((D32+D31)/2))) | E33: =IF(COUNT(E31,E32)<2,"",IF((E32+E31)=0,"",N(E24)/((E32+E31)/2))) | F33: =IF(COUNT(F31,F32)<2,"",IF((F32+F31)=0,"",N(F24)/((F32+F31)/2))) | G33: =IF(COUNT(G31,G32)<2,"",IF((G32+G31)=0,"",N(G24)/((G32+G31)/2))) | H33: =IF(COUNT(H31,H32)<2,"",IF((H32+H31)=0,"",N(H24)/((H32+H31)/2))) | I33: =IF(COUNT(I31,I32)<2,"",IF((I32+I31)=0,"",N(I24)/((I32+I31)/2))) | J33: =IF(COUNT(J31,J32)<2,"",IF((J32+J31)=0,"",N(J24)/((J32+J31)/2))) | K33: ϝ
B34: Permanent Vacancies | J34: =IF(COUNT(C34:I34)=0,"",SUM(C34:I34)) | K34: ∑
B35: Temporary Vacancies | J35: =IF(COUNT(C35:I35)=0,"",SUM(C35:I35)) | K35: ∑
B36: Total Vacancies | C36: =IF(COUNT(C34:C35)=0,"",SUM(C34:C35)) | D36: =IF(COUNT(D34:D35)=0,"",SUM(D34:D35)) | E36: =IF(COUNT(E34:E35)=0,"",SUM(E34:E35)) | F36: =IF(COUNT(F34:F35)=0,"",SUM(F34:F35)) | G36: =IF(COUNT(G34:G35)=0,"",SUM(G34:G35)) | H36: =IF(COUNT(H34:H35)=0,"",SUM(H34:H35)) | I36: =IF(COUNT(I34:I35)=0,"",SUM(I34:I35)) | J36: =IF(COUNT(J34:J35)=0,"",SUM(J34:J35)) | K36: ϝ
B37: Authorized Positions | C37: =IF(COUNT(C5,C36)=0,"",N(C5)+N(C36)) | D37: =IF(COUNT(D5,D36)=0,"",N(D5)+N(D36)) | E37: =IF(COUNT(E5,E36)=0,"",N(E5)+N(E36)) | F37: =IF(COUNT(F5,F36)=0,"",N(F5)+N(F36)) | G37: =IF(COUNT(G5,G36)=0,"",N(G5)+N(G36)) | H37: =IF(COUNT(H5,H36)=0,"",N(H5)+N(H36)) | I37: =IF(COUNT(I5,I36)=0,"",N(I5)+N(I36)) | J37: =IF(COUNT(J5,J36)=0,"",N(J5)+N(J36)) | K37: ϝ
B38: Vacancy Rate (%) | C38: =IFERROR(C36/C37,"") | D38: =IFERROR(D36/D37,"") | E38: =IFERROR(E36/E37,"") | F38: =IFERROR(F36/F37,"") | G38: =IFERROR(G36/G37,"") | H38: =IFERROR(H36/H37,"") | I38: =IFERROR(I36/I37,"") | J38: =IFERROR(J36/J37,"") | K38: ϝ
B39: Permanent TimeToHire (Days) YTD | C39: =IF('(GCG_ATG)'!$AB$4="","",'(GCG_ATG)'!$AB$4) | D39: =IF('(GCG_GCM)'!$AB$4="","",'(GCG_GCM)'!$AB$4) | E39: =IF('(Ground_JAM)'!$AB$4="","",'(Ground_JAM)'!$AB$4) | F39: =IF('(GCG_JAM)'!$AB$4="","",'(GCG_JAM)'!$AB$4) | G39: =IF('(Ground_LCA)'!$AB$4="","",'(Ground_LCA)'!$AB$4) | H39: =IF('(GCG_LCA)'!$AB$4="","",'(GCG_LCA)'!$AB$4) | I39: =IF('(Ground_STT)'!$AB$4="","",'(Ground_STT)'!$AB$4) | J39: =IFERROR(AVERAGE(C39:I39),"") | K39: Avg
B40: Temporary TimeToHire (Days) YTD | C40: =IF('(GCG_ATG)'!$AD$4="","",'(GCG_ATG)'!$AD$4) | D40: =IF('(GCG_GCM)'!$AD$4="","",'(GCG_GCM)'!$AD$4) | E40: =IF('(Ground_JAM)'!$AD$4="","",'(Ground_JAM)'!$AD$4) | F40: =IF('(GCG_JAM)'!$AD$4="","",'(GCG_JAM)'!$AD$4) | G40: =IF('(Ground_LCA)'!$AD$4="","",'(Ground_LCA)'!$AD$4) | H40: =IF('(GCG_LCA)'!$AD$4="","",'(GCG_LCA)'!$AD$4) | I40: =IF('(Ground_STT)'!$AD$4="","",'(Ground_STT)'!$AD$4) | J40: =IFERROR(AVERAGE(C40:I40),"") | K40: Avg
B41: Check-ins Rate Completed (%) | J41: =IFERROR(AVERAGE(C41:I41),"") | K41: Avg
B42: EE Objectives Completed (#) | J42: =IF(COUNT(C42:I42)=0,"",SUM(C42:I42)) | K42: ∑
B43: Non-certified Absent (Days Lost) | J43: =IF(COUNT(C43:I43)=0,"",SUM(C43:I43)) | K43: ∑
B44: Certified sick leave (Days Lost) | J44: =IF(COUNT(C44:I44)=0,"",SUM(C44:I44)) | K44: ∑
B45: Total Absences | C45: =IF(COUNT(C43:C44)=0,"",SUM(C43:C44)) | D45: =IF(COUNT(D43:D44)=0,"",SUM(D43:D44)) | E45: =IF(COUNT(E43:E44)=0,"",SUM(E43:E44)) | F45: =IF(COUNT(F43:F44)=0,"",SUM(F43:F44)) | G45: =IF(COUNT(G43:G44)=0,"",SUM(G43:G44)) | H45: =IF(COUNT(H43:H44)=0,"",SUM(H43:H44)) | I45: =IF(COUNT(I43:I44)=0,"",SUM(I43:I44)) | J45: =IF(COUNT(J43:J44)=0,"",SUM(J43:J44)) | K45: ϝ
B46: Absent Rate Non-Certified (%) | C46: =IF('(GCG_ATG)'!$G$4="","",'(GCG_ATG)'!$G$4) | D46: =IF('(GCG_GCM)'!$G$4="","",'(GCG_GCM)'!$G$4) | E46: =IF('(Ground_JAM)'!$G$4="","",'(Ground_JAM)'!$G$4) | F46: =IF('(GCG_JAM)'!$G$4="","",'(GCG_JAM)'!$G$4) | G46: =IF('(Ground_LCA)'!$G$4="","",'(Ground_LCA)'!$G$4) | H46: =IF('(GCG_LCA)'!$G$4="","",'(GCG_LCA)'!$G$4) | I46: =IF('(Ground_STT)'!$G$4="","",'(Ground_STT)'!$G$4) | J46: {=IF(COUNT(C46:I46)=0,"",IFERROR(SUMPRODUCT(IFERROR(C46:I46*((C3:I3)+(C4:I4)),0))/SUMPRODUCT(IFERROR(ISNUMBER(C46:I46)*((C3:I3)+(C4:I4)),0)),""))} | K46: Weighted
B47: Absent Rate Certified (%) | C47: =IF('(GCG_ATG)'!$O$4="","",'(GCG_ATG)'!$O$4) | D47: =IF('(GCG_GCM)'!$O$4="","",'(GCG_GCM)'!$O$4) | E47: =IF('(Ground_JAM)'!$O$4="","",'(Ground_JAM)'!$O$4) | F47: =IF('(GCG_JAM)'!$O$4="","",'(GCG_JAM)'!$O$4) | G47: =IF('(Ground_LCA)'!$O$4="","",'(Ground_LCA)'!$O$4) | H47: =IF('(GCG_LCA)'!$O$4="","",'(GCG_LCA)'!$O$4) | I47: =IF('(Ground_STT)'!$O$4="","",'(Ground_STT)'!$O$4) | J47: {=IF(COUNT(C47:I47)=0,"",IFERROR(SUMPRODUCT(IFERROR(C47:I47*((C3:I3)+(C4:I4)),0))/SUMPRODUCT(IFERROR(ISNUMBER(C47:I47)*((C3:I3)+(C4:I4)),0)),""))} | K47: Weighted
B48: Absent Rate Total (%) | C48: =IF(COUNT(C46:C47)=0,"",SUM(C46:C47)) | D48: =IF(COUNT(D46:D47)=0,"",SUM(D46:D47)) | E48: =IF(COUNT(E46:E47)=0,"",SUM(E46:E47)) | F48: =IF(COUNT(F46:F47)=0,"",SUM(F46:F47)) | G48: =IF(COUNT(G46:G47)=0,"",SUM(G46:G47)) | H48: =IF(COUNT(H46:H47)=0,"",SUM(H46:H47)) | I48: =IF(COUNT(I46:I47)=0,"",SUM(I46:I47)) | J48: =IF(COUNT(J46:J47)=0,"",SUM(J46:J47)) | K48: Weighted
B49: Weight factor | C49: =IFERROR(C5/$J5,"") | D49: =IFERROR(D5/$J5,"") | E49: =IFERROR(E5/$J5,"") | F49: =IFERROR(F5/$J5,"") | G49: =IFERROR(G5/$J5,"") | H49: =IFERROR(H5/$J5,"") | I49: =IFERROR(I5/$J5,"") | J49: =IF(COUNT(C49:I49)=0,"",SUM(C49:I49)) | K49: Weight Factor
B50: Leadership (Hours) | J50: =IF(COUNT(C50:I50)=0,"",SUM(C50:I50)) | K50: ∑
B51: Technical (Hours) | J51: =IF(COUNT(C51:I51)=0,"",SUM(C51:I51)) | K51: ∑
B52: Professional Develop. (Hours) | J52: =IF(COUNT(C52:I52)=0,"",SUM(C52:I52)) | K52: ∑
B53: HSSE (Hours) | J53: =IF(COUNT(C53:I53)=0,"",SUM(C53:I53)) | K53: ∑
B54: Workday (Hours) | J54: =IF(COUNT(C54:I54)=0,"",SUM(C54:I54)) | K54: ∑
B55: Total Training Hours | C55: =IF(COUNT(C50:C54)=0,"",SUM(C50:C54)) | D55: =IF(COUNT(D50:D54)=0,"",SUM(D50:D54)) | E55: =IF(COUNT(E50:E54)=0,"",SUM(E50:E54)) | F55: =IF(COUNT(F50:F54)=0,"",SUM(F50:F54)) | G55: =IF(COUNT(G50:G54)=0,"",SUM(G50:G54)) | H55: =IF(COUNT(H50:H54)=0,"",SUM(H50:H54)) | I55: =IF(COUNT(I50:I54)=0,"",SUM(I50:I54)) | J55: =IF(COUNT(J50:J54)=0,"",SUM(J50:J54)) | K55: ϝ
B56: Total Trained (Staff) | J56: =IF(COUNT(C56:I56)=0,"",SUM(C56:I56)) | K56: ∑
B57: Training Programs (#) | J57: =IF(COUNT(C57:I57)=0,"",SUM(C57:I57)) | K57: ∑
B58: Training Cost (USD) | J58: =IF(COUNT(C58:I58)=0,"",SUM(C58:I58)) | K58: ∑
B59: Training Travel Cost (USD) | J59: =IF(COUNT(C59:I59)=0,"",SUM(C59:I59)) | K59: ∑
B60: Leadership Hours Trained (%) | C60: =IFERROR(C50/C$55,"") | D60: =IFERROR(D50/D$55,"") | E60: =IFERROR(E50/E$55,"") | F60: =IFERROR(F50/F$55,"") | G60: =IFERROR(G50/G$55,"") | H60: =IFERROR(H50/H$55,"") | I60: =IFERROR(I50/I$55,"") | J60: =IFERROR(J50/J$55,"") | K60: ϝ
B61: Technical Hours Trained (%) | C61: =IFERROR(C51/C$55,"") | D61: =IFERROR(D51/D$55,"") | E61: =IFERROR(E51/E$55,"") | F61: =IFERROR(F51/F$55,"") | G61: =IFERROR(G51/G$55,"") | H61: =IFERROR(H51/H$55,"") | I61: =IFERROR(I51/I$55,"") | J61: =IFERROR(J51/J$55,"") | K61: ϝ
B62: Profess. Dev. Hours Trained (%) | C62: =IFERROR(C52/C$55,"") | D62: =IFERROR(D52/D$55,"") | E62: =IFERROR(E52/E$55,"") | F62: =IFERROR(F52/F$55,"") | G62: =IFERROR(G52/G$55,"") | H62: =IFERROR(H52/H$55,"") | I62: =IFERROR(I52/I$55,"") | J62: =IFERROR(J52/J$55,"") | K62: ϝ
B63: HSSE Hours Trained (%) | C63: =IFERROR(C53/C$55,"") | D63: =IFERROR(D53/D$55,"") | E63: =IFERROR(E53/E$55,"") | F63: =IFERROR(F53/F$55,"") | G63: =IFERROR(G53/G$55,"") | H63: =IFERROR(H53/H$55,"") | I63: =IFERROR(I53/I$55,"") | J63: =IFERROR(J53/J$55,"") | K63: ϝ
B64: Workday Hours Trained (%) | C64: =IFERROR(C54/C$55,"") | D64: =IFERROR(D54/D$55,"") | E64: =IFERROR(E54/E$55,"") | F64: =IFERROR(F54/F$55,"") | G64: =IFERROR(G54/G$55,"") | H64: =IFERROR(H54/H$55,"") | I64: =IFERROR(I54/I$55,"") | J64: =IFERROR(J54/J$55,"") | K64: ϝ
B65: Staff Trained (%) | C65: =IFERROR(C56/C5,"") | D65: =IFERROR(D56/D5,"") | E65: =IFERROR(E56/E5,"") | F65: =IFERROR(F56/F5,"") | G65: =IFERROR(G56/G5,"") | H65: =IFERROR(H56/H5,"") | I65: =IFERROR(I56/I5,"") | J65: =IFERROR(J56/J5,"") | K65: ϝ
B66: Training Hours / EE | C66: =IFERROR(C55/C5,"") | D66: =IFERROR(D55/D5,"") | E66: =IFERROR(E55/E5,"") | F66: =IFERROR(F55/F5,"") | G66: =IFERROR(G55/G5,"") | H66: =IFERROR(H55/H5,"") | I66: =IFERROR(I55/I5,"") | J66: =IFERROR(J55/J5,"") | K66: ϝ
B67: Training Hours / EE Trained | C67: =IFERROR(C55/C56,"") | D67: =IFERROR(D55/D56,"") | E67: =IFERROR(E55/E56,"") | F67: =IFERROR(F55/F56,"") | G67: =IFERROR(G55/G56,"") | H67: =IFERROR(H55/H56,"") | I67: =IFERROR(I55/I56,"") | J67: =IFERROR(J55/J56,"") | K67: ϝ
B68: Training Invest. / EE (USD) | C68: =IF(COUNT(C58:C59)=0,"",IFERROR((N(C58)+N(C59))/C5,"")) | D68: =IF(COUNT(D58:D59)=0,"",IFERROR((N(D58)+N(D59))/D5,"")) | E68: =IF(COUNT(E58:E59)=0,"",IFERROR((N(E58)+N(E59))/E5,"")) | F68: =IF(COUNT(F58:F59)=0,"",IFERROR((N(F58)+N(F59))/F5,"")) | G68: =IF(COUNT(G58:G59)=0,"",IFERROR((N(G58)+N(G59))/G5,"")) | H68: =IF(COUNT(H58:H59)=0,"",IFERROR((N(H58)+N(H59))/H5,"")) | I68: =IF(COUNT(I58:I59)=0,"",IFERROR((N(I58)+N(I59))/I5,"")) | J68: =IF(COUNT(J58:J59)=0,"",IFERROR((N(J58)+N(J59))/J5,"")) | K68: ϝ
B69: Training Invest. / EE Trained (USD) | C69: =IF(COUNT(C58:C59)=0,"",IFERROR((N(C58)+N(C59))/C56,"")) | D69: =IF(COUNT(D58:D59)=0,"",IFERROR((N(D58)+N(D59))/D56,"")) | E69: =IF(COUNT(E58:E59)=0,"",IFERROR((N(E58)+N(E59))/E56,"")) | F69: =IF(COUNT(F58:F59)=0,"",IFERROR((N(F58)+N(F59))/F56,"")) | G69: =IF(COUNT(G58:G59)=0,"",IFERROR((N(G58)+N(G59))/G56,"")) | H69: =IF(COUNT(H58:H59)=0,"",IFERROR((N(H58)+N(H59))/H56,"")) | I69: =IF(COUNT(I58:I59)=0,"",IFERROR((N(I58)+N(I59))/I56,"")) | J69: =IF(COUNT(J58:J59)=0,"",IFERROR((N(J58)+N(J59))/J56,"")) | K69: ϝ
B70: Input Cells Not Submitted | C70: =COUNTBLANK(C3:C4)+COUNTBLANK(C6:C10)+COUNTBLANK(C12:C13)+COUNTBLANK(C18:C20)+COUNTBLANK(C22:C23)+COUNTBLANK(C27:C28)+COUNTBLANK(C34:C35)+COUNTBLANK(C39:C44)+COUNTBLANK(C46:C47)+COUNTBLANK(C50:C54)+COUNTBLANK(C56:C59) | D70: =COUNTBLANK(D3:D4)+COUNTBLANK(D6:D10)+COUNTBLANK(D12:D13)+COUNTBLANK(D18:D20)+COUNTBLANK(D22:D23)+COUNTBLANK(D27:D28)+COUNTBLANK(D34:D35)+COUNTBLANK(D39:D44)+COUNTBLANK(D46:D47)+COUNTBLANK(D50:D54)+COUNTBLANK(D56:D59) | E70: =COUNTBLANK(E3:E4)+COUNTBLANK(E6:E10)+COUNTBLANK(E12:E13)+COUNTBLANK(E18:E20)+COUNTBLANK(E22:E23)+COUNTBLANK(E27:E28)+COUNTBLANK(E34:E35)+COUNTBLANK(E39:E44)+COUNTBLANK(E46:E47)+COUNTBLANK(E50:E54)+COUNTBLANK(E56:E59) | F70: =COUNTBLANK(F3:F4)+COUNTBLANK(F6:F10)+COUNTBLANK(F12:F13)+COUNTBLANK(F18:F20)+COUNTBLANK(F22:F23)+COUNTBLANK(F27:F28)+COUNTBLANK(F34:F35)+COUNTBLANK(F39:F44)+COUNTBLANK(F46:F47)+COUNTBLANK(F50:F54)+COUNTBLANK(F56:F59) | G70: =COUNTBLANK(G3:G4)+COUNTBLANK(G6:G10)+COUNTBLANK(G12:G13)+COUNTBLANK(G18:G20)+COUNTBLANK(G22:G23)+COUNTBLANK(G27:G28)+COUNTBLANK(G34:G35)+COUNTBLANK(G39:G44)+COUNTBLANK(G46:G47)+COUNTBLANK(G50:G54)+COUNTBLANK(G56:G59) | H70: =COUNTBLANK(H3:H4)+COUNTBLANK(H6:H10)+COUNTBLANK(H12:H13)+COUNTBLANK(H18:H20)+COUNTBLANK(H22:H23)+COUNTBLANK(H27:H28)+COUNTBLANK(H34:H35)+COUNTBLANK(H39:H44)+COUNTBLANK(H46:H47)+COUNTBLANK(H50:H54)+COUNTBLANK(H56:H59) | I70: =COUNTBLANK(I3:I4)+COUNTBLANK(I6:I10)+COUNTBLANK(I12:I13)+COUNTBLANK(I18:I20)+COUNTBLANK(I22:I23)+COUNTBLANK(I27:I28)+COUNTBLANK(I34:I35)+COUNTBLANK(I39:I44)+COUNTBLANK(I46:I47)+COUNTBLANK(I50:I54)+COUNTBLANK(I56:I59) | J70: =SUM(C70:I70) | K70: ∑

Sheet NOV
B1: GCG NORTH CARIBBEAN | C1: 1062 | D1: 1075 | E1: 1044 | F1: 1066 | G1: 1158 | H1: 1067 | I1: 1046
A2: =VALUE(TEXT(EDATE(DATE(LEFT(OCT!A2,4),RIGHT(OCT!A2,2),1),1),"yyyymm")) | B2: NOV | C2: GCG Antigua | D2: GCG Grand Cayman | E2: GCG Aviation Ground Jamaica | F2: GCG Jamaica | G2: GCG Aviation Ground Saint Lucia | H2: GCG Saint Lucia | I2: GCG Ground Saint Thomas | J2: TOTAL | K2: Total by Division | L2: =N(L11)<>0
A3: =+A2 | B3: Permanent (Regular) Headcount | J3: =IF(COUNT(C3:I3)=0,"",SUM(C3:I3)) | K3: ∑
B4: Temporary (Fix Term) Headcount | J4: =IF(COUNT(C4:I4)=0,"",SUM(C4:I4)) | K4: ∑
B5: Employee Headcount (Productivity) | C5: =IF(COUNT(C3:C4)=0,"",SUM(C3:C4)) | D5: =IF(COUNT(D3:D4)=0,"",SUM(D3:D4)) | E5: =IF(COUNT(E3:E4)=0,"",SUM(E3:E4)) | F5: =IF(COUNT(F3:F4)=0,"",SUM(F3:F4)) | G5: =IF(COUNT(G3:G4)=0,"",SUM(G3:G4)) | H5: =IF(COUNT(H3:H4)=0,"",SUM(H3:H4)) | I5: =IF(COUNT(I3:I4)=0,"",SUM(I3:I4)) | J5: =IF(COUNT(J3:J4)=0,"",SUM(J3:J4)) | K5: ϝ
B6: Headcount = 1.00 | J6: =IF(COUNT(C6:I6)=0,"",SUM(C6:I6)) | K6: ∑
B7: Headcount = 0.75 | J7: =IF(COUNT(C7:I7)=0,"",SUM(C7:I7)) | K7: ∑
B8: Headcount = 0.50 | J8: =IF(COUNT(C8:I8)=0,"",SUM(C8:I8)) | K8: ∑
B9: Headcount = 0.25 | J9: =IF(COUNT(C9:I9)=0,"",SUM(C9:I9)) | K9: ∑
B10: Standard Monthly Hours (FTE basis) | J10: =IFERROR(AVERAGE(C10:I10),"") | K10: Avg
B11: Employee FTE (Finance) | C11: =IF(COUNT(C6:C9)=0,"",N(C6)+N(C7)*0.75+N(C8)*0.5+N(C9)*0.25) | D11: =IF(COUNT(D6:D9)=0,"",N(D6)+N(D7)*0.75+N(D8)*0.5+N(D9)*0.25) | E11: =IF(COUNT(E6:E9)=0,"",N(E6)+N(E7)*0.75+N(E8)*0.5+N(E9)*0.25) | F11: =IF(COUNT(F6:F9)=0,"",N(F6)+N(F7)*0.75+N(F8)*0.5+N(F9)*0.25) | G11: =IF(COUNT(G6:G9)=0,"",N(G6)+N(G7)*0.75+N(G8)*0.5+N(G9)*0.25) | H11: =IF(COUNT(H6:H9)=0,"",N(H6)+N(H7)*0.75+N(H8)*0.5+N(H9)*0.25) | I11: =IF(COUNT(I6:I9)=0,"",N(I6)+N(I7)*0.75+N(I8)*0.5+N(I9)*0.25) | J11: =IF(COUNT(J6:J9)=0,"",N(J6)+N(J7)*0.75+N(J8)*0.5+N(J9)*0.25) | K11: FTE | L11: =IF(COUNT(J5:J9)=0,"",N(J6)+N(J7)+N(J8)+N(J9)-N(J5))
B12: Subcontracted Workforce HC | J12: =IF(COUNT(C12:I12)=0,"",SUM(C12:I12)) | K12: ∑
B13: Subcontracted Productive Hours | J13: =IF(COUNT(C13:I13)=0,"",SUM(C13:I13)) | K13: ∑
B14: Subcontracted FTE | C14: =IFERROR(C13/C10,"") | D14: =IFERROR(D13/D10,"") | E14: =IFERROR(E13/E10,"") | F14: =IFERROR(F13/F10,"") | G14: =IFERROR(G13/G10,"") | H14: =IFERROR(H13/H10,"") | I14: =IFERROR(I13/I10,"") | J14: =IF(COUNT(C14:I14)=0,"",SUM(C14:I14)) | K14: FTE
B15: Total Operational Workforce | C15: =IF(COUNT(C5,C12)=0,"",SUM(C5,C12)) | D15: =IF(COUNT(D5,D12)=0,"",SUM(D5,D12)) | E15: =IF(COUNT(E5,E12)=0,"",SUM(E5,E12)) | F15: =IF(COUNT(F5,F12)=0,"",SUM(F5,F12)) | G15: =IF(COUNT(G5,G12)=0,"",SUM(G5,G12)) | H15: =IF(COUNT(H5,H12)=0,"",SUM(H5,H12)) | I15: =IF(COUNT(I5,I12)=0,"",SUM(I5,I12)) | J15: =IF(COUNT(J5,J12)=0,"",SUM(J5,J12)) | K15: ϝ
B16: Total Operational FTE | C16: =IF(COUNT(C11,C14)=0,"",SUM(C11,C14)) | D16: =IF(COUNT(D11,D14)=0,"",SUM(D11,D14)) | E16: =IF(COUNT(E11,E14)=0,"",SUM(E11,E14)) | F16: =IF(COUNT(F11,F14)=0,"",SUM(F11,F14)) | G16: =IF(COUNT(G11,G14)=0,"",SUM(G11,G14)) | H16: =IF(COUNT(H11,H14)=0,"",SUM(H11,H14)) | I16: =IF(COUNT(I11,I14)=0,"",SUM(I11,I14)) | J16: =IF(COUNT(J11,J14)=0,"",SUM(J11,J14)) | K16: FTE
B17: Subcontracted Share of Workforce (%) | C17: =IFERROR(C12/C15,"") | D17: =IFERROR(D12/D15,"") | E17: =IFERROR(E12/E15,"") | F17: =IFERROR(F12/F15,"") | G17: =IFERROR(G12/G15,"") | H17: =IFERROR(H12/H15,"") | I17: =IFERROR(I12/I15,"") | J17: =IFERROR(J12/J15,"") | K17: ϝ
B18: FTE HR Team | J18: =IF(COUNT(C18:I18)=0,"",SUM(C18:I18)) | K18: ∑
B19: Permanent Hires | J19: =IF(COUNT(C19:I19)=0,"",SUM(C19:I19)) | K19: ∑
B20: Temporary Hires | J20: =IF(COUNT(C20:I20)=0,"",SUM(C20:I20)) | K20: ∑
B21: Total Hires | C21: =IF(COUNT(C19:C20)=0,"",SUM(C19:C20)) | D21: =IF(COUNT(D19:D20)=0,"",SUM(D19:D20)) | E21: =IF(COUNT(E19:E20)=0,"",SUM(E19:E20)) | F21: =IF(COUNT(F19:F20)=0,"",SUM(F19:F20)) | G21: =IF(COUNT(G19:G20)=0,"",SUM(G19:G20)) | H21: =IF(COUNT(H19:H20)=0,"",SUM(H19:H20)) | I21: =IF(COUNT(I19:I20)=0,"",SUM(I19:I20)) | J21: =IF(COUNT(J19:J20)=0,"",SUM(J19:J20)) | K21: ϝ
B22: Permanent Exits | J22: =IF(COUNT(C22:I22)=0,"",SUM(C22:I22)) | K22: ∑
B23: Temporary Exits | J23: =IF(COUNT(C23:I23)=0,"",SUM(C23:I23)) | K23: ∑
B24: Total Exits | C24: =IF(COUNT(C22:C23)=0,"",SUM(C22:C23)) | D24: =IF(COUNT(D22:D23)=0,"",SUM(D22:D23)) | E24: =IF(COUNT(E22:E23)=0,"",SUM(E22:E23)) | F24: =IF(COUNT(F22:F23)=0,"",SUM(F22:F23)) | G24: =IF(COUNT(G22:G23)=0,"",SUM(G22:G23)) | H24: =IF(COUNT(H22:H23)=0,"",SUM(H22:H23)) | I24: =IF(COUNT(I22:I23)=0,"",SUM(I22:I23)) | J24: =IF(COUNT(J22:J23)=0,"",SUM(J22:J23)) | K24: ϝ
B25: Permanent Turnover (%) | C25: =IF(COUNT(C31,C32)<2,"",IF((C32+C31)=0,"",N(C22)/((C32+C31)/2))) | D25: =IF(COUNT(D31,D32)<2,"",IF((D32+D31)=0,"",N(D22)/((D32+D31)/2))) | E25: =IF(COUNT(E31,E32)<2,"",IF((E32+E31)=0,"",N(E22)/((E32+E31)/2))) | F25: =IF(COUNT(F31,F32)<2,"",IF((F32+F31)=0,"",N(F22)/((F32+F31)/2))) | G25: =IF(COUNT(G31,G32)<2,"",IF((G32+G31)=0,"",N(G22)/((G32+G31)/2))) | H25: =IF(COUNT(H31,H32)<2,"",IF((H32+H31)=0,"",N(H22)/((H32+H31)/2))) | I25: =IF(COUNT(I31,I32)<2,"",IF((I32+I31)=0,"",N(I22)/((I32+I31)/2))) | J25: =IF(COUNT(J31,J32)<2,"",IF((J32+J31)=0,"",N(J22)/((J32+J31)/2))) | K25: ϝ
B26: Temporary Turnover (%) | C26: =IF(COUNT(C31,C32)<2,"",IF((C32+C31)=0,"",N(C23)/((C32+C31)/2))) | D26: =IF(COUNT(D31,D32)<2,"",IF((D32+D31)=0,"",N(D23)/((D32+D31)/2))) | E26: =IF(COUNT(E31,E32)<2,"",IF((E32+E31)=0,"",N(E23)/((E32+E31)/2))) | F26: =IF(COUNT(F31,F32)<2,"",IF((F32+F31)=0,"",N(F23)/((F32+F31)/2))) | G26: =IF(COUNT(G31,G32)<2,"",IF((G32+G31)=0,"",N(G23)/((G32+G31)/2))) | H26: =IF(COUNT(H31,H32)<2,"",IF((H32+H31)=0,"",N(H23)/((H32+H31)/2))) | I26: =IF(COUNT(I31,I32)<2,"",IF((I32+I31)=0,"",N(I23)/((I32+I31)/2))) | J26: =IF(COUNT(J31,J32)<2,"",IF((J32+J31)=0,"",N(J23)/((J32+J31)/2))) | K26: ϝ
B27: Voluntary Terminations | J27: =IF(COUNT(C27:I27)=0,"",SUM(C27:I27)) | K27: ∑
B28: Involuntary Terminations | J28: =IF(COUNT(C28:I28)=0,"",SUM(C28:I28)) | K28: ∑
B29: Voluntary Turnover (%) | C29: =IF(COUNT(C31,C32)<2,"",IF((C32+C31)=0,"",N(C27)/((C32+C31)/2))) | D29: =IF(COUNT(D31,D32)<2,"",IF((D32+D31)=0,"",N(D27)/((D32+D31)/2))) | E29: =IF(COUNT(E31,E32)<2,"",IF((E32+E31)=0,"",N(E27)/((E32+E31)/2))) | F29: =IF(COUNT(F31,F32)<2,"",IF((F32+F31)=0,"",N(F27)/((F32+F31)/2))) | G29: =IF(COUNT(G31,G32)<2,"",IF((G32+G31)=0,"",N(G27)/((G32+G31)/2))) | H29: =IF(COUNT(H31,H32)<2,"",IF((H32+H31)=0,"",N(H27)/((H32+H31)/2))) | I29: =IF(COUNT(I31,I32)<2,"",IF((I32+I31)=0,"",N(I27)/((I32+I31)/2))) | J29: =IF(COUNT(J31,J32)<2,"",IF((J32+J31)=0,"",N(J27)/((J32+J31)/2))) | K29: ϝ
B30: Involuntary Turnover (%) | C30: =IF(COUNT(C31,C32)<2,"",IF((C32+C31)=0,"",N(C28)/((C32+C31)/2))) | D30: =IF(COUNT(D31,D32)<2,"",IF((D32+D31)=0,"",N(D28)/((D32+D31)/2))) | E30: =IF(COUNT(E31,E32)<2,"",IF((E32+E31)=0,"",N(E28)/((E32+E31)/2))) | F30: =IF(COUNT(F31,F32)<2,"",IF((F32+F31)=0,"",N(F28)/((F32+F31)/2))) | G30: =IF(COUNT(G31,G32)<2,"",IF((G32+G31)=0,"",N(G28)/((G32+G31)/2))) | H30: =IF(COUNT(H31,H32)<2,"",IF((H32+H31)=0,"",N(H28)/((H32+H31)/2))) | I30: =IF(COUNT(I31,I32)<2,"",IF((I32+I31)=0,"",N(I28)/((I32+I31)/2))) | J30: =IF(COUNT(J31,J32)<2,"",IF((J32+J31)=0,"",N(J28)/((J32+J31)/2))) | K30: ϝ
B31: Headcount last Month | C31: =IF(OCT!C5="","",OCT!C5) | D31: =IF(OCT!D5="","",OCT!D5) | E31: =IF(OCT!E5="","",OCT!E5) | F31: =IF(OCT!F5="","",OCT!F5) | G31: =IF(OCT!G5="","",OCT!G5) | H31: =IF(OCT!H5="","",OCT!H5) | I31: =IF(OCT!I5="","",OCT!I5) | J31: =IF(COUNT(C31:I31)=0,"",SUM(C31:I31)) | K31: ∑
B32: Headcount this Month | C32: =IF(C5="","",C5) | D32: =IF(D5="","",D5) | E32: =IF(E5="","",E5) | F32: =IF(F5="","",F5) | G32: =IF(G5="","",G5) | H32: =IF(H5="","",H5) | I32: =IF(I5="","",I5) | J32: =IF(COUNT(C32:I32)=0,"",SUM(C32:I32)) | K32: ∑
B33: Full Turnover (%) | C33: =IF(COUNT(C31,C32)<2,"",IF((C32+C31)=0,"",N(C24)/((C32+C31)/2))) | D33: =IF(COUNT(D31,D32)<2,"",IF((D32+D31)=0,"",N(D24)/((D32+D31)/2))) | E33: =IF(COUNT(E31,E32)<2,"",IF((E32+E31)=0,"",N(E24)/((E32+E31)/2))) | F33: =IF(COUNT(F31,F32)<2,"",IF((F32+F31)=0,"",N(F24)/((F32+F31)/2))) | G33: =IF(COUNT(G31,G32)<2,"",IF((G32+G31)=0,"",N(G24)/((G32+G31)/2))) | H33: =IF(COUNT(H31,H32)<2,"",IF((H32+H31)=0,"",N(H24)/((H32+H31)/2))) | I33: =IF(COUNT(I31,I32)<2,"",IF((I32+I31)=0,"",N(I24)/((I32+I31)/2))) | J33: =IF(COUNT(J31,J32)<2,"",IF((J32+J31)=0,"",N(J24)/((J32+J31)/2))) | K33: ϝ
B34: Permanent Vacancies | J34: =IF(COUNT(C34:I34)=0,"",SUM(C34:I34)) | K34: ∑
B35: Temporary Vacancies | J35: =IF(COUNT(C35:I35)=0,"",SUM(C35:I35)) | K35: ∑
B36: Total Vacancies | C36: =IF(COUNT(C34:C35)=0,"",SUM(C34:C35)) | D36: =IF(COUNT(D34:D35)=0,"",SUM(D34:D35)) | E36: =IF(COUNT(E34:E35)=0,"",SUM(E34:E35)) | F36: =IF(COUNT(F34:F35)=0,"",SUM(F34:F35)) | G36: =IF(COUNT(G34:G35)=0,"",SUM(G34:G35)) | H36: =IF(COUNT(H34:H35)=0,"",SUM(H34:H35)) | I36: =IF(COUNT(I34:I35)=0,"",SUM(I34:I35)) | J36: =IF(COUNT(J34:J35)=0,"",SUM(J34:J35)) | K36: ϝ
B37: Authorized Positions | C37: =IF(COUNT(C5,C36)=0,"",N(C5)+N(C36)) | D37: =IF(COUNT(D5,D36)=0,"",N(D5)+N(D36)) | E37: =IF(COUNT(E5,E36)=0,"",N(E5)+N(E36)) | F37: =IF(COUNT(F5,F36)=0,"",N(F5)+N(F36)) | G37: =IF(COUNT(G5,G36)=0,"",N(G5)+N(G36)) | H37: =IF(COUNT(H5,H36)=0,"",N(H5)+N(H36)) | I37: =IF(COUNT(I5,I36)=0,"",N(I5)+N(I36)) | J37: =IF(COUNT(J5,J36)=0,"",N(J5)+N(J36)) | K37: ϝ
B38: Vacancy Rate (%) | C38: =IFERROR(C36/C37,"") | D38: =IFERROR(D36/D37,"") | E38: =IFERROR(E36/E37,"") | F38: =IFERROR(F36/F37,"") | G38: =IFERROR(G36/G37,"") | H38: =IFERROR(H36/H37,"") | I38: =IFERROR(I36/I37,"") | J38: =IFERROR(J36/J37,"") | K38: ϝ
B39: Permanent TimeToHire (Days) YTD | C39: =IF('(GCG_ATG)'!$AB$5="","",'(GCG_ATG)'!$AB$5) | D39: =IF('(GCG_GCM)'!$AB$5="","",'(GCG_GCM)'!$AB$5) | E39: =IF('(Ground_JAM)'!$AB$5="","",'(Ground_JAM)'!$AB$5) | F39: =IF('(GCG_JAM)'!$AB$5="","",'(GCG_JAM)'!$AB$5) | G39: =IF('(Ground_LCA)'!$AB$5="","",'(Ground_LCA)'!$AB$5) | H39: =IF('(GCG_LCA)'!$AB$5="","",'(GCG_LCA)'!$AB$5) | I39: =IF('(Ground_STT)'!$AB$5="","",'(Ground_STT)'!$AB$5) | J39: =IFERROR(AVERAGE(C39:I39),"") | K39: Avg
B40: Temporary TimeToHire (Days) YTD | C40: =IF('(GCG_ATG)'!$AD$5="","",'(GCG_ATG)'!$AD$5) | D40: =IF('(GCG_GCM)'!$AD$5="","",'(GCG_GCM)'!$AD$5) | E40: =IF('(Ground_JAM)'!$AD$5="","",'(Ground_JAM)'!$AD$5) | F40: =IF('(GCG_JAM)'!$AD$5="","",'(GCG_JAM)'!$AD$5) | G40: =IF('(Ground_LCA)'!$AD$5="","",'(Ground_LCA)'!$AD$5) | H40: =IF('(GCG_LCA)'!$AD$5="","",'(GCG_LCA)'!$AD$5) | I40: =IF('(Ground_STT)'!$AD$5="","",'(Ground_STT)'!$AD$5) | J40: =IFERROR(AVERAGE(C40:I40),"") | K40: Avg
B41: Check-ins Rate Completed (%) | J41: =IFERROR(AVERAGE(C41:I41),"") | K41: Avg
B42: EE Objectives Completed (#) | J42: =IF(COUNT(C42:I42)=0,"",SUM(C42:I42)) | K42: ∑
B43: Non-certified Absent (Days Lost) | J43: =IF(COUNT(C43:I43)=0,"",SUM(C43:I43)) | K43: ∑
B44: Certified sick leave (Days Lost) | J44: =IF(COUNT(C44:I44)=0,"",SUM(C44:I44)) | K44: ∑
B45: Total Absences | C45: =IF(COUNT(C43:C44)=0,"",SUM(C43:C44)) | D45: =IF(COUNT(D43:D44)=0,"",SUM(D43:D44)) | E45: =IF(COUNT(E43:E44)=0,"",SUM(E43:E44)) | F45: =IF(COUNT(F43:F44)=0,"",SUM(F43:F44)) | G45: =IF(COUNT(G43:G44)=0,"",SUM(G43:G44)) | H45: =IF(COUNT(H43:H44)=0,"",SUM(H43:H44)) | I45: =IF(COUNT(I43:I44)=0,"",SUM(I43:I44)) | J45: =IF(COUNT(J43:J44)=0,"",SUM(J43:J44)) | K45: ϝ
B46: Absent Rate Non-Certified (%) | C46: =IF('(GCG_ATG)'!$G$5="","",'(GCG_ATG)'!$G$5) | D46: =IF('(GCG_GCM)'!$G$5="","",'(GCG_GCM)'!$G$5) | E46: =IF('(Ground_JAM)'!$G$5="","",'(Ground_JAM)'!$G$5) | F46: =IF('(GCG_JAM)'!$G$5="","",'(GCG_JAM)'!$G$5) | G46: =IF('(Ground_LCA)'!$G$5="","",'(Ground_LCA)'!$G$5) | H46: =IF('(GCG_LCA)'!$G$5="","",'(GCG_LCA)'!$G$5) | I46: =IF('(Ground_STT)'!$G$5="","",'(Ground_STT)'!$G$5) | J46: {=IF(COUNT(C46:I46)=0,"",IFERROR(SUMPRODUCT(IFERROR(C46:I46*((C3:I3)+(C4:I4)),0))/SUMPRODUCT(IFERROR(ISNUMBER(C46:I46)*((C3:I3)+(C4:I4)),0)),""))} | K46: Weighted
B47: Absent Rate Certified (%) | C47: =IF('(GCG_ATG)'!$O$5="","",'(GCG_ATG)'!$O$5) | D47: =IF('(GCG_GCM)'!$O$5="","",'(GCG_GCM)'!$O$5) | E47: =IF('(Ground_JAM)'!$O$5="","",'(Ground_JAM)'!$O$5) | F47: =IF('(GCG_JAM)'!$O$5="","",'(GCG_JAM)'!$O$5) | G47: =IF('(Ground_LCA)'!$O$5="","",'(Ground_LCA)'!$O$5) | H47: =IF('(GCG_LCA)'!$O$5="","",'(GCG_LCA)'!$O$5) | I47: =IF('(Ground_STT)'!$O$5="","",'(Ground_STT)'!$O$5) | J47: {=IF(COUNT(C47:I47)=0,"",IFERROR(SUMPRODUCT(IFERROR(C47:I47*((C3:I3)+(C4:I4)),0))/SUMPRODUCT(IFERROR(ISNUMBER(C47:I47)*((C3:I3)+(C4:I4)),0)),""))} | K47: Weighted
B48: Absent Rate Total (%) | C48: =IF(COUNT(C46:C47)=0,"",SUM(C46:C47)) | D48: =IF(COUNT(D46:D47)=0,"",SUM(D46:D47)) | E48: =IF(COUNT(E46:E47)=0,"",SUM(E46:E47)) | F48: =IF(COUNT(F46:F47)=0,"",SUM(F46:F47)) | G48: =IF(COUNT(G46:G47)=0,"",SUM(G46:G47)) | H48: =IF(COUNT(H46:H47)=0,"",SUM(H46:H47)) | I48: =IF(COUNT(I46:I47)=0,"",SUM(I46:I47)) | J48: =IF(COUNT(J46:J47)=0,"",SUM(J46:J47)) | K48: Weighted
B49: Weight factor | C49: =IFERROR(C5/$J5,"") | D49: =IFERROR(D5/$J5,"") | E49: =IFERROR(E5/$J5,"") | F49: =IFERROR(F5/$J5,"") | G49: =IFERROR(G5/$J5,"") | H49: =IFERROR(H5/$J5,"") | I49: =IFERROR(I5/$J5,"") | J49: =IF(COUNT(C49:I49)=0,"",SUM(C49:I49)) | K49: Weight Factor
B50: Leadership (Hours) | J50: =IF(COUNT(C50:I50)=0,"",SUM(C50:I50)) | K50: ∑
B51: Technical (Hours) | J51: =IF(COUNT(C51:I51)=0,"",SUM(C51:I51)) | K51: ∑
B52: Professional Develop. (Hours) | J52: =IF(COUNT(C52:I52)=0,"",SUM(C52:I52)) | K52: ∑
B53: HSSE (Hours) | J53: =IF(COUNT(C53:I53)=0,"",SUM(C53:I53)) | K53: ∑
B54: Workday (Hours) | J54: =IF(COUNT(C54:I54)=0,"",SUM(C54:I54)) | K54: ∑
B55: Total Training Hours | C55: =IF(COUNT(C50:C54)=0,"",SUM(C50:C54)) | D55: =IF(COUNT(D50:D54)=0,"",SUM(D50:D54)) | E55: =IF(COUNT(E50:E54)=0,"",SUM(E50:E54)) | F55: =IF(COUNT(F50:F54)=0,"",SUM(F50:F54)) | G55: =IF(COUNT(G50:G54)=0,"",SUM(G50:G54)) | H55: =IF(COUNT(H50:H54)=0,"",SUM(H50:H54)) | I55: =IF(COUNT(I50:I54)=0,"",SUM(I50:I54)) | J55: =IF(COUNT(J50:J54)=0,"",SUM(J50:J54)) | K55: ϝ
B56: Total Trained (Staff) | J56: =IF(COUNT(C56:I56)=0,"",SUM(C56:I56)) | K56: ∑
B57: Training Programs (#) | J57: =IF(COUNT(C57:I57)=0,"",SUM(C57:I57)) | K57: ∑
B58: Training Cost (USD) | J58: =IF(COUNT(C58:I58)=0,"",SUM(C58:I58)) | K58: ∑
B59: Training Travel Cost (USD) | J59: =IF(COUNT(C59:I59)=0,"",SUM(C59:I59)) | K59: ∑
B60: Leadership Hours Trained (%) | C60: =IFERROR(C50/C$55,"") | D60: =IFERROR(D50/D$55,"") | E60: =IFERROR(E50/E$55,"") | F60: =IFERROR(F50/F$55,"") | G60: =IFERROR(G50/G$55,"") | H60: =IFERROR(H50/H$55,"") | I60: =IFERROR(I50/I$55,"") | J60: =IFERROR(J50/J$55,"") | K60: ϝ
B61: Technical Hours Trained (%) | C61: =IFERROR(C51/C$55,"") | D61: =IFERROR(D51/D$55,"") | E61: =IFERROR(E51/E$55,"") | F61: =IFERROR(F51/F$55,"") | G61: =IFERROR(G51/G$55,"") | H61: =IFERROR(H51/H$55,"") | I61: =IFERROR(I51/I$55,"") | J61: =IFERROR(J51/J$55,"") | K61: ϝ
B62: Profess. Dev. Hours Trained (%) | C62: =IFERROR(C52/C$55,"") | D62: =IFERROR(D52/D$55,"") | E62: =IFERROR(E52/E$55,"") | F62: =IFERROR(F52/F$55,"") | G62: =IFERROR(G52/G$55,"") | H62: =IFERROR(H52/H$55,"") | I62: =IFERROR(I52/I$55,"") | J62: =IFERROR(J52/J$55,"") | K62: ϝ
B63: HSSE Hours Trained (%) | C63: =IFERROR(C53/C$55,"") | D63: =IFERROR(D53/D$55,"") | E63: =IFERROR(E53/E$55,"") | F63: =IFERROR(F53/F$55,"") | G63: =IFERROR(G53/G$55,"") | H63: =IFERROR(H53/H$55,"") | I63: =IFERROR(I53/I$55,"") | J63: =IFERROR(J53/J$55,"") | K63: ϝ
B64: Workday Hours Trained (%) | C64: =IFERROR(C54/C$55,"") | D64: =IFERROR(D54/D$55,"") | E64: =IFERROR(E54/E$55,"") | F64: =IFERROR(F54/F$55,"") | G64: =IFERROR(G54/G$55,"") | H64: =IFERROR(H54/H$55,"") | I64: =IFERROR(I54/I$55,"") | J64: =IFERROR(J54/J$55,"") | K64: ϝ
B65: Staff Trained (%) | C65: =IFERROR(C56/C5,"") | D65: =IFERROR(D56/D5,"") | E65: =IFERROR(E56/E5,"") | F65: =IFERROR(F56/F5,"") | G65: =IFERROR(G56/G5,"") | H65: =IFERROR(H56/H5,"") | I65: =IFERROR(I56/I5,"") | J65: =IFERROR(J56/J5,"") | K65: ϝ
B66: Training Hours / EE | C66: =IFERROR(C55/C5,"") | D66: =IFERROR(D55/D5,"") | E66: =IFERROR(E55/E5,"") | F66: =IFERROR(F55/F5,"") | G66: =IFERROR(G55/G5,"") | H66: =IFERROR(H55/H5,"") | I66: =IFERROR(I55/I5,"") | J66: =IFERROR(J55/J5,"") | K66: ϝ
B67: Training Hours / EE Trained | C67: =IFERROR(C55/C56,"") | D67: =IFERROR(D55/D56,"") | E67: =IFERROR(E55/E56,"") | F67: =IFERROR(F55/F56,"") | G67: =IFERROR(G55/G56,"") | H67: =IFERROR(H55/H56,"") | I67: =IFERROR(I55/I56,"") | J67: =IFERROR(J55/J56,"") | K67: ϝ
B68: Training Invest. / EE (USD) | C68: =IF(COUNT(C58:C59)=0,"",IFERROR((N(C58)+N(C59))/C5,"")) | D68: =IF(COUNT(D58:D59)=0,"",IFERROR((N(D58)+N(D59))/D5,"")) | E68: =IF(COUNT(E58:E59)=0,"",IFERROR((N(E58)+N(E59))/E5,"")) | F68: =IF(COUNT(F58:F59)=0,"",IFERROR((N(F58)+N(F59))/F5,"")) | G68: =IF(COUNT(G58:G59)=0,"",IFERROR((N(G58)+N(G59))/G5,"")) | H68: =IF(COUNT(H58:H59)=0,"",IFERROR((N(H58)+N(H59))/H5,"")) | I68: =IF(COUNT(I58:I59)=0,"",IFERROR((N(I58)+N(I59))/I5,"")) | J68: =IF(COUNT(J58:J59)=0,"",IFERROR((N(J58)+N(J59))/J5,"")) | K68: ϝ
B69: Training Invest. / EE Trained (USD) | C69: =IF(COUNT(C58:C59)=0,"",IFERROR((N(C58)+N(C59))/C56,"")) | D69: =IF(COUNT(D58:D59)=0,"",IFERROR((N(D58)+N(D59))/D56,"")) | E69: =IF(COUNT(E58:E59)=0,"",IFERROR((N(E58)+N(E59))/E56,"")) | F69: =IF(COUNT(F58:F59)=0,"",IFERROR((N(F58)+N(F59))/F56,"")) | G69: =IF(COUNT(G58:G59)=0,"",IFERROR((N(G58)+N(G59))/G56,"")) | H69: =IF(COUNT(H58:H59)=0,"",IFERROR((N(H58)+N(H59))/H56,"")) | I69: =IF(COUNT(I58:I59)=0,"",IFERROR((N(I58)+N(I59))/I56,"")) | J69: =IF(COUNT(J58:J59)=0,"",IFERROR((N(J58)+N(J59))/J56,"")) | K69: ϝ
B70: Input Cells Not Submitted | C70: =COUNTBLANK(C3:C4)+COUNTBLANK(C6:C10)+COUNTBLANK(C12:C13)+COUNTBLANK(C18:C20)+COUNTBLANK(C22:C23)+COUNTBLANK(C27:C28)+COUNTBLANK(C34:C35)+COUNTBLANK(C39:C44)+COUNTBLANK(C46:C47)+COUNTBLANK(C50:C54)+COUNTBLANK(C56:C59) | D70: =COUNTBLANK(D3:D4)+COUNTBLANK(D6:D10)+COUNTBLANK(D12:D13)+COUNTBLANK(D18:D20)+COUNTBLANK(D22:D23)+COUNTBLANK(D27:D28)+COUNTBLANK(D34:D35)+COUNTBLANK(D39:D44)+COUNTBLANK(D46:D47)+COUNTBLANK(D50:D54)+COUNTBLANK(D56:D59) | E70: =COUNTBLANK(E3:E4)+COUNTBLANK(E6:E10)+COUNTBLANK(E12:E13)+COUNTBLANK(E18:E20)+COUNTBLANK(E22:E23)+COUNTBLANK(E27:E28)+COUNTBLANK(E34:E35)+COUNTBLANK(E39:E44)+COUNTBLANK(E46:E47)+COUNTBLANK(E50:E54)+COUNTBLANK(E56:E59) | F70: =COUNTBLANK(F3:F4)+COUNTBLANK(F6:F10)+COUNTBLANK(F12:F13)+COUNTBLANK(F18:F20)+COUNTBLANK(F22:F23)+COUNTBLANK(F27:F28)+COUNTBLANK(F34:F35)+COUNTBLANK(F39:F44)+COUNTBLANK(F46:F47)+COUNTBLANK(F50:F54)+COUNTBLANK(F56:F59) | G70: =COUNTBLANK(G3:G4)+COUNTBLANK(G6:G10)+COUNTBLANK(G12:G13)+COUNTBLANK(G18:G20)+COUNTBLANK(G22:G23)+COUNTBLANK(G27:G28)+COUNTBLANK(G34:G35)+COUNTBLANK(G39:G44)+COUNTBLANK(G46:G47)+COUNTBLANK(G50:G54)+COUNTBLANK(G56:G59) | H70: =COUNTBLANK(H3:H4)+COUNTBLANK(H6:H10)+COUNTBLANK(H12:H13)+COUNTBLANK(H18:H20)+COUNTBLANK(H22:H23)+COUNTBLANK(H27:H28)+COUNTBLANK(H34:H35)+COUNTBLANK(H39:H44)+COUNTBLANK(H46:H47)+COUNTBLANK(H50:H54)+COUNTBLANK(H56:H59) | I70: =COUNTBLANK(I3:I4)+COUNTBLANK(I6:I10)+COUNTBLANK(I12:I13)+COUNTBLANK(I18:I20)+COUNTBLANK(I22:I23)+COUNTBLANK(I27:I28)+COUNTBLANK(I34:I35)+COUNTBLANK(I39:I44)+COUNTBLANK(I46:I47)+COUNTBLANK(I50:I54)+COUNTBLANK(I56:I59) | J70: =SUM(C70:I70) | K70: ∑

Sheet DEC
B1: GCG NORTH CARIBBEAN | C1: 1062 | D1: 1075 | E1: 1044 | F1: 1066 | G1: 1158 | H1: 1067 | I1: 1046
A2: =VALUE(TEXT(EDATE(DATE(LEFT(NOV!A2,4),RIGHT(NOV!A2,2),1),1),"yyyymm")) | B2: DEC | C2: GCG Antigua | D2: GCG Grand Cayman | E2: GCG Aviation Ground Jamaica | F2: GCG Jamaica | G2: GCG Aviation Ground Saint Lucia | H2: GCG Saint Lucia | I2: GCG Ground Saint Thomas | J2: TOTAL | K2: Total by Division | L2: =N(L11)<>0
A3: =+A2 | B3: Permanent (Regular) Headcount | J3: =IF(COUNT(C3:I3)=0,"",SUM(C3:I3)) | K3: ∑
B4: Temporary (Fix Term) Headcount | J4: =IF(COUNT(C4:I4)=0,"",SUM(C4:I4)) | K4: ∑
B5: Employee Headcount (Productivity) | C5: =IF(COUNT(C3:C4)=0,"",SUM(C3:C4)) | D5: =IF(COUNT(D3:D4)=0,"",SUM(D3:D4)) | E5: =IF(COUNT(E3:E4)=0,"",SUM(E3:E4)) | F5: =IF(COUNT(F3:F4)=0,"",SUM(F3:F4)) | G5: =IF(COUNT(G3:G4)=0,"",SUM(G3:G4)) | H5: =IF(COUNT(H3:H4)=0,"",SUM(H3:H4)) | I5: =IF(COUNT(I3:I4)=0,"",SUM(I3:I4)) | J5: =IF(COUNT(J3:J4)=0,"",SUM(J3:J4)) | K5: ϝ
B6: Headcount = 1.00 | J6: =IF(COUNT(C6:I6)=0,"",SUM(C6:I6)) | K6: ∑
B7: Headcount = 0.75 | J7: =IF(COUNT(C7:I7)=0,"",SUM(C7:I7)) | K7: ∑
B8: Headcount = 0.50 | J8: =IF(COUNT(C8:I8)=0,"",SUM(C8:I8)) | K8: ∑
B9: Headcount = 0.25 | J9: =IF(COUNT(C9:I9)=0,"",SUM(C9:I9)) | K9: ∑
B10: Standard Monthly Hours (FTE basis) | J10: =IFERROR(AVERAGE(C10:I10),"") | K10: Avg
B11: Employee FTE (Finance) | C11: =IF(COUNT(C6:C9)=0,"",N(C6)+N(C7)*0.75+N(C8)*0.5+N(C9)*0.25) | D11: =IF(COUNT(D6:D9)=0,"",N(D6)+N(D7)*0.75+N(D8)*0.5+N(D9)*0.25) | E11: =IF(COUNT(E6:E9)=0,"",N(E6)+N(E7)*0.75+N(E8)*0.5+N(E9)*0.25) | F11: =IF(COUNT(F6:F9)=0,"",N(F6)+N(F7)*0.75+N(F8)*0.5+N(F9)*0.25) | G11: =IF(COUNT(G6:G9)=0,"",N(G6)+N(G7)*0.75+N(G8)*0.5+N(G9)*0.25) | H11: =IF(COUNT(H6:H9)=0,"",N(H6)+N(H7)*0.75+N(H8)*0.5+N(H9)*0.25) | I11: =IF(COUNT(I6:I9)=0,"",N(I6)+N(I7)*0.75+N(I8)*0.5+N(I9)*0.25) | J11: =IF(COUNT(J6:J9)=0,"",N(J6)+N(J7)*0.75+N(J8)*0.5+N(J9)*0.25) | K11: FTE | L11: =IF(COUNT(J5:J9)=0,"",N(J6)+N(J7)+N(J8)+N(J9)-N(J5))
B12: Subcontracted Workforce HC | J12: =IF(COUNT(C12:I12)=0,"",SUM(C12:I12)) | K12: ∑
B13: Subcontracted Productive Hours | J13: =IF(COUNT(C13:I13)=0,"",SUM(C13:I13)) | K13: ∑
B14: Subcontracted FTE | C14: =IFERROR(C13/C10,"") | D14: =IFERROR(D13/D10,"") | E14: =IFERROR(E13/E10,"") | F14: =IFERROR(F13/F10,"") | G14: =IFERROR(G13/G10,"") | H14: =IFERROR(H13/H10,"") | I14: =IFERROR(I13/I10,"") | J14: =IF(COUNT(C14:I14)=0,"",SUM(C14:I14)) | K14: FTE
B15: Total Operational Workforce | C15: =IF(COUNT(C5,C12)=0,"",SUM(C5,C12)) | D15: =IF(COUNT(D5,D12)=0,"",SUM(D5,D12)) | E15: =IF(COUNT(E5,E12)=0,"",SUM(E5,E12)) | F15: =IF(COUNT(F5,F12)=0,"",SUM(F5,F12)) | G15: =IF(COUNT(G5,G12)=0,"",SUM(G5,G12)) | H15: =IF(COUNT(H5,H12)=0,"",SUM(H5,H12)) | I15: =IF(COUNT(I5,I12)=0,"",SUM(I5,I12)) | J15: =IF(COUNT(J5,J12)=0,"",SUM(J5,J12)) | K15: ϝ
B16: Total Operational FTE | C16: =IF(COUNT(C11,C14)=0,"",SUM(C11,C14)) | D16: =IF(COUNT(D11,D14)=0,"",SUM(D11,D14)) | E16: =IF(COUNT(E11,E14)=0,"",SUM(E11,E14)) | F16: =IF(COUNT(F11,F14)=0,"",SUM(F11,F14)) | G16: =IF(COUNT(G11,G14)=0,"",SUM(G11,G14)) | H16: =IF(COUNT(H11,H14)=0,"",SUM(H11,H14)) | I16: =IF(COUNT(I11,I14)=0,"",SUM(I11,I14)) | J16: =IF(COUNT(J11,J14)=0,"",SUM(J11,J14)) | K16: FTE
B17: Subcontracted Share of Workforce (%) | C17: =IFERROR(C12/C15,"") | D17: =IFERROR(D12/D15,"") | E17: =IFERROR(E12/E15,"") | F17: =IFERROR(F12/F15,"") | G17: =IFERROR(G12/G15,"") | H17: =IFERROR(H12/H15,"") | I17: =IFERROR(I12/I15,"") | J17: =IFERROR(J12/J15,"") | K17: ϝ
B18: FTE HR Team | J18: =IF(COUNT(C18:I18)=0,"",SUM(C18:I18)) | K18: ∑
B19: Permanent Hires | J19: =IF(COUNT(C19:I19)=0,"",SUM(C19:I19)) | K19: ∑
B20: Temporary Hires | J20: =IF(COUNT(C20:I20)=0,"",SUM(C20:I20)) | K20: ∑
B21: Total Hires | C21: =IF(COUNT(C19:C20)=0,"",SUM(C19:C20)) | D21: =IF(COUNT(D19:D20)=0,"",SUM(D19:D20)) | E21: =IF(COUNT(E19:E20)=0,"",SUM(E19:E20)) | F21: =IF(COUNT(F19:F20)=0,"",SUM(F19:F20)) | G21: =IF(COUNT(G19:G20)=0,"",SUM(G19:G20)) | H21: =IF(COUNT(H19:H20)=0,"",SUM(H19:H20)) | I21: =IF(COUNT(I19:I20)=0,"",SUM(I19:I20)) | J21: =IF(COUNT(J19:J20)=0,"",SUM(J19:J20)) | K21: ϝ
B22: Permanent Exits | J22: =IF(COUNT(C22:I22)=0,"",SUM(C22:I22)) | K22: ∑
B23: Temporary Exits | J23: =IF(COUNT(C23:I23)=0,"",SUM(C23:I23)) | K23: ∑
B24: Total Exits | C24: =IF(COUNT(C22:C23)=0,"",SUM(C22:C23)) | D24: =IF(COUNT(D22:D23)=0,"",SUM(D22:D23)) | E24: =IF(COUNT(E22:E23)=0,"",SUM(E22:E23)) | F24: =IF(COUNT(F22:F23)=0,"",SUM(F22:F23)) | G24: =IF(COUNT(G22:G23)=0,"",SUM(G22:G23)) | H24: =IF(COUNT(H22:H23)=0,"",SUM(H22:H23)) | I24: =IF(COUNT(I22:I23)=0,"",SUM(I22:I23)) | J24: =IF(COUNT(J22:J23)=0,"",SUM(J22:J23)) | K24: ϝ
B25: Permanent Turnover (%) | C25: =IF(COUNT(C31,C32)<2,"",IF((C32+C31)=0,"",N(C22)/((C32+C31)/2))) | D25: =IF(COUNT(D31,D32)<2,"",IF((D32+D31)=0,"",N(D22)/((D32+D31)/2))) | E25: =IF(COUNT(E31,E32)<2,"",IF((E32+E31)=0,"",N(E22)/((E32+E31)/2))) | F25: =IF(COUNT(F31,F32)<2,"",IF((F32+F31)=0,"",N(F22)/((F32+F31)/2))) | G25: =IF(COUNT(G31,G32)<2,"",IF((G32+G31)=0,"",N(G22)/((G32+G31)/2))) | H25: =IF(COUNT(H31,H32)<2,"",IF((H32+H31)=0,"",N(H22)/((H32+H31)/2))) | I25: =IF(COUNT(I31,I32)<2,"",IF((I32+I31)=0,"",N(I22)/((I32+I31)/2))) | J25: =IF(COUNT(J31,J32)<2,"",IF((J32+J31)=0,"",N(J22)/((J32+J31)/2))) | K25: ϝ
B26: Temporary Turnover (%) | C26: =IF(COUNT(C31,C32)<2,"",IF((C32+C31)=0,"",N(C23)/((C32+C31)/2))) | D26: =IF(COUNT(D31,D32)<2,"",IF((D32+D31)=0,"",N(D23)/((D32+D31)/2))) | E26: =IF(COUNT(E31,E32)<2,"",IF((E32+E31)=0,"",N(E23)/((E32+E31)/2))) | F26: =IF(COUNT(F31,F32)<2,"",IF((F32+F31)=0,"",N(F23)/((F32+F31)/2))) | G26: =IF(COUNT(G31,G32)<2,"",IF((G32+G31)=0,"",N(G23)/((G32+G31)/2))) | H26: =IF(COUNT(H31,H32)<2,"",IF((H32+H31)=0,"",N(H23)/((H32+H31)/2))) | I26: =IF(COUNT(I31,I32)<2,"",IF((I32+I31)=0,"",N(I23)/((I32+I31)/2))) | J26: =IF(COUNT(J31,J32)<2,"",IF((J32+J31)=0,"",N(J23)/((J32+J31)/2))) | K26: ϝ
B27: Voluntary Terminations | J27: =IF(COUNT(C27:I27)=0,"",SUM(C27:I27)) | K27: ∑
B28: Involuntary Terminations | J28: =IF(COUNT(C28:I28)=0,"",SUM(C28:I28)) | K28: ∑
B29: Voluntary Turnover (%) | C29: =IF(COUNT(C31,C32)<2,"",IF((C32+C31)=0,"",N(C27)/((C32+C31)/2))) | D29: =IF(COUNT(D31,D32)<2,"",IF((D32+D31)=0,"",N(D27)/((D32+D31)/2))) | E29: =IF(COUNT(E31,E32)<2,"",IF((E32+E31)=0,"",N(E27)/((E32+E31)/2))) | F29: =IF(COUNT(F31,F32)<2,"",IF((F32+F31)=0,"",N(F27)/((F32+F31)/2))) | G29: =IF(COUNT(G31,G32)<2,"",IF((G32+G31)=0,"",N(G27)/((G32+G31)/2))) | H29: =IF(COUNT(H31,H32)<2,"",IF((H32+H31)=0,"",N(H27)/((H32+H31)/2))) | I29: =IF(COUNT(I31,I32)<2,"",IF((I32+I31)=0,"",N(I27)/((I32+I31)/2))) | J29: =IF(COUNT(J31,J32)<2,"",IF((J32+J31)=0,"",N(J27)/((J32+J31)/2))) | K29: ϝ
B30: Involuntary Turnover (%) | C30: =IF(COUNT(C31,C32)<2,"",IF((C32+C31)=0,"",N(C28)/((C32+C31)/2))) | D30: =IF(COUNT(D31,D32)<2,"",IF((D32+D31)=0,"",N(D28)/((D32+D31)/2))) | E30: =IF(COUNT(E31,E32)<2,"",IF((E32+E31)=0,"",N(E28)/((E32+E31)/2))) | F30: =IF(COUNT(F31,F32)<2,"",IF((F32+F31)=0,"",N(F28)/((F32+F31)/2))) | G30: =IF(COUNT(G31,G32)<2,"",IF((G32+G31)=0,"",N(G28)/((G32+G31)/2))) | H30: =IF(COUNT(H31,H32)<2,"",IF((H32+H31)=0,"",N(H28)/((H32+H31)/2))) | I30: =IF(COUNT(I31,I32)<2,"",IF((I32+I31)=0,"",N(I28)/((I32+I31)/2))) | J30: =IF(COUNT(J31,J32)<2,"",IF((J32+J31)=0,"",N(J28)/((J32+J31)/2))) | K30: ϝ
B31: Headcount last Month | C31: =IF(NOV!C5="","",NOV!C5) | D31: =IF(NOV!D5="","",NOV!D5) | E31: =IF(NOV!E5="","",NOV!E5) | F31: =IF(NOV!F5="","",NOV!F5) | G31: =IF(NOV!G5="","",NOV!G5) | H31: =IF(NOV!H5="","",NOV!H5) | I31: =IF(NOV!I5="","",NOV!I5) | J31: =IF(COUNT(C31:I31)=0,"",SUM(C31:I31)) | K31: ∑
B32: Headcount this Month | C32: =IF(C5="","",C5) | D32: =IF(D5="","",D5) | E32: =IF(E5="","",E5) | F32: =IF(F5="","",F5) | G32: =IF(G5="","",G5) | H32: =IF(H5="","",H5) | I32: =IF(I5="","",I5) | J32: =IF(COUNT(C32:I32)=0,"",SUM(C32:I32)) | K32: ∑
B33: Full Turnover (%) | C33: =IF(COUNT(C31,C32)<2,"",IF((C32+C31)=0,"",N(C24)/((C32+C31)/2))) | D33: =IF(COUNT(D31,D32)<2,"",IF((D32+D31)=0,"",N(D24)/((D32+D31)/2))) | E33: =IF(COUNT(E31,E32)<2,"",IF((E32+E31)=0,"",N(E24)/((E32+E31)/2))) | F33: =IF(COUNT(F31,F32)<2,"",IF((F32+F31)=0,"",N(F24)/((F32+F31)/2))) | G33: =IF(COUNT(G31,G32)<2,"",IF((G32+G31)=0,"",N(G24)/((G32+G31)/2))) | H33: =IF(COUNT(H31,H32)<2,"",IF((H32+H31)=0,"",N(H24)/((H32+H31)/2))) | I33: =IF(COUNT(I31,I32)<2,"",IF((I32+I31)=0,"",N(I24)/((I32+I31)/2))) | J33: =IF(COUNT(J31,J32)<2,"",IF((J32+J31)=0,"",N(J24)/((J32+J31)/2))) | K33: ϝ
B34: Permanent Vacancies | J34: =IF(COUNT(C34:I34)=0,"",SUM(C34:I34)) | K34: ∑
B35: Temporary Vacancies | J35: =IF(COUNT(C35:I35)=0,"",SUM(C35:I35)) | K35: ∑
B36: Total Vacancies | C36: =IF(COUNT(C34:C35)=0,"",SUM(C34:C35)) | D36: =IF(COUNT(D34:D35)=0,"",SUM(D34:D35)) | E36: =IF(COUNT(E34:E35)=0,"",SUM(E34:E35)) | F36: =IF(COUNT(F34:F35)=0,"",SUM(F34:F35)) | G36: =IF(COUNT(G34:G35)=0,"",SUM(G34:G35)) | H36: =IF(COUNT(H34:H35)=0,"",SUM(H34:H35)) | I36: =IF(COUNT(I34:I35)=0,"",SUM(I34:I35)) | J36: =IF(COUNT(J34:J35)=0,"",SUM(J34:J35)) | K36: ϝ
B37: Authorized Positions | C37: =IF(COUNT(C5,C36)=0,"",N(C5)+N(C36)) | D37: =IF(COUNT(D5,D36)=0,"",N(D5)+N(D36)) | E37: =IF(COUNT(E5,E36)=0,"",N(E5)+N(E36)) | F37: =IF(COUNT(F5,F36)=0,"",N(F5)+N(F36)) | G37: =IF(COUNT(G5,G36)=0,"",N(G5)+N(G36)) | H37: =IF(COUNT(H5,H36)=0,"",N(H5)+N(H36)) | I37: =IF(COUNT(I5,I36)=0,"",N(I5)+N(I36)) | J37: =IF(COUNT(J5,J36)=0,"",N(J5)+N(J36)) | K37: ϝ
B38: Vacancy Rate (%) | C38: =IFERROR(C36/C37,"") | D38: =IFERROR(D36/D37,"") | E38: =IFERROR(E36/E37,"") | F38: =IFERROR(F36/F37,"") | G38: =IFERROR(G36/G37,"") | H38: =IFERROR(H36/H37,"") | I38: =IFERROR(I36/I37,"") | J38: =IFERROR(J36/J37,"") | K38: ϝ
B39: Permanent TimeToHire (Days) YTD | C39: =IF('(GCG_ATG)'!$AB$6="","",'(GCG_ATG)'!$AB$6) | D39: =IF('(GCG_GCM)'!$AB$6="","",'(GCG_GCM)'!$AB$6) | E39: =IF('(Ground_JAM)'!$AB$6="","",'(Ground_JAM)'!$AB$6) | F39: =IF('(GCG_JAM)'!$AB$6="","",'(GCG_JAM)'!$AB$6) | G39: =IF('(Ground_LCA)'!$AB$6="","",'(Ground_LCA)'!$AB$6) | H39: =IF('(GCG_LCA)'!$AB$6="","",'(GCG_LCA)'!$AB$6) | I39: =IF('(Ground_STT)'!$AB$6="","",'(Ground_STT)'!$AB$6) | J39: =IFERROR(AVERAGE(C39:I39),"") | K39: Avg
B40: Temporary TimeToHire (Days) YTD | C40: =IF('(GCG_ATG)'!$AD$6="","",'(GCG_ATG)'!$AD$6) | D40: =IF('(GCG_GCM)'!$AD$6="","",'(GCG_GCM)'!$AD$6) | E40: =IF('(Ground_JAM)'!$AD$6="","",'(Ground_JAM)'!$AD$6) | F40: =IF('(GCG_JAM)'!$AD$6="","",'(GCG_JAM)'!$AD$6) | G40: =IF('(Ground_LCA)'!$AD$6="","",'(Ground_LCA)'!$AD$6) | H40: =IF('(GCG_LCA)'!$AD$6="","",'(GCG_LCA)'!$AD$6) | I40: =IF('(Ground_STT)'!$AD$6="","",'(Ground_STT)'!$AD$6) | J40: =IFERROR(AVERAGE(C40:I40),"") | K40: Avg
B41: Check-ins Rate Completed (%) | J41: =IFERROR(AVERAGE(C41:I41),"") | K41: Avg
B42: EE Objectives Completed (#) | J42: =IF(COUNT(C42:I42)=0,"",SUM(C42:I42)) | K42: ∑
B43: Non-certified Absent (Days Lost) | J43: =IF(COUNT(C43:I43)=0,"",SUM(C43:I43)) | K43: ∑
B44: Certified sick leave (Days Lost) | J44: =IF(COUNT(C44:I44)=0,"",SUM(C44:I44)) | K44: ∑
B45: Total Absences | C45: =IF(COUNT(C43:C44)=0,"",SUM(C43:C44)) | D45: =IF(COUNT(D43:D44)=0,"",SUM(D43:D44)) | E45: =IF(COUNT(E43:E44)=0,"",SUM(E43:E44)) | F45: =IF(COUNT(F43:F44)=0,"",SUM(F43:F44)) | G45: =IF(COUNT(G43:G44)=0,"",SUM(G43:G44)) | H45: =IF(COUNT(H43:H44)=0,"",SUM(H43:H44)) | I45: =IF(COUNT(I43:I44)=0,"",SUM(I43:I44)) | J45: =IF(COUNT(J43:J44)=0,"",SUM(J43:J44)) | K45: ϝ
B46: Absent Rate Non-Certified (%) | C46: =IF('(GCG_ATG)'!$G$6="","",'(GCG_ATG)'!$G$6) | D46: =IF('(GCG_GCM)'!$G$6="","",'(GCG_GCM)'!$G$6) | E46: =IF('(Ground_JAM)'!$G$6="","",'(Ground_JAM)'!$G$6) | F46: =IF('(GCG_JAM)'!$G$6="","",'(GCG_JAM)'!$G$6) | G46: =IF('(Ground_LCA)'!$G$6="","",'(Ground_LCA)'!$G$6) | H46: =IF('(GCG_LCA)'!$G$6="","",'(GCG_LCA)'!$G$6) | I46: =IF('(Ground_STT)'!$G$6="","",'(Ground_STT)'!$G$6) | J46: {=IF(COUNT(C46:I46)=0,"",IFERROR(SUMPRODUCT(IFERROR(C46:I46*((C3:I3)+(C4:I4)),0))/SUMPRODUCT(IFERROR(ISNUMBER(C46:I46)*((C3:I3)+(C4:I4)),0)),""))} | K46: Weighted
B47: Absent Rate Certified (%) | C47: =IF('(GCG_ATG)'!$O$6="","",'(GCG_ATG)'!$O$6) | D47: =IF('(GCG_GCM)'!$O$6="","",'(GCG_GCM)'!$O$6) | E47: =IF('(Ground_JAM)'!$O$6="","",'(Ground_JAM)'!$O$6) | F47: =IF('(GCG_JAM)'!$O$6="","",'(GCG_JAM)'!$O$6) | G47: =IF('(Ground_LCA)'!$O$6="","",'(Ground_LCA)'!$O$6) | H47: =IF('(GCG_LCA)'!$O$6="","",'(GCG_LCA)'!$O$6) | I47: =IF('(Ground_STT)'!$O$6="","",'(Ground_STT)'!$O$6) | J47: {=IF(COUNT(C47:I47)=0,"",IFERROR(SUMPRODUCT(IFERROR(C47:I47*((C3:I3)+(C4:I4)),0))/SUMPRODUCT(IFERROR(ISNUMBER(C47:I47)*((C3:I3)+(C4:I4)),0)),""))} | K47: Weighted
B48: Absent Rate Total (%) | C48: =IF(COUNT(C46:C47)=0,"",SUM(C46:C47)) | D48: =IF(COUNT(D46:D47)=0,"",SUM(D46:D47)) | E48: =IF(COUNT(E46:E47)=0,"",SUM(E46:E47)) | F48: =IF(COUNT(F46:F47)=0,"",SUM(F46:F47)) | G48: =IF(COUNT(G46:G47)=0,"",SUM(G46:G47)) | H48: =IF(COUNT(H46:H47)=0,"",SUM(H46:H47)) | I48: =IF(COUNT(I46:I47)=0,"",SUM(I46:I47)) | J48: =IF(COUNT(J46:J47)=0,"",SUM(J46:J47)) | K48: Weighted
B49: Weight factor | C49: =IFERROR(C5/$J5,"") | D49: =IFERROR(D5/$J5,"") | E49: =IFERROR(E5/$J5,"") | F49: =IFERROR(F5/$J5,"") | G49: =IFERROR(G5/$J5,"") | H49: =IFERROR(H5/$J5,"") | I49: =IFERROR(I5/$J5,"") | J49: =IF(COUNT(C49:I49)=0,"",SUM(C49:I49)) | K49: Weight Factor
B50: Leadership (Hours) | J50: =IF(COUNT(C50:I50)=0,"",SUM(C50:I50)) | K50: ∑
B51: Technical (Hours) | J51: =IF(COUNT(C51:I51)=0,"",SUM(C51:I51)) | K51: ∑
B52: Professional Develop. (Hours) | J52: =IF(COUNT(C52:I52)=0,"",SUM(C52:I52)) | K52: ∑
B53: HSSE (Hours) | J53: =IF(COUNT(C53:I53)=0,"",SUM(C53:I53)) | K53: ∑
B54: Workday (Hours) | J54: =IF(COUNT(C54:I54)=0,"",SUM(C54:I54)) | K54: ∑
B55: Total Training Hours | C55: =IF(COUNT(C50:C54)=0,"",SUM(C50:C54)) | D55: =IF(COUNT(D50:D54)=0,"",SUM(D50:D54)) | E55: =IF(COUNT(E50:E54)=0,"",SUM(E50:E54)) | F55: =IF(COUNT(F50:F54)=0,"",SUM(F50:F54)) | G55: =IF(COUNT(G50:G54)=0,"",SUM(G50:G54)) | H55: =IF(COUNT(H50:H54)=0,"",SUM(H50:H54)) | I55: =IF(COUNT(I50:I54)=0,"",SUM(I50:I54)) | J55: =IF(COUNT(J50:J54)=0,"",SUM(J50:J54)) | K55: ϝ
B56: Total Trained (Staff) | J56: =IF(COUNT(C56:I56)=0,"",SUM(C56:I56)) | K56: ∑
B57: Training Programs (#) | J57: =IF(COUNT(C57:I57)=0,"",SUM(C57:I57)) | K57: ∑
B58: Training Cost (USD) | J58: =IF(COUNT(C58:I58)=0,"",SUM(C58:I58)) | K58: ∑
B59: Training Travel Cost (USD) | J59: =IF(COUNT(C59:I59)=0,"",SUM(C59:I59)) | K59: ∑
B60: Leadership Hours Trained (%) | C60: =IFERROR(C50/C$55,"") | D60: =IFERROR(D50/D$55,"") | E60: =IFERROR(E50/E$55,"") | F60: =IFERROR(F50/F$55,"") | G60: =IFERROR(G50/G$55,"") | H60: =IFERROR(H50/H$55,"") | I60: =IFERROR(I50/I$55,"") | J60: =IFERROR(J50/J$55,"") | K60: ϝ
B61: Technical Hours Trained (%) | C61: =IFERROR(C51/C$55,"") | D61: =IFERROR(D51/D$55,"") | E61: =IFERROR(E51/E$55,"") | F61: =IFERROR(F51/F$55,"") | G61: =IFERROR(G51/G$55,"") | H61: =IFERROR(H51/H$55,"") | I61: =IFERROR(I51/I$55,"") | J61: =IFERROR(J51/J$55,"") | K61: ϝ
B62: Profess. Dev. Hours Trained (%) | C62: =IFERROR(C52/C$55,"") | D62: =IFERROR(D52/D$55,"") | E62: =IFERROR(E52/E$55,"") | F62: =IFERROR(F52/F$55,"") | G62: =IFERROR(G52/G$55,"") | H62: =IFERROR(H52/H$55,"") | I62: =IFERROR(I52/I$55,"") | J62: =IFERROR(J52/J$55,"") | K62: ϝ
B63: HSSE Hours Trained (%) | C63: =IFERROR(C53/C$55,"") | D63: =IFERROR(D53/D$55,"") | E63: =IFERROR(E53/E$55,"") | F63: =IFERROR(F53/F$55,"") | G63: =IFERROR(G53/G$55,"") | H63: =IFERROR(H53/H$55,"") | I63: =IFERROR(I53/I$55,"") | J63: =IFERROR(J53/J$55,"") | K63: ϝ
B64: Workday Hours Trained (%) | C64: =IFERROR(C54/C$55,"") | D64: =IFERROR(D54/D$55,"") | E64: =IFERROR(E54/E$55,"") | F64: =IFERROR(F54/F$55,"") | G64: =IFERROR(G54/G$55,"") | H64: =IFERROR(H54/H$55,"") | I64: =IFERROR(I54/I$55,"") | J64: =IFERROR(J54/J$55,"") | K64: ϝ
B65: Staff Trained (%) | C65: =IFERROR(C56/C5,"") | D65: =IFERROR(D56/D5,"") | E65: =IFERROR(E56/E5,"") | F65: =IFERROR(F56/F5,"") | G65: =IFERROR(G56/G5,"") | H65: =IFERROR(H56/H5,"") | I65: =IFERROR(I56/I5,"") | J65: =IFERROR(J56/J5,"") | K65: ϝ
B66: Training Hours / EE | C66: =IFERROR(C55/C5,"") | D66: =IFERROR(D55/D5,"") | E66: =IFERROR(E55/E5,"") | F66: =IFERROR(F55/F5,"") | G66: =IFERROR(G55/G5,"") | H66: =IFERROR(H55/H5,"") | I66: =IFERROR(I55/I5,"") | J66: =IFERROR(J55/J5,"") | K66: ϝ
B67: Training Hours / EE Trained | C67: =IFERROR(C55/C56,"") | D67: =IFERROR(D55/D56,"") | E67: =IFERROR(E55/E56,"") | F67: =IFERROR(F55/F56,"") | G67: =IFERROR(G55/G56,"") | H67: =IFERROR(H55/H56,"") | I67: =IFERROR(I55/I56,"") | J67: =IFERROR(J55/J56,"") | K67: ϝ
B68: Training Invest. / EE (USD) | C68: =IF(COUNT(C58:C59)=0,"",IFERROR((N(C58)+N(C59))/C5,"")) | D68: =IF(COUNT(D58:D59)=0,"",IFERROR((N(D58)+N(D59))/D5,"")) | E68: =IF(COUNT(E58:E59)=0,"",IFERROR((N(E58)+N(E59))/E5,"")) | F68: =IF(COUNT(F58:F59)=0,"",IFERROR((N(F58)+N(F59))/F5,"")) | G68: =IF(COUNT(G58:G59)=0,"",IFERROR((N(G58)+N(G59))/G5,"")) | H68: =IF(COUNT(H58:H59)=0,"",IFERROR((N(H58)+N(H59))/H5,"")) | I68: =IF(COUNT(I58:I59)=0,"",IFERROR((N(I58)+N(I59))/I5,"")) | J68: =IF(COUNT(J58:J59)=0,"",IFERROR((N(J58)+N(J59))/J5,"")) | K68: ϝ
B69: Training Invest. / EE Trained (USD) | C69: =IF(COUNT(C58:C59)=0,"",IFERROR((N(C58)+N(C59))/C56,"")) | D69: =IF(COUNT(D58:D59)=0,"",IFERROR((N(D58)+N(D59))/D56,"")) | E69: =IF(COUNT(E58:E59)=0,"",IFERROR((N(E58)+N(E59))/E56,"")) | F69: =IF(COUNT(F58:F59)=0,"",IFERROR((N(F58)+N(F59))/F56,"")) | G69: =IF(COUNT(G58:G59)=0,"",IFERROR((N(G58)+N(G59))/G56,"")) | H69: =IF(COUNT(H58:H59)=0,"",IFERROR((N(H58)+N(H59))/H56,"")) | I69: =IF(COUNT(I58:I59)=0,"",IFERROR((N(I58)+N(I59))/I56,"")) | J69: =IF(COUNT(J58:J59)=0,"",IFERROR((N(J58)+N(J59))/J56,"")) | K69: ϝ
B70: Input Cells Not Submitted | C70: =COUNTBLANK(C3:C4)+COUNTBLANK(C6:C10)+COUNTBLANK(C12:C13)+COUNTBLANK(C18:C20)+COUNTBLANK(C22:C23)+COUNTBLANK(C27:C28)+COUNTBLANK(C34:C35)+COUNTBLANK(C39:C44)+COUNTBLANK(C46:C47)+COUNTBLANK(C50:C54)+COUNTBLANK(C56:C59) | D70: =COUNTBLANK(D3:D4)+COUNTBLANK(D6:D10)+COUNTBLANK(D12:D13)+COUNTBLANK(D18:D20)+COUNTBLANK(D22:D23)+COUNTBLANK(D27:D28)+COUNTBLANK(D34:D35)+COUNTBLANK(D39:D44)+COUNTBLANK(D46:D47)+COUNTBLANK(D50:D54)+COUNTBLANK(D56:D59) | E70: =COUNTBLANK(E3:E4)+COUNTBLANK(E6:E10)+COUNTBLANK(E12:E13)+COUNTBLANK(E18:E20)+COUNTBLANK(E22:E23)+COUNTBLANK(E27:E28)+COUNTBLANK(E34:E35)+COUNTBLANK(E39:E44)+COUNTBLANK(E46:E47)+COUNTBLANK(E50:E54)+COUNTBLANK(E56:E59) | F70: =COUNTBLANK(F3:F4)+COUNTBLANK(F6:F10)+COUNTBLANK(F12:F13)+COUNTBLANK(F18:F20)+COUNTBLANK(F22:F23)+COUNTBLANK(F27:F28)+COUNTBLANK(F34:F35)+COUNTBLANK(F39:F44)+COUNTBLANK(F46:F47)+COUNTBLANK(F50:F54)+COUNTBLANK(F56:F59) | G70: =COUNTBLANK(G3:G4)+COUNTBLANK(G6:G10)+COUNTBLANK(G12:G13)+COUNTBLANK(G18:G20)+COUNTBLANK(G22:G23)+COUNTBLANK(G27:G28)+COUNTBLANK(G34:G35)+COUNTBLANK(G39:G44)+COUNTBLANK(G46:G47)+COUNTBLANK(G50:G54)+COUNTBLANK(G56:G59) | H70: =COUNTBLANK(H3:H4)+COUNTBLANK(H6:H10)+COUNTBLANK(H12:H13)+COUNTBLANK(H18:H20)+COUNTBLANK(H22:H23)+COUNTBLANK(H27:H28)+COUNTBLANK(H34:H35)+COUNTBLANK(H39:H44)+COUNTBLANK(H46:H47)+COUNTBLANK(H50:H54)+COUNTBLANK(H56:H59) | I70: =COUNTBLANK(I3:I4)+COUNTBLANK(I6:I10)+COUNTBLANK(I12:I13)+COUNTBLANK(I18:I20)+COUNTBLANK(I22:I23)+COUNTBLANK(I27:I28)+COUNTBLANK(I34:I35)+COUNTBLANK(I39:I44)+COUNTBLANK(I46:I47)+COUNTBLANK(I50:I54)+COUNTBLANK(I56:I59) | J70: =SUM(C70:I70) | K70: ∑

Sheet JAN
B1: GCG NORTH CARIBBEAN | C1: 1062 | D1: 1075 | E1: 1044 | F1: 1066 | G1: 1158 | H1: 1067 | I1: 1046
A2: =VALUE(TEXT(EDATE(DATE(LEFT(DEC!A2,4),RIGHT(DEC!A2,2),1),1),"yyyymm")) | B2: JAN | C2: GCG Antigua | D2: GCG Grand Cayman | E2: GCG Aviation Ground Jamaica | F2: GCG Jamaica | G2: GCG Aviation Ground Saint Lucia | H2: GCG Saint Lucia | I2: GCG Ground Saint Thomas | J2: TOTAL | K2: Total by Division | L2: =N(L11)<>0
A3: =+A2 | B3: Permanent (Regular) Headcount | J3: =IF(COUNT(C3:I3)=0,"",SUM(C3:I3)) | K3: ∑
B4: Temporary (Fix Term) Headcount | J4: =IF(COUNT(C4:I4)=0,"",SUM(C4:I4)) | K4: ∑
B5: Employee Headcount (Productivity) | C5: =IF(COUNT(C3:C4)=0,"",SUM(C3:C4)) | D5: =IF(COUNT(D3:D4)=0,"",SUM(D3:D4)) | E5: =IF(COUNT(E3:E4)=0,"",SUM(E3:E4)) | F5: =IF(COUNT(F3:F4)=0,"",SUM(F3:F4)) | G5: =IF(COUNT(G3:G4)=0,"",SUM(G3:G4)) | H5: =IF(COUNT(H3:H4)=0,"",SUM(H3:H4)) | I5: =IF(COUNT(I3:I4)=0,"",SUM(I3:I4)) | J5: =IF(COUNT(J3:J4)=0,"",SUM(J3:J4)) | K5: ϝ
B6: Headcount = 1.00 | J6: =IF(COUNT(C6:I6)=0,"",SUM(C6:I6)) | K6: ∑
B7: Headcount = 0.75 | J7: =IF(COUNT(C7:I7)=0,"",SUM(C7:I7)) | K7: ∑
B8: Headcount = 0.50 | J8: =IF(COUNT(C8:I8)=0,"",SUM(C8:I8)) | K8: ∑
B9: Headcount = 0.25 | J9: =IF(COUNT(C9:I9)=0,"",SUM(C9:I9)) | K9: ∑
B10: Standard Monthly Hours (FTE basis) | J10: =IFERROR(AVERAGE(C10:I10),"") | K10: Avg
B11: Employee FTE (Finance) | C11: =IF(COUNT(C6:C9)=0,"",N(C6)+N(C7)*0.75+N(C8)*0.5+N(C9)*0.25) | D11: =IF(COUNT(D6:D9)=0,"",N(D6)+N(D7)*0.75+N(D8)*0.5+N(D9)*0.25) | E11: =IF(COUNT(E6:E9)=0,"",N(E6)+N(E7)*0.75+N(E8)*0.5+N(E9)*0.25) | F11: =IF(COUNT(F6:F9)=0,"",N(F6)+N(F7)*0.75+N(F8)*0.5+N(F9)*0.25) | G11: =IF(COUNT(G6:G9)=0,"",N(G6)+N(G7)*0.75+N(G8)*0.5+N(G9)*0.25) | H11: =IF(COUNT(H6:H9)=0,"",N(H6)+N(H7)*0.75+N(H8)*0.5+N(H9)*0.25) | I11: =IF(COUNT(I6:I9)=0,"",N(I6)+N(I7)*0.75+N(I8)*0.5+N(I9)*0.25) | J11: =IF(COUNT(J6:J9)=0,"",N(J6)+N(J7)*0.75+N(J8)*0.5+N(J9)*0.25) | K11: FTE | L11: =IF(COUNT(J5:J9)=0,"",N(J6)+N(J7)+N(J8)+N(J9)-N(J5))
B12: Subcontracted Workforce HC | J12: =IF(COUNT(C12:I12)=0,"",SUM(C12:I12)) | K12: ∑
B13: Subcontracted Productive Hours | J13: =IF(COUNT(C13:I13)=0,"",SUM(C13:I13)) | K13: ∑
B14: Subcontracted FTE | C14: =IFERROR(C13/C10,"") | D14: =IFERROR(D13/D10,"") | E14: =IFERROR(E13/E10,"") | F14: =IFERROR(F13/F10,"") | G14: =IFERROR(G13/G10,"") | H14: =IFERROR(H13/H10,"") | I14: =IFERROR(I13/I10,"") | J14: =IF(COUNT(C14:I14)=0,"",SUM(C14:I14)) | K14: FTE
B15: Total Operational Workforce | C15: =IF(COUNT(C5,C12)=0,"",SUM(C5,C12)) | D15: =IF(COUNT(D5,D12)=0,"",SUM(D5,D12)) | E15: =IF(COUNT(E5,E12)=0,"",SUM(E5,E12)) | F15: =IF(COUNT(F5,F12)=0,"",SUM(F5,F12)) | G15: =IF(COUNT(G5,G12)=0,"",SUM(G5,G12)) | H15: =IF(COUNT(H5,H12)=0,"",SUM(H5,H12)) | I15: =IF(COUNT(I5,I12)=0,"",SUM(I5,I12)) | J15: =IF(COUNT(J5,J12)=0,"",SUM(J5,J12)) | K15: ϝ
B16: Total Operational FTE | C16: =IF(COUNT(C11,C14)=0,"",SUM(C11,C14)) | D16: =IF(COUNT(D11,D14)=0,"",SUM(D11,D14)) | E16: =IF(COUNT(E11,E14)=0,"",SUM(E11,E14)) | F16: =IF(COUNT(F11,F14)=0,"",SUM(F11,F14)) | G16: =IF(COUNT(G11,G14)=0,"",SUM(G11,G14)) | H16: =IF(COUNT(H11,H14)=0,"",SUM(H11,H14)) | I16: =IF(COUNT(I11,I14)=0,"",SUM(I11,I14)) | J16: =IF(COUNT(J11,J14)=0,"",SUM(J11,J14)) | K16: FTE
B17: Subcontracted Share of Workforce (%) | C17: =IFERROR(C12/C15,"") | D17: =IFERROR(D12/D15,"") | E17: =IFERROR(E12/E15,"") | F17: =IFERROR(F12/F15,"") | G17: =IFERROR(G12/G15,"") | H17: =IFERROR(H12/H15,"") | I17: =IFERROR(I12/I15,"") | J17: =IFERROR(J12/J15,"") | K17: ϝ
B18: FTE HR Team | J18: =IF(COUNT(C18:I18)=0,"",SUM(C18:I18)) | K18: ∑
B19: Permanent Hires | J19: =IF(COUNT(C19:I19)=0,"",SUM(C19:I19)) | K19: ∑
B20: Temporary Hires | J20: =IF(COUNT(C20:I20)=0,"",SUM(C20:I20)) | K20: ∑
B21: Total Hires | C21: =IF(COUNT(C19:C20)=0,"",SUM(C19:C20)) | D21: =IF(COUNT(D19:D20)=0,"",SUM(D19:D20)) | E21: =IF(COUNT(E19:E20)=0,"",SUM(E19:E20)) | F21: =IF(COUNT(F19:F20)=0,"",SUM(F19:F20)) | G21: =IF(COUNT(G19:G20)=0,"",SUM(G19:G20)) | H21: =IF(COUNT(H19:H20)=0,"",SUM(H19:H20)) | I21: =IF(COUNT(I19:I20)=0,"",SUM(I19:I20)) | J21: =IF(COUNT(J19:J20)=0,"",SUM(J19:J20)) | K21: ϝ
B22: Permanent Exits | J22: =IF(COUNT(C22:I22)=0,"",SUM(C22:I22)) | K22: ∑
B23: Temporary Exits | J23: =IF(COUNT(C23:I23)=0,"",SUM(C23:I23)) | K23: ∑
B24: Total Exits | C24: =IF(COUNT(C22:C23)=0,"",SUM(C22:C23)) | D24: =IF(COUNT(D22:D23)=0,"",SUM(D22:D23)) | E24: =IF(COUNT(E22:E23)=0,"",SUM(E22:E23)) | F24: =IF(COUNT(F22:F23)=0,"",SUM(F22:F23)) | G24: =IF(COUNT(G22:G23)=0,"",SUM(G22:G23)) | H24: =IF(COUNT(H22:H23)=0,"",SUM(H22:H23)) | I24: =IF(COUNT(I22:I23)=0,"",SUM(I22:I23)) | J24: =IF(COUNT(J22:J23)=0,"",SUM(J22:J23)) | K24: ϝ
B25: Permanent Turnover (%) | C25: =IF(COUNT(C31,C32)<2,"",IF((C32+C31)=0,"",N(C22)/((C32+C31)/2))) | D25: =IF(COUNT(D31,D32)<2,"",IF((D32+D31)=0,"",N(D22)/((D32+D31)/2))) | E25: =IF(COUNT(E31,E32)<2,"",IF((E32+E31)=0,"",N(E22)/((E32+E31)/2))) | F25: =IF(COUNT(F31,F32)<2,"",IF((F32+F31)=0,"",N(F22)/((F32+F31)/2))) | G25: =IF(COUNT(G31,G32)<2,"",IF((G32+G31)=0,"",N(G22)/((G32+G31)/2))) | H25: =IF(COUNT(H31,H32)<2,"",IF((H32+H31)=0,"",N(H22)/((H32+H31)/2))) | I25: =IF(COUNT(I31,I32)<2,"",IF((I32+I31)=0,"",N(I22)/((I32+I31)/2))) | J25: =IF(COUNT(J31,J32)<2,"",IF((J32+J31)=0,"",N(J22)/((J32+J31)/2))) | K25: ϝ
B26: Temporary Turnover (%) | C26: =IF(COUNT(C31,C32)<2,"",IF((C32+C31)=0,"",N(C23)/((C32+C31)/2))) | D26: =IF(COUNT(D31,D32)<2,"",IF((D32+D31)=0,"",N(D23)/((D32+D31)/2))) | E26: =IF(COUNT(E31,E32)<2,"",IF((E32+E31)=0,"",N(E23)/((E32+E31)/2))) | F26: =IF(COUNT(F31,F32)<2,"",IF((F32+F31)=0,"",N(F23)/((F32+F31)/2))) | G26: =IF(COUNT(G31,G32)<2,"",IF((G32+G31)=0,"",N(G23)/((G32+G31)/2))) | H26: =IF(COUNT(H31,H32)<2,"",IF((H32+H31)=0,"",N(H23)/((H32+H31)/2))) | I26: =IF(COUNT(I31,I32)<2,"",IF((I32+I31)=0,"",N(I23)/((I32+I31)/2))) | J26: =IF(COUNT(J31,J32)<2,"",IF((J32+J31)=0,"",N(J23)/((J32+J31)/2))) | K26: ϝ
B27: Voluntary Terminations | J27: =IF(COUNT(C27:I27)=0,"",SUM(C27:I27)) | K27: ∑
B28: Involuntary Terminations | J28: =IF(COUNT(C28:I28)=0,"",SUM(C28:I28)) | K28: ∑
B29: Voluntary Turnover (%) | C29: =IF(COUNT(C31,C32)<2,"",IF((C32+C31)=0,"",N(C27)/((C32+C31)/2))) | D29: =IF(COUNT(D31,D32)<2,"",IF((D32+D31)=0,"",N(D27)/((D32+D31)/2))) | E29: =IF(COUNT(E31,E32)<2,"",IF((E32+E31)=0,"",N(E27)/((E32+E31)/2))) | F29: =IF(COUNT(F31,F32)<2,"",IF((F32+F31)=0,"",N(F27)/((F32+F31)/2))) | G29: =IF(COUNT(G31,G32)<2,"",IF((G32+G31)=0,"",N(G27)/((G32+G31)/2))) | H29: =IF(COUNT(H31,H32)<2,"",IF((H32+H31)=0,"",N(H27)/((H32+H31)/2))) | I29: =IF(COUNT(I31,I32)<2,"",IF((I32+I31)=0,"",N(I27)/((I32+I31)/2))) | J29: =IF(COUNT(J31,J32)<2,"",IF((J32+J31)=0,"",N(J27)/((J32+J31)/2))) | K29: ϝ
B30: Involuntary Turnover (%) | C30: =IF(COUNT(C31,C32)<2,"",IF((C32+C31)=0,"",N(C28)/((C32+C31)/2))) | D30: =IF(COUNT(D31,D32)<2,"",IF((D32+D31)=0,"",N(D28)/((D32+D31)/2))) | E30: =IF(COUNT(E31,E32)<2,"",IF((E32+E31)=0,"",N(E28)/((E32+E31)/2))) | F30: =IF(COUNT(F31,F32)<2,"",IF((F32+F31)=0,"",N(F28)/((F32+F31)/2))) | G30: =IF(COUNT(G31,G32)<2,"",IF((G32+G31)=0,"",N(G28)/((G32+G31)/2))) | H30: =IF(COUNT(H31,H32)<2,"",IF((H32+H31)=0,"",N(H28)/((H32+H31)/2))) | I30: =IF(COUNT(I31,I32)<2,"",IF((I32+I31)=0,"",N(I28)/((I32+I31)/2))) | J30: =IF(COUNT(J31,J32)<2,"",IF((J32+J31)=0,"",N(J28)/((J32+J31)/2))) | K30: ϝ
B31: Headcount last Month | C31: =IF(DEC!C5="","",DEC!C5) | D31: =IF(DEC!D5="","",DEC!D5) | E31: =IF(DEC!E5="","",DEC!E5) | F31: =IF(DEC!F5="","",DEC!F5) | G31: =IF(DEC!G5="","",DEC!G5) | H31: =IF(DEC!H5="","",DEC!H5) | I31: =IF(DEC!I5="","",DEC!I5) | J31: =IF(COUNT(C31:I31)=0,"",SUM(C31:I31)) | K31: ∑
B32: Headcount this Month | C32: =IF(C5="","",C5) | D32: =IF(D5="","",D5) | E32: =IF(E5="","",E5) | F32: =IF(F5="","",F5) | G32: =IF(G5="","",G5) | H32: =IF(H5="","",H5) | I32: =IF(I5="","",I5) | J32: =IF(COUNT(C32:I32)=0,"",SUM(C32:I32)) | K32: ∑
B33: Full Turnover (%) | C33: =IF(COUNT(C31,C32)<2,"",IF((C32+C31)=0,"",N(C24)/((C32+C31)/2))) | D33: =IF(COUNT(D31,D32)<2,"",IF((D32+D31)=0,"",N(D24)/((D32+D31)/2))) | E33: =IF(COUNT(E31,E32)<2,"",IF((E32+E31)=0,"",N(E24)/((E32+E31)/2))) | F33: =IF(COUNT(F31,F32)<2,"",IF((F32+F31)=0,"",N(F24)/((F32+F31)/2))) | G33: =IF(COUNT(G31,G32)<2,"",IF((G32+G31)=0,"",N(G24)/((G32+G31)/2))) | H33: =IF(COUNT(H31,H32)<2,"",IF((H32+H31)=0,"",N(H24)/((H32+H31)/2))) | I33: =IF(COUNT(I31,I32)<2,"",IF((I32+I31)=0,"",N(I24)/((I32+I31)/2))) | J33: =IF(COUNT(J31,J32)<2,"",IF((J32+J31)=0,"",N(J24)/((J32+J31)/2))) | K33: ϝ
B34: Permanent Vacancies | J34: =IF(COUNT(C34:I34)=0,"",SUM(C34:I34)) | K34: ∑
B35: Temporary Vacancies | J35: =IF(COUNT(C35:I35)=0,"",SUM(C35:I35)) | K35: ∑
B36: Total Vacancies | C36: =IF(COUNT(C34:C35)=0,"",SUM(C34:C35)) | D36: =IF(COUNT(D34:D35)=0,"",SUM(D34:D35)) | E36: =IF(COUNT(E34:E35)=0,"",SUM(E34:E35)) | F36: =IF(COUNT(F34:F35)=0,"",SUM(F34:F35)) | G36: =IF(COUNT(G34:G35)=0,"",SUM(G34:G35)) | H36: =IF(COUNT(H34:H35)=0,"",SUM(H34:H35)) | I36: =IF(COUNT(I34:I35)=0,"",SUM(I34:I35)) | J36: =IF(COUNT(J34:J35)=0,"",SUM(J34:J35)) | K36: ϝ
B37: Authorized Positions | C37: =IF(COUNT(C5,C36)=0,"",N(C5)+N(C36)) | D37: =IF(COUNT(D5,D36)=0,"",N(D5)+N(D36)) | E37: =IF(COUNT(E5,E36)=0,"",N(E5)+N(E36)) | F37: =IF(COUNT(F5,F36)=0,"",N(F5)+N(F36)) | G37: =IF(COUNT(G5,G36)=0,"",N(G5)+N(G36)) | H37: =IF(COUNT(H5,H36)=0,"",N(H5)+N(H36)) | I37: =IF(COUNT(I5,I36)=0,"",N(I5)+N(I36)) | J37: =IF(COUNT(J5,J36)=0,"",N(J5)+N(J36)) | K37: ϝ
B38: Vacancy Rate (%) | C38: =IFERROR(C36/C37,"") | D38: =IFERROR(D36/D37,"") | E38: =IFERROR(E36/E37,"") | F38: =IFERROR(F36/F37,"") | G38: =IFERROR(G36/G37,"") | H38: =IFERROR(H36/H37,"") | I38: =IFERROR(I36/I37,"") | J38: =IFERROR(J36/J37,"") | K38: ϝ
B39: Permanent TimeToHire (Days) YTD | C39: =IF('(GCG_ATG)'!$AB$7="","",'(GCG_ATG)'!$AB$7) | D39: =IF('(GCG_GCM)'!$AB$7="","",'(GCG_GCM)'!$AB$7) | E39: =IF('(Ground_JAM)'!$AB$7="","",'(Ground_JAM)'!$AB$7) | F39: =IF('(GCG_JAM)'!$AB$7="","",'(GCG_JAM)'!$AB$7) | G39: =IF('(Ground_LCA)'!$AB$7="","",'(Ground_LCA)'!$AB$7) | H39: =IF('(GCG_LCA)'!$AB$7="","",'(GCG_LCA)'!$AB$7) | I39: =IF('(Ground_STT)'!$AB$7="","",'(Ground_STT)'!$AB$7) | J39: =IFERROR(AVERAGE(C39:I39),"") | K39: Avg
B40: Temporary TimeToHire (Days) YTD | C40: =IF('(GCG_ATG)'!$AD$7="","",'(GCG_ATG)'!$AD$7) | D40: =IF('(GCG_GCM)'!$AD$7="","",'(GCG_GCM)'!$AD$7) | E40: =IF('(Ground_JAM)'!$AD$7="","",'(Ground_JAM)'!$AD$7) | F40: =IF('(GCG_JAM)'!$AD$7="","",'(GCG_JAM)'!$AD$7) | G40: =IF('(Ground_LCA)'!$AD$7="","",'(Ground_LCA)'!$AD$7) | H40: =IF('(GCG_LCA)'!$AD$7="","",'(GCG_LCA)'!$AD$7) | I40: =IF('(Ground_STT)'!$AD$7="","",'(Ground_STT)'!$AD$7) | J40: =IFERROR(AVERAGE(C40:I40),"") | K40: Avg
B41: Check-ins Rate Completed (%) | J41: =IFERROR(AVERAGE(C41:I41),"") | K41: Avg
B42: EE Objectives Completed (#) | J42: =IF(COUNT(C42:I42)=0,"",SUM(C42:I42)) | K42: ∑
B43: Non-certified Absent (Days Lost) | J43: =IF(COUNT(C43:I43)=0,"",SUM(C43:I43)) | K43: ∑
B44: Certified sick leave (Days Lost) | J44: =IF(COUNT(C44:I44)=0,"",SUM(C44:I44)) | K44: ∑
B45: Total Absences | C45: =IF(COUNT(C43:C44)=0,"",SUM(C43:C44)) | D45: =IF(COUNT(D43:D44)=0,"",SUM(D43:D44)) | E45: =IF(COUNT(E43:E44)=0,"",SUM(E43:E44)) | F45: =IF(COUNT(F43:F44)=0,"",SUM(F43:F44)) | G45: =IF(COUNT(G43:G44)=0,"",SUM(G43:G44)) | H45: =IF(COUNT(H43:H44)=0,"",SUM(H43:H44)) | I45: =IF(COUNT(I43:I44)=0,"",SUM(I43:I44)) | J45: =IF(COUNT(J43:J44)=0,"",SUM(J43:J44)) | K45: ϝ
B46: Absent Rate Non-Certified (%) | C46: =IF('(GCG_ATG)'!$G$7="","",'(GCG_ATG)'!$G$7) | D46: =IF('(GCG_GCM)'!$G$7="","",'(GCG_GCM)'!$G$7) | E46: =IF('(Ground_JAM)'!$G$7="","",'(Ground_JAM)'!$G$7) | F46: =IF('(GCG_JAM)'!$G$7="","",'(GCG_JAM)'!$G$7) | G46: =IF('(Ground_LCA)'!$G$7="","",'(Ground_LCA)'!$G$7) | H46: =IF('(GCG_LCA)'!$G$7="","",'(GCG_LCA)'!$G$7) | I46: =IF('(Ground_STT)'!$G$7="","",'(Ground_STT)'!$G$7) | J46: {=IF(COUNT(C46:I46)=0,"",IFERROR(SUMPRODUCT(IFERROR(C46:I46*((C3:I3)+(C4:I4)),0))/SUMPRODUCT(IFERROR(ISNUMBER(C46:I46)*((C3:I3)+(C4:I4)),0)),""))} | K46: Weighted
B47: Absent Rate Certified (%) | C47: =IF('(GCG_ATG)'!$O$7="","",'(GCG_ATG)'!$O$7) | D47: =IF('(GCG_GCM)'!$O$7="","",'(GCG_GCM)'!$O$7) | E47: =IF('(Ground_JAM)'!$O$7="","",'(Ground_JAM)'!$O$7) | F47: =IF('(GCG_JAM)'!$O$7="","",'(GCG_JAM)'!$O$7) | G47: =IF('(Ground_LCA)'!$O$7="","",'(Ground_LCA)'!$O$7) | H47: =IF('(GCG_LCA)'!$O$7="","",'(GCG_LCA)'!$O$7) | I47: =IF('(Ground_STT)'!$O$7="","",'(Ground_STT)'!$O$7) | J47: {=IF(COUNT(C47:I47)=0,"",IFERROR(SUMPRODUCT(IFERROR(C47:I47*((C3:I3)+(C4:I4)),0))/SUMPRODUCT(IFERROR(ISNUMBER(C47:I47)*((C3:I3)+(C4:I4)),0)),""))} | K47: Weighted
B48: Absent Rate Total (%) | C48: =IF(COUNT(C46:C47)=0,"",SUM(C46:C47)) | D48: =IF(COUNT(D46:D47)=0,"",SUM(D46:D47)) | E48: =IF(COUNT(E46:E47)=0,"",SUM(E46:E47)) | F48: =IF(COUNT(F46:F47)=0,"",SUM(F46:F47)) | G48: =IF(COUNT(G46:G47)=0,"",SUM(G46:G47)) | H48: =IF(COUNT(H46:H47)=0,"",SUM(H46:H47)) | I48: =IF(COUNT(I46:I47)=0,"",SUM(I46:I47)) | J48: =IF(COUNT(J46:J47)=0,"",SUM(J46:J47)) | K48: Weighted
B49: Weight factor | C49: =IFERROR(C5/$J5,"") | D49: =IFERROR(D5/$J5,"") | E49: =IFERROR(E5/$J5,"") | F49: =IFERROR(F5/$J5,"") | G49: =IFERROR(G5/$J5,"") | H49: =IFERROR(H5/$J5,"") | I49: =IFERROR(I5/$J5,"") | J49: =IF(COUNT(C49:I49)=0,"",SUM(C49:I49)) | K49: Weight Factor
B50: Leadership (Hours) | J50: =IF(COUNT(C50:I50)=0,"",SUM(C50:I50)) | K50: ∑
B51: Technical (Hours) | J51: =IF(COUNT(C51:I51)=0,"",SUM(C51:I51)) | K51: ∑
B52: Professional Develop. (Hours) | J52: =IF(COUNT(C52:I52)=0,"",SUM(C52:I52)) | K52: ∑
B53: HSSE (Hours) | J53: =IF(COUNT(C53:I53)=0,"",SUM(C53:I53)) | K53: ∑
B54: Workday (Hours) | J54: =IF(COUNT(C54:I54)=0,"",SUM(C54:I54)) | K54: ∑
B55: Total Training Hours | C55: =IF(COUNT(C50:C54)=0,"",SUM(C50:C54)) | D55: =IF(COUNT(D50:D54)=0,"",SUM(D50:D54)) | E55: =IF(COUNT(E50:E54)=0,"",SUM(E50:E54)) | F55: =IF(COUNT(F50:F54)=0,"",SUM(F50:F54)) | G55: =IF(COUNT(G50:G54)=0,"",SUM(G50:G54)) | H55: =IF(COUNT(H50:H54)=0,"",SUM(H50:H54)) | I55: =IF(COUNT(I50:I54)=0,"",SUM(I50:I54)) | J55: =IF(COUNT(J50:J54)=0,"",SUM(J50:J54)) | K55: ϝ
B56: Total Trained (Staff) | J56: =IF(COUNT(C56:I56)=0,"",SUM(C56:I56)) | K56: ∑
B57: Training Programs (#) | J57: =IF(COUNT(C57:I57)=0,"",SUM(C57:I57)) | K57: ∑
B58: Training Cost (USD) | J58: =IF(COUNT(C58:I58)=0,"",SUM(C58:I58)) | K58: ∑
B59: Training Travel Cost (USD) | J59: =IF(COUNT(C59:I59)=0,"",SUM(C59:I59)) | K59: ∑
B60: Leadership Hours Trained (%) | C60: =IFERROR(C50/C$55,"") | D60: =IFERROR(D50/D$55,"") | E60: =IFERROR(E50/E$55,"") | F60: =IFERROR(F50/F$55,"") | G60: =IFERROR(G50/G$55,"") | H60: =IFERROR(H50/H$55,"") | I60: =IFERROR(I50/I$55,"") | J60: =IFERROR(J50/J$55,"") | K60: ϝ
B61: Technical Hours Trained (%) | C61: =IFERROR(C51/C$55,"") | D61: =IFERROR(D51/D$55,"") | E61: =IFERROR(E51/E$55,"") | F61: =IFERROR(F51/F$55,"") | G61: =IFERROR(G51/G$55,"") | H61: =IFERROR(H51/H$55,"") | I61: =IFERROR(I51/I$55,"") | J61: =IFERROR(J51/J$55,"") | K61: ϝ
B62: Profess. Dev. Hours Trained (%) | C62: =IFERROR(C52/C$55,"") | D62: =IFERROR(D52/D$55,"") | E62: =IFERROR(E52/E$55,"") | F62: =IFERROR(F52/F$55,"") | G62: =IFERROR(G52/G$55,"") | H62: =IFERROR(H52/H$55,"") | I62: =IFERROR(I52/I$55,"") | J62: =IFERROR(J52/J$55,"") | K62: ϝ
B63: HSSE Hours Trained (%) | C63: =IFERROR(C53/C$55,"") | D63: =IFERROR(D53/D$55,"") | E63: =IFERROR(E53/E$55,"") | F63: =IFERROR(F53/F$55,"") | G63: =IFERROR(G53/G$55,"") | H63: =IFERROR(H53/H$55,"") | I63: =IFERROR(I53/I$55,"") | J63: =IFERROR(J53/J$55,"") | K63: ϝ
B64: Workday Hours Trained (%) | C64: =IFERROR(C54/C$55,"") | D64: =IFERROR(D54/D$55,"") | E64: =IFERROR(E54/E$55,"") | F64: =IFERROR(F54/F$55,"") | G64: =IFERROR(G54/G$55,"") | H64: =IFERROR(H54/H$55,"") | I64: =IFERROR(I54/I$55,"") | J64: =IFERROR(J54/J$55,"") | K64: ϝ
B65: Staff Trained (%) | C65: =IFERROR(C56/C5,"") | D65: =IFERROR(D56/D5,"") | E65: =IFERROR(E56/E5,"") | F65: =IFERROR(F56/F5,"") | G65: =IFERROR(G56/G5,"") | H65: =IFERROR(H56/H5,"") | I65: =IFERROR(I56/I5,"") | J65: =IFERROR(J56/J5,"") | K65: ϝ
B66: Training Hours / EE | C66: =IFERROR(C55/C5,"") | D66: =IFERROR(D55/D5,"") | E66: =IFERROR(E55/E5,"") | F66: =IFERROR(F55/F5,"") | G66: =IFERROR(G55/G5,"") | H66: =IFERROR(H55/H5,"") | I66: =IFERROR(I55/I5,"") | J66: =IFERROR(J55/J5,"") | K66: ϝ
B67: Training Hours / EE Trained | C67: =IFERROR(C55/C56,"") | D67: =IFERROR(D55/D56,"") | E67: =IFERROR(E55/E56,"") | F67: =IFERROR(F55/F56,"") | G67: =IFERROR(G55/G56,"") | H67: =IFERROR(H55/H56,"") | I67: =IFERROR(I55/I56,"") | J67: =IFERROR(J55/J56,"") | K67: ϝ
B68: Training Invest. / EE (USD) | C68: =IF(COUNT(C58:C59)=0,"",IFERROR((N(C58)+N(C59))/C5,"")) | D68: =IF(COUNT(D58:D59)=0,"",IFERROR((N(D58)+N(D59))/D5,"")) | E68: =IF(COUNT(E58:E59)=0,"",IFERROR((N(E58)+N(E59))/E5,"")) | F68: =IF(COUNT(F58:F59)=0,"",IFERROR((N(F58)+N(F59))/F5,"")) | G68: =IF(COUNT(G58:G59)=0,"",IFERROR((N(G58)+N(G59))/G5,"")) | H68: =IF(COUNT(H58:H59)=0,"",IFERROR((N(H58)+N(H59))/H5,"")) | I68: =IF(COUNT(I58:I59)=0,"",IFERROR((N(I58)+N(I59))/I5,"")) | J68: =IF(COUNT(J58:J59)=0,"",IFERROR((N(J58)+N(J59))/J5,"")) | K68: ϝ
B69: Training Invest. / EE Trained (USD) | C69: =IF(COUNT(C58:C59)=0,"",IFERROR((N(C58)+N(C59))/C56,"")) | D69: =IF(COUNT(D58:D59)=0,"",IFERROR((N(D58)+N(D59))/D56,"")) | E69: =IF(COUNT(E58:E59)=0,"",IFERROR((N(E58)+N(E59))/E56,"")) | F69: =IF(COUNT(F58:F59)=0,"",IFERROR((N(F58)+N(F59))/F56,"")) | G69: =IF(COUNT(G58:G59)=0,"",IFERROR((N(G58)+N(G59))/G56,"")) | H69: =IF(COUNT(H58:H59)=0,"",IFERROR((N(H58)+N(H59))/H56,"")) | I69: =IF(COUNT(I58:I59)=0,"",IFERROR((N(I58)+N(I59))/I56,"")) | J69: =IF(COUNT(J58:J59)=0,"",IFERROR((N(J58)+N(J59))/J56,"")) | K69: ϝ
B70: Input Cells Not Submitted | C70: =COUNTBLANK(C3:C4)+COUNTBLANK(C6:C10)+COUNTBLANK(C12:C13)+COUNTBLANK(C18:C20)+COUNTBLANK(C22:C23)+COUNTBLANK(C27:C28)+COUNTBLANK(C34:C35)+COUNTBLANK(C39:C44)+COUNTBLANK(C46:C47)+COUNTBLANK(C50:C54)+COUNTBLANK(C56:C59) | D70: =COUNTBLANK(D3:D4)+COUNTBLANK(D6:D10)+COUNTBLANK(D12:D13)+COUNTBLANK(D18:D20)+COUNTBLANK(D22:D23)+COUNTBLANK(D27:D28)+COUNTBLANK(D34:D35)+COUNTBLANK(D39:D44)+COUNTBLANK(D46:D47)+COUNTBLANK(D50:D54)+COUNTBLANK(D56:D59) | E70: =COUNTBLANK(E3:E4)+COUNTBLANK(E6:E10)+COUNTBLANK(E12:E13)+COUNTBLANK(E18:E20)+COUNTBLANK(E22:E23)+COUNTBLANK(E27:E28)+COUNTBLANK(E34:E35)+COUNTBLANK(E39:E44)+COUNTBLANK(E46:E47)+COUNTBLANK(E50:E54)+COUNTBLANK(E56:E59) | F70: =COUNTBLANK(F3:F4)+COUNTBLANK(F6:F10)+COUNTBLANK(F12:F13)+COUNTBLANK(F18:F20)+COUNTBLANK(F22:F23)+COUNTBLANK(F27:F28)+COUNTBLANK(F34:F35)+COUNTBLANK(F39:F44)+COUNTBLANK(F46:F47)+COUNTBLANK(F50:F54)+COUNTBLANK(F56:F59) | G70: =COUNTBLANK(G3:G4)+COUNTBLANK(G6:G10)+COUNTBLANK(G12:G13)+COUNTBLANK(G18:G20)+COUNTBLANK(G22:G23)+COUNTBLANK(G27:G28)+COUNTBLANK(G34:G35)+COUNTBLANK(G39:G44)+COUNTBLANK(G46:G47)+COUNTBLANK(G50:G54)+COUNTBLANK(G56:G59) | H70: =COUNTBLANK(H3:H4)+COUNTBLANK(H6:H10)+COUNTBLANK(H12:H13)+COUNTBLANK(H18:H20)+COUNTBLANK(H22:H23)+COUNTBLANK(H27:H28)+COUNTBLANK(H34:H35)+COUNTBLANK(H39:H44)+COUNTBLANK(H46:H47)+COUNTBLANK(H50:H54)+COUNTBLANK(H56:H59) | I70: =COUNTBLANK(I3:I4)+COUNTBLANK(I6:I10)+COUNTBLANK(I12:I13)+COUNTBLANK(I18:I20)+COUNTBLANK(I22:I23)+COUNTBLANK(I27:I28)+COUNTBLANK(I34:I35)+COUNTBLANK(I39:I44)+COUNTBLANK(I46:I47)+COUNTBLANK(I50:I54)+COUNTBLANK(I56:I59) | J70: =SUM(C70:I70) | K70: ∑

Sheet FEB
B1: GCG NORTH CARIBBEAN | C1: 1062 | D1: 1075 | E1: 1044 | F1: 1066 | G1: 1158 | H1: 1067 | I1: 1046
A2: =VALUE(TEXT(EDATE(DATE(LEFT(JAN!A2,4),RIGHT(JAN!A2,2),1),1),"yyyymm")) | B2: FEB | C2: GCG Antigua | D2: GCG Grand Cayman | E2: GCG Aviation Ground Jamaica | F2: GCG Jamaica | G2: GCG Aviation Ground Saint Lucia | H2: GCG Saint Lucia | I2: GCG Ground Saint Thomas | J2: TOTAL | K2: Total by Division | L2: =N(L11)<>0
A3: =+A2 | B3: Permanent (Regular) Headcount | J3: =IF(COUNT(C3:I3)=0,"",SUM(C3:I3)) | K3: ∑
B4: Temporary (Fix Term) Headcount | J4: =IF(COUNT(C4:I4)=0,"",SUM(C4:I4)) | K4: ∑
B5: Employee Headcount (Productivity) | C5: =IF(COUNT(C3:C4)=0,"",SUM(C3:C4)) | D5: =IF(COUNT(D3:D4)=0,"",SUM(D3:D4)) | E5: =IF(COUNT(E3:E4)=0,"",SUM(E3:E4)) | F5: =IF(COUNT(F3:F4)=0,"",SUM(F3:F4)) | G5: =IF(COUNT(G3:G4)=0,"",SUM(G3:G4)) | H5: =IF(COUNT(H3:H4)=0,"",SUM(H3:H4)) | I5: =IF(COUNT(I3:I4)=0,"",SUM(I3:I4)) | J5: =IF(COUNT(J3:J4)=0,"",SUM(J3:J4)) | K5: ϝ
B6: Headcount = 1.00 | J6: =IF(COUNT(C6:I6)=0,"",SUM(C6:I6)) | K6: ∑
B7: Headcount = 0.75 | J7: =IF(COUNT(C7:I7)=0,"",SUM(C7:I7)) | K7: ∑
B8: Headcount = 0.50 | J8: =IF(COUNT(C8:I8)=0,"",SUM(C8:I8)) | K8: ∑
B9: Headcount = 0.25 | J9: =IF(COUNT(C9:I9)=0,"",SUM(C9:I9)) | K9: ∑
B10: Standard Monthly Hours (FTE basis) | J10: =IFERROR(AVERAGE(C10:I10),"") | K10: Avg
B11: Employee FTE (Finance) | C11: =IF(COUNT(C6:C9)=0,"",N(C6)+N(C7)*0.75+N(C8)*0.5+N(C9)*0.25) | D11: =IF(COUNT(D6:D9)=0,"",N(D6)+N(D7)*0.75+N(D8)*0.5+N(D9)*0.25) | E11: =IF(COUNT(E6:E9)=0,"",N(E6)+N(E7)*0.75+N(E8)*0.5+N(E9)*0.25) | F11: =IF(COUNT(F6:F9)=0,"",N(F6)+N(F7)*0.75+N(F8)*0.5+N(F9)*0.25) | G11: =IF(COUNT(G6:G9)=0,"",N(G6)+N(G7)*0.75+N(G8)*0.5+N(G9)*0.25) | H11: =IF(COUNT(H6:H9)=0,"",N(H6)+N(H7)*0.75+N(H8)*0.5+N(H9)*0.25) | I11: =IF(COUNT(I6:I9)=0,"",N(I6)+N(I7)*0.75+N(I8)*0.5+N(I9)*0.25) | J11: =IF(COUNT(J6:J9)=0,"",N(J6)+N(J7)*0.75+N(J8)*0.5+N(J9)*0.25) | K11: FTE | L11: =IF(COUNT(J5:J9)=0,"",N(J6)+N(J7)+N(J8)+N(J9)-N(J5))
B12: Subcontracted Workforce HC | J12: =IF(COUNT(C12:I12)=0,"",SUM(C12:I12)) | K12: ∑
B13: Subcontracted Productive Hours | J13: =IF(COUNT(C13:I13)=0,"",SUM(C13:I13)) | K13: ∑
B14: Subcontracted FTE | C14: =IFERROR(C13/C10,"") | D14: =IFERROR(D13/D10,"") | E14: =IFERROR(E13/E10,"") | F14: =IFERROR(F13/F10,"") | G14: =IFERROR(G13/G10,"") | H14: =IFERROR(H13/H10,"") | I14: =IFERROR(I13/I10,"") | J14: =IF(COUNT(C14:I14)=0,"",SUM(C14:I14)) | K14: FTE
B15: Total Operational Workforce | C15: =IF(COUNT(C5,C12)=0,"",SUM(C5,C12)) | D15: =IF(COUNT(D5,D12)=0,"",SUM(D5,D12)) | E15: =IF(COUNT(E5,E12)=0,"",SUM(E5,E12)) | F15: =IF(COUNT(F5,F12)=0,"",SUM(F5,F12)) | G15: =IF(COUNT(G5,G12)=0,"",SUM(G5,G12)) | H15: =IF(COUNT(H5,H12)=0,"",SUM(H5,H12)) | I15: =IF(COUNT(I5,I12)=0,"",SUM(I5,I12)) | J15: =IF(COUNT(J5,J12)=0,"",SUM(J5,J12)) | K15: ϝ
B16: Total Operational FTE | C16: =IF(COUNT(C11,C14)=0,"",SUM(C11,C14)) | D16: =IF(COUNT(D11,D14)=0,"",SUM(D11,D14)) | E16: =IF(COUNT(E11,E14)=0,"",SUM(E11,E14)) | F16: =IF(COUNT(F11,F14)=0,"",SUM(F11,F14)) | G16: =IF(COUNT(G11,G14)=0,"",SUM(G11,G14)) | H16: =IF(COUNT(H11,H14)=0,"",SUM(H11,H14)) | I16: =IF(COUNT(I11,I14)=0,"",SUM(I11,I14)) | J16: =IF(COUNT(J11,J14)=0,"",SUM(J11,J14)) | K16: FTE
B17: Subcontracted Share of Workforce (%) | C17: =IFERROR(C12/C15,"") | D17: =IFERROR(D12/D15,"") | E17: =IFERROR(E12/E15,"") | F17: =IFERROR(F12/F15,"") | G17: =IFERROR(G12/G15,"") | H17: =IFERROR(H12/H15,"") | I17: =IFERROR(I12/I15,"") | J17: =IFERROR(J12/J15,"") | K17: ϝ
B18: FTE HR Team | J18: =IF(COUNT(C18:I18)=0,"",SUM(C18:I18)) | K18: ∑
B19: Permanent Hires | J19: =IF(COUNT(C19:I19)=0,"",SUM(C19:I19)) | K19: ∑
B20: Temporary Hires | J20: =IF(COUNT(C20:I20)=0,"",SUM(C20:I20)) | K20: ∑
B21: Total Hires | C21: =IF(COUNT(C19:C20)=0,"",SUM(C19:C20)) | D21: =IF(COUNT(D19:D20)=0,"",SUM(D19:D20)) | E21: =IF(COUNT(E19:E20)=0,"",SUM(E19:E20)) | F21: =IF(COUNT(F19:F20)=0,"",SUM(F19:F20)) | G21: =IF(COUNT(G19:G20)=0,"",SUM(G19:G20)) | H21: =IF(COUNT(H19:H20)=0,"",SUM(H19:H20)) | I21: =IF(COUNT(I19:I20)=0,"",SUM(I19:I20)) | J21: =IF(COUNT(J19:J20)=0,"",SUM(J19:J20)) | K21: ϝ
B22: Permanent Exits | J22: =IF(COUNT(C22:I22)=0,"",SUM(C22:I22)) | K22: ∑
B23: Temporary Exits | J23: =IF(COUNT(C23:I23)=0,"",SUM(C23:I23)) | K23: ∑
B24: Total Exits | C24: =IF(COUNT(C22:C23)=0,"",SUM(C22:C23)) | D24: =IF(COUNT(D22:D23)=0,"",SUM(D22:D23)) | E24: =IF(COUNT(E22:E23)=0,"",SUM(E22:E23)) | F24: =IF(COUNT(F22:F23)=0,"",SUM(F22:F23)) | G24: =IF(COUNT(G22:G23)=0,"",SUM(G22:G23)) | H24: =IF(COUNT(H22:H23)=0,"",SUM(H22:H23)) | I24: =IF(COUNT(I22:I23)=0,"",SUM(I22:I23)) | J24: =IF(COUNT(J22:J23)=0,"",SUM(J22:J23)) | K24: ϝ
B25: Permanent Turnover (%) | C25: =IF(COUNT(C31,C32)<2,"",IF((C32+C31)=0,"",N(C22)/((C32+C31)/2))) | D25: =IF(COUNT(D31,D32)<2,"",IF((D32+D31)=0,"",N(D22)/((D32+D31)/2))) | E25: =IF(COUNT(E31,E32)<2,"",IF((E32+E31)=0,"",N(E22)/((E32+E31)/2))) | F25: =IF(COUNT(F31,F32)<2,"",IF((F32+F31)=0,"",N(F22)/((F32+F31)/2))) | G25: =IF(COUNT(G31,G32)<2,"",IF((G32+G31)=0,"",N(G22)/((G32+G31)/2))) | H25: =IF(COUNT(H31,H32)<2,"",IF((H32+H31)=0,"",N(H22)/((H32+H31)/2))) | I25: =IF(COUNT(I31,I32)<2,"",IF((I32+I31)=0,"",N(I22)/((I32+I31)/2))) | J25: =IF(COUNT(J31,J32)<2,"",IF((J32+J31)=0,"",N(J22)/((J32+J31)/2))) | K25: ϝ
B26: Temporary Turnover (%) | C26: =IF(COUNT(C31,C32)<2,"",IF((C32+C31)=0,"",N(C23)/((C32+C31)/2))) | D26: =IF(COUNT(D31,D32)<2,"",IF((D32+D31)=0,"",N(D23)/((D32+D31)/2))) | E26: =IF(COUNT(E31,E32)<2,"",IF((E32+E31)=0,"",N(E23)/((E32+E31)/2))) | F26: =IF(COUNT(F31,F32)<2,"",IF((F32+F31)=0,"",N(F23)/((F32+F31)/2))) | G26: =IF(COUNT(G31,G32)<2,"",IF((G32+G31)=0,"",N(G23)/((G32+G31)/2))) | H26: =IF(COUNT(H31,H32)<2,"",IF((H32+H31)=0,"",N(H23)/((H32+H31)/2))) | I26: =IF(COUNT(I31,I32)<2,"",IF((I32+I31)=0,"",N(I23)/((I32+I31)/2))) | J26: =IF(COUNT(J31,J32)<2,"",IF((J32+J31)=0,"",N(J23)/((J32+J31)/2))) | K26: ϝ
B27: Voluntary Terminations | J27: =IF(COUNT(C27:I27)=0,"",SUM(C27:I27)) | K27: ∑
B28: Involuntary Terminations | J28: =IF(COUNT(C28:I28)=0,"",SUM(C28:I28)) | K28: ∑
B29: Voluntary Turnover (%) | C29: =IF(COUNT(C31,C32)<2,"",IF((C32+C31)=0,"",N(C27)/((C32+C31)/2))) | D29: =IF(COUNT(D31,D32)<2,"",IF((D32+D31)=0,"",N(D27)/((D32+D31)/2))) | E29: =IF(COUNT(E31,E32)<2,"",IF((E32+E31)=0,"",N(E27)/((E32+E31)/2))) | F29: =IF(COUNT(F31,F32)<2,"",IF((F32+F31)=0,"",N(F27)/((F32+F31)/2))) | G29: =IF(COUNT(G31,G32)<2,"",IF((G32+G31)=0,"",N(G27)/((G32+G31)/2))) | H29: =IF(COUNT(H31,H32)<2,"",IF((H32+H31)=0,"",N(H27)/((H32+H31)/2))) | I29: =IF(COUNT(I31,I32)<2,"",IF((I32+I31)=0,"",N(I27)/((I32+I31)/2))) | J29: =IF(COUNT(J31,J32)<2,"",IF((J32+J31)=0,"",N(J27)/((J32+J31)/2))) | K29: ϝ
B30: Involuntary Turnover (%) | C30: =IF(COUNT(C31,C32)<2,"",IF((C32+C31)=0,"",N(C28)/((C32+C31)/2))) | D30: =IF(COUNT(D31,D32)<2,"",IF((D32+D31)=0,"",N(D28)/((D32+D31)/2))) | E30: =IF(COUNT(E31,E32)<2,"",IF((E32+E31)=0,"",N(E28)/((E32+E31)/2))) | F30: =IF(COUNT(F31,F32)<2,"",IF((F32+F31)=0,"",N(F28)/((F32+F31)/2))) | G30: =IF(COUNT(G31,G32)<2,"",IF((G32+G31)=0,"",N(G28)/((G32+G31)/2))) | H30: =IF(COUNT(H31,H32)<2,"",IF((H32+H31)=0,"",N(H28)/((H32+H31)/2))) | I30: =IF(COUNT(I31,I32)<2,"",IF((I32+I31)=0,"",N(I28)/((I32+I31)/2))) | J30: =IF(COUNT(J31,J32)<2,"",IF((J32+J31)=0,"",N(J28)/((J32+J31)/2))) | K30: ϝ
B31: Headcount last Month | C31: =IF(JAN!C5="","",JAN!C5) | D31: =IF(JAN!D5="","",JAN!D5) | E31: =IF(JAN!E5="","",JAN!E5) | F31: =IF(JAN!F5="","",JAN!F5) | G31: =IF(JAN!G5="","",JAN!G5) | H31: =IF(JAN!H5="","",JAN!H5) | I31: =IF(JAN!I5="","",JAN!I5) | J31: =IF(COUNT(C31:I31)=0,"",SUM(C31:I31)) | K31: ∑
B32: Headcount this Month | C32: =IF(C5="","",C5) | D32: =IF(D5="","",D5) | E32: =IF(E5="","",E5) | F32: =IF(F5="","",F5) | G32: =IF(G5="","",G5) | H32: =IF(H5="","",H5) | I32: =IF(I5="","",I5) | J32: =IF(COUNT(C32:I32)=0,"",SUM(C32:I32)) | K32: ∑
B33: Full Turnover (%) | C33: =IF(COUNT(C31,C32)<2,"",IF((C32+C31)=0,"",N(C24)/((C32+C31)/2))) | D33: =IF(COUNT(D31,D32)<2,"",IF((D32+D31)=0,"",N(D24)/((D32+D31)/2))) | E33: =IF(COUNT(E31,E32)<2,"",IF((E32+E31)=0,"",N(E24)/((E32+E31)/2))) | F33: =IF(COUNT(F31,F32)<2,"",IF((F32+F31)=0,"",N(F24)/((F32+F31)/2))) | G33: =IF(COUNT(G31,G32)<2,"",IF((G32+G31)=0,"",N(G24)/((G32+G31)/2))) | H33: =IF(COUNT(H31,H32)<2,"",IF((H32+H31)=0,"",N(H24)/((H32+H31)/2))) | I33: =IF(COUNT(I31,I32)<2,"",IF((I32+I31)=0,"",N(I24)/((I32+I31)/2))) | J33: =IF(COUNT(J31,J32)<2,"",IF((J32+J31)=0,"",N(J24)/((J32+J31)/2))) | K33: ϝ
B34: Permanent Vacancies | J34: =IF(COUNT(C34:I34)=0,"",SUM(C34:I34)) | K34: ∑
B35: Temporary Vacancies | J35: =IF(COUNT(C35:I35)=0,"",SUM(C35:I35)) | K35: ∑
B36: Total Vacancies | C36: =IF(COUNT(C34:C35)=0,"",SUM(C34:C35)) | D36: =IF(COUNT(D34:D35)=0,"",SUM(D34:D35)) | E36: =IF(COUNT(E34:E35)=0,"",SUM(E34:E35)) | F36: =IF(COUNT(F34:F35)=0,"",SUM(F34:F35)) | G36: =IF(COUNT(G34:G35)=0,"",SUM(G34:G35)) | H36: =IF(COUNT(H34:H35)=0,"",SUM(H34:H35)) | I36: =IF(COUNT(I34:I35)=0,"",SUM(I34:I35)) | J36: =IF(COUNT(J34:J35)=0,"",SUM(J34:J35)) | K36: ϝ
B37: Authorized Positions | C37: =IF(COUNT(C5,C36)=0,"",N(C5)+N(C36)) | D37: =IF(COUNT(D5,D36)=0,"",N(D5)+N(D36)) | E37: =IF(COUNT(E5,E36)=0,"",N(E5)+N(E36)) | F37: =IF(COUNT(F5,F36)=0,"",N(F5)+N(F36)) | G37: =IF(COUNT(G5,G36)=0,"",N(G5)+N(G36)) | H37: =IF(COUNT(H5,H36)=0,"",N(H5)+N(H36)) | I37: =IF(COUNT(I5,I36)=0,"",N(I5)+N(I36)) | J37: =IF(COUNT(J5,J36)=0,"",N(J5)+N(J36)) | K37: ϝ
B38: Vacancy Rate (%) | C38: =IFERROR(C36/C37,"") | D38: =IFERROR(D36/D37,"") | E38: =IFERROR(E36/E37,"") | F38: =IFERROR(F36/F37,"") | G38: =IFERROR(G36/G37,"") | H38: =IFERROR(H36/H37,"") | I38: =IFERROR(I36/I37,"") | J38: =IFERROR(J36/J37,"") | K38: ϝ
B39: Permanent TimeToHire (Days) YTD | C39: =IF('(GCG_ATG)'!$AB$8="","",'(GCG_ATG)'!$AB$8) | D39: =IF('(GCG_GCM)'!$AB$8="","",'(GCG_GCM)'!$AB$8) | E39: =IF('(Ground_JAM)'!$AB$8="","",'(Ground_JAM)'!$AB$8) | F39: =IF('(GCG_JAM)'!$AB$8="","",'(GCG_JAM)'!$AB$8) | G39: =IF('(Ground_LCA)'!$AB$8="","",'(Ground_LCA)'!$AB$8) | H39: =IF('(GCG_LCA)'!$AB$8="","",'(GCG_LCA)'!$AB$8) | I39: =IF('(Ground_STT)'!$AB$8="","",'(Ground_STT)'!$AB$8) | J39: =IFERROR(AVERAGE(C39:I39),"") | K39: Avg
B40: Temporary TimeToHire (Days) YTD | C40: =IF('(GCG_ATG)'!$AD$8="","",'(GCG_ATG)'!$AD$8) | D40: =IF('(GCG_GCM)'!$AD$8="","",'(GCG_GCM)'!$AD$8) | E40: =IF('(Ground_JAM)'!$AD$8="","",'(Ground_JAM)'!$AD$8) | F40: =IF('(GCG_JAM)'!$AD$8="","",'(GCG_JAM)'!$AD$8) | G40: =IF('(Ground_LCA)'!$AD$8="","",'(Ground_LCA)'!$AD$8) | H40: =IF('(GCG_LCA)'!$AD$8="","",'(GCG_LCA)'!$AD$8) | I40: =IF('(Ground_STT)'!$AD$8="","",'(Ground_STT)'!$AD$8) | J40: =IFERROR(AVERAGE(C40:I40),"") | K40: Avg
B41: Check-ins Rate Completed (%) | J41: =IFERROR(AVERAGE(C41:I41),"") | K41: Avg
B42: EE Objectives Completed (#) | J42: =IF(COUNT(C42:I42)=0,"",SUM(C42:I42)) | K42: ∑
B43: Non-certified Absent (Days Lost) | J43: =IF(COUNT(C43:I43)=0,"",SUM(C43:I43)) | K43: ∑
B44: Certified sick leave (Days Lost) | J44: =IF(COUNT(C44:I44)=0,"",SUM(C44:I44)) | K44: ∑
B45: Total Absences | C45: =IF(COUNT(C43:C44)=0,"",SUM(C43:C44)) | D45: =IF(COUNT(D43:D44)=0,"",SUM(D43:D44)) | E45: =IF(COUNT(E43:E44)=0,"",SUM(E43:E44)) | F45: =IF(COUNT(F43:F44)=0,"",SUM(F43:F44)) | G45: =IF(COUNT(G43:G44)=0,"",SUM(G43:G44)) | H45: =IF(COUNT(H43:H44)=0,"",SUM(H43:H44)) | I45: =IF(COUNT(I43:I44)=0,"",SUM(I43:I44)) | J45: =IF(COUNT(J43:J44)=0,"",SUM(J43:J44)) | K45: ϝ
B46: Absent Rate Non-Certified (%) | C46: =IF('(GCG_ATG)'!$G$8="","",'(GCG_ATG)'!$G$8) | D46: =IF('(GCG_GCM)'!$G$8="","",'(GCG_GCM)'!$G$8) | E46: =IF('(Ground_JAM)'!$G$8="","",'(Ground_JAM)'!$G$8) | F46: =IF('(GCG_JAM)'!$G$8="","",'(GCG_JAM)'!$G$8) | G46: =IF('(Ground_LCA)'!$G$8="","",'(Ground_LCA)'!$G$8) | H46: =IF('(GCG_LCA)'!$G$8="","",'(GCG_LCA)'!$G$8) | I46: =IF('(Ground_STT)'!$G$8="","",'(Ground_STT)'!$G$8) | J46: {=IF(COUNT(C46:I46)=0,"",IFERROR(SUMPRODUCT(IFERROR(C46:I46*((C3:I3)+(C4:I4)),0))/SUMPRODUCT(IFERROR(ISNUMBER(C46:I46)*((C3:I3)+(C4:I4)),0)),""))} | K46: Weighted
B47: Absent Rate Certified (%) | C47: =IF('(GCG_ATG)'!$O$8="","",'(GCG_ATG)'!$O$8) | D47: =IF('(GCG_GCM)'!$O$8="","",'(GCG_GCM)'!$O$8) | E47: =IF('(Ground_JAM)'!$O$8="","",'(Ground_JAM)'!$O$8) | F47: =IF('(GCG_JAM)'!$O$8="","",'(GCG_JAM)'!$O$8) | G47: =IF('(Ground_LCA)'!$O$8="","",'(Ground_LCA)'!$O$8) | H47: =IF('(GCG_LCA)'!$O$8="","",'(GCG_LCA)'!$O$8) | I47: =IF('(Ground_STT)'!$O$8="","",'(Ground_STT)'!$O$8) | J47: {=IF(COUNT(C47:I47)=0,"",IFERROR(SUMPRODUCT(IFERROR(C47:I47*((C3:I3)+(C4:I4)),0))/SUMPRODUCT(IFERROR(ISNUMBER(C47:I47)*((C3:I3)+(C4:I4)),0)),""))} | K47: Weighted
B48: Absent Rate Total (%) | C48: =IF(COUNT(C46:C47)=0,"",SUM(C46:C47)) | D48: =IF(COUNT(D46:D47)=0,"",SUM(D46:D47)) | E48: =IF(COUNT(E46:E47)=0,"",SUM(E46:E47)) | F48: =IF(COUNT(F46:F47)=0,"",SUM(F46:F47)) | G48: =IF(COUNT(G46:G47)=0,"",SUM(G46:G47)) | H48: =IF(COUNT(H46:H47)=0,"",SUM(H46:H47)) | I48: =IF(COUNT(I46:I47)=0,"",SUM(I46:I47)) | J48: =IF(COUNT(J46:J47)=0,"",SUM(J46:J47)) | K48: Weighted
B49: Weight factor | C49: =IFERROR(C5/$J5,"") | D49: =IFERROR(D5/$J5,"") | E49: =IFERROR(E5/$J5,"") | F49: =IFERROR(F5/$J5,"") | G49: =IFERROR(G5/$J5,"") | H49: =IFERROR(H5/$J5,"") | I49: =IFERROR(I5/$J5,"") | J49: =IF(COUNT(C49:I49)=0,"",SUM(C49:I49)) | K49: Weight Factor
B50: Leadership (Hours) | J50: =IF(COUNT(C50:I50)=0,"",SUM(C50:I50)) | K50: ∑
B51: Technical (Hours) | J51: =IF(COUNT(C51:I51)=0,"",SUM(C51:I51)) | K51: ∑
B52: Professional Develop. (Hours) | J52: =IF(COUNT(C52:I52)=0,"",SUM(C52:I52)) | K52: ∑
B53: HSSE (Hours) | J53: =IF(COUNT(C53:I53)=0,"",SUM(C53:I53)) | K53: ∑
B54: Workday (Hours) | J54: =IF(COUNT(C54:I54)=0,"",SUM(C54:I54)) | K54: ∑
B55: Total Training Hours | C55: =IF(COUNT(C50:C54)=0,"",SUM(C50:C54)) | D55: =IF(COUNT(D50:D54)=0,"",SUM(D50:D54)) | E55: =IF(COUNT(E50:E54)=0,"",SUM(E50:E54)) | F55: =IF(COUNT(F50:F54)=0,"",SUM(F50:F54)) | G55: =IF(COUNT(G50:G54)=0,"",SUM(G50:G54)) | H55: =IF(COUNT(H50:H54)=0,"",SUM(H50:H54)) | I55: =IF(COUNT(I50:I54)=0,"",SUM(I50:I54)) | J55: =IF(COUNT(J50:J54)=0,"",SUM(J50:J54)) | K55: ϝ
B56: Total Trained (Staff) | J56: =IF(COUNT(C56:I56)=0,"",SUM(C56:I56)) | K56: ∑
B57: Training Programs (#) | J57: =IF(COUNT(C57:I57)=0,"",SUM(C57:I57)) | K57: ∑
B58: Training Cost (USD) | J58: =IF(COUNT(C58:I58)=0,"",SUM(C58:I58)) | K58: ∑
B59: Training Travel Cost (USD) | J59: =IF(COUNT(C59:I59)=0,"",SUM(C59:I59)) | K59: ∑
B60: Leadership Hours Trained (%) | C60: =IFERROR(C50/C$55,"") | D60: =IFERROR(D50/D$55,"") | E60: =IFERROR(E50/E$55,"") | F60: =IFERROR(F50/F$55,"") | G60: =IFERROR(G50/G$55,"") | H60: =IFERROR(H50/H$55,"") | I60: =IFERROR(I50/I$55,"") | J60: =IFERROR(J50/J$55,"") | K60: ϝ
B61: Technical Hours Trained (%) | C61: =IFERROR(C51/C$55,"") | D61: =IFERROR(D51/D$55,"") | E61: =IFERROR(E51/E$55,"") | F61: =IFERROR(F51/F$55,"") | G61: =IFERROR(G51/G$55,"") | H61: =IFERROR(H51/H$55,"") | I61: =IFERROR(I51/I$55,"") | J61: =IFERROR(J51/J$55,"") | K61: ϝ
B62: Profess. Dev. Hours Trained (%) | C62: =IFERROR(C52/C$55,"") | D62: =IFERROR(D52/D$55,"") | E62: =IFERROR(E52/E$55,"") | F62: =IFERROR(F52/F$55,"") | G62: =IFERROR(G52/G$55,"") | H62: =IFERROR(H52/H$55,"") | I62: =IFERROR(I52/I$55,"") | J62: =IFERROR(J52/J$55,"") | K62: ϝ
B63: HSSE Hours Trained (%) | C63: =IFERROR(C53/C$55,"") | D63: =IFERROR(D53/D$55,"") | E63: =IFERROR(E53/E$55,"") | F63: =IFERROR(F53/F$55,"") | G63: =IFERROR(G53/G$55,"") | H63: =IFERROR(H53/H$55,"") | I63: =IFERROR(I53/I$55,"") | J63: =IFERROR(J53/J$55,"") | K63: ϝ
B64: Workday Hours Trained (%) | C64: =IFERROR(C54/C$55,"") | D64: =IFERROR(D54/D$55,"") | E64: =IFERROR(E54/E$55,"") | F64: =IFERROR(F54/F$55,"") | G64: =IFERROR(G54/G$55,"") | H64: =IFERROR(H54/H$55,"") | I64: =IFERROR(I54/I$55,"") | J64: =IFERROR(J54/J$55,"") | K64: ϝ
B65: Staff Trained (%) | C65: =IFERROR(C56/C5,"") | D65: =IFERROR(D56/D5,"") | E65: =IFERROR(E56/E5,"") | F65: =IFERROR(F56/F5,"") | G65: =IFERROR(G56/G5,"") | H65: =IFERROR(H56/H5,"") | I65: =IFERROR(I56/I5,"") | J65: =IFERROR(J56/J5,"") | K65: ϝ
B66: Training Hours / EE | C66: =IFERROR(C55/C5,"") | D66: =IFERROR(D55/D5,"") | E66: =IFERROR(E55/E5,"") | F66: =IFERROR(F55/F5,"") | G66: =IFERROR(G55/G5,"") | H66: =IFERROR(H55/H5,"") | I66: =IFERROR(I55/I5,"") | J66: =IFERROR(J55/J5,"") | K66: ϝ
B67: Training Hours / EE Trained | C67: =IFERROR(C55/C56,"") | D67: =IFERROR(D55/D56,"") | E67: =IFERROR(E55/E56,"") | F67: =IFERROR(F55/F56,"") | G67: =IFERROR(G55/G56,"") | H67: =IFERROR(H55/H56,"") | I67: =IFERROR(I55/I56,"") | J67: =IFERROR(J55/J56,"") | K67: ϝ
B68: Training Invest. / EE (USD) | C68: =IF(COUNT(C58:C59)=0,"",IFERROR((N(C58)+N(C59))/C5,"")) | D68: =IF(COUNT(D58:D59)=0,"",IFERROR((N(D58)+N(D59))/D5,"")) | E68: =IF(COUNT(E58:E59)=0,"",IFERROR((N(E58)+N(E59))/E5,"")) | F68: =IF(COUNT(F58:F59)=0,"",IFERROR((N(F58)+N(F59))/F5,"")) | G68: =IF(COUNT(G58:G59)=0,"",IFERROR((N(G58)+N(G59))/G5,"")) | H68: =IF(COUNT(H58:H59)=0,"",IFERROR((N(H58)+N(H59))/H5,"")) | I68: =IF(COUNT(I58:I59)=0,"",IFERROR((N(I58)+N(I59))/I5,"")) | J68: =IF(COUNT(J58:J59)=0,"",IFERROR((N(J58)+N(J59))/J5,"")) | K68: ϝ
B69: Training Invest. / EE Trained (USD) | C69: =IF(COUNT(C58:C59)=0,"",IFERROR((N(C58)+N(C59))/C56,"")) | D69: =IF(COUNT(D58:D59)=0,"",IFERROR((N(D58)+N(D59))/D56,"")) | E69: =IF(COUNT(E58:E59)=0,"",IFERROR((N(E58)+N(E59))/E56,"")) | F69: =IF(COUNT(F58:F59)=0,"",IFERROR((N(F58)+N(F59))/F56,"")) | G69: =IF(COUNT(G58:G59)=0,"",IFERROR((N(G58)+N(G59))/G56,"")) | H69: =IF(COUNT(H58:H59)=0,"",IFERROR((N(H58)+N(H59))/H56,"")) | I69: =IF(COUNT(I58:I59)=0,"",IFERROR((N(I58)+N(I59))/I56,"")) | J69: =IF(COUNT(J58:J59)=0,"",IFERROR((N(J58)+N(J59))/J56,"")) | K69: ϝ
B70: Input Cells Not Submitted | C70: =COUNTBLANK(C3:C4)+COUNTBLANK(C6:C10)+COUNTBLANK(C12:C13)+COUNTBLANK(C18:C20)+COUNTBLANK(C22:C23)+COUNTBLANK(C27:C28)+COUNTBLANK(C34:C35)+COUNTBLANK(C39:C44)+COUNTBLANK(C46:C47)+COUNTBLANK(C50:C54)+COUNTBLANK(C56:C59) | D70: =COUNTBLANK(D3:D4)+COUNTBLANK(D6:D10)+COUNTBLANK(D12:D13)+COUNTBLANK(D18:D20)+COUNTBLANK(D22:D23)+COUNTBLANK(D27:D28)+COUNTBLANK(D34:D35)+COUNTBLANK(D39:D44)+COUNTBLANK(D46:D47)+COUNTBLANK(D50:D54)+COUNTBLANK(D56:D59) | E70: =COUNTBLANK(E3:E4)+COUNTBLANK(E6:E10)+COUNTBLANK(E12:E13)+COUNTBLANK(E18:E20)+COUNTBLANK(E22:E23)+COUNTBLANK(E27:E28)+COUNTBLANK(E34:E35)+COUNTBLANK(E39:E44)+COUNTBLANK(E46:E47)+COUNTBLANK(E50:E54)+COUNTBLANK(E56:E59) | F70: =COUNTBLANK(F3:F4)+COUNTBLANK(F6:F10)+COUNTBLANK(F12:F13)+COUNTBLANK(F18:F20)+COUNTBLANK(F22:F23)+COUNTBLANK(F27:F28)+COUNTBLANK(F34:F35)+COUNTBLANK(F39:F44)+COUNTBLANK(F46:F47)+COUNTBLANK(F50:F54)+COUNTBLANK(F56:F59) | G70: =COUNTBLANK(G3:G4)+COUNTBLANK(G6:G10)+COUNTBLANK(G12:G13)+COUNTBLANK(G18:G20)+COUNTBLANK(G22:G23)+COUNTBLANK(G27:G28)+COUNTBLANK(G34:G35)+COUNTBLANK(G39:G44)+COUNTBLANK(G46:G47)+COUNTBLANK(G50:G54)+COUNTBLANK(G56:G59) | H70: =COUNTBLANK(H3:H4)+COUNTBLANK(H6:H10)+COUNTBLANK(H12:H13)+COUNTBLANK(H18:H20)+COUNTBLANK(H22:H23)+COUNTBLANK(H27:H28)+COUNTBLANK(H34:H35)+COUNTBLANK(H39:H44)+COUNTBLANK(H46:H47)+COUNTBLANK(H50:H54)+COUNTBLANK(H56:H59) | I70: =COUNTBLANK(I3:I4)+COUNTBLANK(I6:I10)+COUNTBLANK(I12:I13)+COUNTBLANK(I18:I20)+COUNTBLANK(I22:I23)+COUNTBLANK(I27:I28)+COUNTBLANK(I34:I35)+COUNTBLANK(I39:I44)+COUNTBLANK(I46:I47)+COUNTBLANK(I50:I54)+COUNTBLANK(I56:I59) | J70: =SUM(C70:I70) | K70: ∑

Sheet MAR
B1: GCG NORTH CARIBBEAN | C1: 1062 | D1: 1075 | E1: 1044 | F1: 1066 | G1: 1158 | H1: 1067 | I1: 1046
A2: =VALUE(TEXT(EDATE(DATE(LEFT(FEB!A2,4),RIGHT(FEB!A2,2),1),1),"yyyymm")) | B2: MAR | C2: GCG Antigua | D2: GCG Grand Cayman | E2: GCG Aviation Ground Jamaica | F2: GCG Jamaica | G2: GCG Aviation Ground Saint Lucia | H2: GCG Saint Lucia | I2: GCG Ground Saint Thomas | J2: TOTAL | K2: Total by Division | L2: =N(L11)<>0
A3: =+A2 | B3: Permanent (Regular) Headcount | J3: =IF(COUNT(C3:I3)=0,"",SUM(C3:I3)) | K3: ∑
B4: Temporary (Fix Term) Headcount | J4: =IF(COUNT(C4:I4)=0,"",SUM(C4:I4)) | K4: ∑
B5: Employee Headcount (Productivity) | C5: =IF(COUNT(C3:C4)=0,"",SUM(C3:C4)) | D5: =IF(COUNT(D3:D4)=0,"",SUM(D3:D4)) | E5: =IF(COUNT(E3:E4)=0,"",SUM(E3:E4)) | F5: =IF(COUNT(F3:F4)=0,"",SUM(F3:F4)) | G5: =IF(COUNT(G3:G4)=0,"",SUM(G3:G4)) | H5: =IF(COUNT(H3:H4)=0,"",SUM(H3:H4)) | I5: =IF(COUNT(I3:I4)=0,"",SUM(I3:I4)) | J5: =IF(COUNT(J3:J4)=0,"",SUM(J3:J4)) | K5: ϝ
B6: Headcount = 1.00 | J6: =IF(COUNT(C6:I6)=0,"",SUM(C6:I6)) | K6: ∑
B7: Headcount = 0.75 | J7: =IF(COUNT(C7:I7)=0,"",SUM(C7:I7)) | K7: ∑
B8: Headcount = 0.50 | J8: =IF(COUNT(C8:I8)=0,"",SUM(C8:I8)) | K8: ∑
B9: Headcount = 0.25 | J9: =IF(COUNT(C9:I9)=0,"",SUM(C9:I9)) | K9: ∑
B10: Standard Monthly Hours (FTE basis) | J10: =IFERROR(AVERAGE(C10:I10),"") | K10: Avg
B11: Employee FTE (Finance) | C11: =IF(COUNT(C6:C9)=0,"",N(C6)+N(C7)*0.75+N(C8)*0.5+N(C9)*0.25) | D11: =IF(COUNT(D6:D9)=0,"",N(D6)+N(D7)*0.75+N(D8)*0.5+N(D9)*0.25) | E11: =IF(COUNT(E6:E9)=0,"",N(E6)+N(E7)*0.75+N(E8)*0.5+N(E9)*0.25) | F11: =IF(COUNT(F6:F9)=0,"",N(F6)+N(F7)*0.75+N(F8)*0.5+N(F9)*0.25) | G11: =IF(COUNT(G6:G9)=0,"",N(G6)+N(G7)*0.75+N(G8)*0.5+N(G9)*0.25) | H11: =IF(COUNT(H6:H9)=0,"",N(H6)+N(H7)*0.75+N(H8)*0.5+N(H9)*0.25) | I11: =IF(COUNT(I6:I9)=0,"",N(I6)+N(I7)*0.75+N(I8)*0.5+N(I9)*0.25) | J11: =IF(COUNT(J6:J9)=0,"",N(J6)+N(J7)*0.75+N(J8)*0.5+N(J9)*0.25) | K11: FTE | L11: =IF(COUNT(J5:J9)=0,"",N(J6)+N(J7)+N(J8)+N(J9)-N(J5))
B12: Subcontracted Workforce HC | J12: =IF(COUNT(C12:I12)=0,"",SUM(C12:I12)) | K12: ∑
B13: Subcontracted Productive Hours | J13: =IF(COUNT(C13:I13)=0,"",SUM(C13:I13)) | K13: ∑
B14: Subcontracted FTE | C14: =IFERROR(C13/C10,"") | D14: =IFERROR(D13/D10,"") | E14: =IFERROR(E13/E10,"") | F14: =IFERROR(F13/F10,"") | G14: =IFERROR(G13/G10,"") | H14: =IFERROR(H13/H10,"") | I14: =IFERROR(I13/I10,"") | J14: =IF(COUNT(C14:I14)=0,"",SUM(C14:I14)) | K14: FTE
B15: Total Operational Workforce | C15: =IF(COUNT(C5,C12)=0,"",SUM(C5,C12)) | D15: =IF(COUNT(D5,D12)=0,"",SUM(D5,D12)) | E15: =IF(COUNT(E5,E12)=0,"",SUM(E5,E12)) | F15: =IF(COUNT(F5,F12)=0,"",SUM(F5,F12)) | G15: =IF(COUNT(G5,G12)=0,"",SUM(G5,G12)) | H15: =IF(COUNT(H5,H12)=0,"",SUM(H5,H12)) | I15: =IF(COUNT(I5,I12)=0,"",SUM(I5,I12)) | J15: =IF(COUNT(J5,J12)=0,"",SUM(J5,J12)) | K15: ϝ
B16: Total Operational FTE | C16: =IF(COUNT(C11,C14)=0,"",SUM(C11,C14)) | D16: =IF(COUNT(D11,D14)=0,"",SUM(D11,D14)) | E16: =IF(COUNT(E11,E14)=0,"",SUM(E11,E14)) | F16: =IF(COUNT(F11,F14)=0,"",SUM(F11,F14)) | G16: =IF(COUNT(G11,G14)=0,"",SUM(G11,G14)) | H16: =IF(COUNT(H11,H14)=0,"",SUM(H11,H14)) | I16: =IF(COUNT(I11,I14)=0,"",SUM(I11,I14)) | J16: =IF(COUNT(J11,J14)=0,"",SUM(J11,J14)) | K16: FTE
B17: Subcontracted Share of Workforce (%) | C17: =IFERROR(C12/C15,"") | D17: =IFERROR(D12/D15,"") | E17: =IFERROR(E12/E15,"") | F17: =IFERROR(F12/F15,"") | G17: =IFERROR(G12/G15,"") | H17: =IFERROR(H12/H15,"") | I17: =IFERROR(I12/I15,"") | J17: =IFERROR(J12/J15,"") | K17: ϝ
B18: FTE HR Team | J18: =IF(COUNT(C18:I18)=0,"",SUM(C18:I18)) | K18: ∑
B19: Permanent Hires | J19: =IF(COUNT(C19:I19)=0,"",SUM(C19:I19)) | K19: ∑
B20: Temporary Hires | J20: =IF(COUNT(C20:I20)=0,"",SUM(C20:I20)) | K20: ∑
B21: Total Hires | C21: =IF(COUNT(C19:C20)=0,"",SUM(C19:C20)) | D21: =IF(COUNT(D19:D20)=0,"",SUM(D19:D20)) | E21: =IF(COUNT(E19:E20)=0,"",SUM(E19:E20)) | F21: =IF(COUNT(F19:F20)=0,"",SUM(F19:F20)) | G21: =IF(COUNT(G19:G20)=0,"",SUM(G19:G20)) | H21: =IF(COUNT(H19:H20)=0,"",SUM(H19:H20)) | I21: =IF(COUNT(I19:I20)=0,"",SUM(I19:I20)) | J21: =IF(COUNT(J19:J20)=0,"",SUM(J19:J20)) | K21: ϝ
B22: Permanent Exits | J22: =IF(COUNT(C22:I22)=0,"",SUM(C22:I22)) | K22: ∑
B23: Temporary Exits | J23: =IF(COUNT(C23:I23)=0,"",SUM(C23:I23)) | K23: ∑
B24: Total Exits | C24: =IF(COUNT(C22:C23)=0,"",SUM(C22:C23)) | D24: =IF(COUNT(D22:D23)=0,"",SUM(D22:D23)) | E24: =IF(COUNT(E22:E23)=0,"",SUM(E22:E23)) | F24: =IF(COUNT(F22:F23)=0,"",SUM(F22:F23)) | G24: =IF(COUNT(G22:G23)=0,"",SUM(G22:G23)) | H24: =IF(COUNT(H22:H23)=0,"",SUM(H22:H23)) | I24: =IF(COUNT(I22:I23)=0,"",SUM(I22:I23)) | J24: =IF(COUNT(J22:J23)=0,"",SUM(J22:J23)) | K24: ϝ
B25: Permanent Turnover (%) | C25: =IF(COUNT(C31,C32)<2,"",IF((C32+C31)=0,"",N(C22)/((C32+C31)/2))) | D25: =IF(COUNT(D31,D32)<2,"",IF((D32+D31)=0,"",N(D22)/((D32+D31)/2))) | E25: =IF(COUNT(E31,E32)<2,"",IF((E32+E31)=0,"",N(E22)/((E32+E31)/2))) | F25: =IF(COUNT(F31,F32)<2,"",IF((F32+F31)=0,"",N(F22)/((F32+F31)/2))) | G25: =IF(COUNT(G31,G32)<2,"",IF((G32+G31)=0,"",N(G22)/((G32+G31)/2))) | H25: =IF(COUNT(H31,H32)<2,"",IF((H32+H31)=0,"",N(H22)/((H32+H31)/2))) | I25: =IF(COUNT(I31,I32)<2,"",IF((I32+I31)=0,"",N(I22)/((I32+I31)/2))) | J25: =IF(COUNT(J31,J32)<2,"",IF((J32+J31)=0,"",N(J22)/((J32+J31)/2))) | K25: ϝ
B26: Temporary Turnover (%) | C26: =IF(COUNT(C31,C32)<2,"",IF((C32+C31)=0,"",N(C23)/((C32+C31)/2))) | D26: =IF(COUNT(D31,D32)<2,"",IF((D32+D31)=0,"",N(D23)/((D32+D31)/2))) | E26: =IF(COUNT(E31,E32)<2,"",IF((E32+E31)=0,"",N(E23)/((E32+E31)/2))) | F26: =IF(COUNT(F31,F32)<2,"",IF((F32+F31)=0,"",N(F23)/((F32+F31)/2))) | G26: =IF(COUNT(G31,G32)<2,"",IF((G32+G31)=0,"",N(G23)/((G32+G31)/2))) | H26: =IF(COUNT(H31,H32)<2,"",IF((H32+H31)=0,"",N(H23)/((H32+H31)/2))) | I26: =IF(COUNT(I31,I32)<2,"",IF((I32+I31)=0,"",N(I23)/((I32+I31)/2))) | J26: =IF(COUNT(J31,J32)<2,"",IF((J32+J31)=0,"",N(J23)/((J32+J31)/2))) | K26: ϝ
B27: Voluntary Terminations | J27: =IF(COUNT(C27:I27)=0,"",SUM(C27:I27)) | K27: ∑
B28: Involuntary Terminations | J28: =IF(COUNT(C28:I28)=0,"",SUM(C28:I28)) | K28: ∑
B29: Voluntary Turnover (%) | C29: =IF(COUNT(C31,C32)<2,"",IF((C32+C31)=0,"",N(C27)/((C32+C31)/2))) | D29: =IF(COUNT(D31,D32)<2,"",IF((D32+D31)=0,"",N(D27)/((D32+D31)/2))) | E29: =IF(COUNT(E31,E32)<2,"",IF((E32+E31)=0,"",N(E27)/((E32+E31)/2))) | F29: =IF(COUNT(F31,F32)<2,"",IF((F32+F31)=0,"",N(F27)/((F32+F31)/2))) | G29: =IF(COUNT(G31,G32)<2,"",IF((G32+G31)=0,"",N(G27)/((G32+G31)/2))) | H29: =IF(COUNT(H31,H32)<2,"",IF((H32+H31)=0,"",N(H27)/((H32+H31)/2))) | I29: =IF(COUNT(I31,I32)<2,"",IF((I32+I31)=0,"",N(I27)/((I32+I31)/2))) | J29: =IF(COUNT(J31,J32)<2,"",IF((J32+J31)=0,"",N(J27)/((J32+J31)/2))) | K29: ϝ
B30: Involuntary Turnover (%) | C30: =IF(COUNT(C31,C32)<2,"",IF((C32+C31)=0,"",N(C28)/((C32+C31)/2))) | D30: =IF(COUNT(D31,D32)<2,"",IF((D32+D31)=0,"",N(D28)/((D32+D31)/2))) | E30: =IF(COUNT(E31,E32)<2,"",IF((E32+E31)=0,"",N(E28)/((E32+E31)/2))) | F30: =IF(COUNT(F31,F32)<2,"",IF((F32+F31)=0,"",N(F28)/((F32+F31)/2))) | G30: =IF(COUNT(G31,G32)<2,"",IF((G32+G31)=0,"",N(G28)/((G32+G31)/2))) | H30: =IF(COUNT(H31,H32)<2,"",IF((H32+H31)=0,"",N(H28)/((H32+H31)/2))) | I30: =IF(COUNT(I31,I32)<2,"",IF((I32+I31)=0,"",N(I28)/((I32+I31)/2))) | J30: =IF(COUNT(J31,J32)<2,"",IF((J32+J31)=0,"",N(J28)/((J32+J31)/2))) | K30: ϝ
B31: Headcount last Month | C31: =IF(FEB!C5="","",FEB!C5) | D31: =IF(FEB!D5="","",FEB!D5) | E31: =IF(FEB!E5="","",FEB!E5) | F31: =IF(FEB!F5="","",FEB!F5) | G31: =IF(FEB!G5="","",FEB!G5) | H31: =IF(FEB!H5="","",FEB!H5) | I31: =IF(FEB!I5="","",FEB!I5) | J31: =IF(COUNT(C31:I31)=0,"",SUM(C31:I31)) | K31: ∑
B32: Headcount this Month | C32: =IF(C5="","",C5) | D32: =IF(D5="","",D5) | E32: =IF(E5="","",E5) | F32: =IF(F5="","",F5) | G32: =IF(G5="","",G5) | H32: =IF(H5="","",H5) | I32: =IF(I5="","",I5) | J32: =IF(COUNT(C32:I32)=0,"",SUM(C32:I32)) | K32: ∑
B33: Full Turnover (%) | C33: =IF(COUNT(C31,C32)<2,"",IF((C32+C31)=0,"",N(C24)/((C32+C31)/2))) | D33: =IF(COUNT(D31,D32)<2,"",IF((D32+D31)=0,"",N(D24)/((D32+D31)/2))) | E33: =IF(COUNT(E31,E32)<2,"",IF((E32+E31)=0,"",N(E24)/((E32+E31)/2))) | F33: =IF(COUNT(F31,F32)<2,"",IF((F32+F31)=0,"",N(F24)/((F32+F31)/2))) | G33: =IF(COUNT(G31,G32)<2,"",IF((G32+G31)=0,"",N(G24)/((G32+G31)/2))) | H33: =IF(COUNT(H31,H32)<2,"",IF((H32+H31)=0,"",N(H24)/((H32+H31)/2))) | I33: =IF(COUNT(I31,I32)<2,"",IF((I32+I31)=0,"",N(I24)/((I32+I31)/2))) | J33: =IF(COUNT(J31,J32)<2,"",IF((J32+J31)=0,"",N(J24)/((J32+J31)/2))) | K33: ϝ
B34: Permanent Vacancies | J34: =IF(COUNT(C34:I34)=0,"",SUM(C34:I34)) | K34: ∑
B35: Temporary Vacancies | J35: =IF(COUNT(C35:I35)=0,"",SUM(C35:I35)) | K35: ∑
B36: Total Vacancies | C36: =IF(COUNT(C34:C35)=0,"",SUM(C34:C35)) | D36: =IF(COUNT(D34:D35)=0,"",SUM(D34:D35)) | E36: =IF(COUNT(E34:E35)=0,"",SUM(E34:E35)) | F36: =IF(COUNT(F34:F35)=0,"",SUM(F34:F35)) | G36: =IF(COUNT(G34:G35)=0,"",SUM(G34:G35)) | H36: =IF(COUNT(H34:H35)=0,"",SUM(H34:H35)) | I36: =IF(COUNT(I34:I35)=0,"",SUM(I34:I35)) | J36: =IF(COUNT(J34:J35)=0,"",SUM(J34:J35)) | K36: ϝ
B37: Authorized Positions | C37: =IF(COUNT(C5,C36)=0,"",N(C5)+N(C36)) | D37: =IF(COUNT(D5,D36)=0,"",N(D5)+N(D36)) | E37: =IF(COUNT(E5,E36)=0,"",N(E5)+N(E36)) | F37: =IF(COUNT(F5,F36)=0,"",N(F5)+N(F36)) | G37: =IF(COUNT(G5,G36)=0,"",N(G5)+N(G36)) | H37: =IF(COUNT(H5,H36)=0,"",N(H5)+N(H36)) | I37: =IF(COUNT(I5,I36)=0,"",N(I5)+N(I36)) | J37: =IF(COUNT(J5,J36)=0,"",N(J5)+N(J36)) | K37: ϝ
B38: Vacancy Rate (%) | C38: =IFERROR(C36/C37,"") | D38: =IFERROR(D36/D37,"") | E38: =IFERROR(E36/E37,"") | F38: =IFERROR(F36/F37,"") | G38: =IFERROR(G36/G37,"") | H38: =IFERROR(H36/H37,"") | I38: =IFERROR(I36/I37,"") | J38: =IFERROR(J36/J37,"") | K38: ϝ
B39: Permanent TimeToHire (Days) YTD | C39: =IF('(GCG_ATG)'!$AB$9="","",'(GCG_ATG)'!$AB$9) | D39: =IF('(GCG_GCM)'!$AB$9="","",'(GCG_GCM)'!$AB$9) | E39: =IF('(Ground_JAM)'!$AB$9="","",'(Ground_JAM)'!$AB$9) | F39: =IF('(GCG_JAM)'!$AB$9="","",'(GCG_JAM)'!$AB$9) | G39: =IF('(Ground_LCA)'!$AB$9="","",'(Ground_LCA)'!$AB$9) | H39: =IF('(GCG_LCA)'!$AB$9="","",'(GCG_LCA)'!$AB$9) | I39: =IF('(Ground_STT)'!$AB$9="","",'(Ground_STT)'!$AB$9) | J39: =IFERROR(AVERAGE(C39:I39),"") | K39: Avg
B40: Temporary TimeToHire (Days) YTD | C40: =IF('(GCG_ATG)'!$AD$9="","",'(GCG_ATG)'!$AD$9) | D40: =IF('(GCG_GCM)'!$AD$9="","",'(GCG_GCM)'!$AD$9) | E40: =IF('(Ground_JAM)'!$AD$9="","",'(Ground_JAM)'!$AD$9) | F40: =IF('(GCG_JAM)'!$AD$9="","",'(GCG_JAM)'!$AD$9) | G40: =IF('(Ground_LCA)'!$AD$9="","",'(Ground_LCA)'!$AD$9) | H40: =IF('(GCG_LCA)'!$AD$9="","",'(GCG_LCA)'!$AD$9) | I40: =IF('(Ground_STT)'!$AD$9="","",'(Ground_STT)'!$AD$9) | J40: =IFERROR(AVERAGE(C40:I40),"") | K40: Avg
B41: Check-ins Rate Completed (%) | J41: =IFERROR(AVERAGE(C41:I41),"") | K41: Avg
B42: EE Objectives Completed (#) | J42: =IF(COUNT(C42:I42)=0,"",SUM(C42:I42)) | K42: ∑
B43: Non-certified Absent (Days Lost) | J43: =IF(COUNT(C43:I43)=0,"",SUM(C43:I43)) | K43: ∑
B44: Certified sick leave (Days Lost) | J44: =IF(COUNT(C44:I44)=0,"",SUM(C44:I44)) | K44: ∑
B45: Total Absences | C45: =IF(COUNT(C43:C44)=0,"",SUM(C43:C44)) | D45: =IF(COUNT(D43:D44)=0,"",SUM(D43:D44)) | E45: =IF(COUNT(E43:E44)=0,"",SUM(E43:E44)) | F45: =IF(COUNT(F43:F44)=0,"",SUM(F43:F44)) | G45: =IF(COUNT(G43:G44)=0,"",SUM(G43:G44)) | H45: =IF(COUNT(H43:H44)=0,"",SUM(H43:H44)) | I45: =IF(COUNT(I43:I44)=0,"",SUM(I43:I44)) | J45: =IF(COUNT(J43:J44)=0,"",SUM(J43:J44)) | K45: ϝ
B46: Absent Rate Non-Certified (%) | C46: =IF('(GCG_ATG)'!$G$9="","",'(GCG_ATG)'!$G$9) | D46: =IF('(GCG_GCM)'!$G$9="","",'(GCG_GCM)'!$G$9) | E46: =IF('(Ground_JAM)'!$G$9="","",'(Ground_JAM)'!$G$9) | F46: =IF('(GCG_JAM)'!$G$9="","",'(GCG_JAM)'!$G$9) | G46: =IF('(Ground_LCA)'!$G$9="","",'(Ground_LCA)'!$G$9) | H46: =IF('(GCG_LCA)'!$G$9="","",'(GCG_LCA)'!$G$9) | I46: =IF('(Ground_STT)'!$G$9="","",'(Ground_STT)'!$G$9) | J46: {=IF(COUNT(C46:I46)=0,"",IFERROR(SUMPRODUCT(IFERROR(C46:I46*((C3:I3)+(C4:I4)),0))/SUMPRODUCT(IFERROR(ISNUMBER(C46:I46)*((C3:I3)+(C4:I4)),0)),""))} | K46: Weighted
B47: Absent Rate Certified (%) | C47: =IF('(GCG_ATG)'!$O$9="","",'(GCG_ATG)'!$O$9) | D47: =IF('(GCG_GCM)'!$O$9="","",'(GCG_GCM)'!$O$9) | E47: =IF('(Ground_JAM)'!$O$9="","",'(Ground_JAM)'!$O$9) | F47: =IF('(GCG_JAM)'!$O$9="","",'(GCG_JAM)'!$O$9) | G47: =IF('(Ground_LCA)'!$O$9="","",'(Ground_LCA)'!$O$9) | H47: =IF('(GCG_LCA)'!$O$9="","",'(GCG_LCA)'!$O$9) | I47: =IF('(Ground_STT)'!$O$9="","",'(Ground_STT)'!$O$9) | J47: {=IF(COUNT(C47:I47)=0,"",IFERROR(SUMPRODUCT(IFERROR(C47:I47*((C3:I3)+(C4:I4)),0))/SUMPRODUCT(IFERROR(ISNUMBER(C47:I47)*((C3:I3)+(C4:I4)),0)),""))} | K47: Weighted
B48: Absent Rate Total (%) | C48: =IF(COUNT(C46:C47)=0,"",SUM(C46:C47)) | D48: =IF(COUNT(D46:D47)=0,"",SUM(D46:D47)) | E48: =IF(COUNT(E46:E47)=0,"",SUM(E46:E47)) | F48: =IF(COUNT(F46:F47)=0,"",SUM(F46:F47)) | G48: =IF(COUNT(G46:G47)=0,"",SUM(G46:G47)) | H48: =IF(COUNT(H46:H47)=0,"",SUM(H46:H47)) | I48: =IF(COUNT(I46:I47)=0,"",SUM(I46:I47)) | J48: =IF(COUNT(J46:J47)=0,"",SUM(J46:J47)) | K48: Weighted
B49: Weight factor | C49: =IFERROR(C5/$J5,"") | D49: =IFERROR(D5/$J5,"") | E49: =IFERROR(E5/$J5,"") | F49: =IFERROR(F5/$J5,"") | G49: =IFERROR(G5/$J5,"") | H49: =IFERROR(H5/$J5,"") | I49: =IFERROR(I5/$J5,"") | J49: =IF(COUNT(C49:I49)=0,"",SUM(C49:I49)) | K49: Weight Factor
B50: Leadership (Hours) | J50: =IF(COUNT(C50:I50)=0,"",SUM(C50:I50)) | K50: ∑
B51: Technical (Hours) | J51: =IF(COUNT(C51:I51)=0,"",SUM(C51:I51)) | K51: ∑
B52: Professional Develop. (Hours) | J52: =IF(COUNT(C52:I52)=0,"",SUM(C52:I52)) | K52: ∑
B53: HSSE (Hours) | J53: =IF(COUNT(C53:I53)=0,"",SUM(C53:I53)) | K53: ∑
B54: Workday (Hours) | J54: =IF(COUNT(C54:I54)=0,"",SUM(C54:I54)) | K54: ∑
B55: Total Training Hours | C55: =IF(COUNT(C50:C54)=0,"",SUM(C50:C54)) | D55: =IF(COUNT(D50:D54)=0,"",SUM(D50:D54)) | E55: =IF(COUNT(E50:E54)=0,"",SUM(E50:E54)) | F55: =IF(COUNT(F50:F54)=0,"",SUM(F50:F54)) | G55: =IF(COUNT(G50:G54)=0,"",SUM(G50:G54)) | H55: =IF(COUNT(H50:H54)=0,"",SUM(H50:H54)) | I55: =IF(COUNT(I50:I54)=0,"",SUM(I50:I54)) | J55: =IF(COUNT(J50:J54)=0,"",SUM(J50:J54)) | K55: ϝ
B56: Total Trained (Staff) | J56: =IF(COUNT(C56:I56)=0,"",SUM(C56:I56)) | K56: ∑
B57: Training Programs (#) | J57: =IF(COUNT(C57:I57)=0,"",SUM(C57:I57)) | K57: ∑
B58: Training Cost (USD) | J58: =IF(COUNT(C58:I58)=0,"",SUM(C58:I58)) | K58: ∑
B59: Training Travel Cost (USD) | J59: =IF(COUNT(C59:I59)=0,"",SUM(C59:I59)) | K59: ∑
B60: Leadership Hours Trained (%) | C60: =IFERROR(C50/C$55,"") | D60: =IFERROR(D50/D$55,"") | E60: =IFERROR(E50/E$55,"") | F60: =IFERROR(F50/F$55,"") | G60: =IFERROR(G50/G$55,"") | H60: =IFERROR(H50/H$55,"") | I60: =IFERROR(I50/I$55,"") | J60: =IFERROR(J50/J$55,"") | K60: ϝ
B61: Technical Hours Trained (%) | C61: =IFERROR(C51/C$55,"") | D61: =IFERROR(D51/D$55,"") | E61: =IFERROR(E51/E$55,"") | F61: =IFERROR(F51/F$55,"") | G61: =IFERROR(G51/G$55,"") | H61: =IFERROR(H51/H$55,"") | I61: =IFERROR(I51/I$55,"") | J61: =IFERROR(J51/J$55,"") | K61: ϝ
B62: Profess. Dev. Hours Trained (%) | C62: =IFERROR(C52/C$55,"") | D62: =IFERROR(D52/D$55,"") | E62: =IFERROR(E52/E$55,"") | F62: =IFERROR(F52/F$55,"") | G62: =IFERROR(G52/G$55,"") | H62: =IFERROR(H52/H$55,"") | I62: =IFERROR(I52/I$55,"") | J62: =IFERROR(J52/J$55,"") | K62: ϝ
B63: HSSE Hours Trained (%) | C63: =IFERROR(C53/C$55,"") | D63: =IFERROR(D53/D$55,"") | E63: =IFERROR(E53/E$55,"") | F63: =IFERROR(F53/F$55,"") | G63: =IFERROR(G53/G$55,"") | H63: =IFERROR(H53/H$55,"") | I63: =IFERROR(I53/I$55,"") | J63: =IFERROR(J53/J$55,"") | K63: ϝ
B64: Workday Hours Trained (%) | C64: =IFERROR(C54/C$55,"") | D64: =IFERROR(D54/D$55,"") | E64: =IFERROR(E54/E$55,"") | F64: =IFERROR(F54/F$55,"") | G64: =IFERROR(G54/G$55,"") | H64: =IFERROR(H54/H$55,"") | I64: =IFERROR(I54/I$55,"") | J64: =IFERROR(J54/J$55,"") | K64: ϝ
B65: Staff Trained (%) | C65: =IFERROR(C56/C5,"") | D65: =IFERROR(D56/D5,"") | E65: =IFERROR(E56/E5,"") | F65: =IFERROR(F56/F5,"") | G65: =IFERROR(G56/G5,"") | H65: =IFERROR(H56/H5,"") | I65: =IFERROR(I56/I5,"") | J65: =IFERROR(J56/J5,"") | K65: ϝ
B66: Training Hours / EE | C66: =IFERROR(C55/C5,"") | D66: =IFERROR(D55/D5,"") | E66: =IFERROR(E55/E5,"") | F66: =IFERROR(F55/F5,"") | G66: =IFERROR(G55/G5,"") | H66: =IFERROR(H55/H5,"") | I66: =IFERROR(I55/I5,"") | J66: =IFERROR(J55/J5,"") | K66: ϝ
B67: Training Hours / EE Trained | C67: =IFERROR(C55/C56,"") | D67: =IFERROR(D55/D56,"") | E67: =IFERROR(E55/E56,"") | F67: =IFERROR(F55/F56,"") | G67: =IFERROR(G55/G56,"") | H67: =IFERROR(H55/H56,"") | I67: =IFERROR(I55/I56,"") | J67: =IFERROR(J55/J56,"") | K67: ϝ
B68: Training Invest. / EE (USD) | C68: =IF(COUNT(C58:C59)=0,"",IFERROR((N(C58)+N(C59))/C5,"")) | D68: =IF(COUNT(D58:D59)=0,"",IFERROR((N(D58)+N(D59))/D5,"")) | E68: =IF(COUNT(E58:E59)=0,"",IFERROR((N(E58)+N(E59))/E5,"")) | F68: =IF(COUNT(F58:F59)=0,"",IFERROR((N(F58)+N(F59))/F5,"")) | G68: =IF(COUNT(G58:G59)=0,"",IFERROR((N(G58)+N(G59))/G5,"")) | H68: =IF(COUNT(H58:H59)=0,"",IFERROR((N(H58)+N(H59))/H5,"")) | I68: =IF(COUNT(I58:I59)=0,"",IFERROR((N(I58)+N(I59))/I5,"")) | J68: =IF(COUNT(J58:J59)=0,"",IFERROR((N(J58)+N(J59))/J5,"")) | K68: ϝ
B69: Training Invest. / EE Trained (USD) | C69: =IF(COUNT(C58:C59)=0,"",IFERROR((N(C58)+N(C59))/C56,"")) | D69: =IF(COUNT(D58:D59)=0,"",IFERROR((N(D58)+N(D59))/D56,"")) | E69: =IF(COUNT(E58:E59)=0,"",IFERROR((N(E58)+N(E59))/E56,"")) | F69: =IF(COUNT(F58:F59)=0,"",IFERROR((N(F58)+N(F59))/F56,"")) | G69: =IF(COUNT(G58:G59)=0,"",IFERROR((N(G58)+N(G59))/G56,"")) | H69: =IF(COUNT(H58:H59)=0,"",IFERROR((N(H58)+N(H59))/H56,"")) | I69: =IF(COUNT(I58:I59)=0,"",IFERROR((N(I58)+N(I59))/I56,"")) | J69: =IF(COUNT(J58:J59)=0,"",IFERROR((N(J58)+N(J59))/J56,"")) | K69: ϝ
B70: Input Cells Not Submitted | C70: =COUNTBLANK(C3:C4)+COUNTBLANK(C6:C10)+COUNTBLANK(C12:C13)+COUNTBLANK(C18:C20)+COUNTBLANK(C22:C23)+COUNTBLANK(C27:C28)+COUNTBLANK(C34:C35)+COUNTBLANK(C39:C44)+COUNTBLANK(C46:C47)+COUNTBLANK(C50:C54)+COUNTBLANK(C56:C59) | D70: =COUNTBLANK(D3:D4)+COUNTBLANK(D6:D10)+COUNTBLANK(D12:D13)+COUNTBLANK(D18:D20)+COUNTBLANK(D22:D23)+COUNTBLANK(D27:D28)+COUNTBLANK(D34:D35)+COUNTBLANK(D39:D44)+COUNTBLANK(D46:D47)+COUNTBLANK(D50:D54)+COUNTBLANK(D56:D59) | E70: =COUNTBLANK(E3:E4)+COUNTBLANK(E6:E10)+COUNTBLANK(E12:E13)+COUNTBLANK(E18:E20)+COUNTBLANK(E22:E23)+COUNTBLANK(E27:E28)+COUNTBLANK(E34:E35)+COUNTBLANK(E39:E44)+COUNTBLANK(E46:E47)+COUNTBLANK(E50:E54)+COUNTBLANK(E56:E59) | F70: =COUNTBLANK(F3:F4)+COUNTBLANK(F6:F10)+COUNTBLANK(F12:F13)+COUNTBLANK(F18:F20)+COUNTBLANK(F22:F23)+COUNTBLANK(F27:F28)+COUNTBLANK(F34:F35)+COUNTBLANK(F39:F44)+COUNTBLANK(F46:F47)+COUNTBLANK(F50:F54)+COUNTBLANK(F56:F59) | G70: =COUNTBLANK(G3:G4)+COUNTBLANK(G6:G10)+COUNTBLANK(G12:G13)+COUNTBLANK(G18:G20)+COUNTBLANK(G22:G23)+COUNTBLANK(G27:G28)+COUNTBLANK(G34:G35)+COUNTBLANK(G39:G44)+COUNTBLANK(G46:G47)+COUNTBLANK(G50:G54)+COUNTBLANK(G56:G59) | H70: =COUNTBLANK(H3:H4)+COUNTBLANK(H6:H10)+COUNTBLANK(H12:H13)+COUNTBLANK(H18:H20)+COUNTBLANK(H22:H23)+COUNTBLANK(H27:H28)+COUNTBLANK(H34:H35)+COUNTBLANK(H39:H44)+COUNTBLANK(H46:H47)+COUNTBLANK(H50:H54)+COUNTBLANK(H56:H59) | I70: =COUNTBLANK(I3:I4)+COUNTBLANK(I6:I10)+COUNTBLANK(I12:I13)+COUNTBLANK(I18:I20)+COUNTBLANK(I22:I23)+COUNTBLANK(I27:I28)+COUNTBLANK(I34:I35)+COUNTBLANK(I39:I44)+COUNTBLANK(I46:I47)+COUNTBLANK(I50:I54)+COUNTBLANK(I56:I59) | J70: =SUM(C70:I70) | K70: ∑

Sheet APR
B1: GCG NORTH CARIBBEAN | C1: 1062 | D1: 1075 | E1: 1044 | F1: 1066 | G1: 1158 | H1: 1067 | I1: 1046
A2: =VALUE(TEXT(EDATE(DATE(LEFT(MAR!A2,4),RIGHT(MAR!A2,2),1),1),"yyyymm")) | B2: APR | C2: GCG Antigua | D2: GCG Grand Cayman | E2: GCG Aviation Ground Jamaica | F2: GCG Jamaica | G2: GCG Aviation Ground Saint Lucia | H2: GCG Saint Lucia | I2: GCG Ground Saint Thomas | J2: TOTAL | K2: Total by Division | L2: =N(L11)<>0
A3: =+A2 | B3: Permanent (Regular) Headcount | J3: =IF(COUNT(C3:I3)=0,"",SUM(C3:I3)) | K3: ∑
B4: Temporary (Fix Term) Headcount | J4: =IF(COUNT(C4:I4)=0,"",SUM(C4:I4)) | K4: ∑
B5: Employee Headcount (Productivity) | C5: =IF(COUNT(C3:C4)=0,"",SUM(C3:C4)) | D5: =IF(COUNT(D3:D4)=0,"",SUM(D3:D4)) | E5: =IF(COUNT(E3:E4)=0,"",SUM(E3:E4)) | F5: =IF(COUNT(F3:F4)=0,"",SUM(F3:F4)) | G5: =IF(COUNT(G3:G4)=0,"",SUM(G3:G4)) | H5: =IF(COUNT(H3:H4)=0,"",SUM(H3:H4)) | I5: =IF(COUNT(I3:I4)=0,"",SUM(I3:I4)) | J5: =IF(COUNT(J3:J4)=0,"",SUM(J3:J4)) | K5: ϝ
B6: Headcount = 1.00 | J6: =IF(COUNT(C6:I6)=0,"",SUM(C6:I6)) | K6: ∑
B7: Headcount = 0.75 | J7: =IF(COUNT(C7:I7)=0,"",SUM(C7:I7)) | K7: ∑
B8: Headcount = 0.50 | J8: =IF(COUNT(C8:I8)=0,"",SUM(C8:I8)) | K8: ∑
B9: Headcount = 0.25 | J9: =IF(COUNT(C9:I9)=0,"",SUM(C9:I9)) | K9: ∑
B10: Standard Monthly Hours (FTE basis) | J10: =IFERROR(AVERAGE(C10:I10),"") | K10: Avg
B11: Employee FTE (Finance) | C11: =IF(COUNT(C6:C9)=0,"",N(C6)+N(C7)*0.75+N(C8)*0.5+N(C9)*0.25) | D11: =IF(COUNT(D6:D9)=0,"",N(D6)+N(D7)*0.75+N(D8)*0.5+N(D9)*0.25) | E11: =IF(COUNT(E6:E9)=0,"",N(E6)+N(E7)*0.75+N(E8)*0.5+N(E9)*0.25) | F11: =IF(COUNT(F6:F9)=0,"",N(F6)+N(F7)*0.75+N(F8)*0.5+N(F9)*0.25) | G11: =IF(COUNT(G6:G9)=0,"",N(G6)+N(G7)*0.75+N(G8)*0.5+N(G9)*0.25) | H11: =IF(COUNT(H6:H9)=0,"",N(H6)+N(H7)*0.75+N(H8)*0.5+N(H9)*0.25) | I11: =IF(COUNT(I6:I9)=0,"",N(I6)+N(I7)*0.75+N(I8)*0.5+N(I9)*0.25) | J11: =IF(COUNT(J6:J9)=0,"",N(J6)+N(J7)*0.75+N(J8)*0.5+N(J9)*0.25) | K11: FTE | L11: =IF(COUNT(J5:J9)=0,"",N(J6)+N(J7)+N(J8)+N(J9)-N(J5))
B12: Subcontracted Workforce HC | J12: =IF(COUNT(C12:I12)=0,"",SUM(C12:I12)) | K12: ∑
B13: Subcontracted Productive Hours | J13: =IF(COUNT(C13:I13)=0,"",SUM(C13:I13)) | K13: ∑
B14: Subcontracted FTE | C14: =IFERROR(C13/C10,"") | D14: =IFERROR(D13/D10,"") | E14: =IFERROR(E13/E10,"") | F14: =IFERROR(F13/F10,"") | G14: =IFERROR(G13/G10,"") | H14: =IFERROR(H13/H10,"") | I14: =IFERROR(I13/I10,"") | J14: =IF(COUNT(C14:I14)=0,"",SUM(C14:I14)) | K14: FTE
B15: Total Operational Workforce | C15: =IF(COUNT(C5,C12)=0,"",SUM(C5,C12)) | D15: =IF(COUNT(D5,D12)=0,"",SUM(D5,D12)) | E15: =IF(COUNT(E5,E12)=0,"",SUM(E5,E12)) | F15: =IF(COUNT(F5,F12)=0,"",SUM(F5,F12)) | G15: =IF(COUNT(G5,G12)=0,"",SUM(G5,G12)) | H15: =IF(COUNT(H5,H12)=0,"",SUM(H5,H12)) | I15: =IF(COUNT(I5,I12)=0,"",SUM(I5,I12)) | J15: =IF(COUNT(J5,J12)=0,"",SUM(J5,J12)) | K15: ϝ
B16: Total Operational FTE | C16: =IF(COUNT(C11,C14)=0,"",SUM(C11,C14)) | D16: =IF(COUNT(D11,D14)=0,"",SUM(D11,D14)) | E16: =IF(COUNT(E11,E14)=0,"",SUM(E11,E14)) | F16: =IF(COUNT(F11,F14)=0,"",SUM(F11,F14)) | G16: =IF(COUNT(G11,G14)=0,"",SUM(G11,G14)) | H16: =IF(COUNT(H11,H14)=0,"",SUM(H11,H14)) | I16: =IF(COUNT(I11,I14)=0,"",SUM(I11,I14)) | J16: =IF(COUNT(J11,J14)=0,"",SUM(J11,J14)) | K16: FTE
B17: Subcontracted Share of Workforce (%) | C17: =IFERROR(C12/C15,"") | D17: =IFERROR(D12/D15,"") | E17: =IFERROR(E12/E15,"") | F17: =IFERROR(F12/F15,"") | G17: =IFERROR(G12/G15,"") | H17: =IFERROR(H12/H15,"") | I17: =IFERROR(I12/I15,"") | J17: =IFERROR(J12/J15,"") | K17: ϝ
B18: FTE HR Team | J18: =IF(COUNT(C18:I18)=0,"",SUM(C18:I18)) | K18: ∑
B19: Permanent Hires | J19: =IF(COUNT(C19:I19)=0,"",SUM(C19:I19)) | K19: ∑
B20: Temporary Hires | J20: =IF(COUNT(C20:I20)=0,"",SUM(C20:I20)) | K20: ∑
B21: Total Hires | C21: =IF(COUNT(C19:C20)=0,"",SUM(C19:C20)) | D21: =IF(COUNT(D19:D20)=0,"",SUM(D19:D20)) | E21: =IF(COUNT(E19:E20)=0,"",SUM(E19:E20)) | F21: =IF(COUNT(F19:F20)=0,"",SUM(F19:F20)) | G21: =IF(COUNT(G19:G20)=0,"",SUM(G19:G20)) | H21: =IF(COUNT(H19:H20)=0,"",SUM(H19:H20)) | I21: =IF(COUNT(I19:I20)=0,"",SUM(I19:I20)) | J21: =IF(COUNT(J19:J20)=0,"",SUM(J19:J20)) | K21: ϝ
B22: Permanent Exits | J22: =IF(COUNT(C22:I22)=0,"",SUM(C22:I22)) | K22: ∑
B23: Temporary Exits | J23: =IF(COUNT(C23:I23)=0,"",SUM(C23:I23)) | K23: ∑
B24: Total Exits | C24: =IF(COUNT(C22:C23)=0,"",SUM(C22:C23)) | D24: =IF(COUNT(D22:D23)=0,"",SUM(D22:D23)) | E24: =IF(COUNT(E22:E23)=0,"",SUM(E22:E23)) | F24: =IF(COUNT(F22:F23)=0,"",SUM(F22:F23)) | G24: =IF(COUNT(G22:G23)=0,"",SUM(G22:G23)) | H24: =IF(COUNT(H22:H23)=0,"",SUM(H22:H23)) | I24: =IF(COUNT(I22:I23)=0,"",SUM(I22:I23)) | J24: =IF(COUNT(J22:J23)=0,"",SUM(J22:J23)) | K24: ϝ
B25: Permanent Turnover (%) | C25: =IF(COUNT(C31,C32)<2,"",IF((C32+C31)=0,"",N(C22)/((C32+C31)/2))) | D25: =IF(COUNT(D31,D32)<2,"",IF((D32+D31)=0,"",N(D22)/((D32+D31)/2))) | E25: =IF(COUNT(E31,E32)<2,"",IF((E32+E31)=0,"",N(E22)/((E32+E31)/2))) | F25: =IF(COUNT(F31,F32)<2,"",IF((F32+F31)=0,"",N(F22)/((F32+F31)/2))) | G25: =IF(COUNT(G31,G32)<2,"",IF((G32+G31)=0,"",N(G22)/((G32+G31)/2))) | H25: =IF(COUNT(H31,H32)<2,"",IF((H32+H31)=0,"",N(H22)/((H32+H31)/2))) | I25: =IF(COUNT(I31,I32)<2,"",IF((I32+I31)=0,"",N(I22)/((I32+I31)/2))) | J25: =IF(COUNT(J31,J32)<2,"",IF((J32+J31)=0,"",N(J22)/((J32+J31)/2))) | K25: ϝ
B26: Temporary Turnover (%) | C26: =IF(COUNT(C31,C32)<2,"",IF((C32+C31)=0,"",N(C23)/((C32+C31)/2))) | D26: =IF(COUNT(D31,D32)<2,"",IF((D32+D31)=0,"",N(D23)/((D32+D31)/2))) | E26: =IF(COUNT(E31,E32)<2,"",IF((E32+E31)=0,"",N(E23)/((E32+E31)/2))) | F26: =IF(COUNT(F31,F32)<2,"",IF((F32+F31)=0,"",N(F23)/((F32+F31)/2))) | G26: =IF(COUNT(G31,G32)<2,"",IF((G32+G31)=0,"",N(G23)/((G32+G31)/2))) | H26: =IF(COUNT(H31,H32)<2,"",IF((H32+H31)=0,"",N(H23)/((H32+H31)/2))) | I26: =IF(COUNT(I31,I32)<2,"",IF((I32+I31)=0,"",N(I23)/((I32+I31)/2))) | J26: =IF(COUNT(J31,J32)<2,"",IF((J32+J31)=0,"",N(J23)/((J32+J31)/2))) | K26: ϝ
B27: Voluntary Terminations | J27: =IF(COUNT(C27:I27)=0,"",SUM(C27:I27)) | K27: ∑
B28: Involuntary Terminations | J28: =IF(COUNT(C28:I28)=0,"",SUM(C28:I28)) | K28: ∑
B29: Voluntary Turnover (%) | C29: =IF(COUNT(C31,C32)<2,"",IF((C32+C31)=0,"",N(C27)/((C32+C31)/2))) | D29: =IF(COUNT(D31,D32)<2,"",IF((D32+D31)=0,"",N(D27)/((D32+D31)/2))) | E29: =IF(COUNT(E31,E32)<2,"",IF((E32+E31)=0,"",N(E27)/((E32+E31)/2))) | F29: =IF(COUNT(F31,F32)<2,"",IF((F32+F31)=0,"",N(F27)/((F32+F31)/2))) | G29: =IF(COUNT(G31,G32)<2,"",IF((G32+G31)=0,"",N(G27)/((G32+G31)/2))) | H29: =IF(COUNT(H31,H32)<2,"",IF((H32+H31)=0,"",N(H27)/((H32+H31)/2))) | I29: =IF(COUNT(I31,I32)<2,"",IF((I32+I31)=0,"",N(I27)/((I32+I31)/2))) | J29: =IF(COUNT(J31,J32)<2,"",IF((J32+J31)=0,"",N(J27)/((J32+J31)/2))) | K29: ϝ
B30: Involuntary Turnover (%) | C30: =IF(COUNT(C31,C32)<2,"",IF((C32+C31)=0,"",N(C28)/((C32+C31)/2))) | D30: =IF(COUNT(D31,D32)<2,"",IF((D32+D31)=0,"",N(D28)/((D32+D31)/2))) | E30: =IF(COUNT(E31,E32)<2,"",IF((E32+E31)=0,"",N(E28)/((E32+E31)/2))) | F30: =IF(COUNT(F31,F32)<2,"",IF((F32+F31)=0,"",N(F28)/((F32+F31)/2))) | G30: =IF(COUNT(G31,G32)<2,"",IF((G32+G31)=0,"",N(G28)/((G32+G31)/2))) | H30: =IF(COUNT(H31,H32)<2,"",IF((H32+H31)=0,"",N(H28)/((H32+H31)/2))) | I30: =IF(COUNT(I31,I32)<2,"",IF((I32+I31)=0,"",N(I28)/((I32+I31)/2))) | J30: =IF(COUNT(J31,J32)<2,"",IF((J32+J31)=0,"",N(J28)/((J32+J31)/2))) | K30: ϝ
B31: Headcount last Month | C31: =IF(MAR!C5="","",MAR!C5) | D31: =IF(MAR!D5="","",MAR!D5) | E31: =IF(MAR!E5="","",MAR!E5) | F31: =IF(MAR!F5="","",MAR!F5) | G31: =IF(MAR!G5="","",MAR!G5) | H31: =IF(MAR!H5="","",MAR!H5) | I31: =IF(MAR!I5="","",MAR!I5) | J31: =IF(COUNT(C31:I31)=0,"",SUM(C31:I31)) | K31: ∑
B32: Headcount this Month | C32: =IF(C5="","",C5) | D32: =IF(D5="","",D5) | E32: =IF(E5="","",E5) | F32: =IF(F5="","",F5) | G32: =IF(G5="","",G5) | H32: =IF(H5="","",H5) | I32: =IF(I5="","",I5) | J32: =IF(COUNT(C32:I32)=0,"",SUM(C32:I32)) | K32: ∑
B33: Full Turnover (%) | C33: =IF(COUNT(C31,C32)<2,"",IF((C32+C31)=0,"",N(C24)/((C32+C31)/2))) | D33: =IF(COUNT(D31,D32)<2,"",IF((D32+D31)=0,"",N(D24)/((D32+D31)/2))) | E33: =IF(COUNT(E31,E32)<2,"",IF((E32+E31)=0,"",N(E24)/((E32+E31)/2))) | F33: =IF(COUNT(F31,F32)<2,"",IF((F32+F31)=0,"",N(F24)/((F32+F31)/2))) | G33: =IF(COUNT(G31,G32)<2,"",IF((G32+G31)=0,"",N(G24)/((G32+G31)/2))) | H33: =IF(COUNT(H31,H32)<2,"",IF((H32+H31)=0,"",N(H24)/((H32+H31)/2))) | I33: =IF(COUNT(I31,I32)<2,"",IF((I32+I31)=0,"",N(I24)/((I32+I31)/2))) | J33: =IF(COUNT(J31,J32)<2,"",IF((J32+J31)=0,"",N(J24)/((J32+J31)/2))) | K33: ϝ
B34: Permanent Vacancies | J34: =IF(COUNT(C34:I34)=0,"",SUM(C34:I34)) | K34: ∑
B35: Temporary Vacancies | J35: =IF(COUNT(C35:I35)=0,"",SUM(C35:I35)) | K35: ∑
B36: Total Vacancies | C36: =IF(COUNT(C34:C35)=0,"",SUM(C34:C35)) | D36: =IF(COUNT(D34:D35)=0,"",SUM(D34:D35)) | E36: =IF(COUNT(E34:E35)=0,"",SUM(E34:E35)) | F36: =IF(COUNT(F34:F35)=0,"",SUM(F34:F35)) | G36: =IF(COUNT(G34:G35)=0,"",SUM(G34:G35)) | H36: =IF(COUNT(H34:H35)=0,"",SUM(H34:H35)) | I36: =IF(COUNT(I34:I35)=0,"",SUM(I34:I35)) | J36: =IF(COUNT(J34:J35)=0,"",SUM(J34:J35)) | K36: ϝ
B37: Authorized Positions | C37: =IF(COUNT(C5,C36)=0,"",N(C5)+N(C36)) | D37: =IF(COUNT(D5,D36)=0,"",N(D5)+N(D36)) | E37: =IF(COUNT(E5,E36)=0,"",N(E5)+N(E36)) | F37: =IF(COUNT(F5,F36)=0,"",N(F5)+N(F36)) | G37: =IF(COUNT(G5,G36)=0,"",N(G5)+N(G36)) | H37: =IF(COUNT(H5,H36)=0,"",N(H5)+N(H36)) | I37: =IF(COUNT(I5,I36)=0,"",N(I5)+N(I36)) | J37: =IF(COUNT(J5,J36)=0,"",N(J5)+N(J36)) | K37: ϝ
B38: Vacancy Rate (%) | C38: =IFERROR(C36/C37,"") | D38: =IFERROR(D36/D37,"") | E38: =IFERROR(E36/E37,"") | F38: =IFERROR(F36/F37,"") | G38: =IFERROR(G36/G37,"") | H38: =IFERROR(H36/H37,"") | I38: =IFERROR(I36/I37,"") | J38: =IFERROR(J36/J37,"") | K38: ϝ
B39: Permanent TimeToHire (Days) YTD | C39: =IF('(GCG_ATG)'!$AB$10="","",'(GCG_ATG)'!$AB$10) | D39: =IF('(GCG_GCM)'!$AB$10="","",'(GCG_GCM)'!$AB$10) | E39: =IF('(Ground_JAM)'!$AB$10="","",'(Ground_JAM)'!$AB$10) | F39: =IF('(GCG_JAM)'!$AB$10="","",'(GCG_JAM)'!$AB$10) | G39: =IF('(Ground_LCA)'!$AB$10="","",'(Ground_LCA)'!$AB$10) | H39: =IF('(GCG_LCA)'!$AB$10="","",'(GCG_LCA)'!$AB$10) | I39: =IF('(Ground_STT)'!$AB$10="","",'(Ground_STT)'!$AB$10) | J39: =IFERROR(AVERAGE(C39:I39),"") | K39: Avg
B40: Temporary TimeToHire (Days) YTD | C40: =IF('(GCG_ATG)'!$AD$10="","",'(GCG_ATG)'!$AD$10) | D40: =IF('(GCG_GCM)'!$AD$10="","",'(GCG_GCM)'!$AD$10) | E40: =IF('(Ground_JAM)'!$AD$10="","",'(Ground_JAM)'!$AD$10) | F40: =IF('(GCG_JAM)'!$AD$10="","",'(GCG_JAM)'!$AD$10) | G40: =IF('(Ground_LCA)'!$AD$10="","",'(Ground_LCA)'!$AD$10) | H40: =IF('(GCG_LCA)'!$AD$10="","",'(GCG_LCA)'!$AD$10) | I40: =IF('(Ground_STT)'!$AD$10="","",'(Ground_STT)'!$AD$10) | J40: =IFERROR(AVERAGE(C40:I40),"") | K40: Avg
B41: Check-ins Rate Completed (%) | J41: =IFERROR(AVERAGE(C41:I41),"") | K41: Avg
B42: EE Objectives Completed (#) | J42: =IF(COUNT(C42:I42)=0,"",SUM(C42:I42)) | K42: ∑
B43: Non-certified Absent (Days Lost) | J43: =IF(COUNT(C43:I43)=0,"",SUM(C43:I43)) | K43: ∑
B44: Certified sick leave (Days Lost) | J44: =IF(COUNT(C44:I44)=0,"",SUM(C44:I44)) | K44: ∑
B45: Total Absences | C45: =IF(COUNT(C43:C44)=0,"",SUM(C43:C44)) | D45: =IF(COUNT(D43:D44)=0,"",SUM(D43:D44)) | E45: =IF(COUNT(E43:E44)=0,"",SUM(E43:E44)) | F45: =IF(COUNT(F43:F44)=0,"",SUM(F43:F44)) | G45: =IF(COUNT(G43:G44)=0,"",SUM(G43:G44)) | H45: =IF(COUNT(H43:H44)=0,"",SUM(H43:H44)) | I45: =IF(COUNT(I43:I44)=0,"",SUM(I43:I44)) | J45: =IF(COUNT(J43:J44)=0,"",SUM(J43:J44)) | K45: ϝ
B46: Absent Rate Non-Certified (%) | C46: =IF('(GCG_ATG)'!$G$10="","",'(GCG_ATG)'!$G$10) | D46: =IF('(GCG_GCM)'!$G$10="","",'(GCG_GCM)'!$G$10) | E46: =IF('(Ground_JAM)'!$G$10="","",'(Ground_JAM)'!$G$10) | F46: =IF('(GCG_JAM)'!$G$10="","",'(GCG_JAM)'!$G$10) | G46: =IF('(Ground_LCA)'!$G$10="","",'(Ground_LCA)'!$G$10) | H46: =IF('(GCG_LCA)'!$G$10="","",'(GCG_LCA)'!$G$10) | I46: =IF('(Ground_STT)'!$G$10="","",'(Ground_STT)'!$G$10) | J46: {=IF(COUNT(C46:I46)=0,"",IFERROR(SUMPRODUCT(IFERROR(C46:I46*((C3:I3)+(C4:I4)),0))/SUMPRODUCT(IFERROR(ISNUMBER(C46:I46)*((C3:I3)+(C4:I4)),0)),""))} | K46: Weighted
B47: Absent Rate Certified (%) | C47: =IF('(GCG_ATG)'!$O$10="","",'(GCG_ATG)'!$O$10) | D47: =IF('(GCG_GCM)'!$O$10="","",'(GCG_GCM)'!$O$10) | E47: =IF('(Ground_JAM)'!$O$10="","",'(Ground_JAM)'!$O$10) | F47: =IF('(GCG_JAM)'!$O$10="","",'(GCG_JAM)'!$O$10) | G47: =IF('(Ground_LCA)'!$O$10="","",'(Ground_LCA)'!$O$10) | H47: =IF('(GCG_LCA)'!$O$10="","",'(GCG_LCA)'!$O$10) | I47: =IF('(Ground_STT)'!$O$10="","",'(Ground_STT)'!$O$10) | J47: {=IF(COUNT(C47:I47)=0,"",IFERROR(SUMPRODUCT(IFERROR(C47:I47*((C3:I3)+(C4:I4)),0))/SUMPRODUCT(IFERROR(ISNUMBER(C47:I47)*((C3:I3)+(C4:I4)),0)),""))} | K47: Weighted
B48: Absent Rate Total (%) | C48: =IF(COUNT(C46:C47)=0,"",SUM(C46:C47)) | D48: =IF(COUNT(D46:D47)=0,"",SUM(D46:D47)) | E48: =IF(COUNT(E46:E47)=0,"",SUM(E46:E47)) | F48: =IF(COUNT(F46:F47)=0,"",SUM(F46:F47)) | G48: =IF(COUNT(G46:G47)=0,"",SUM(G46:G47)) | H48: =IF(COUNT(H46:H47)=0,"",SUM(H46:H47)) | I48: =IF(COUNT(I46:I47)=0,"",SUM(I46:I47)) | J48: =IF(COUNT(J46:J47)=0,"",SUM(J46:J47)) | K48: Weighted
B49: Weight factor | C49: =IFERROR(C5/$J5,"") | D49: =IFERROR(D5/$J5,"") | E49: =IFERROR(E5/$J5,"") | F49: =IFERROR(F5/$J5,"") | G49: =IFERROR(G5/$J5,"") | H49: =IFERROR(H5/$J5,"") | I49: =IFERROR(I5/$J5,"") | J49: =IF(COUNT(C49:I49)=0,"",SUM(C49:I49)) | K49: Weight Factor
B50: Leadership (Hours) | J50: =IF(COUNT(C50:I50)=0,"",SUM(C50:I50)) | K50: ∑
B51: Technical (Hours) | J51: =IF(COUNT(C51:I51)=0,"",SUM(C51:I51)) | K51: ∑
B52: Professional Develop. (Hours) | J52: =IF(COUNT(C52:I52)=0,"",SUM(C52:I52)) | K52: ∑
B53: HSSE (Hours) | J53: =IF(COUNT(C53:I53)=0,"",SUM(C53:I53)) | K53: ∑
B54: Workday (Hours) | J54: =IF(COUNT(C54:I54)=0,"",SUM(C54:I54)) | K54: ∑
B55: Total Training Hours | C55: =IF(COUNT(C50:C54)=0,"",SUM(C50:C54)) | D55: =IF(COUNT(D50:D54)=0,"",SUM(D50:D54)) | E55: =IF(COUNT(E50:E54)=0,"",SUM(E50:E54)) | F55: =IF(COUNT(F50:F54)=0,"",SUM(F50:F54)) | G55: =IF(COUNT(G50:G54)=0,"",SUM(G50:G54)) | H55: =IF(COUNT(H50:H54)=0,"",SUM(H50:H54)) | I55: =IF(COUNT(I50:I54)=0,"",SUM(I50:I54)) | J55: =IF(COUNT(J50:J54)=0,"",SUM(J50:J54)) | K55: ϝ
B56: Total Trained (Staff) | J56: =IF(COUNT(C56:I56)=0,"",SUM(C56:I56)) | K56: ∑
B57: Training Programs (#) | J57: =IF(COUNT(C57:I57)=0,"",SUM(C57:I57)) | K57: ∑
B58: Training Cost (USD) | J58: =IF(COUNT(C58:I58)=0,"",SUM(C58:I58)) | K58: ∑
B59: Training Travel Cost (USD) | J59: =IF(COUNT(C59:I59)=0,"",SUM(C59:I59)) | K59: ∑
B60: Leadership Hours Trained (%) | C60: =IFERROR(C50/C$55,"") | D60: =IFERROR(D50/D$55,"") | E60: =IFERROR(E50/E$55,"") | F60: =IFERROR(F50/F$55,"") | G60: =IFERROR(G50/G$55,"") | H60: =IFERROR(H50/H$55,"") | I60: =IFERROR(I50/I$55,"") | J60: =IFERROR(J50/J$55,"") | K60: ϝ
B61: Technical Hours Trained (%) | C61: =IFERROR(C51/C$55,"") | D61: =IFERROR(D51/D$55,"") | E61: =IFERROR(E51/E$55,"") | F61: =IFERROR(F51/F$55,"") | G61: =IFERROR(G51/G$55,"") | H61: =IFERROR(H51/H$55,"") | I61: =IFERROR(I51/I$55,"") | J61: =IFERROR(J51/J$55,"") | K61: ϝ
B62: Profess. Dev. Hours Trained (%) | C62: =IFERROR(C52/C$55,"") | D62: =IFERROR(D52/D$55,"") | E62: =IFERROR(E52/E$55,"") | F62: =IFERROR(F52/F$55,"") | G62: =IFERROR(G52/G$55,"") | H62: =IFERROR(H52/H$55,"") | I62: =IFERROR(I52/I$55,"") | J62: =IFERROR(J52/J$55,"") | K62: ϝ
B63: HSSE Hours Trained (%) | C63: =IFERROR(C53/C$55,"") | D63: =IFERROR(D53/D$55,"") | E63: =IFERROR(E53/E$55,"") | F63: =IFERROR(F53/F$55,"") | G63: =IFERROR(G53/G$55,"") | H63: =IFERROR(H53/H$55,"") | I63: =IFERROR(I53/I$55,"") | J63: =IFERROR(J53/J$55,"") | K63: ϝ
B64: Workday Hours Trained (%) | C64: =IFERROR(C54/C$55,"") | D64: =IFERROR(D54/D$55,"") | E64: =IFERROR(E54/E$55,"") | F64: =IFERROR(F54/F$55,"") | G64: =IFERROR(G54/G$55,"") | H64: =IFERROR(H54/H$55,"") | I64: =IFERROR(I54/I$55,"") | J64: =IFERROR(J54/J$55,"") | K64: ϝ
B65: Staff Trained (%) | C65: =IFERROR(C56/C5,"") | D65: =IFERROR(D56/D5,"") | E65: =IFERROR(E56/E5,"") | F65: =IFERROR(F56/F5,"") | G65: =IFERROR(G56/G5,"") | H65: =IFERROR(H56/H5,"") | I65: =IFERROR(I56/I5,"") | J65: =IFERROR(J56/J5,"") | K65: ϝ
B66: Training Hours / EE | C66: =IFERROR(C55/C5,"") | D66: =IFERROR(D55/D5,"") | E66: =IFERROR(E55/E5,"") | F66: =IFERROR(F55/F5,"") | G66: =IFERROR(G55/G5,"") | H66: =IFERROR(H55/H5,"") | I66: =IFERROR(I55/I5,"") | J66: =IFERROR(J55/J5,"") | K66: ϝ
B67: Training Hours / EE Trained | C67: =IFERROR(C55/C56,"") | D67: =IFERROR(D55/D56,"") | E67: =IFERROR(E55/E56,"") | F67: =IFERROR(F55/F56,"") | G67: =IFERROR(G55/G56,"") | H67: =IFERROR(H55/H56,"") | I67: =IFERROR(I55/I56,"") | J67: =IFERROR(J55/J56,"") | K67: ϝ
B68: Training Invest. / EE (USD) | C68: =IF(COUNT(C58:C59)=0,"",IFERROR((N(C58)+N(C59))/C5,"")) | D68: =IF(COUNT(D58:D59)=0,"",IFERROR((N(D58)+N(D59))/D5,"")) | E68: =IF(COUNT(E58:E59)=0,"",IFERROR((N(E58)+N(E59))/E5,"")) | F68: =IF(COUNT(F58:F59)=0,"",IFERROR((N(F58)+N(F59))/F5,"")) | G68: =IF(COUNT(G58:G59)=0,"",IFERROR((N(G58)+N(G59))/G5,"")) | H68: =IF(COUNT(H58:H59)=0,"",IFERROR((N(H58)+N(H59))/H5,"")) | I68: =IF(COUNT(I58:I59)=0,"",IFERROR((N(I58)+N(I59))/I5,"")) | J68: =IF(COUNT(J58:J59)=0,"",IFERROR((N(J58)+N(J59))/J5,"")) | K68: ϝ
B69: Training Invest. / EE Trained (USD) | C69: =IF(COUNT(C58:C59)=0,"",IFERROR((N(C58)+N(C59))/C56,"")) | D69: =IF(COUNT(D58:D59)=0,"",IFERROR((N(D58)+N(D59))/D56,"")) | E69: =IF(COUNT(E58:E59)=0,"",IFERROR((N(E58)+N(E59))/E56,"")) | F69: =IF(COUNT(F58:F59)=0,"",IFERROR((N(F58)+N(F59))/F56,"")) | G69: =IF(COUNT(G58:G59)=0,"",IFERROR((N(G58)+N(G59))/G56,"")) | H69: =IF(COUNT(H58:H59)=0,"",IFERROR((N(H58)+N(H59))/H56,"")) | I69: =IF(COUNT(I58:I59)=0,"",IFERROR((N(I58)+N(I59))/I56,"")) | J69: =IF(COUNT(J58:J59)=0,"",IFERROR((N(J58)+N(J59))/J56,"")) | K69: ϝ
B70: Input Cells Not Submitted | C70: =COUNTBLANK(C3:C4)+COUNTBLANK(C6:C10)+COUNTBLANK(C12:C13)+COUNTBLANK(C18:C20)+COUNTBLANK(C22:C23)+COUNTBLANK(C27:C28)+COUNTBLANK(C34:C35)+COUNTBLANK(C39:C44)+COUNTBLANK(C46:C47)+COUNTBLANK(C50:C54)+COUNTBLANK(C56:C59) | D70: =COUNTBLANK(D3:D4)+COUNTBLANK(D6:D10)+COUNTBLANK(D12:D13)+COUNTBLANK(D18:D20)+COUNTBLANK(D22:D23)+COUNTBLANK(D27:D28)+COUNTBLANK(D34:D35)+COUNTBLANK(D39:D44)+COUNTBLANK(D46:D47)+COUNTBLANK(D50:D54)+COUNTBLANK(D56:D59) | E70: =COUNTBLANK(E3:E4)+COUNTBLANK(E6:E10)+COUNTBLANK(E12:E13)+COUNTBLANK(E18:E20)+COUNTBLANK(E22:E23)+COUNTBLANK(E27:E28)+COUNTBLANK(E34:E35)+COUNTBLANK(E39:E44)+COUNTBLANK(E46:E47)+COUNTBLANK(E50:E54)+COUNTBLANK(E56:E59) | F70: =COUNTBLANK(F3:F4)+COUNTBLANK(F6:F10)+COUNTBLANK(F12:F13)+COUNTBLANK(F18:F20)+COUNTBLANK(F22:F23)+COUNTBLANK(F27:F28)+COUNTBLANK(F34:F35)+COUNTBLANK(F39:F44)+COUNTBLANK(F46:F47)+COUNTBLANK(F50:F54)+COUNTBLANK(F56:F59) | G70: =COUNTBLANK(G3:G4)+COUNTBLANK(G6:G10)+COUNTBLANK(G12:G13)+COUNTBLANK(G18:G20)+COUNTBLANK(G22:G23)+COUNTBLANK(G27:G28)+COUNTBLANK(G34:G35)+COUNTBLANK(G39:G44)+COUNTBLANK(G46:G47)+COUNTBLANK(G50:G54)+COUNTBLANK(G56:G59) | H70: =COUNTBLANK(H3:H4)+COUNTBLANK(H6:H10)+COUNTBLANK(H12:H13)+COUNTBLANK(H18:H20)+COUNTBLANK(H22:H23)+COUNTBLANK(H27:H28)+COUNTBLANK(H34:H35)+COUNTBLANK(H39:H44)+COUNTBLANK(H46:H47)+COUNTBLANK(H50:H54)+COUNTBLANK(H56:H59) | I70: =COUNTBLANK(I3:I4)+COUNTBLANK(I6:I10)+COUNTBLANK(I12:I13)+COUNTBLANK(I18:I20)+COUNTBLANK(I22:I23)+COUNTBLANK(I27:I28)+COUNTBLANK(I34:I35)+COUNTBLANK(I39:I44)+COUNTBLANK(I46:I47)+COUNTBLANK(I50:I54)+COUNTBLANK(I56:I59) | J70: =SUM(C70:I70) | K70: ∑

Sheet MAY
B1: GCG NORTH CARIBBEAN | C1: 1062 | D1: 1075 | E1: 1044 | F1: 1066 | G1: 1158 | H1: 1067 | I1: 1046
A2: =VALUE(TEXT(EDATE(DATE(LEFT(APR!A2,4),RIGHT(APR!A2,2),1),1),"yyyymm")) | B2: MAY | C2: GCG Antigua | D2: GCG Grand Cayman | E2: GCG Aviation Ground Jamaica | F2: GCG Jamaica | G2: GCG Aviation Ground Saint Lucia | H2: GCG Saint Lucia | I2: GCG Ground Saint Thomas | J2: TOTAL | K2: Total by Division | L2: =N(L11)<>0
A3: =+A2 | B3: Permanent (Regular) Headcount | J3: =IF(COUNT(C3:I3)=0,"",SUM(C3:I3)) | K3: ∑
B4: Temporary (Fix Term) Headcount | J4: =IF(COUNT(C4:I4)=0,"",SUM(C4:I4)) | K4: ∑
B5: Employee Headcount (Productivity) | C5: =IF(COUNT(C3:C4)=0,"",SUM(C3:C4)) | D5: =IF(COUNT(D3:D4)=0,"",SUM(D3:D4)) | E5: =IF(COUNT(E3:E4)=0,"",SUM(E3:E4)) | F5: =IF(COUNT(F3:F4)=0,"",SUM(F3:F4)) | G5: =IF(COUNT(G3:G4)=0,"",SUM(G3:G4)) | H5: =IF(COUNT(H3:H4)=0,"",SUM(H3:H4)) | I5: =IF(COUNT(I3:I4)=0,"",SUM(I3:I4)) | J5: =IF(COUNT(J3:J4)=0,"",SUM(J3:J4)) | K5: ϝ
B6: Headcount = 1.00 | J6: =IF(COUNT(C6:I6)=0,"",SUM(C6:I6)) | K6: ∑
B7: Headcount = 0.75 | J7: =IF(COUNT(C7:I7)=0,"",SUM(C7:I7)) | K7: ∑
B8: Headcount = 0.50 | J8: =IF(COUNT(C8:I8)=0,"",SUM(C8:I8)) | K8: ∑
B9: Headcount = 0.25 | J9: =IF(COUNT(C9:I9)=0,"",SUM(C9:I9)) | K9: ∑
B10: Standard Monthly Hours (FTE basis) | J10: =IFERROR(AVERAGE(C10:I10),"") | K10: Avg
B11: Employee FTE (Finance) | C11: =IF(COUNT(C6:C9)=0,"",N(C6)+N(C7)*0.75+N(C8)*0.5+N(C9)*0.25) | D11: =IF(COUNT(D6:D9)=0,"",N(D6)+N(D7)*0.75+N(D8)*0.5+N(D9)*0.25) | E11: =IF(COUNT(E6:E9)=0,"",N(E6)+N(E7)*0.75+N(E8)*0.5+N(E9)*0.25) | F11: =IF(COUNT(F6:F9)=0,"",N(F6)+N(F7)*0.75+N(F8)*0.5+N(F9)*0.25) | G11: =IF(COUNT(G6:G9)=0,"",N(G6)+N(G7)*0.75+N(G8)*0.5+N(G9)*0.25) | H11: =IF(COUNT(H6:H9)=0,"",N(H6)+N(H7)*0.75+N(H8)*0.5+N(H9)*0.25) | I11: =IF(COUNT(I6:I9)=0,"",N(I6)+N(I7)*0.75+N(I8)*0.5+N(I9)*0.25) | J11: =IF(COUNT(J6:J9)=0,"",N(J6)+N(J7)*0.75+N(J8)*0.5+N(J9)*0.25) | K11: FTE | L11: =IF(COUNT(J5:J9)=0,"",N(J6)+N(J7)+N(J8)+N(J9)-N(J5))
B12: Subcontracted Workforce HC | J12: =IF(COUNT(C12:I12)=0,"",SUM(C12:I12)) | K12: ∑
B13: Subcontracted Productive Hours | J13: =IF(COUNT(C13:I13)=0,"",SUM(C13:I13)) | K13: ∑
B14: Subcontracted FTE | C14: =IFERROR(C13/C10,"") | D14: =IFERROR(D13/D10,"") | E14: =IFERROR(E13/E10,"") | F14: =IFERROR(F13/F10,"") | G14: =IFERROR(G13/G10,"") | H14: =IFERROR(H13/H10,"") | I14: =IFERROR(I13/I10,"") | J14: =IF(COUNT(C14:I14)=0,"",SUM(C14:I14)) | K14: FTE
B15: Total Operational Workforce | C15: =IF(COUNT(C5,C12)=0,"",SUM(C5,C12)) | D15: =IF(COUNT(D5,D12)=0,"",SUM(D5,D12)) | E15: =IF(COUNT(E5,E12)=0,"",SUM(E5,E12)) | F15: =IF(COUNT(F5,F12)=0,"",SUM(F5,F12)) | G15: =IF(COUNT(G5,G12)=0,"",SUM(G5,G12)) | H15: =IF(COUNT(H5,H12)=0,"",SUM(H5,H12)) | I15: =IF(COUNT(I5,I12)=0,"",SUM(I5,I12)) | J15: =IF(COUNT(J5,J12)=0,"",SUM(J5,J12)) | K15: ϝ
B16: Total Operational FTE | C16: =IF(COUNT(C11,C14)=0,"",SUM(C11,C14)) | D16: =IF(COUNT(D11,D14)=0,"",SUM(D11,D14)) | E16: =IF(COUNT(E11,E14)=0,"",SUM(E11,E14)) | F16: =IF(COUNT(F11,F14)=0,"",SUM(F11,F14)) | G16: =IF(COUNT(G11,G14)=0,"",SUM(G11,G14)) | H16: =IF(COUNT(H11,H14)=0,"",SUM(H11,H14)) | I16: =IF(COUNT(I11,I14)=0,"",SUM(I11,I14)) | J16: =IF(COUNT(J11,J14)=0,"",SUM(J11,J14)) | K16: FTE
B17: Subcontracted Share of Workforce (%) | C17: =IFERROR(C12/C15,"") | D17: =IFERROR(D12/D15,"") | E17: =IFERROR(E12/E15,"") | F17: =IFERROR(F12/F15,"") | G17: =IFERROR(G12/G15,"") | H17: =IFERROR(H12/H15,"") | I17: =IFERROR(I12/I15,"") | J17: =IFERROR(J12/J15,"") | K17: ϝ
B18: FTE HR Team | J18: =IF(COUNT(C18:I18)=0,"",SUM(C18:I18)) | K18: ∑
B19: Permanent Hires | J19: =IF(COUNT(C19:I19)=0,"",SUM(C19:I19)) | K19: ∑
B20: Temporary Hires | J20: =IF(COUNT(C20:I20)=0,"",SUM(C20:I20)) | K20: ∑
B21: Total Hires | C21: =IF(COUNT(C19:C20)=0,"",SUM(C19:C20)) | D21: =IF(COUNT(D19:D20)=0,"",SUM(D19:D20)) | E21: =IF(COUNT(E19:E20)=0,"",SUM(E19:E20)) | F21: =IF(COUNT(F19:F20)=0,"",SUM(F19:F20)) | G21: =IF(COUNT(G19:G20)=0,"",SUM(G19:G20)) | H21: =IF(COUNT(H19:H20)=0,"",SUM(H19:H20)) | I21: =IF(COUNT(I19:I20)=0,"",SUM(I19:I20)) | J21: =IF(COUNT(J19:J20)=0,"",SUM(J19:J20)) | K21: ϝ
B22: Permanent Exits | J22: =IF(COUNT(C22:I22)=0,"",SUM(C22:I22)) | K22: ∑
B23: Temporary Exits | J23: =IF(COUNT(C23:I23)=0,"",SUM(C23:I23)) | K23: ∑
B24: Total Exits | C24: =IF(COUNT(C22:C23)=0,"",SUM(C22:C23)) | D24: =IF(COUNT(D22:D23)=0,"",SUM(D22:D23)) | E24: =IF(COUNT(E22:E23)=0,"",SUM(E22:E23)) | F24: =IF(COUNT(F22:F23)=0,"",SUM(F22:F23)) | G24: =IF(COUNT(G22:G23)=0,"",SUM(G22:G23)) | H24: =IF(COUNT(H22:H23)=0,"",SUM(H22:H23)) | I24: =IF(COUNT(I22:I23)=0,"",SUM(I22:I23)) | J24: =IF(COUNT(J22:J23)=0,"",SUM(J22:J23)) | K24: ϝ
B25: Permanent Turnover (%) | C25: =IF(COUNT(C31,C32)<2,"",IF((C32+C31)=0,"",N(C22)/((C32+C31)/2))) | D25: =IF(COUNT(D31,D32)<2,"",IF((D32+D31)=0,"",N(D22)/((D32+D31)/2))) | E25: =IF(COUNT(E31,E32)<2,"",IF((E32+E31)=0,"",N(E22)/((E32+E31)/2))) | F25: =IF(COUNT(F31,F32)<2,"",IF((F32+F31)=0,"",N(F22)/((F32+F31)/2))) | G25: =IF(COUNT(G31,G32)<2,"",IF((G32+G31)=0,"",N(G22)/((G32+G31)/2))) | H25: =IF(COUNT(H31,H32)<2,"",IF((H32+H31)=0,"",N(H22)/((H32+H31)/2))) | I25: =IF(COUNT(I31,I32)<2,"",IF((I32+I31)=0,"",N(I22)/((I32+I31)/2))) | J25: =IF(COUNT(J31,J32)<2,"",IF((J32+J31)=0,"",N(J22)/((J32+J31)/2))) | K25: ϝ
B26: Temporary Turnover (%) | C26: =IF(COUNT(C31,C32)<2,"",IF((C32+C31)=0,"",N(C23)/((C32+C31)/2))) | D26: =IF(COUNT(D31,D32)<2,"",IF((D32+D31)=0,"",N(D23)/((D32+D31)/2))) | E26: =IF(COUNT(E31,E32)<2,"",IF((E32+E31)=0,"",N(E23)/((E32+E31)/2))) | F26: =IF(COUNT(F31,F32)<2,"",IF((F32+F31)=0,"",N(F23)/((F32+F31)/2))) | G26: =IF(COUNT(G31,G32)<2,"",IF((G32+G31)=0,"",N(G23)/((G32+G31)/2))) | H26: =IF(COUNT(H31,H32)<2,"",IF((H32+H31)=0,"",N(H23)/((H32+H31)/2))) | I26: =IF(COUNT(I31,I32)<2,"",IF((I32+I31)=0,"",N(I23)/((I32+I31)/2))) | J26: =IF(COUNT(J31,J32)<2,"",IF((J32+J31)=0,"",N(J23)/((J32+J31)/2))) | K26: ϝ
B27: Voluntary Terminations | J27: =IF(COUNT(C27:I27)=0,"",SUM(C27:I27)) | K27: ∑
B28: Involuntary Terminations | J28: =IF(COUNT(C28:I28)=0,"",SUM(C28:I28)) | K28: ∑
B29: Voluntary Turnover (%) | C29: =IF(COUNT(C31,C32)<2,"",IF((C32+C31)=0,"",N(C27)/((C32+C31)/2))) | D29: =IF(COUNT(D31,D32)<2,"",IF((D32+D31)=0,"",N(D27)/((D32+D31)/2))) | E29: =IF(COUNT(E31,E32)<2,"",IF((E32+E31)=0,"",N(E27)/((E32+E31)/2))) | F29: =IF(COUNT(F31,F32)<2,"",IF((F32+F31)=0,"",N(F27)/((F32+F31)/2))) | G29: =IF(COUNT(G31,G32)<2,"",IF((G32+G31)=0,"",N(G27)/((G32+G31)/2))) | H29: =IF(COUNT(H31,H32)<2,"",IF((H32+H31)=0,"",N(H27)/((H32+H31)/2))) | I29: =IF(COUNT(I31,I32)<2,"",IF((I32+I31)=0,"",N(I27)/((I32+I31)/2))) | J29: =IF(COUNT(J31,J32)<2,"",IF((J32+J31)=0,"",N(J27)/((J32+J31)/2))) | K29: ϝ
B30: Involuntary Turnover (%) | C30: =IF(COUNT(C31,C32)<2,"",IF((C32+C31)=0,"",N(C28)/((C32+C31)/2))) | D30: =IF(COUNT(D31,D32)<2,"",IF((D32+D31)=0,"",N(D28)/((D32+D31)/2))) | E30: =IF(COUNT(E31,E32)<2,"",IF((E32+E31)=0,"",N(E28)/((E32+E31)/2))) | F30: =IF(COUNT(F31,F32)<2,"",IF((F32+F31)=0,"",N(F28)/((F32+F31)/2))) | G30: =IF(COUNT(G31,G32)<2,"",IF((G32+G31)=0,"",N(G28)/((G32+G31)/2))) | H30: =IF(COUNT(H31,H32)<2,"",IF((H32+H31)=0,"",N(H28)/((H32+H31)/2))) | I30: =IF(COUNT(I31,I32)<2,"",IF((I32+I31)=0,"",N(I28)/((I32+I31)/2))) | J30: =IF(COUNT(J31,J32)<2,"",IF((J32+J31)=0,"",N(J28)/((J32+J31)/2))) | K30: ϝ
B31: Headcount last Month | C31: =IF(APR!C5="","",APR!C5) | D31: =IF(APR!D5="","",APR!D5) | E31: =IF(APR!E5="","",APR!E5) | F31: =IF(APR!F5="","",APR!F5) | G31: =IF(APR!G5="","",APR!G5) | H31: =IF(APR!H5="","",APR!H5) | I31: =IF(APR!I5="","",APR!I5) | J31: =IF(COUNT(C31:I31)=0,"",SUM(C31:I31)) | K31: ∑
B32: Headcount this Month | C32: =IF(C5="","",C5) | D32: =IF(D5="","",D5) | E32: =IF(E5="","",E5) | F32: =IF(F5="","",F5) | G32: =IF(G5="","",G5) | H32: =IF(H5="","",H5) | I32: =IF(I5="","",I5) | J32: =IF(COUNT(C32:I32)=0,"",SUM(C32:I32)) | K32: ∑
B33: Full Turnover (%) | C33: =IF(COUNT(C31,C32)<2,"",IF((C32+C31)=0,"",N(C24)/((C32+C31)/2))) | D33: =IF(COUNT(D31,D32)<2,"",IF((D32+D31)=0,"",N(D24)/((D32+D31)/2))) | E33: =IF(COUNT(E31,E32)<2,"",IF((E32+E31)=0,"",N(E24)/((E32+E31)/2))) | F33: =IF(COUNT(F31,F32)<2,"",IF((F32+F31)=0,"",N(F24)/((F32+F31)/2))) | G33: =IF(COUNT(G31,G32)<2,"",IF((G32+G31)=0,"",N(G24)/((G32+G31)/2))) | H33: =IF(COUNT(H31,H32)<2,"",IF((H32+H31)=0,"",N(H24)/((H32+H31)/2))) | I33: =IF(COUNT(I31,I32)<2,"",IF((I32+I31)=0,"",N(I24)/((I32+I31)/2))) | J33: =IF(COUNT(J31,J32)<2,"",IF((J32+J31)=0,"",N(J24)/((J32+J31)/2))) | K33: ϝ
B34: Permanent Vacancies | J34: =IF(COUNT(C34:I34)=0,"",SUM(C34:I34)) | K34: ∑
B35: Temporary Vacancies | J35: =IF(COUNT(C35:I35)=0,"",SUM(C35:I35)) | K35: ∑
B36: Total Vacancies | C36: =IF(COUNT(C34:C35)=0,"",SUM(C34:C35)) | D36: =IF(COUNT(D34:D35)=0,"",SUM(D34:D35)) | E36: =IF(COUNT(E34:E35)=0,"",SUM(E34:E35)) | F36: =IF(COUNT(F34:F35)=0,"",SUM(F34:F35)) | G36: =IF(COUNT(G34:G35)=0,"",SUM(G34:G35)) | H36: =IF(COUNT(H34:H35)=0,"",SUM(H34:H35)) | I36: =IF(COUNT(I34:I35)=0,"",SUM(I34:I35)) | J36: =IF(COUNT(J34:J35)=0,"",SUM(J34:J35)) | K36: ϝ
B37: Authorized Positions | C37: =IF(COUNT(C5,C36)=0,"",N(C5)+N(C36)) | D37: =IF(COUNT(D5,D36)=0,"",N(D5)+N(D36)) | E37: =IF(COUNT(E5,E36)=0,"",N(E5)+N(E36)) | F37: =IF(COUNT(F5,F36)=0,"",N(F5)+N(F36)) | G37: =IF(COUNT(G5,G36)=0,"",N(G5)+N(G36)) | H37: =IF(COUNT(H5,H36)=0,"",N(H5)+N(H36)) | I37: =IF(COUNT(I5,I36)=0,"",N(I5)+N(I36)) | J37: =IF(COUNT(J5,J36)=0,"",N(J5)+N(J36)) | K37: ϝ
B38: Vacancy Rate (%) | C38: =IFERROR(C36/C37,"") | D38: =IFERROR(D36/D37,"") | E38: =IFERROR(E36/E37,"") | F38: =IFERROR(F36/F37,"") | G38: =IFERROR(G36/G37,"") | H38: =IFERROR(H36/H37,"") | I38: =IFERROR(I36/I37,"") | J38: =IFERROR(J36/J37,"") | K38: ϝ
B39: Permanent TimeToHire (Days) YTD | C39: =IF('(GCG_ATG)'!$AB$11="","",'(GCG_ATG)'!$AB$11) | D39: =IF('(GCG_GCM)'!$AB$11="","",'(GCG_GCM)'!$AB$11) | E39: =IF('(Ground_JAM)'!$AB$11="","",'(Ground_JAM)'!$AB$11) | F39: =IF('(GCG_JAM)'!$AB$11="","",'(GCG_JAM)'!$AB$11) | G39: =IF('(Ground_LCA)'!$AB$11="","",'(Ground_LCA)'!$AB$11) | H39: =IF('(GCG_LCA)'!$AB$11="","",'(GCG_LCA)'!$AB$11) | I39: =IF('(Ground_STT)'!$AB$11="","",'(Ground_STT)'!$AB$11) | J39: =IFERROR(AVERAGE(C39:I39),"") | K39: Avg
B40: Temporary TimeToHire (Days) YTD | C40: =IF('(GCG_ATG)'!$AD$11="","",'(GCG_ATG)'!$AD$11) | D40: =IF('(GCG_GCM)'!$AD$11="","",'(GCG_GCM)'!$AD$11) | E40: =IF('(Ground_JAM)'!$AD$11="","",'(Ground_JAM)'!$AD$11) | F40: =IF('(GCG_JAM)'!$AD$11="","",'(GCG_JAM)'!$AD$11) | G40: =IF('(Ground_LCA)'!$AD$11="","",'(Ground_LCA)'!$AD$11) | H40: =IF('(GCG_LCA)'!$AD$11="","",'(GCG_LCA)'!$AD$11) | I40: =IF('(Ground_STT)'!$AD$11="","",'(Ground_STT)'!$AD$11) | J40: =IFERROR(AVERAGE(C40:I40),"") | K40: Avg
B41: Check-ins Rate Completed (%) | J41: =IFERROR(AVERAGE(C41:I41),"") | K41: Avg
B42: EE Objectives Completed (#) | J42: =IF(COUNT(C42:I42)=0,"",SUM(C42:I42)) | K42: ∑
B43: Non-certified Absent (Days Lost) | J43: =IF(COUNT(C43:I43)=0,"",SUM(C43:I43)) | K43: ∑
B44: Certified sick leave (Days Lost) | J44: =IF(COUNT(C44:I44)=0,"",SUM(C44:I44)) | K44: ∑
B45: Total Absences | C45: =IF(COUNT(C43:C44)=0,"",SUM(C43:C44)) | D45: =IF(COUNT(D43:D44)=0,"",SUM(D43:D44)) | E45: =IF(COUNT(E43:E44)=0,"",SUM(E43:E44)) | F45: =IF(COUNT(F43:F44)=0,"",SUM(F43:F44)) | G45: =IF(COUNT(G43:G44)=0,"",SUM(G43:G44)) | H45: =IF(COUNT(H43:H44)=0,"",SUM(H43:H44)) | I45: =IF(COUNT(I43:I44)=0,"",SUM(I43:I44)) | J45: =IF(COUNT(J43:J44)=0,"",SUM(J43:J44)) | K45: ϝ
B46: Absent Rate Non-Certified (%) | C46: =IF('(GCG_ATG)'!$G$11="","",'(GCG_ATG)'!$G$11) | D46: =IF('(GCG_GCM)'!$G$11="","",'(GCG_GCM)'!$G$11) | E46: =IF('(Ground_JAM)'!$G$11="","",'(Ground_JAM)'!$G$11) | F46: =IF('(GCG_JAM)'!$G$11="","",'(GCG_JAM)'!$G$11) | G46: =IF('(Ground_LCA)'!$G$11="","",'(Ground_LCA)'!$G$11) | H46: =IF('(GCG_LCA)'!$G$11="","",'(GCG_LCA)'!$G$11) | I46: =IF('(Ground_STT)'!$G$11="","",'(Ground_STT)'!$G$11) | J46: {=IF(COUNT(C46:I46)=0,"",IFERROR(SUMPRODUCT(IFERROR(C46:I46*((C3:I3)+(C4:I4)),0))/SUMPRODUCT(IFERROR(ISNUMBER(C46:I46)*((C3:I3)+(C4:I4)),0)),""))} | K46: Weighted
B47: Absent Rate Certified (%) | C47: =IF('(GCG_ATG)'!$O$11="","",'(GCG_ATG)'!$O$11) | D47: =IF('(GCG_GCM)'!$O$11="","",'(GCG_GCM)'!$O$11) | E47: =IF('(Ground_JAM)'!$O$11="","",'(Ground_JAM)'!$O$11) | F47: =IF('(GCG_JAM)'!$O$11="","",'(GCG_JAM)'!$O$11) | G47: =IF('(Ground_LCA)'!$O$11="","",'(Ground_LCA)'!$O$11) | H47: =IF('(GCG_LCA)'!$O$11="","",'(GCG_LCA)'!$O$11) | I47: =IF('(Ground_STT)'!$O$11="","",'(Ground_STT)'!$O$11) | J47: {=IF(COUNT(C47:I47)=0,"",IFERROR(SUMPRODUCT(IFERROR(C47:I47*((C3:I3)+(C4:I4)),0))/SUMPRODUCT(IFERROR(ISNUMBER(C47:I47)*((C3:I3)+(C4:I4)),0)),""))} | K47: Weighted
B48: Absent Rate Total (%) | C48: =IF(COUNT(C46:C47)=0,"",SUM(C46:C47)) | D48: =IF(COUNT(D46:D47)=0,"",SUM(D46:D47)) | E48: =IF(COUNT(E46:E47)=0,"",SUM(E46:E47)) | F48: =IF(COUNT(F46:F47)=0,"",SUM(F46:F47)) | G48: =IF(COUNT(G46:G47)=0,"",SUM(G46:G47)) | H48: =IF(COUNT(H46:H47)=0,"",SUM(H46:H47)) | I48: =IF(COUNT(I46:I47)=0,"",SUM(I46:I47)) | J48: =IF(COUNT(J46:J47)=0,"",SUM(J46:J47)) | K48: Weighted
B49: Weight factor | C49: =IFERROR(C5/$J5,"") | D49: =IFERROR(D5/$J5,"") | E49: =IFERROR(E5/$J5,"") | F49: =IFERROR(F5/$J5,"") | G49: =IFERROR(G5/$J5,"") | H49: =IFERROR(H5/$J5,"") | I49: =IFERROR(I5/$J5,"") | J49: =IF(COUNT(C49:I49)=0,"",SUM(C49:I49)) | K49: Weight Factor
B50: Leadership (Hours) | J50: =IF(COUNT(C50:I50)=0,"",SUM(C50:I50)) | K50: ∑
B51: Technical (Hours) | J51: =IF(COUNT(C51:I51)=0,"",SUM(C51:I51)) | K51: ∑
B52: Professional Develop. (Hours) | J52: =IF(COUNT(C52:I52)=0,"",SUM(C52:I52)) | K52: ∑
B53: HSSE (Hours) | J53: =IF(COUNT(C53:I53)=0,"",SUM(C53:I53)) | K53: ∑
B54: Workday (Hours) | J54: =IF(COUNT(C54:I54)=0,"",SUM(C54:I54)) | K54: ∑
B55: Total Training Hours | C55: =IF(COUNT(C50:C54)=0,"",SUM(C50:C54)) | D55: =IF(COUNT(D50:D54)=0,"",SUM(D50:D54)) | E55: =IF(COUNT(E50:E54)=0,"",SUM(E50:E54)) | F55: =IF(COUNT(F50:F54)=0,"",SUM(F50:F54)) | G55: =IF(COUNT(G50:G54)=0,"",SUM(G50:G54)) | H55: =IF(COUNT(H50:H54)=0,"",SUM(H50:H54)) | I55: =IF(COUNT(I50:I54)=0,"",SUM(I50:I54)) | J55: =IF(COUNT(J50:J54)=0,"",SUM(J50:J54)) | K55: ϝ
B56: Total Trained (Staff) | J56: =IF(COUNT(C56:I56)=0,"",SUM(C56:I56)) | K56: ∑
B57: Training Programs (#) | J57: =IF(COUNT(C57:I57)=0,"",SUM(C57:I57)) | K57: ∑
B58: Training Cost (USD) | J58: =IF(COUNT(C58:I58)=0,"",SUM(C58:I58)) | K58: ∑
B59: Training Travel Cost (USD) | J59: =IF(COUNT(C59:I59)=0,"",SUM(C59:I59)) | K59: ∑
B60: Leadership Hours Trained (%) | C60: =IFERROR(C50/C$55,"") | D60: =IFERROR(D50/D$55,"") | E60: =IFERROR(E50/E$55,"") | F60: =IFERROR(F50/F$55,"") | G60: =IFERROR(G50/G$55,"") | H60: =IFERROR(H50/H$55,"") | I60: =IFERROR(I50/I$55,"") | J60: =IFERROR(J50/J$55,"") | K60: ϝ
B61: Technical Hours Trained (%) | C61: =IFERROR(C51/C$55,"") | D61: =IFERROR(D51/D$55,"") | E61: =IFERROR(E51/E$55,"") | F61: =IFERROR(F51/F$55,"") | G61: =IFERROR(G51/G$55,"") | H61: =IFERROR(H51/H$55,"") | I61: =IFERROR(I51/I$55,"") | J61: =IFERROR(J51/J$55,"") | K61: ϝ
B62: Profess. Dev. Hours Trained (%) | C62: =IFERROR(C52/C$55,"") | D62: =IFERROR(D52/D$55,"") | E62: =IFERROR(E52/E$55,"") | F62: =IFERROR(F52/F$55,"") | G62: =IFERROR(G52/G$55,"") | H62: =IFERROR(H52/H$55,"") | I62: =IFERROR(I52/I$55,"") | J62: =IFERROR(J52/J$55,"") | K62: ϝ
B63: HSSE Hours Trained (%) | C63: =IFERROR(C53/C$55,"") | D63: =IFERROR(D53/D$55,"") | E63: =IFERROR(E53/E$55,"") | F63: =IFERROR(F53/F$55,"") | G63: =IFERROR(G53/G$55,"") | H63: =IFERROR(H53/H$55,"") | I63: =IFERROR(I53/I$55,"") | J63: =IFERROR(J53/J$55,"") | K63: ϝ
B64: Workday Hours Trained (%) | C64: =IFERROR(C54/C$55,"") | D64: =IFERROR(D54/D$55,"") | E64: =IFERROR(E54/E$55,"") | F64: =IFERROR(F54/F$55,"") | G64: =IFERROR(G54/G$55,"") | H64: =IFERROR(H54/H$55,"") | I64: =IFERROR(I54/I$55,"") | J64: =IFERROR(J54/J$55,"") | K64: ϝ
B65: Staff Trained (%) | C65: =IFERROR(C56/C5,"") | D65: =IFERROR(D56/D5,"") | E65: =IFERROR(E56/E5,"") | F65: =IFERROR(F56/F5,"") | G65: =IFERROR(G56/G5,"") | H65: =IFERROR(H56/H5,"") | I65: =IFERROR(I56/I5,"") | J65: =IFERROR(J56/J5,"") | K65: ϝ
B66: Training Hours / EE | C66: =IFERROR(C55/C5,"") | D66: =IFERROR(D55/D5,"") | E66: =IFERROR(E55/E5,"") | F66: =IFERROR(F55/F5,"") | G66: =IFERROR(G55/G5,"") | H66: =IFERROR(H55/H5,"") | I66: =IFERROR(I55/I5,"") | J66: =IFERROR(J55/J5,"") | K66: ϝ
B67: Training Hours / EE Trained | C67: =IFERROR(C55/C56,"") | D67: =IFERROR(D55/D56,"") | E67: =IFERROR(E55/E56,"") | F67: =IFERROR(F55/F56,"") | G67: =IFERROR(G55/G56,"") | H67: =IFERROR(H55/H56,"") | I67: =IFERROR(I55/I56,"") | J67: =IFERROR(J55/J56,"") | K67: ϝ
B68: Training Invest. / EE (USD) | C68: =IF(COUNT(C58:C59)=0,"",IFERROR((N(C58)+N(C59))/C5,"")) | D68: =IF(COUNT(D58:D59)=0,"",IFERROR((N(D58)+N(D59))/D5,"")) | E68: =IF(COUNT(E58:E59)=0,"",IFERROR((N(E58)+N(E59))/E5,"")) | F68: =IF(COUNT(F58:F59)=0,"",IFERROR((N(F58)+N(F59))/F5,"")) | G68: =IF(COUNT(G58:G59)=0,"",IFERROR((N(G58)+N(G59))/G5,"")) | H68: =IF(COUNT(H58:H59)=0,"",IFERROR((N(H58)+N(H59))/H5,"")) | I68: =IF(COUNT(I58:I59)=0,"",IFERROR((N(I58)+N(I59))/I5,"")) | J68: =IF(COUNT(J58:J59)=0,"",IFERROR((N(J58)+N(J59))/J5,"")) | K68: ϝ
B69: Training Invest. / EE Trained (USD) | C69: =IF(COUNT(C58:C59)=0,"",IFERROR((N(C58)+N(C59))/C56,"")) | D69: =IF(COUNT(D58:D59)=0,"",IFERROR((N(D58)+N(D59))/D56,"")) | E69: =IF(COUNT(E58:E59)=0,"",IFERROR((N(E58)+N(E59))/E56,"")) | F69: =IF(COUNT(F58:F59)=0,"",IFERROR((N(F58)+N(F59))/F56,"")) | G69: =IF(COUNT(G58:G59)=0,"",IFERROR((N(G58)+N(G59))/G56,"")) | H69: =IF(COUNT(H58:H59)=0,"",IFERROR((N(H58)+N(H59))/H56,"")) | I69: =IF(COUNT(I58:I59)=0,"",IFERROR((N(I58)+N(I59))/I56,"")) | J69: =IF(COUNT(J58:J59)=0,"",IFERROR((N(J58)+N(J59))/J56,"")) | K69: ϝ
B70: Input Cells Not Submitted | C70: =COUNTBLANK(C3:C4)+COUNTBLANK(C6:C10)+COUNTBLANK(C12:C13)+COUNTBLANK(C18:C20)+COUNTBLANK(C22:C23)+COUNTBLANK(C27:C28)+COUNTBLANK(C34:C35)+COUNTBLANK(C39:C44)+COUNTBLANK(C46:C47)+COUNTBLANK(C50:C54)+COUNTBLANK(C56:C59) | D70: =COUNTBLANK(D3:D4)+COUNTBLANK(D6:D10)+COUNTBLANK(D12:D13)+COUNTBLANK(D18:D20)+COUNTBLANK(D22:D23)+COUNTBLANK(D27:D28)+COUNTBLANK(D34:D35)+COUNTBLANK(D39:D44)+COUNTBLANK(D46:D47)+COUNTBLANK(D50:D54)+COUNTBLANK(D56:D59) | E70: =COUNTBLANK(E3:E4)+COUNTBLANK(E6:E10)+COUNTBLANK(E12:E13)+COUNTBLANK(E18:E20)+COUNTBLANK(E22:E23)+COUNTBLANK(E27:E28)+COUNTBLANK(E34:E35)+COUNTBLANK(E39:E44)+COUNTBLANK(E46:E47)+COUNTBLANK(E50:E54)+COUNTBLANK(E56:E59) | F70: =COUNTBLANK(F3:F4)+COUNTBLANK(F6:F10)+COUNTBLANK(F12:F13)+COUNTBLANK(F18:F20)+COUNTBLANK(F22:F23)+COUNTBLANK(F27:F28)+COUNTBLANK(F34:F35)+COUNTBLANK(F39:F44)+COUNTBLANK(F46:F47)+COUNTBLANK(F50:F54)+COUNTBLANK(F56:F59) | G70: =COUNTBLANK(G3:G4)+COUNTBLANK(G6:G10)+COUNTBLANK(G12:G13)+COUNTBLANK(G18:G20)+COUNTBLANK(G22:G23)+COUNTBLANK(G27:G28)+COUNTBLANK(G34:G35)+COUNTBLANK(G39:G44)+COUNTBLANK(G46:G47)+COUNTBLANK(G50:G54)+COUNTBLANK(G56:G59) | H70: =COUNTBLANK(H3:H4)+COUNTBLANK(H6:H10)+COUNTBLANK(H12:H13)+COUNTBLANK(H18:H20)+COUNTBLANK(H22:H23)+COUNTBLANK(H27:H28)+COUNTBLANK(H34:H35)+COUNTBLANK(H39:H44)+COUNTBLANK(H46:H47)+COUNTBLANK(H50:H54)+COUNTBLANK(H56:H59) | I70: =COUNTBLANK(I3:I4)+COUNTBLANK(I6:I10)+COUNTBLANK(I12:I13)+COUNTBLANK(I18:I20)+COUNTBLANK(I22:I23)+COUNTBLANK(I27:I28)+COUNTBLANK(I34:I35)+COUNTBLANK(I39:I44)+COUNTBLANK(I46:I47)+COUNTBLANK(I50:I54)+COUNTBLANK(I56:I59) | J70: =SUM(C70:I70) | K70: ∑

Sheet JUN
B1: GCG NORTH CARIBBEAN | C1: 1062 | D1: 1075 | E1: 1044 | F1: 1066 | G1: 1158 | H1: 1067 | I1: 1046
A2: =VALUE(TEXT(EDATE(DATE(LEFT(MAY!A2,4),RIGHT(MAY!A2,2),1),1),"yyyymm")) | B2: JUN | C2: GCG Antigua | D2: GCG Grand Cayman | E2: GCG Aviation Ground Jamaica | F2: GCG Jamaica | G2: GCG Aviation Ground Saint Lucia | H2: GCG Saint Lucia | I2: GCG Ground Saint Thomas | J2: TOTAL | K2: Total by Division | L2: =N(L11)<>0
A3: =+A2 | B3: Permanent (Regular) Headcount | J3: =IF(COUNT(C3:I3)=0,"",SUM(C3:I3)) | K3: ∑
B4: Temporary (Fix Term) Headcount | J4: =IF(COUNT(C4:I4)=0,"",SUM(C4:I4)) | K4: ∑
B5: Employee Headcount (Productivity) | C5: =IF(COUNT(C3:C4)=0,"",SUM(C3:C4)) | D5: =IF(COUNT(D3:D4)=0,"",SUM(D3:D4)) | E5: =IF(COUNT(E3:E4)=0,"",SUM(E3:E4)) | F5: =IF(COUNT(F3:F4)=0,"",SUM(F3:F4)) | G5: =IF(COUNT(G3:G4)=0,"",SUM(G3:G4)) | H5: =IF(COUNT(H3:H4)=0,"",SUM(H3:H4)) | I5: =IF(COUNT(I3:I4)=0,"",SUM(I3:I4)) | J5: =IF(COUNT(J3:J4)=0,"",SUM(J3:J4)) | K5: ϝ
B6: Headcount = 1.00 | J6: =IF(COUNT(C6:I6)=0,"",SUM(C6:I6)) | K6: ∑
B7: Headcount = 0.75 | J7: =IF(COUNT(C7:I7)=0,"",SUM(C7:I7)) | K7: ∑
B8: Headcount = 0.50 | J8: =IF(COUNT(C8:I8)=0,"",SUM(C8:I8)) | K8: ∑
B9: Headcount = 0.25 | J9: =IF(COUNT(C9:I9)=0,"",SUM(C9:I9)) | K9: ∑
B10: Standard Monthly Hours (FTE basis) | J10: =IFERROR(AVERAGE(C10:I10),"") | K10: Avg
B11: Employee FTE (Finance) | C11: =IF(COUNT(C6:C9)=0,"",N(C6)+N(C7)*0.75+N(C8)*0.5+N(C9)*0.25) | D11: =IF(COUNT(D6:D9)=0,"",N(D6)+N(D7)*0.75+N(D8)*0.5+N(D9)*0.25) | E11: =IF(COUNT(E6:E9)=0,"",N(E6)+N(E7)*0.75+N(E8)*0.5+N(E9)*0.25) | F11: =IF(COUNT(F6:F9)=0,"",N(F6)+N(F7)*0.75+N(F8)*0.5+N(F9)*0.25) | G11: =IF(COUNT(G6:G9)=0,"",N(G6)+N(G7)*0.75+N(G8)*0.5+N(G9)*0.25) | H11: =IF(COUNT(H6:H9)=0,"",N(H6)+N(H7)*0.75+N(H8)*0.5+N(H9)*0.25) | I11: =IF(COUNT(I6:I9)=0,"",N(I6)+N(I7)*0.75+N(I8)*0.5+N(I9)*0.25) | J11: =IF(COUNT(J6:J9)=0,"",N(J6)+N(J7)*0.75+N(J8)*0.5+N(J9)*0.25) | K11: FTE | L11: =IF(COUNT(J5:J9)=0,"",N(J6)+N(J7)+N(J8)+N(J9)-N(J5))
B12: Subcontracted Workforce HC | J12: =IF(COUNT(C12:I12)=0,"",SUM(C12:I12)) | K12: ∑
B13: Subcontracted Productive Hours | J13: =IF(COUNT(C13:I13)=0,"",SUM(C13:I13)) | K13: ∑
B14: Subcontracted FTE | C14: =IFERROR(C13/C10,"") | D14: =IFERROR(D13/D10,"") | E14: =IFERROR(E13/E10,"") | F14: =IFERROR(F13/F10,"") | G14: =IFERROR(G13/G10,"") | H14: =IFERROR(H13/H10,"") | I14: =IFERROR(I13/I10,"") | J14: =IF(COUNT(C14:I14)=0,"",SUM(C14:I14)) | K14: FTE
B15: Total Operational Workforce | C15: =IF(COUNT(C5,C12)=0,"",SUM(C5,C12)) | D15: =IF(COUNT(D5,D12)=0,"",SUM(D5,D12)) | E15: =IF(COUNT(E5,E12)=0,"",SUM(E5,E12)) | F15: =IF(COUNT(F5,F12)=0,"",SUM(F5,F12)) | G15: =IF(COUNT(G5,G12)=0,"",SUM(G5,G12)) | H15: =IF(COUNT(H5,H12)=0,"",SUM(H5,H12)) | I15: =IF(COUNT(I5,I12)=0,"",SUM(I5,I12)) | J15: =IF(COUNT(J5,J12)=0,"",SUM(J5,J12)) | K15: ϝ
B16: Total Operational FTE | C16: =IF(COUNT(C11,C14)=0,"",SUM(C11,C14)) | D16: =IF(COUNT(D11,D14)=0,"",SUM(D11,D14)) | E16: =IF(COUNT(E11,E14)=0,"",SUM(E11,E14)) | F16: =IF(COUNT(F11,F14)=0,"",SUM(F11,F14)) | G16: =IF(COUNT(G11,G14)=0,"",SUM(G11,G14)) | H16: =IF(COUNT(H11,H14)=0,"",SUM(H11,H14)) | I16: =IF(COUNT(I11,I14)=0,"",SUM(I11,I14)) | J16: =IF(COUNT(J11,J14)=0,"",SUM(J11,J14)) | K16: FTE
B17: Subcontracted Share of Workforce (%) | C17: =IFERROR(C12/C15,"") | D17: =IFERROR(D12/D15,"") | E17: =IFERROR(E12/E15,"") | F17: =IFERROR(F12/F15,"") | G17: =IFERROR(G12/G15,"") | H17: =IFERROR(H12/H15,"") | I17: =IFERROR(I12/I15,"") | J17: =IFERROR(J12/J15,"") | K17: ϝ
B18: FTE HR Team | J18: =IF(COUNT(C18:I18)=0,"",SUM(C18:I18)) | K18: ∑
B19: Permanent Hires | J19: =IF(COUNT(C19:I19)=0,"",SUM(C19:I19)) | K19: ∑
B20: Temporary Hires | J20: =IF(COUNT(C20:I20)=0,"",SUM(C20:I20)) | K20: ∑
B21: Total Hires | C21: =IF(COUNT(C19:C20)=0,"",SUM(C19:C20)) | D21: =IF(COUNT(D19:D20)=0,"",SUM(D19:D20)) | E21: =IF(COUNT(E19:E20)=0,"",SUM(E19:E20)) | F21: =IF(COUNT(F19:F20)=0,"",SUM(F19:F20)) | G21: =IF(COUNT(G19:G20)=0,"",SUM(G19:G20)) | H21: =IF(COUNT(H19:H20)=0,"",SUM(H19:H20)) | I21: =IF(COUNT(I19:I20)=0,"",SUM(I19:I20)) | J21: =IF(COUNT(J19:J20)=0,"",SUM(J19:J20)) | K21: ϝ
B22: Permanent Exits | J22: =IF(COUNT(C22:I22)=0,"",SUM(C22:I22)) | K22: ∑
B23: Temporary Exits | J23: =IF(COUNT(C23:I23)=0,"",SUM(C23:I23)) | K23: ∑
B24: Total Exits | C24: =IF(COUNT(C22:C23)=0,"",SUM(C22:C23)) | D24: =IF(COUNT(D22:D23)=0,"",SUM(D22:D23)) | E24: =IF(COUNT(E22:E23)=0,"",SUM(E22:E23)) | F24: =IF(COUNT(F22:F23)=0,"",SUM(F22:F23)) | G24: =IF(COUNT(G22:G23)=0,"",SUM(G22:G23)) | H24: =IF(COUNT(H22:H23)=0,"",SUM(H22:H23)) | I24: =IF(COUNT(I22:I23)=0,"",SUM(I22:I23)) | J24: =IF(COUNT(J22:J23)=0,"",SUM(J22:J23)) | K24: ϝ
B25: Permanent Turnover (%) | C25: =IF(COUNT(C31,C32)<2,"",IF((C32+C31)=0,"",N(C22)/((C32+C31)/2))) | D25: =IF(COUNT(D31,D32)<2,"",IF((D32+D31)=0,"",N(D22)/((D32+D31)/2))) | E25: =IF(COUNT(E31,E32)<2,"",IF((E32+E31)=0,"",N(E22)/((E32+E31)/2))) | F25: =IF(COUNT(F31,F32)<2,"",IF((F32+F31)=0,"",N(F22)/((F32+F31)/2))) | G25: =IF(COUNT(G31,G32)<2,"",IF((G32+G31)=0,"",N(G22)/((G32+G31)/2))) | H25: =IF(COUNT(H31,H32)<2,"",IF((H32+H31)=0,"",N(H22)/((H32+H31)/2))) | I25: =IF(COUNT(I31,I32)<2,"",IF((I32+I31)=0,"",N(I22)/((I32+I31)/2))) | J25: =IF(COUNT(J31,J32)<2,"",IF((J32+J31)=0,"",N(J22)/((J32+J31)/2))) | K25: ϝ
B26: Temporary Turnover (%) | C26: =IF(COUNT(C31,C32)<2,"",IF((C32+C31)=0,"",N(C23)/((C32+C31)/2))) | D26: =IF(COUNT(D31,D32)<2,"",IF((D32+D31)=0,"",N(D23)/((D32+D31)/2))) | E26: =IF(COUNT(E31,E32)<2,"",IF((E32+E31)=0,"",N(E23)/((E32+E31)/2))) | F26: =IF(COUNT(F31,F32)<2,"",IF((F32+F31)=0,"",N(F23)/((F32+F31)/2))) | G26: =IF(COUNT(G31,G32)<2,"",IF((G32+G31)=0,"",N(G23)/((G32+G31)/2))) | H26: =IF(COUNT(H31,H32)<2,"",IF((H32+H31)=0,"",N(H23)/((H32+H31)/2))) | I26: =IF(COUNT(I31,I32)<2,"",IF((I32+I31)=0,"",N(I23)/((I32+I31)/2))) | J26: =IF(COUNT(J31,J32)<2,"",IF((J32+J31)=0,"",N(J23)/((J32+J31)/2))) | K26: ϝ
B27: Voluntary Terminations | J27: =IF(COUNT(C27:I27)=0,"",SUM(C27:I27)) | K27: ∑
B28: Involuntary Terminations | J28: =IF(COUNT(C28:I28)=0,"",SUM(C28:I28)) | K28: ∑
B29: Voluntary Turnover (%) | C29: =IF(COUNT(C31,C32)<2,"",IF((C32+C31)=0,"",N(C27)/((C32+C31)/2))) | D29: =IF(COUNT(D31,D32)<2,"",IF((D32+D31)=0,"",N(D27)/((D32+D31)/2))) | E29: =IF(COUNT(E31,E32)<2,"",IF((E32+E31)=0,"",N(E27)/((E32+E31)/2))) | F29: =IF(COUNT(F31,F32)<2,"",IF((F32+F31)=0,"",N(F27)/((F32+F31)/2))) | G29: =IF(COUNT(G31,G32)<2,"",IF((G32+G31)=0,"",N(G27)/((G32+G31)/2))) | H29: =IF(COUNT(H31,H32)<2,"",IF((H32+H31)=0,"",N(H27)/((H32+H31)/2))) | I29: =IF(COUNT(I31,I32)<2,"",IF((I32+I31)=0,"",N(I27)/((I32+I31)/2))) | J29: =IF(COUNT(J31,J32)<2,"",IF((J32+J31)=0,"",N(J27)/((J32+J31)/2))) | K29: ϝ
B30: Involuntary Turnover (%) | C30: =IF(COUNT(C31,C32)<2,"",IF((C32+C31)=0,"",N(C28)/((C32+C31)/2))) | D30: =IF(COUNT(D31,D32)<2,"",IF((D32+D31)=0,"",N(D28)/((D32+D31)/2))) | E30: =IF(COUNT(E31,E32)<2,"",IF((E32+E31)=0,"",N(E28)/((E32+E31)/2))) | F30: =IF(COUNT(F31,F32)<2,"",IF((F32+F31)=0,"",N(F28)/((F32+F31)/2))) | G30: =IF(COUNT(G31,G32)<2,"",IF((G32+G31)=0,"",N(G28)/((G32+G31)/2))) | H30: =IF(COUNT(H31,H32)<2,"",IF((H32+H31)=0,"",N(H28)/((H32+H31)/2))) | I30: =IF(COUNT(I31,I32)<2,"",IF((I32+I31)=0,"",N(I28)/((I32+I31)/2))) | J30: =IF(COUNT(J31,J32)<2,"",IF((J32+J31)=0,"",N(J28)/((J32+J31)/2))) | K30: ϝ
B31: Headcount last Month | C31: =IF(MAY!C5="","",MAY!C5) | D31: =IF(MAY!D5="","",MAY!D5) | E31: =IF(MAY!E5="","",MAY!E5) | F31: =IF(MAY!F5="","",MAY!F5) | G31: =IF(MAY!G5="","",MAY!G5) | H31: =IF(MAY!H5="","",MAY!H5) | I31: =IF(MAY!I5="","",MAY!I5) | J31: =IF(COUNT(C31:I31)=0,"",SUM(C31:I31)) | K31: ∑
B32: Headcount this Month | C32: =IF(C5="","",C5) | D32: =IF(D5="","",D5) | E32: =IF(E5="","",E5) | F32: =IF(F5="","",F5) | G32: =IF(G5="","",G5) | H32: =IF(H5="","",H5) | I32: =IF(I5="","",I5) | J32: =IF(COUNT(C32:I32)=0,"",SUM(C32:I32)) | K32: ∑
B33: Full Turnover (%) | C33: =IF(COUNT(C31,C32)<2,"",IF((C32+C31)=0,"",N(C24)/((C32+C31)/2))) | D33: =IF(COUNT(D31,D32)<2,"",IF((D32+D31)=0,"",N(D24)/((D32+D31)/2))) | E33: =IF(COUNT(E31,E32)<2,"",IF((E32+E31)=0,"",N(E24)/((E32+E31)/2))) | F33: =IF(COUNT(F31,F32)<2,"",IF((F32+F31)=0,"",N(F24)/((F32+F31)/2))) | G33: =IF(COUNT(G31,G32)<2,"",IF((G32+G31)=0,"",N(G24)/((G32+G31)/2))) | H33: =IF(COUNT(H31,H32)<2,"",IF((H32+H31)=0,"",N(H24)/((H32+H31)/2))) | I33: =IF(COUNT(I31,I32)<2,"",IF((I32+I31)=0,"",N(I24)/((I32+I31)/2))) | J33: =IF(COUNT(J31,J32)<2,"",IF((J32+J31)=0,"",N(J24)/((J32+J31)/2))) | K33: ϝ
B34: Permanent Vacancies | J34: =IF(COUNT(C34:I34)=0,"",SUM(C34:I34)) | K34: ∑
B35: Temporary Vacancies | J35: =IF(COUNT(C35:I35)=0,"",SUM(C35:I35)) | K35: ∑
B36: Total Vacancies | C36: =IF(COUNT(C34:C35)=0,"",SUM(C34:C35)) | D36: =IF(COUNT(D34:D35)=0,"",SUM(D34:D35)) | E36: =IF(COUNT(E34:E35)=0,"",SUM(E34:E35)) | F36: =IF(COUNT(F34:F35)=0,"",SUM(F34:F35)) | G36: =IF(COUNT(G34:G35)=0,"",SUM(G34:G35)) | H36: =IF(COUNT(H34:H35)=0,"",SUM(H34:H35)) | I36: =IF(COUNT(I34:I35)=0,"",SUM(I34:I35)) | J36: =IF(COUNT(J34:J35)=0,"",SUM(J34:J35)) | K36: ϝ
B37: Authorized Positions | C37: =IF(COUNT(C5,C36)=0,"",N(C5)+N(C36)) | D37: =IF(COUNT(D5,D36)=0,"",N(D5)+N(D36)) | E37: =IF(COUNT(E5,E36)=0,"",N(E5)+N(E36)) | F37: =IF(COUNT(F5,F36)=0,"",N(F5)+N(F36)) | G37: =IF(COUNT(G5,G36)=0,"",N(G5)+N(G36)) | H37: =IF(COUNT(H5,H36)=0,"",N(H5)+N(H36)) | I37: =IF(COUNT(I5,I36)=0,"",N(I5)+N(I36)) | J37: =IF(COUNT(J5,J36)=0,"",N(J5)+N(J36)) | K37: ϝ
B38: Vacancy Rate (%) | C38: =IFERROR(C36/C37,"") | D38: =IFERROR(D36/D37,"") | E38: =IFERROR(E36/E37,"") | F38: =IFERROR(F36/F37,"") | G38: =IFERROR(G36/G37,"") | H38: =IFERROR(H36/H37,"") | I38: =IFERROR(I36/I37,"") | J38: =IFERROR(J36/J37,"") | K38: ϝ
B39: Permanent TimeToHire (Days) YTD | C39: =IF('(GCG_ATG)'!$AB$12="","",'(GCG_ATG)'!$AB$12) | D39: =IF('(GCG_GCM)'!$AB$12="","",'(GCG_GCM)'!$AB$12) | E39: =IF('(Ground_JAM)'!$AB$12="","",'(Ground_JAM)'!$AB$12) | F39: =IF('(GCG_JAM)'!$AB$12="","",'(GCG_JAM)'!$AB$12) | G39: =IF('(Ground_LCA)'!$AB$12="","",'(Ground_LCA)'!$AB$12) | H39: =IF('(GCG_LCA)'!$AB$12="","",'(GCG_LCA)'!$AB$12) | I39: =IF('(Ground_STT)'!$AB$12="","",'(Ground_STT)'!$AB$12) | J39: =IFERROR(AVERAGE(C39:I39),"") | K39: Avg
B40: Temporary TimeToHire (Days) YTD | C40: =IF('(GCG_ATG)'!$AD$12="","",'(GCG_ATG)'!$AD$12) | D40: =IF('(GCG_GCM)'!$AD$12="","",'(GCG_GCM)'!$AD$12) | E40: =IF('(Ground_JAM)'!$AD$12="","",'(Ground_JAM)'!$AD$12) | F40: =IF('(GCG_JAM)'!$AD$12="","",'(GCG_JAM)'!$AD$12) | G40: =IF('(Ground_LCA)'!$AD$12="","",'(Ground_LCA)'!$AD$12) | H40: =IF('(GCG_LCA)'!$AD$12="","",'(GCG_LCA)'!$AD$12) | I40: =IF('(Ground_STT)'!$AD$12="","",'(Ground_STT)'!$AD$12) | J40: =IFERROR(AVERAGE(C40:I40),"") | K40: Avg
B41: Check-ins Rate Completed (%) | J41: =IFERROR(AVERAGE(C41:I41),"") | K41: Avg
B42: EE Objectives Completed (#) | J42: =IF(COUNT(C42:I42)=0,"",SUM(C42:I42)) | K42: ∑
B43: Non-certified Absent (Days Lost) | J43: =IF(COUNT(C43:I43)=0,"",SUM(C43:I43)) | K43: ∑
B44: Certified sick leave (Days Lost) | J44: =IF(COUNT(C44:I44)=0,"",SUM(C44:I44)) | K44: ∑
B45: Total Absences | C45: =IF(COUNT(C43:C44)=0,"",SUM(C43:C44)) | D45: =IF(COUNT(D43:D44)=0,"",SUM(D43:D44)) | E45: =IF(COUNT(E43:E44)=0,"",SUM(E43:E44)) | F45: =IF(COUNT(F43:F44)=0,"",SUM(F43:F44)) | G45: =IF(COUNT(G43:G44)=0,"",SUM(G43:G44)) | H45: =IF(COUNT(H43:H44)=0,"",SUM(H43:H44)) | I45: =IF(COUNT(I43:I44)=0,"",SUM(I43:I44)) | J45: =IF(COUNT(J43:J44)=0,"",SUM(J43:J44)) | K45: ϝ
B46: Absent Rate Non-Certified (%) | C46: =IF('(GCG_ATG)'!$G$12="","",'(GCG_ATG)'!$G$12) | D46: =IF('(GCG_GCM)'!$G$12="","",'(GCG_GCM)'!$G$12) | E46: =IF('(Ground_JAM)'!$G$12="","",'(Ground_JAM)'!$G$12) | F46: =IF('(GCG_JAM)'!$G$12="","",'(GCG_JAM)'!$G$12) | G46: =IF('(Ground_LCA)'!$G$12="","",'(Ground_LCA)'!$G$12) | H46: =IF('(GCG_LCA)'!$G$12="","",'(GCG_LCA)'!$G$12) | I46: =IF('(Ground_STT)'!$G$12="","",'(Ground_STT)'!$G$12) | J46: {=IF(COUNT(C46:I46)=0,"",IFERROR(SUMPRODUCT(IFERROR(C46:I46*((C3:I3)+(C4:I4)),0))/SUMPRODUCT(IFERROR(ISNUMBER(C46:I46)*((C3:I3)+(C4:I4)),0)),""))} | K46: Weighted
B47: Absent Rate Certified (%) | C47: =IF('(GCG_ATG)'!$O$12="","",'(GCG_ATG)'!$O$12) | D47: =IF('(GCG_GCM)'!$O$12="","",'(GCG_GCM)'!$O$12) | E47: =IF('(Ground_JAM)'!$O$12="","",'(Ground_JAM)'!$O$12) | F47: =IF('(GCG_JAM)'!$O$12="","",'(GCG_JAM)'!$O$12) | G47: =IF('(Ground_LCA)'!$O$12="","",'(Ground_LCA)'!$O$12) | H47: =IF('(GCG_LCA)'!$O$12="","",'(GCG_LCA)'!$O$12) | I47: =IF('(Ground_STT)'!$O$12="","",'(Ground_STT)'!$O$12) | J47: {=IF(COUNT(C47:I47)=0,"",IFERROR(SUMPRODUCT(IFERROR(C47:I47*((C3:I3)+(C4:I4)),0))/SUMPRODUCT(IFERROR(ISNUMBER(C47:I47)*((C3:I3)+(C4:I4)),0)),""))} | K47: Weighted
B48: Absent Rate Total (%) | C48: =IF(COUNT(C46:C47)=0,"",SUM(C46:C47)) | D48: =IF(COUNT(D46:D47)=0,"",SUM(D46:D47)) | E48: =IF(COUNT(E46:E47)=0,"",SUM(E46:E47)) | F48: =IF(COUNT(F46:F47)=0,"",SUM(F46:F47)) | G48: =IF(COUNT(G46:G47)=0,"",SUM(G46:G47)) | H48: =IF(COUNT(H46:H47)=0,"",SUM(H46:H47)) | I48: =IF(COUNT(I46:I47)=0,"",SUM(I46:I47)) | J48: =IF(COUNT(J46:J47)=0,"",SUM(J46:J47)) | K48: Weighted
B49: Weight factor | C49: =IFERROR(C5/$J5,"") | D49: =IFERROR(D5/$J5,"") | E49: =IFERROR(E5/$J5,"") | F49: =IFERROR(F5/$J5,"") | G49: =IFERROR(G5/$J5,"") | H49: =IFERROR(H5/$J5,"") | I49: =IFERROR(I5/$J5,"") | J49: =IF(COUNT(C49:I49)=0,"",SUM(C49:I49)) | K49: Weight Factor
B50: Leadership (Hours) | J50: =IF(COUNT(C50:I50)=0,"",SUM(C50:I50)) | K50: ∑
B51: Technical (Hours) | J51: =IF(COUNT(C51:I51)=0,"",SUM(C51:I51)) | K51: ∑
B52: Professional Develop. (Hours) | J52: =IF(COUNT(C52:I52)=0,"",SUM(C52:I52)) | K52: ∑
B53: HSSE (Hours) | J53: =IF(COUNT(C53:I53)=0,"",SUM(C53:I53)) | K53: ∑
B54: Workday (Hours) | J54: =IF(COUNT(C54:I54)=0,"",SUM(C54:I54)) | K54: ∑
B55: Total Training Hours | C55: =IF(COUNT(C50:C54)=0,"",SUM(C50:C54)) | D55: =IF(COUNT(D50:D54)=0,"",SUM(D50:D54)) | E55: =IF(COUNT(E50:E54)=0,"",SUM(E50:E54)) | F55: =IF(COUNT(F50:F54)=0,"",SUM(F50:F54)) | G55: =IF(COUNT(G50:G54)=0,"",SUM(G50:G54)) | H55: =IF(COUNT(H50:H54)=0,"",SUM(H50:H54)) | I55: =IF(COUNT(I50:I54)=0,"",SUM(I50:I54)) | J55: =IF(COUNT(J50:J54)=0,"",SUM(J50:J54)) | K55: ϝ
B56: Total Trained (Staff) | J56: =IF(COUNT(C56:I56)=0,"",SUM(C56:I56)) | K56: ∑
B57: Training Programs (#) | J57: =IF(COUNT(C57:I57)=0,"",SUM(C57:I57)) | K57: ∑
B58: Training Cost (USD) | J58: =IF(COUNT(C58:I58)=0,"",SUM(C58:I58)) | K58: ∑
B59: Training Travel Cost (USD) | J59: =IF(COUNT(C59:I59)=0,"",SUM(C59:I59)) | K59: ∑
B60: Leadership Hours Trained (%) | C60: =IFERROR(C50/C$55,"") | D60: =IFERROR(D50/D$55,"") | E60: =IFERROR(E50/E$55,"") | F60: =IFERROR(F50/F$55,"") | G60: =IFERROR(G50/G$55,"") | H60: =IFERROR(H50/H$55,"") | I60: =IFERROR(I50/I$55,"") | J60: =IFERROR(J50/J$55,"") | K60: ϝ
