Workbook

Sheet Quarter
B1: GCG HDQ
A2: FY2027 | B2: Quarter | C2: OCT | D2: NOV | E2: DEC | F2: ∑Q1 | G2: JAN | H2: FEB | I2: MAR | J2: ∑Q2 | K2: APR | L2: MAY | M2: JUN | N2: ∑Q3 | O2: JUL | P2: AUG | Q2: SEP | R2: ∑Q4 | S2: FY2027
B3: Permanent (Regular) Headcount | C3: =OCT!D3 | D3: =NOV!D3 | E3: =DEC!D3 | F3: =IFERROR(AVERAGE(C3:E3),"") | G3: =JAN!D3 | H3: =FEB!D3 | I3: =MAR!D3 | J3: =IFERROR(AVERAGE(G3:I3),"") | K3: =APR!D3 | L3: =MAY!D3 | M3: =JUN!D3 | N3: =IFERROR(AVERAGE(K3:M3),"") | O3: =JUL!D3 | P3: =AUG!D3 | Q3: =SEP!D3 | R3: =IFERROR(AVERAGE(O3:Q3),"") | S3: =IFERROR(AVERAGE(C3:E3,G3:I3,K3:M3,O3:Q3),"")
B4: Temporary (Fix Term) Headcount | C4: =OCT!D4 | D4: =NOV!D4 | E4: =DEC!D4 | F4: =IFERROR(AVERAGE(C4:E4),"") | G4: =JAN!D4 | H4: =FEB!D4 | I4: =MAR!D4 | J4: =IFERROR(AVERAGE(G4:I4),"") | K4: =APR!D4 | L4: =MAY!D4 | M4: =JUN!D4 | N4: =IFERROR(AVERAGE(K4:M4),"") | O4: =JUL!D4 | P4: =AUG!D4 | Q4: =SEP!D4 | R4: =IFERROR(AVERAGE(O4:Q4),"") | S4: =IFERROR(AVERAGE(C4:E4,G4:I4,K4:M4,O4:Q4),"")
B5: Employee Headcount (Productivity) | C5: =OCT!D5 | D5: =NOV!D5 | E5: =DEC!D5 | F5: =IF(COUNT(F3:F4)=0,"",SUM(F3:F4)) | G5: =JAN!D5 | H5: =FEB!D5 | I5: =MAR!D5 | J5: =IF(COUNT(J3:J4)=0,"",SUM(J3:J4)) | K5: =APR!D5 | L5: =MAY!D5 | M5: =JUN!D5 | N5: =IF(COUNT(N3:N4)=0,"",SUM(N3:N4)) | O5: =JUL!D5 | P5: =AUG!D5 | Q5: =SEP!D5 | R5: =IF(COUNT(R3:R4)=0,"",SUM(R3:R4)) | S5: =IF(COUNT(S3:S4)=0,"",SUM(S3:S4))
B6: Headcount = 1.00 | C6: =OCT!D6 | D6: =NOV!D6 | E6: =DEC!D6 | F6: =IFERROR(AVERAGE(C6:E6),"") | G6: =JAN!D6 | H6: =FEB!D6 | I6: =MAR!D6 | J6: =IFERROR(AVERAGE(G6:I6),"") | K6: =APR!D6 | L6: =MAY!D6 | M6: =JUN!D6 | N6: =IFERROR(AVERAGE(K6:M6),"") | O6: =JUL!D6 | P6: =AUG!D6 | Q6: =SEP!D6 | R6: =IFERROR(AVERAGE(O6:Q6),"") | S6: =IFERROR(AVERAGE(C6:E6,G6:I6,K6:M6,O6:Q6),"")
B7: Headcount = 0.75 | C7: =OCT!D7 | D7: =NOV!D7 | E7: =DEC!D7 | F7: =IFERROR(AVERAGE(C7:E7),"") | G7: =JAN!D7 | H7: =FEB!D7 | I7: =MAR!D7 | J7: =IFERROR(AVERAGE(G7:I7),"") | K7: =APR!D7 | L7: =MAY!D7 | M7: =JUN!D7 | N7: =IFERROR(AVERAGE(K7:M7),"") | O7: =JUL!D7 | P7: =AUG!D7 | Q7: =SEP!D7 | R7: =IFERROR(AVERAGE(O7:Q7),"") | S7: =IFERROR(AVERAGE(C7:E7,G7:I7,K7:M7,O7:Q7),"")
B8: Headcount = 0.50 | C8: =OCT!D8 | D8: =NOV!D8 | E8: =DEC!D8 | F8: =IFERROR(AVERAGE(C8:E8),"") | G8: =JAN!D8 | H8: =FEB!D8 | I8: =MAR!D8 | J8: =IFERROR(AVERAGE(G8:I8),"") | K8: =APR!D8 | L8: =MAY!D8 | M8: =JUN!D8 | N8: =IFERROR(AVERAGE(K8:M8),"") | O8: =JUL!D8 | P8: =AUG!D8 | Q8: =SEP!D8 | R8: =IFERROR(AVERAGE(O8:Q8),"") | S8: =IFERROR(AVERAGE(C8:E8,G8:I8,K8:M8,O8:Q8),"")
B9: Headcount = 0.25 | C9: =OCT!D9 | D9: =NOV!D9 | E9: =DEC!D9 | F9: =IFERROR(AVERAGE(C9:E9),"") | G9: =JAN!D9 | H9: =FEB!D9 | I9: =MAR!D9 | J9: =IFERROR(AVERAGE(G9:I9),"") | K9: =APR!D9 | L9: =MAY!D9 | M9: =JUN!D9 | N9: =IFERROR(AVERAGE(K9:M9),"") | O9: =JUL!D9 | P9: =AUG!D9 | Q9: =SEP!D9 | R9: =IFERROR(AVERAGE(O9:Q9),"") | S9: =IFERROR(AVERAGE(C9:E9,G9:I9,K9:M9,O9:Q9),"")
B10: Standard Monthly Hours (FTE basis) | C10: =OCT!D10 | D10: =NOV!D10 | E10: =DEC!D10 | F10: =IFERROR(AVERAGE(C10:E10),"") | G10: =JAN!D10 | H10: =FEB!D10 | I10: =MAR!D10 | J10: =IFERROR(AVERAGE(G10:I10),"") | K10: =APR!D10 | L10: =MAY!D10 | M10: =JUN!D10 | N10: =IFERROR(AVERAGE(K10:M10),"") | O10: =JUL!D10 | P10: =AUG!D10 | Q10: =SEP!D10 | R10: =IFERROR(AVERAGE(O10:Q10),"") | S10: =IFERROR(AVERAGE(C10:E10,G10:I10,K10:M10,O10:Q10),"")
B11: Employee FTE (Finance) | C11: =OCT!D11 | D11: =NOV!D11 | E11: =DEC!D11 | F11: =IF(COUNT(F6:F9)=0,"",N(F6)+N(F7)*0.75+N(F8)*0.5+N(F9)*0.25) | G11: =JAN!D11 | H11: =FEB!D11 | I11: =MAR!D11 | J11: =IF(COUNT(J6:J9)=0,"",N(J6)+N(J7)*0.75+N(J8)*0.5+N(J9)*0.25) | K11: =APR!D11 | L11: =MAY!D11 | M11: =JUN!D11 | N11: =IF(COUNT(N6:N9)=0,"",N(N6)+N(N7)*0.75+N(N8)*0.5+N(N9)*0.25) | O11: =JUL!D11 | P11: =AUG!D11 | Q11: =SEP!D11 | R11: =IF(COUNT(R6:R9)=0,"",N(R6)+N(R7)*0.75+N(R8)*0.5+N(R9)*0.25) | S11: =IF(COUNT(S6:S9)=0,"",N(S6)+N(S7)*0.75+N(S8)*0.5+N(S9)*0.25)
B12: Subcontracted Workforce HC | C12: =OCT!D12 | D12: =NOV!D12 | E12: =DEC!D12 | F12: =IFERROR(AVERAGE(C12:E12),"") | G12: =JAN!D12 | H12: =FEB!D12 | I12: =MAR!D12 | J12: =IFERROR(AVERAGE(G12:I12),"") | K12: =APR!D12 | L12: =MAY!D12 | M12: =JUN!D12 | N12: =IFERROR(AVERAGE(K12:M12),"") | O12: =JUL!D12 | P12: =AUG!D12 | Q12: =SEP!D12 | R12: =IFERROR(AVERAGE(O12:Q12),"") | S12: =IFERROR(AVERAGE(C12:E12,G12:I12,K12:M12,O12:Q12),"")
B13: Subcontracted Productive Hours | C13: =OCT!D13 | D13: =NOV!D13 | E13: =DEC!D13 | F13: =IFERROR(AVERAGE(C13:E13),"") | G13: =JAN!D13 | H13: =FEB!D13 | I13: =MAR!D13 | J13: =IFERROR(AVERAGE(G13:I13),"") | K13: =APR!D13 | L13: =MAY!D13 | M13: =JUN!D13 | N13: =IFERROR(AVERAGE(K13:M13),"") | O13: =JUL!D13 | P13: =AUG!D13 | Q13: =SEP!D13 | R13: =IFERROR(AVERAGE(O13:Q13),"") | S13: =IFERROR(AVERAGE(C13:E13,G13:I13,K13:M13,O13:Q13),"")
B14: Subcontracted FTE | C14: =OCT!D14 | D14: =NOV!D14 | E14: =DEC!D14 | F14: =IFERROR(F13/F10,"") | G14: =JAN!D14 | H14: =FEB!D14 | I14: =MAR!D14 | J14: =IFERROR(J13/J10,"") | K14: =APR!D14 | L14: =MAY!D14 | M14: =JUN!D14 | N14: =IFERROR(N13/N10,"") | O14: =JUL!D14 | P14: =AUG!D14 | Q14: =SEP!D14 | R14: =IFERROR(R13/R10,"") | S14: =IFERROR(S13/S10,"")
B15: Total Operational Workforce | C15: =OCT!D15 | D15: =NOV!D15 | E15: =DEC!D15 | F15: =IF(COUNT(F5,F12)=0,"",SUM(F5,F12)) | G15: =JAN!D15 | H15: =FEB!D15 | I15: =MAR!D15 | J15: =IF(COUNT(J5,J12)=0,"",SUM(J5,J12)) | K15: =APR!D15 | L15: =MAY!D15 | M15: =JUN!D15 | N15: =IF(COUNT(N5,N12)=0,"",SUM(N5,N12)) | O15: =JUL!D15 | P15: =AUG!D15 | Q15: =SEP!D15 | R15: =IF(COUNT(R5,R12)=0,"",SUM(R5,R12)) | S15: =IF(COUNT(S5,S12)=0,"",SUM(S5,S12))
B16: Total Operational FTE | C16: =OCT!D16 | D16: =NOV!D16 | E16: =DEC!D16 | F16: =IF(COUNT(F11,F14)=0,"",SUM(F11,F14)) | G16: =JAN!D16 | H16: =FEB!D16 | I16: =MAR!D16 | J16: =IF(COUNT(J11,J14)=0,"",SUM(J11,J14)) | K16: =APR!D16 | L16: =MAY!D16 | M16: =JUN!D16 | N16: =IF(COUNT(N11,N14)=0,"",SUM(N11,N14)) | O16: =JUL!D16 | P16: =AUG!D16 | Q16: =SEP!D16 | R16: =IF(COUNT(R11,R14)=0,"",SUM(R11,R14)) | S16: =IF(COUNT(S11,S14)=0,"",SUM(S11,S14))
B17: Subcontracted Share of Workforce (%) | C17: =OCT!D17 | D17: =NOV!D17 | E17: =DEC!D17 | F17: =IFERROR(F12/F15,"") | G17: =JAN!D17 | H17: =FEB!D17 | I17: =MAR!D17 | J17: =IFERROR(J12/J15,"") | K17: =APR!D17 | L17: =MAY!D17 | M17: =JUN!D17 | N17: =IFERROR(N12/N15,"") | O17: =JUL!D17 | P17: =AUG!D17 | Q17: =SEP!D17 | R17: =IFERROR(R12/R15,"") | S17: =IFERROR(S12/S15,"")
B18: FTE HR Team | C18: =OCT!D18 | D18: =NOV!D18 | E18: =DEC!D18 | F18: =IFERROR(AVERAGE(C18:E18),"") | G18: =JAN!D18 | H18: =FEB!D18 | I18: =MAR!D18 | J18: =IFERROR(AVERAGE(G18:I18),"") | K18: =APR!D18 | L18: =MAY!D18 | M18: =JUN!D18 | N18: =IFERROR(AVERAGE(K18:M18),"") | O18: =JUL!D18 | P18: =AUG!D18 | Q18: =SEP!D18 | R18: =IFERROR(AVERAGE(O18:Q18),"") | S18: =IFERROR(AVERAGE(C18:E18,G18:I18,K18:M18,O18:Q18),"")
B19: Permanent Hires | C19: =OCT!D19 | D19: =NOV!D19 | E19: =DEC!D19 | F19: =IF(COUNT(C19:E19)=0,"",SUM(C19:E19)) | G19: =JAN!D19 | H19: =FEB!D19 | I19: =MAR!D19 | J19: =IF(COUNT(G19:I19)=0,"",SUM(G19:I19)) | K19: =APR!D19 | L19: =MAY!D19 | M19: =JUN!D19 | N19: =IF(COUNT(K19:M19)=0,"",SUM(K19:M19)) | O19: =JUL!D19 | P19: =AUG!D19 | Q19: =SEP!D19 | R19: =IF(COUNT(O19:Q19)=0,"",SUM(O19:Q19)) | S19: =IF(COUNT(C19:E19,G19:I19,K19:M19,O19:Q19)=0,"",SUM(C19:E19,G19:I19,K19:M19,O19:Q19))
B20: Temporary Hires | C20: =OCT!D20 | D20: =NOV!D20 | E20: =DEC!D20 | F20: =IF(COUNT(C20:E20)=0,"",SUM(C20:E20)) | G20: =JAN!D20 | H20: =FEB!D20 | I20: =MAR!D20 | J20: =IF(COUNT(G20:I20)=0,"",SUM(G20:I20)) | K20: =APR!D20 | L20: =MAY!D20 | M20: =JUN!D20 | N20: =IF(COUNT(K20:M20)=0,"",SUM(K20:M20)) | O20: =JUL!D20 | P20: =AUG!D20 | Q20: =SEP!D20 | R20: =IF(COUNT(O20:Q20)=0,"",SUM(O20:Q20)) | S20: =IF(COUNT(C20:E20,G20:I20,K20:M20,O20:Q20)=0,"",SUM(C20:E20,G20:I20,K20:M20,O20:Q20))
B21: Total Hires | C21: =OCT!D21 | D21: =NOV!D21 | E21: =DEC!D21 | F21: =IF(COUNT(F19:F20)=0,"",SUM(F19:F20)) | G21: =JAN!D21 | H21: =FEB!D21 | I21: =MAR!D21 | J21: =IF(COUNT(J19:J20)=0,"",SUM(J19:J20)) | K21: =APR!D21 | L21: =MAY!D21 | M21: =JUN!D21 | N21: =IF(COUNT(N19:N20)=0,"",SUM(N19:N20)) | O21: =JUL!D21 | P21: =AUG!D21 | Q21: =SEP!D21 | R21: =IF(COUNT(R19:R20)=0,"",SUM(R19:R20)) | S21: =IF(COUNT(S19:S20)=0,"",SUM(S19:S20))
B22: Permanent Exits | C22: =OCT!D22 | D22: =NOV!D22 | E22: =DEC!D22 | F22: =IF(COUNT(C22:E22)=0,"",SUM(C22:E22)) | G22: =JAN!D22 | H22: =FEB!D22 | I22: =MAR!D22 | J22: =IF(COUNT(G22:I22)=0,"",SUM(G22:I22)) | K22: =APR!D22 | L22: =MAY!D22 | M22: =JUN!D22 | N22: =IF(COUNT(K22:M22)=0,"",SUM(K22:M22)) | O22: =JUL!D22 | P22: =AUG!D22 | Q22: =SEP!D22 | R22: =IF(COUNT(O22:Q22)=0,"",SUM(O22:Q22)) | S22: =IF(COUNT(C22:E22,G22:I22,K22:M22,O22:Q22)=0,"",SUM(C22:E22,G22:I22,K22:M22,O22:Q22))
B23: Temporary Exits | C23: =OCT!D23 | D23: =NOV!D23 | E23: =DEC!D23 | F23: =IF(COUNT(C23:E23)=0,"",SUM(C23:E23)) | G23: =JAN!D23 | H23: =FEB!D23 | I23: =MAR!D23 | J23: =IF(COUNT(G23:I23)=0,"",SUM(G23:I23)) | K23: =APR!D23 | L23: =MAY!D23 | M23: =JUN!D23 | N23: =IF(COUNT(K23:M23)=0,"",SUM(K23:M23)) | O23: =JUL!D23 | P23: =AUG!D23 | Q23: =SEP!D23 | R23: =IF(COUNT(O23:Q23)=0,"",SUM(O23:Q23)) | S23: =IF(COUNT(C23:E23,G23:I23,K23:M23,O23:Q23)=0,"",SUM(C23:E23,G23:I23,K23:M23,O23:Q23))
B24: Total Exits | C24: =OCT!D24 | D24: =NOV!D24 | E24: =DEC!D24 | F24: =IF(COUNT(F22:F23)=0,"",SUM(F22:F23)) | G24: =JAN!D24 | H24: =FEB!D24 | I24: =MAR!D24 | J24: =IF(COUNT(J22:J23)=0,"",SUM(J22:J23)) | K24: =APR!D24 | L24: =MAY!D24 | M24: =JUN!D24 | N24: =IF(COUNT(N22:N23)=0,"",SUM(N22:N23)) | O24: =JUL!D24 | P24: =AUG!D24 | Q24: =SEP!D24 | R24: =IF(COUNT(R22:R23)=0,"",SUM(R22:R23)) | S24: =IF(COUNT(S22:S23)=0,"",SUM(S22:S23))
B25: Permanent Turnover (%) | C25: =OCT!D25 | D25: =NOV!D25 | E25: =DEC!D25 | F25: =IF(COUNT(F31,F32)<2,"",IF((F32+F31)=0,"",N(F22)/((F32+F31)/2))) | G25: =JAN!D25 | H25: =FEB!D25 | I25: =MAR!D25 | J25: =IF(COUNT(J31,J32)<2,"",IF((J32+J31)=0,"",N(J22)/((J32+J31)/2))) | K25: =APR!D25 | L25: =MAY!D25 | M25: =JUN!D25 | N25: =IF(COUNT(N31,N32)<2,"",IF((N32+N31)=0,"",N(N22)/((N32+N31)/2))) | O25: =JUL!D25 | P25: =AUG!D25 | Q25: =SEP!D25 | R25: =IF(COUNT(R31,R32)<2,"",IF((R32+R31)=0,"",N(R22)/((R32+R31)/2))) | S25: =IF(COUNT(S31,S32)<2,"",IF((S32+S31)=0,"",N(S22)/((S32+S31)/2)))
B26: Temporary Turnover (%) | C26: =OCT!D26 | D26: =NOV!D26 | E26: =DEC!D26 | F26: =IF(COUNT(F31,F32)<2,"",IF((F32+F31)=0,"",N(F23)/((F32+F31)/2))) | G26: =JAN!D26 | H26: =FEB!D26 | I26: =MAR!D26 | J26: =IF(COUNT(J31,J32)<2,"",IF((J32+J31)=0,"",N(J23)/((J32+J31)/2))) | K26: =APR!D26 | L26: =MAY!D26 | M26: =JUN!D26 | N26: =IF(COUNT(N31,N32)<2,"",IF((N32+N31)=0,"",N(N23)/((N32+N31)/2))) | O26: =JUL!D26 | P26: =AUG!D26 | Q26: =SEP!D26 | R26: =IF(COUNT(R31,R32)<2,"",IF((R32+R31)=0,"",N(R23)/((R32+R31)/2))) | S26: =IF(COUNT(S31,S32)<2,"",IF((S32+S31)=0,"",N(S23)/((S32+S31)/2)))
B27: Voluntary Terminations | C27: =OCT!D27 | D27: =NOV!D27 | E27: =DEC!D27 | F27: =IF(COUNT(C27:E27)=0,"",SUM(C27:E27)) | G27: =JAN!D27 | H27: =FEB!D27 | I27: =MAR!D27 | J27: =IF(COUNT(G27:I27)=0,"",SUM(G27:I27)) | K27: =APR!D27 | L27: =MAY!D27 | M27: =JUN!D27 | N27: =IF(COUNT(K27:M27)=0,"",SUM(K27:M27)) | O27: =JUL!D27 | P27: =AUG!D27 | Q27: =SEP!D27 | R27: =IF(COUNT(O27:Q27)=0,"",SUM(O27:Q27)) | S27: =IF(COUNT(C27:E27,G27:I27,K27:M27,O27:Q27)=0,"",SUM(C27:E27,G27:I27,K27:M27,O27:Q27))
B28: Involuntary Terminations | C28: =OCT!D28 | D28: =NOV!D28 | E28: =DEC!D28 | F28: =IF(COUNT(C28:E28)=0,"",SUM(C28:E28)) | G28: =JAN!D28 | H28: =FEB!D28 | I28: =MAR!D28 | J28: =IF(COUNT(G28:I28)=0,"",SUM(G28:I28)) | K28: =APR!D28 | L28: =MAY!D28 | M28: =JUN!D28 | N28: =IF(COUNT(K28:M28)=0,"",SUM(K28:M28)) | O28: =JUL!D28 | P28: =AUG!D28 | Q28: =SEP!D28 | R28: =IF(COUNT(O28:Q28)=0,"",SUM(O28:Q28)) | S28: =IF(COUNT(C28:E28,G28:I28,K28:M28,O28:Q28)=0,"",SUM(C28:E28,G28:I28,K28:M28,O28:Q28))
B29: Voluntary Turnover (%) | C29: =OCT!D29 | D29: =NOV!D29 | E29: =DEC!D29 | F29: =IF(COUNT(F31,F32)<2,"",IF((F32+F31)=0,"",N(F27)/((F32+F31)/2))) | G29: =JAN!D29 | H29: =FEB!D29 | I29: =MAR!D29 | J29: =IF(COUNT(J31,J32)<2,"",IF((J32+J31)=0,"",N(J27)/((J32+J31)/2))) | K29: =APR!D29 | L29: =MAY!D29 | M29: =JUN!D29 | N29: =IF(COUNT(N31,N32)<2,"",IF((N32+N31)=0,"",N(N27)/((N32+N31)/2))) | O29: =JUL!D29 | P29: =AUG!D29 | Q29: =SEP!D29 | R29: =IF(COUNT(R31,R32)<2,"",IF((R32+R31)=0,"",N(R27)/((R32+R31)/2))) | S29: =IF(COUNT(S31,S32)<2,"",IF((S32+S31)=0,"",N(S27)/((S32+S31)/2)))
B30: Involuntary Turnover (%) | C30: =OCT!D30 | D30: =NOV!D30 | E30: =DEC!D30 | F30: =IF(COUNT(F31,F32)<2,"",IF((F32+F31)=0,"",N(F28)/((F32+F31)/2))) | G30: =JAN!D30 | H30: =FEB!D30 | I30: =MAR!D30 | J30: =IF(COUNT(J31,J32)<2,"",IF((J32+J31)=0,"",N(J28)/((J32+J31)/2))) | K30: =APR!D30 | L30: =MAY!D30 | M30: =JUN!D30 | N30: =IF(COUNT(N31,N32)<2,"",IF((N32+N31)=0,"",N(N28)/((N32+N31)/2))) | O30: =JUL!D30 | P30: =AUG!D30 | Q30: =SEP!D30 | R30: =IF(COUNT(R31,R32)<2,"",IF((R32+R31)=0,"",N(R28)/((R32+R31)/2))) | S30: =IF(COUNT(S31,S32)<2,"",IF((S32+S31)=0,"",N(S28)/((S32+S31)/2)))
B31: Headcount last Month | C31: =OCT!D31 | D31: =NOV!D31 | E31: =DEC!D31 | F31: =IFERROR(AVERAGE(C31:E31),"") | G31: =JAN!D31 | H31: =FEB!D31 | I31: =MAR!D31 | J31: =IFERROR(AVERAGE(G31:I31),"") | K31: =APR!D31 | L31: =MAY!D31 | M31: =JUN!D31 | N31: =IFERROR(AVERAGE(K31:M31),"") | O31: =JUL!D31 | P31: =AUG!D31 | Q31: =SEP!D31 | R31: =IFERROR(AVERAGE(O31:Q31),"") | S31: =IFERROR(AVERAGE(C31:E31,G31:I31,K31:M31,O31:Q31),"")
B32: Headcount this Month | C32: =OCT!D32 | D32: =NOV!D32 | E32: =DEC!D32 | F32: =IFERROR(AVERAGE(C32:E32),"") | G32: =JAN!D32 | H32: =FEB!D32 | I32: =MAR!D32 | J32: =IFERROR(AVERAGE(G32:I32),"") | K32: =APR!D32 | L32: =MAY!D32 | M32: =JUN!D32 | N32: =IFERROR(AVERAGE(K32:M32),"") | O32: =JUL!D32 | P32: =AUG!D32 | Q32: =SEP!D32 | R32: =IFERROR(AVERAGE(O32:Q32),"") | S32: =IFERROR(AVERAGE(C32:E32,G32:I32,K32:M32,O32:Q32),"")
B33: Full Turnover (%) | C33: =OCT!D33 | D33: =NOV!D33 | E33: =DEC!D33 | F33: =IF(COUNT(F31,F32)<2,"",IF((F32+F31)=0,"",N(F24)/((F32+F31)/2))) | G33: =JAN!D33 | H33: =FEB!D33 | I33: =MAR!D33 | J33: =IF(COUNT(J31,J32)<2,"",IF((J32+J31)=0,"",N(J24)/((J32+J31)/2))) | K33: =APR!D33 | L33: =MAY!D33 | M33: =JUN!D33 | N33: =IF(COUNT(N31,N32)<2,"",IF((N32+N31)=0,"",N(N24)/((N32+N31)/2))) | O33: =JUL!D33 | P33: =AUG!D33 | Q33: =SEP!D33 | R33: =IF(COUNT(R31,R32)<2,"",IF((R32+R31)=0,"",N(R24)/((R32+R31)/2))) | S33: =IF(COUNT(S31,S32)<2,"",IF((S32+S31)=0,"",N(S24)/((S32+S31)/2)))
B34: Permanent Vacancies | C34: =OCT!D34 | D34: =NOV!D34 | E34: =DEC!D34 | F34: =IFERROR(AVERAGE(C34:E34),"") | G34: =JAN!D34 | H34: =FEB!D34 | I34: =MAR!D34 | J34: =IFERROR(AVERAGE(G34:I34),"") | K34: =APR!D34 | L34: =MAY!D34 | M34: =JUN!D34 | N34: =IFERROR(AVERAGE(K34:M34),"") | O34: =JUL!D34 | P34: =AUG!D34 | Q34: =SEP!D34 | R34: =IFERROR(AVERAGE(O34:Q34),"") | S34: =IFERROR(AVERAGE(C34:E34,G34:I34,K34:M34,O34:Q34),"")
B35: Temporary Vacancies | C35: =OCT!D35 | D35: =NOV!D35 | E35: =DEC!D35 | F35: =IFERROR(AVERAGE(C35:E35),"") | G35: =JAN!D35 | H35: =FEB!D35 | I35: =MAR!D35 | J35: =IFERROR(AVERAGE(G35:I35),"") | K35: =APR!D35 | L35: =MAY!D35 | M35: =JUN!D35 | N35: =IFERROR(AVERAGE(K35:M35),"") | O35: =JUL!D35 | P35: =AUG!D35 | Q35: =SEP!D35 | R35: =IFERROR(AVERAGE(O35:Q35),"") | S35: =IFERROR(AVERAGE(C35:E35,G35:I35,K35:M35,O35:Q35),"")
B36: Total Vacancies | C36: =OCT!D36 | D36: =NOV!D36 | E36: =DEC!D36 | F36: =IF(COUNT(F34:F35)=0,"",SUM(F34:F35)) | G36: =JAN!D36 | H36: =FEB!D36 | I36: =MAR!D36 | J36: =IF(COUNT(J34:J35)=0,"",SUM(J34:J35)) | K36: =APR!D36 | L36: =MAY!D36 | M36: =JUN!D36 | N36: =IF(COUNT(N34:N35)=0,"",SUM(N34:N35)) | O36: =JUL!D36 | P36: =AUG!D36 | Q36: =SEP!D36 | R36: =IF(COUNT(R34:R35)=0,"",SUM(R34:R35)) | S36: =IF(COUNT(S34:S35)=0,"",SUM(S34:S35))
B37: Authorized Positions | C37: =OCT!D37 | D37: =NOV!D37 | E37: =DEC!D37 | F37: =IF(COUNT(F5,F36)=0,"",N(F5)+N(F36)) | G37: =JAN!D37 | H37: =FEB!D37 | I37: =MAR!D37 | J37: =IF(COUNT(J5,J36)=0,"",N(J5)+N(J36)) | K37: =APR!D37 | L37: =MAY!D37 | M37: =JUN!D37 | N37: =IF(COUNT(N5,N36)=0,"",N(N5)+N(N36)) | O37: =JUL!D37 | P37: =AUG!D37 | Q37: =SEP!D37 | R37: =IF(COUNT(R5,R36)=0,"",N(R5)+N(R36)) | S37: =IF(COUNT(S5,S36)=0,"",N(S5)+N(S36))
B38: Vacancy Rate (%) | C38: =OCT!D38 | D38: =NOV!D38 | E38: =DEC!D38 | F38: =IFERROR(F36/F37,"") | G38: =JAN!D38 | H38: =FEB!D38 | I38: =MAR!D38 | J38: =IFERROR(J36/J37,"") | K38: =APR!D38 | L38: =MAY!D38 | M38: =JUN!D38 | N38: =IFERROR(N36/N37,"") | O38: =JUL!D38 | P38: =AUG!D38 | Q38: =SEP!D38 | R38: =IFERROR(R36/R37,"") | S38: =IFERROR(S36/S37,"")
B39: Permanent TimeToHire (Days) YTD | C39: =OCT!D39 | D39: =NOV!D39 | E39: =DEC!D39 | F39: =IFERROR(LOOKUP(2,1/ISNUMBER(C39:E39),C39:E39),"") | G39: =JAN!D39 | H39: =FEB!D39 | I39: =MAR!D39 | J39: =IFERROR(LOOKUP(2,1/ISNUMBER(G39:I39),G39:I39),"") | K39: =APR!D39 | L39: =MAY!D39 | M39: =JUN!D39 | N39: =IFERROR(LOOKUP(2,1/ISNUMBER(K39:M39),K39:M39),"") | O39: =JUL!D39 | P39: =AUG!D39 | Q39: =SEP!D39 | R39: =IFERROR(LOOKUP(2,1/ISNUMBER(O39:Q39),O39:Q39),"") | S39: =IFERROR(LOOKUP(2,1/ISNUMBER(C39:Q39),C39:Q39),"")
B40: Temporary TimeToHire (Days) YTD | C40: =OCT!D40 | D40: =NOV!D40 | E40: =DEC!D40 | F40: =IFERROR(LOOKUP(2,1/ISNUMBER(C40:E40),C40:E40),"") | G40: =JAN!D40 | H40: =FEB!D40 | I40: =MAR!D40 | J40: =IFERROR(LOOKUP(2,1/ISNUMBER(G40:I40),G40:I40),"") | K40: =APR!D40 | L40: =MAY!D40 | M40: =JUN!D40 | N40: =IFERROR(LOOKUP(2,1/ISNUMBER(K40:M40),K40:M40),"") | O40: =JUL!D40 | P40: =AUG!D40 | Q40: =SEP!D40 | R40: =IFERROR(LOOKUP(2,1/ISNUMBER(O40:Q40),O40:Q40),"") | S40: =IFERROR(LOOKUP(2,1/ISNUMBER(C40:Q40),C40:Q40),"")
B41: Check-ins Rate Completed (%) | C41: =OCT!D41 | D41: =NOV!D41 | E41: =DEC!D41 | F41: =IFERROR(AVERAGE(C41:E41),"") | G41: =JAN!D41 | H41: =FEB!D41 | I41: =MAR!D41 | J41: =IFERROR(AVERAGE(G41:I41),"") | K41: =APR!D41 | L41: =MAY!D41 | M41: =JUN!D41 | N41: =IFERROR(AVERAGE(K41:M41),"") | O41: =JUL!D41 | P41: =AUG!D41 | Q41: =SEP!D41 | R41: =IFERROR(AVERAGE(O41:Q41),"") | S41: =IFERROR(AVERAGE(C41:E41,G41:I41,K41:M41,O41:Q41),"")
B42: EE Objectives Completed (#) | C42: =OCT!D42 | D42: =NOV!D42 | E42: =DEC!D42 | F42: =IF(COUNT(C42:E42)=0,"",SUM(C42:E42)) | G42: =JAN!D42 | H42: =FEB!D42 | I42: =MAR!D42 | J42: =IF(COUNT(G42:I42)=0,"",SUM(G42:I42)) | K42: =APR!D42 | L42: =MAY!D42 | M42: =JUN!D42 | N42: =IF(COUNT(K42:M42)=0,"",SUM(K42:M42)) | O42: =JUL!D42 | P42: =AUG!D42 | Q42: =SEP!D42 | R42: =IF(COUNT(O42:Q42)=0,"",SUM(O42:Q42)) | S42: =IF(COUNT(C42:E42,G42:I42,K42:M42,O42:Q42)=0,"",SUM(C42:E42,G42:I42,K42:M42,O42:Q42))
B43: Non-certified Absent (Days Lost) | C43: =OCT!D43 | D43: =NOV!D43 | E43: =DEC!D43 | F43: =IF(COUNT(C43:E43)=0,"",SUM(C43:E43)) | G43: =JAN!D43 | H43: =FEB!D43 | I43: =MAR!D43 | J43: =IF(COUNT(G43:I43)=0,"",SUM(G43:I43)) | K43: =APR!D43 | L43: =MAY!D43 | M43: =JUN!D43 | N43: =IF(COUNT(K43:M43)=0,"",SUM(K43:M43)) | O43: =JUL!D43 | P43: =AUG!D43 | Q43: =SEP!D43 | R43: =IF(COUNT(O43:Q43)=0,"",SUM(O43:Q43)) | S43: =IF(COUNT(C43:E43,G43:I43,K43:M43,O43:Q43)=0,"",SUM(C43:E43,G43:I43,K43:M43,O43:Q43))
B44: Certified sick leave (Days Lost) | C44: =OCT!D44 | D44: =NOV!D44 | E44: =DEC!D44 | F44: =IF(COUNT(C44:E44)=0,"",SUM(C44:E44)) | G44: =JAN!D44 | H44: =FEB!D44 | I44: =MAR!D44 | J44: =IF(COUNT(G44:I44)=0,"",SUM(G44:I44)) | K44: =APR!D44 | L44: =MAY!D44 | M44: =JUN!D44 | N44: =IF(COUNT(K44:M44)=0,"",SUM(K44:M44)) | O44: =JUL!D44 | P44: =AUG!D44 | Q44: =SEP!D44 | R44: =IF(COUNT(O44:Q44)=0,"",SUM(O44:Q44)) | S44: =IF(COUNT(C44:E44,G44:I44,K44:M44,O44:Q44)=0,"",SUM(C44:E44,G44:I44,K44:M44,O44:Q44))
B45: Total Absences | C45: =OCT!D45 | D45: =NOV!D45 | E45: =DEC!D45 | F45: =IF(COUNT(F43:F44)=0,"",SUM(F43:F44)) | G45: =JAN!D45 | H45: =FEB!D45 | I45: =MAR!D45 | J45: =IF(COUNT(J43:J44)=0,"",SUM(J43:J44)) | K45: =APR!D45 | L45: =MAY!D45 | M45: =JUN!D45 | N45: =IF(COUNT(N43:N44)=0,"",SUM(N43:N44)) | O45: =JUL!D45 | P45: =AUG!D45 | Q45: =SEP!D45 | R45: =IF(COUNT(R43:R44)=0,"",SUM(R43:R44)) | S45: =IF(COUNT(S43:S44)=0,"",SUM(S43:S44))
B46: Absent Rate Non-Certified (%) | C46: =OCT!D46 | D46: =NOV!D46 | E46: =DEC!D46 | F46: {=IF(COUNT(C46:E46)=0,"",IFERROR(SUMPRODUCT(IFERROR(C46:E46*((C3:E3)+(C4:E4)),0))/SUMPRODUCT(IFERROR(ISNUMBER(C46:E46)*((C3:E3)+(C4:E4)),0)),""))} | G46: =JAN!D46 | H46: =FEB!D46 | I46: =MAR!D46 | J46: {=IF(COUNT(G46:I46)=0,"",IFERROR(SUMPRODUCT(IFERROR(G46:I46*((G3:I3)+(G4:I4)),0))/SUMPRODUCT(IFERROR(ISNUMBER(G46:I46)*((G3:I3)+(G4:I4)),0)),""))} | K46: =APR!D46 | L46: =MAY!D46 | M46: =JUN!D46 | N46: {=IF(COUNT(K46:M46)=0,"",IFERROR(SUMPRODUCT(IFERROR(K46:M46*((K3:M3)+(K4:M4)),0))/SUMPRODUCT(IFERROR(ISNUMBER(K46:M46)*((K3:M3)+(K4:M4)),0)),""))} | O46: =JUL!D46 | P46: =AUG!D46 | Q46: =SEP!D46 | R46: {=IF(COUNT(O46:Q46)=0,"",IFERROR(SUMPRODUCT(IFERROR(O46:Q46*((O3:Q3)+(O4:Q4)),0))/SUMPRODUCT(IFERROR(ISNUMBER(O46:Q46)*((O3:Q3)+(O4:Q4)),0)),""))} | S46: =IF(COUNT(F46,J46,N46,R46)=0,"",IFERROR((IFERROR(F46*(F3+F4),0)+IFERROR(J46*(J3+J4),0)+IFERROR(N46*(N3+N4),0)+IFERROR(R46*(R3+R4),0))/(IFERROR(ISNUMBER(F46)*(F3+F4),0)+IFERROR(ISNUMBER(J46)*(J3+J4),0)+IFERROR(ISNUMBER(N46)*(N3+N4),0)+IFERROR(ISNUMBER(R46)*(R3+R4),0)),""))
B47: Absent Rate Certified (%) | C47: =OCT!D47 | D47: =NOV!D47 | E47: =DEC!D47 | F47: {=IF(COUNT(C47:E47)=0,"",IFERROR(SUMPRODUCT(IFERROR(C47:E47*((C3:E3)+(C4:E4)),0))/SUMPRODUCT(IFERROR(ISNUMBER(C47:E47)*((C3:E3)+(C4:E4)),0)),""))} | G47: =JAN!D47 | H47: =FEB!D47 | I47: =MAR!D47 | J47: {=IF(COUNT(G47:I47)=0,"",IFERROR(SUMPRODUCT(IFERROR(G47:I47*((G3:I3)+(G4:I4)),0))/SUMPRODUCT(IFERROR(ISNUMBER(G47:I47)*((G3:I3)+(G4:I4)),0)),""))} | K47: =APR!D47 | L47: =MAY!D47 | M47: =JUN!D47 | N47: {=IF(COUNT(K47:M47)=0,"",IFERROR(SUMPRODUCT(IFERROR(K47:M47*((K3:M3)+(K4:M4)),0))/SUMPRODUCT(IFERROR(ISNUMBER(K47:M47)*((K3:M3)+(K4:M4)),0)),""))} | O47: =JUL!D47 | P47: =AUG!D47 | Q47: =SEP!D47 | R47: {=IF(COUNT(O47:Q47)=0,"",IFERROR(SUMPRODUCT(IFERROR(O47:Q47*((O3:Q3)+(O4:Q4)),0))/SUMPRODUCT(IFERROR(ISNUMBER(O47:Q47)*((O3:Q3)+(O4:Q4)),0)),""))} | S47: =IF(COUNT(F47,J47,N47,R47)=0,"",IFERROR((IFERROR(F47*(F3+F4),0)+IFERROR(J47*(J3+J4),0)+IFERROR(N47*(N3+N4),0)+IFERROR(R47*(R3+R4),0))/(IFERROR(ISNUMBER(F47)*(F3+F4),0)+IFERROR(ISNUMBER(J47)*(J3+J4),0)+IFERROR(ISNUMBER(N47)*(N3+N4),0)+IFERROR(ISNUMBER(R47)*(R3+R4),0)),""))
B48: Absent Rate Total (%) | C48: =OCT!D48 | D48: =NOV!D48 | E48: =DEC!D48 | F48: =IF(COUNT(F46:F47)=0,"",SUM(F46:F47)) | G48: =JAN!D48 | H48: =FEB!D48 | I48: =MAR!D48 | J48: =IF(COUNT(J46:J47)=0,"",SUM(J46:J47)) | K48: =APR!D48 | L48: =MAY!D48 | M48: =JUN!D48 | N48: =IF(COUNT(N46:N47)=0,"",SUM(N46:N47)) | O48: =JUL!D48 | P48: =AUG!D48 | Q48: =SEP!D48 | R48: =IF(COUNT(R46:R47)=0,"",SUM(R46:R47)) | S48: =IF(COUNT(S46:S47)=0,"",SUM(S46:S47))
B49: Weight factor | C49: =OCT!D49 | D49: =NOV!D49 | E49: =DEC!D49 | F49: =IFERROR(AVERAGE(C49:E49),"") | G49: =JAN!D49 | H49: =FEB!D49 | I49: =MAR!D49 | J49: =IFERROR(AVERAGE(G49:I49),"") | K49: =APR!D49 | L49: =MAY!D49 | M49: =JUN!D49 | N49: =IFERROR(AVERAGE(K49:M49),"") | O49: =JUL!D49 | P49: =AUG!D49 | Q49: =SEP!D49 | R49: =IFERROR(AVERAGE(O49:Q49),"") | S49: =IFERROR(AVERAGE(C49:E49,G49:I49,K49:M49,O49:Q49),"")
B50: Leadership (Hours) | C50: =OCT!D50 | D50: =NOV!D50 | E50: =DEC!D50 | F50: =IF(COUNT(C50:E50)=0,"",SUM(C50:E50)) | G50: =JAN!D50 | H50: =FEB!D50 | I50: =MAR!D50 | J50: =IF(COUNT(G50:I50)=0,"",SUM(G50:I50)) | K50: =APR!D50 | L50: =MAY!D50 | M50: =JUN!D50 | N50: =IF(COUNT(K50:M50)=0,"",SUM(K50:M50)) | O50: =JUL!D50 | P50: =AUG!D50 | Q50: =SEP!D50 | R50: =IF(COUNT(O50:Q50)=0,"",SUM(O50:Q50)) | S50: =IF(COUNT(C50:E50,G50:I50,K50:M50,O50:Q50)=0,"",SUM(C50:E50,G50:I50,K50:M50,O50:Q50))
B51: Technical (Hours) | C51: =OCT!D51 | D51: =NOV!D51 | E51: =DEC!D51 | F51: =IF(COUNT(C51:E51)=0,"",SUM(C51:E51)) | G51: =JAN!D51 | H51: =FEB!D51 | I51: =MAR!D51 | J51: =IF(COUNT(G51:I51)=0,"",SUM(G51:I51)) | K51: =APR!D51 | L51: =MAY!D51 | M51: =JUN!D51 | N51: =IF(COUNT(K51:M51)=0,"",SUM(K51:M51)) | O51: =JUL!D51 | P51: =AUG!D51 | Q51: =SEP!D51 | R51: =IF(COUNT(O51:Q51)=0,"",SUM(O51:Q51)) | S51: =IF(COUNT(C51:E51,G51:I51,K51:M51,O51:Q51)=0,"",SUM(C51:E51,G51:I51,K51:M51,O51:Q51))
B52: Professional Develop. (Hours) | C52: =OCT!D52 | D52: =NOV!D52 | E52: =DEC!D52 | F52: =IF(COUNT(C52:E52)=0,"",SUM(C52:E52)) | G52: =JAN!D52 | H52: =FEB!D52 | I52: =MAR!D52 | J52: =IF(COUNT(G52:I52)=0,"",SUM(G52:I52)) | K52: =APR!D52 | L52: =MAY!D52 | M52: =JUN!D52 | N52: =IF(COUNT(K52:M52)=0,"",SUM(K52:M52)) | O52: =JUL!D52 | P52: =AUG!D52 | Q52: =SEP!D52 | R52: =IF(COUNT(O52:Q52)=0,"",SUM(O52:Q52)) | S52: =IF(COUNT(C52:E52,G52:I52,K52:M52,O52:Q52)=0,"",SUM(C52:E52,G52:I52,K52:M52,O52:Q52))
B53: HSSE (Hours) | C53: =OCT!D53 | D53: =NOV!D53 | E53: =DEC!D53 | F53: =IF(COUNT(C53:E53)=0,"",SUM(C53:E53)) | G53: =JAN!D53 | H53: =FEB!D53 | I53: =MAR!D53 | J53: =IF(COUNT(G53:I53)=0,"",SUM(G53:I53)) | K53: =APR!D53 | L53: =MAY!D53 | M53: =JUN!D53 | N53: =IF(COUNT(K53:M53)=0,"",SUM(K53:M53)) | O53: =JUL!D53 | P53: =AUG!D53 | Q53: =SEP!D53 | R53: =IF(COUNT(O53:Q53)=0,"",SUM(O53:Q53)) | S53: =IF(COUNT(C53:E53,G53:I53,K53:M53,O53:Q53)=0,"",SUM(C53:E53,G53:I53,K53:M53,O53:Q53))
B54: Workday (Hours) | C54: =OCT!D54 | D54: =NOV!D54 | E54: =DEC!D54 | F54: =IF(COUNT(C54:E54)=0,"",SUM(C54:E54)) | G54: =JAN!D54 | H54: =FEB!D54 | I54: =MAR!D54 | J54: =IF(COUNT(G54:I54)=0,"",SUM(G54:I54)) | K54: =APR!D54 | L54: =MAY!D54 | M54: =JUN!D54 | N54: =IF(COUNT(K54:M54)=0,"",SUM(K54:M54)) | O54: =JUL!D54 | P54: =AUG!D54 | Q54: =SEP!D54 | R54: =IF(COUNT(O54:Q54)=0,"",SUM(O54:Q54)) | S54: =IF(COUNT(C54:E54,G54:I54,K54:M54,O54:Q54)=0,"",SUM(C54:E54,G54:I54,K54:M54,O54:Q54))
B55: Total Training Hours | C55: =OCT!D55 | D55: =NOV!D55 | E55: =DEC!D55 | F55: =IF(COUNT(F50:F54)=0,"",SUM(F50:F54)) | G55: =JAN!D55 | H55: =FEB!D55 | I55: =MAR!D55 | J55: =IF(COUNT(J50:J54)=0,"",SUM(J50:J54)) | K55: =APR!D55 | L55: =MAY!D55 | M55: =JUN!D55 | N55: =IF(COUNT(N50:N54)=0,"",SUM(N50:N54)) | O55: =JUL!D55 | P55: =AUG!D55 | Q55: =SEP!D55 | R55: =IF(COUNT(R50:R54)=0,"",SUM(R50:R54)) | S55: =IF(COUNT(S50:S54)=0,"",SUM(S50:S54))
B56: Total Trained (Staff) | C56: =OCT!D56 | D56: =NOV!D56 | E56: =DEC!D56 | F56: =IF(COUNT(C56:E56)=0,"",SUM(C56:E56)) | G56: =JAN!D56 | H56: =FEB!D56 | I56: =MAR!D56 | J56: =IF(COUNT(G56:I56)=0,"",SUM(G56:I56)) | K56: =APR!D56 | L56: =MAY!D56 | M56: =JUN!D56 | N56: =IF(COUNT(K56:M56)=0,"",SUM(K56:M56)) | O56: =JUL!D56 | P56: =AUG!D56 | Q56: =SEP!D56 | R56: =IF(COUNT(O56:Q56)=0,"",SUM(O56:Q56)) | S56: =IF(COUNT(C56:E56,G56:I56,K56:M56,O56:Q56)=0,"",SUM(C56:E56,G56:I56,K56:M56,O56:Q56))
B57: Training Programs (#) | C57: =OCT!D57 | D57: =NOV!D57 | E57: =DEC!D57 | F57: =IF(COUNT(C57:E57)=0,"",SUM(C57:E57)) | G57: =JAN!D57 | H57: =FEB!D57 | I57: =MAR!D57 | J57: =IF(COUNT(G57:I57)=0,"",SUM(G57:I57)) | K57: =APR!D57 | L57: =MAY!D57 | M57: =JUN!D57 | N57: =IF(COUNT(K57:M57)=0,"",SUM(K57:M57)) | O57: =JUL!D57 | P57: =AUG!D57 | Q57: =SEP!D57 | R57: =IF(COUNT(O57:Q57)=0,"",SUM(O57:Q57)) | S57: =IF(COUNT(C57:E57,G57:I57,K57:M57,O57:Q57)=0,"",SUM(C57:E57,G57:I57,K57:M57,O57:Q57))
B58: Training Cost (USD) | C58: =OCT!D58 | D58: =NOV!D58 | E58: =DEC!D58 | F58: =IF(COUNT(C58:E58)=0,"",SUM(C58:E58)) | G58: =JAN!D58 | H58: =FEB!D58 | I58: =MAR!D58 | J58: =IF(COUNT(G58:I58)=0,"",SUM(G58:I58)) | K58: =APR!D58 | L58: =MAY!D58 | M58: =JUN!D58 | N58: =IF(COUNT(K58:M58)=0,"",SUM(K58:M58)) | O58: =JUL!D58 | P58: =AUG!D58 | Q58: =SEP!D58 | R58: =IF(COUNT(O58:Q58)=0,"",SUM(O58:Q58)) | S58: =IF(COUNT(C58:E58,G58:I58,K58:M58,O58:Q58)=0,"",SUM(C58:E58,G58:I58,K58:M58,O58:Q58))
B59: Training Travel Cost (USD) | C59: =OCT!D59 | D59: =NOV!D59 | E59: =DEC!D59 | F59: =IF(COUNT(C59:E59)=0,"",SUM(C59:E59)) | G59: =JAN!D59 | H59: =FEB!D59 | I59: =MAR!D59 | J59: =IF(COUNT(G59:I59)=0,"",SUM(G59:I59)) | K59: =APR!D59 | L59: =MAY!D59 | M59: =JUN!D59 | N59: =IF(COUNT(K59:M59)=0,"",SUM(K59:M59)) | O59: =JUL!D59 | P59: =AUG!D59 | Q59: =SEP!D59 | R59: =IF(COUNT(O59:Q59)=0,"",SUM(O59:Q59)) | S59: =IF(COUNT(C59:E59,G59:I59,K59:M59,O59:Q59)=0,"",SUM(C59:E59,G59:I59,K59:M59,O59:Q59))
B60: Leadership Hours Trained (%) | C60: =OCT!D60 | D60: =NOV!D60 | E60: =DEC!D60 | F60: =IFERROR(F50/F$55,"") | G60: =JAN!D60 | H60: =FEB!D60 | I60: =MAR!D60 | J60: =IFERROR(J50/J$55,"") | K60: =APR!D60 | L60: =MAY!D60 | M60: =JUN!D60 | N60: =IFERROR(N50/N$55,"") | O60: =JUL!D60 | P60: =AUG!D60 | Q60: =SEP!D60 | R60: =IFERROR(R50/R$55,"") | S60: =IFERROR(S50/S$55,"")
B61: Technical Hours Trained (%) | C61: =OCT!D61 | D61: =NOV!D61 | E61: =DEC!D61 | F61: =IFERROR(F51/F$55,"") | G61: =JAN!D61 | H61: =FEB!D61 | I61: =MAR!D61 | J61: =IFERROR(J51/J$55,"") | K61: =APR!D61 | L61: =MAY!D61 | M61: =JUN!D61 | N61: =IFERROR(N51/N$55,"") | O61: =JUL!D61 | P61: =AUG!D61 | Q61: =SEP!D61 | R61: =IFERROR(R51/R$55,"") | S61: =IFERROR(S51/S$55,"")
B62: Profess. Dev. Hours Trained (%) | C62: =OCT!D62 | D62: =NOV!D62 | E62: =DEC!D62 | F62: =IFERROR(F52/F$55,"") | G62: =JAN!D62 | H62: =FEB!D62 | I62: =MAR!D62 | J62: =IFERROR(J52/J$55,"") | K62: =APR!D62 | L62: =MAY!D62 | M62: =JUN!D62 | N62: =IFERROR(N52/N$55,"") | O62: =JUL!D62 | P62: =AUG!D62 | Q62: =SEP!D62 | R62: =IFERROR(R52/R$55,"") | S62: =IFERROR(S52/S$55,"")
B63: HSSE Hours Trained (%) | C63: =OCT!D63 | D63: =NOV!D63 | E63: =DEC!D63 | F63: =IFERROR(F53/F$55,"") | G63: =JAN!D63 | H63: =FEB!D63 | I63: =MAR!D63 | J63: =IFERROR(J53/J$55,"") | K63: =APR!D63 | L63: =MAY!D63 | M63: =JUN!D63 | N63: =IFERROR(N53/N$55,"") | O63: =JUL!D63 | P63: =AUG!D63 | Q63: =SEP!D63 | R63: =IFERROR(R53/R$55,"") | S63: =IFERROR(S53/S$55,"")
B64: Workday Hours Trained (%) | C64: =OCT!D64 | D64: =NOV!D64 | E64: =DEC!D64 | F64: =IFERROR(F54/F$55,"") | G64: =JAN!D64 | H64: =FEB!D64 | I64: =MAR!D64 | J64: =IFERROR(J54/J$55,"") | K64: =APR!D64 | L64: =MAY!D64 | M64: =JUN!D64 | N64: =IFERROR(N54/N$55,"") | O64: =JUL!D64 | P64: =AUG!D64 | Q64: =SEP!D64 | R64: =IFERROR(R54/R$55,"") | S64: =IFERROR(S54/S$55,"")
B65: Staff Trained (%) | C65: =OCT!D65 | D65: =NOV!D65 | E65: =DEC!D65 | F65: =IFERROR(F56/SUM(C5:E5),"") | G65: =JAN!D65 | H65: =FEB!D65 | I65: =MAR!D65 | J65: =IFERROR(J56/SUM(G5:I5),"") | K65: =APR!D65 | L65: =MAY!D65 | M65: =JUN!D65 | N65: =IFERROR(N56/SUM(K5:M5),"") | O65: =JUL!D65 | P65: =AUG!D65 | Q65: =SEP!D65 | R65: =IFERROR(R56/SUM(O5:Q5),"") | S65: =IFERROR(S56/SUM(C5:E5,G5:I5,K5:M5,O5:Q5),"")
B66: Training Hours / EE | C66: =OCT!D66 | D66: =NOV!D66 | E66: =DEC!D66 | F66: =IFERROR(F55/F5,"") | G66: =JAN!D66 | H66: =FEB!D66 | I66: =MAR!D66 | J66: =IFERROR(J55/J5,"") | K66: =APR!D66 | L66: =MAY!D66 | M66: =JUN!D66 | N66: =IFERROR(N55/N5,"") | O66: =JUL!D66 | P66: =AUG!D66 | Q66: =SEP!D66 | R66: =IFERROR(R55/R5,"") | S66: =IFERROR(S55/S5,"")
B67: Training Hours / EE Trained | C67: =OCT!D67 | D67: =NOV!D67 | E67: =DEC!D67 | F67: =IFERROR(F55/F56,"") | G67: =JAN!D67 | H67: =FEB!D67 | I67: =MAR!D67 | J67: =IFERROR(J55/J56,"") | K67: =APR!D67 | L67: =MAY!D67 | M67: =JUN!D67 | N67: =IFERROR(N55/N56,"") | O67: =JUL!D67 | P67: =AUG!D67 | Q67: =SEP!D67 | R67: =IFERROR(R55/R56,"") | S67: =IFERROR(S55/S56,"")
B68: Training Invest. / EE (USD) | C68: =OCT!D68 | D68: =NOV!D68 | E68: =DEC!D68 | F68: =IF(COUNT(F58:F59)=0,"",IFERROR((N(F58)+N(F59))/F5,"")) | G68: =JAN!D68 | H68: =FEB!D68 | I68: =MAR!D68 | J68: =IF(COUNT(J58:J59)=0,"",IFERROR((N(J58)+N(J59))/J5,"")) | K68: =APR!D68 | L68: =MAY!D68 | M68: =JUN!D68 | N68: =IF(COUNT(N58:N59)=0,"",IFERROR((N(N58)+N(N59))/N5,"")) | O68: =JUL!D68 | P68: =AUG!D68 | Q68: =SEP!D68 | R68: =IF(COUNT(R58:R59)=0,"",IFERROR((N(R58)+N(R59))/R5,"")) | S68: =IF(COUNT(S58:S59)=0,"",IFERROR((N(S58)+N(S59))/S5,""))
B69: Training Invest. / EE Trained (USD) | C69: =OCT!D69 | D69: =NOV!D69 | E69: =DEC!D69 | F69: =IF(COUNT(F58:F59)=0,"",IFERROR((N(F58)+N(F59))/F56,"")) | G69: =JAN!D69 | H69: =FEB!D69 | I69: =MAR!D69 | J69: =IF(COUNT(J58:J59)=0,"",IFERROR((N(J58)+N(J59))/J56,"")) | K69: =APR!D69 | L69: =MAY!D69 | M69: =JUN!D69 | N69: =IF(COUNT(N58:N59)=0,"",IFERROR((N(N58)+N(N59))/N56,"")) | O69: =JUL!D69 | P69: =AUG!D69 | Q69: =SEP!D69 | R69: =IF(COUNT(R58:R59)=0,"",IFERROR((N(R58)+N(R59))/R56,"")) | S69: =IF(COUNT(S58:S59)=0,"",IFERROR((N(S58)+N(S59))/S56,""))
B70: Input Cells Not Submitted | C70: =OCT!D70 | D70: =NOV!D70 | E70: =DEC!D70 | F70: =SUM(C70:E70) | G70: =JAN!D70 | H70: =FEB!D70 | I70: =MAR!D70 | J70: =SUM(G70:I70) | K70: =APR!D70 | L70: =MAY!D70 | M70: =JUN!D70 | N70: =SUM(K70:M70) | O70: =JUL!D70 | P70: =AUG!D70 | Q70: =SEP!D70 | R70: =SUM(O70:Q70) | S70: =SUM(C70:E70,G70:I70,K70:M70,O70:Q70)

Sheet OCT
B1: GCG HDQ | C1: 1079
A2: 202610 | B2: OCT | C2: GCG HDQ | D2: TOTAL | E2: Total by Division | F2: =N(F11)<>0
A3: =+A2 | B3: Permanent (Regular) Headcount | D3: =IF(COUNT(C3:C3)=0,"",SUM(C3:C3)) | E3: ∑
B4: Temporary (Fix Term) Headcount | D4: =IF(COUNT(C4:C4)=0,"",SUM(C4:C4)) | E4: ∑
B5: Employee Headcount (Productivity) | C5: =IF(COUNT(C3:C4)=0,"",SUM(C3:C4)) | D5: =IF(COUNT(D3:D4)=0,"",SUM(D3:D4)) | E5: ϝ
B6: Headcount = 1.00 | D6: =IF(COUNT(C6:C6)=0,"",SUM(C6:C6)) | E6: ∑
B7: Headcount = 0.75 | D7: =IF(COUNT(C7:C7)=0,"",SUM(C7:C7)) | E7: ∑
B8: Headcount = 0.50 | D8: =IF(COUNT(C8:C8)=0,"",SUM(C8:C8)) | E8: ∑
B9: Headcount = 0.25 | D9: =IF(COUNT(C9:C9)=0,"",SUM(C9:C9)) | E9: ∑
B10: Standard Monthly Hours (FTE basis) | D10: =IFERROR(AVERAGE(C10:C10),"") | E10: Avg
B11: Employee FTE (Finance) | C11: =IF(COUNT(C6:C9)=0,"",N(C6)+N(C7)*0.75+N(C8)*0.5+N(C9)*0.25) | D11: =IF(COUNT(D6:D9)=0,"",N(D6)+N(D7)*0.75+N(D8)*0.5+N(D9)*0.25) | E11: FTE | F11: =IF(COUNT(D5:D9)=0,"",N(D6)+N(D7)+N(D8)+N(D9)-N(D5))
B12: Subcontracted Workforce HC | D12: =IF(COUNT(C12:C12)=0,"",SUM(C12:C12)) | E12: ∑
B13: Subcontracted Productive Hours | D13: =IF(COUNT(C13:C13)=0,"",SUM(C13:C13)) | E13: ∑
B14: Subcontracted FTE | C14: =IFERROR(C13/C10,"") | D14: =IF(COUNT(C14:C14)=0,"",SUM(C14:C14)) | E14: FTE
B15: Total Operational Workforce | C15: =IF(COUNT(C5,C12)=0,"",SUM(C5,C12)) | D15: =IF(COUNT(D5,D12)=0,"",SUM(D5,D12)) | E15: ϝ
B16: Total Operational FTE | C16: =IF(COUNT(C11,C14)=0,"",SUM(C11,C14)) | D16: =IF(COUNT(D11,D14)=0,"",SUM(D11,D14)) | E16: FTE
B17: Subcontracted Share of Workforce (%) | C17: =IFERROR(C12/C15,"") | D17: =IFERROR(D12/D15,"") | E17: ϝ
B18: FTE HR Team | D18: =IF(COUNT(C18:C18)=0,"",SUM(C18:C18)) | E18: ∑
B19: Permanent Hires | D19: =IF(COUNT(C19:C19)=0,"",SUM(C19:C19)) | E19: ∑
B20: Temporary Hires | D20: =IF(COUNT(C20:C20)=0,"",SUM(C20:C20)) | E20: ∑
B21: Total Hires | C21: =IF(COUNT(C19:C20)=0,"",SUM(C19:C20)) | D21: =IF(COUNT(D19:D20)=0,"",SUM(D19:D20)) | E21: ϝ
B22: Permanent Exits | D22: =IF(COUNT(C22:C22)=0,"",SUM(C22:C22)) | E22: ∑
B23: Temporary Exits | D23: =IF(COUNT(C23:C23)=0,"",SUM(C23:C23)) | E23: ∑
B24: Total Exits | C24: =IF(COUNT(C22:C23)=0,"",SUM(C22:C23)) | D24: =IF(COUNT(D22:D23)=0,"",SUM(D22:D23)) | E24: ϝ
B25: Permanent Turnover (%) | C25: =IF(COUNT(C31,C32)<2,"",IF((C32+C31)=0,"",N(C22)/((C32+C31)/2))) | D25: =IF(COUNT(D31,D32)<2,"",IF((D32+D31)=0,"",N(D22)/((D32+D31)/2))) | E25: ϝ
B26: Temporary Turnover (%) | C26: =IF(COUNT(C31,C32)<2,"",IF((C32+C31)=0,"",N(C23)/((C32+C31)/2))) | D26: =IF(COUNT(D31,D32)<2,"",IF((D32+D31)=0,"",N(D23)/((D32+D31)/2))) | E26: ϝ
B27: Voluntary Terminations | D27: =IF(COUNT(C27:C27)=0,"",SUM(C27:C27)) | E27: ∑
B28: Involuntary Terminations | D28: =IF(COUNT(C28:C28)=0,"",SUM(C28:C28)) | E28: ∑
B29: Voluntary Turnover (%) | C29: =IF(COUNT(C31,C32)<2,"",IF((C32+C31)=0,"",N(C27)/((C32+C31)/2))) | D29: =IF(COUNT(D31,D32)<2,"",IF((D32+D31)=0,"",N(D27)/((D32+D31)/2))) | E29: ϝ
B30: Involuntary Turnover (%) | C30: =IF(COUNT(C31,C32)<2,"",IF((C32+C31)=0,"",N(C28)/((C32+C31)/2))) | D30: =IF(COUNT(D31,D32)<2,"",IF((D32+D31)=0,"",N(D28)/((D32+D31)/2))) | E30: ϝ
B31: Headcount last Month | D31: =IF(COUNT(C31:C31)=0,"",SUM(C31:C31)) | E31: ∑
B32: Headcount this Month | C32: =IF(C5="","",C5) | D32: =IF(COUNT(C32:C32)=0,"",SUM(C32:C32)) | E32: ∑
B33: Full Turnover (%) | C33: =IF(COUNT(C31,C32)<2,"",IF((C32+C31)=0,"",N(C24)/((C32+C31)/2))) | D33: =IF(COUNT(D31,D32)<2,"",IF((D32+D31)=0,"",N(D24)/((D32+D31)/2))) | E33: ϝ
B34: Permanent Vacancies | D34: =IF(COUNT(C34:C34)=0,"",SUM(C34:C34)) | E34: ∑
B35: Temporary Vacancies | D35: =IF(COUNT(C35:C35)=0,"",SUM(C35:C35)) | E35: ∑
B36: Total Vacancies | C36: =IF(COUNT(C34:C35)=0,"",SUM(C34:C35)) | D36: =IF(COUNT(D34:D35)=0,"",SUM(D34:D35)) | E36: ϝ
B37: Authorized Positions | C37: =IF(COUNT(C5,C36)=0,"",N(C5)+N(C36)) | D37: =IF(COUNT(D5,D36)=0,"",N(D5)+N(D36)) | E37: ϝ
B38: Vacancy Rate (%) | C38: =IFERROR(C36/C37,"") | D38: =IFERROR(D36/D37,"") | E38: ϝ
B39: Permanent TimeToHire (Days) YTD | C39: =IF('(GCG_HDQ)'!$AB$4="","",'(GCG_HDQ)'!$AB$4) | D39: =IFERROR(AVERAGE(C39:C39),"") | E39: Avg
B40: Temporary TimeToHire (Days) YTD | C40: =IF('(GCG_HDQ)'!$AD$4="","",'(GCG_HDQ)'!$AD$4) | D40: =IFERROR(AVERAGE(C40:C40),"") | E40: Avg
B41: Check-ins Rate Completed (%) | D41: =IFERROR(AVERAGE(C41:C41),"") | E41: Avg
B42: EE Objectives Completed (#) | D42: =IF(COUNT(C42:C42)=0,"",SUM(C42:C42)) | E42: ∑
B43: Non-certified Absent (Days Lost) | D43: =IF(COUNT(C43:C43)=0,"",SUM(C43:C43)) | E43: ∑
B44: Certified sick leave (Days Lost) | D44: =IF(COUNT(C44:C44)=0,"",SUM(C44:C44)) | E44: ∑
B45: Total Absences | C45: =IF(COUNT(C43:C44)=0,"",SUM(C43:C44)) | D45: =IF(COUNT(D43:D44)=0,"",SUM(D43:D44)) | E45: ϝ
B46: Absent Rate Non-Certified (%) | C46: =IF('(GCG_HDQ)'!$G$4="","",'(GCG_HDQ)'!$G$4) | D46: {=IF(COUNT(C46:C46)=0,"",IFERROR(SUMPRODUCT(IFERROR(C46:C46*((C3:C3)+(C4:C4)),0))/SUMPRODUCT(IFERROR(ISNUMBER(C46:C46)*((C3:C3)+(C4:C4)),0)),""))} | E46: Weighted
B47: Absent Rate Certified (%) | C47: =IF('(GCG_HDQ)'!$O$4="","",'(GCG_HDQ)'!$O$4) | D47: {=IF(COUNT(C47:C47)=0,"",IFERROR(SUMPRODUCT(IFERROR(C47:C47*((C3:C3)+(C4:C4)),0))/SUMPRODUCT(IFERROR(ISNUMBER(C47:C47)*((C3:C3)+(C4:C4)),0)),""))} | E47: Weighted
B48: Absent Rate Total (%) | C48: =IF(COUNT(C46:C47)=0,"",SUM(C46:C47)) | D48: =IF(COUNT(D46:D47)=0,"",SUM(D46:D47)) | E48: Weighted
B49: Weight factor | C49: =IFERROR(C5/$D5,"") | D49: =IF(COUNT(C49:C49)=0,"",SUM(C49:C49)) | E49: Weight Factor
B50: Leadership (Hours) | D50: =IF(COUNT(C50:C50)=0,"",SUM(C50:C50)) | E50: ∑
B51: Technical (Hours) | D51: =IF(COUNT(C51:C51)=0,"",SUM(C51:C51)) | E51: ∑
B52: Professional Develop. (Hours) | D52: =IF(COUNT(C52:C52)=0,"",SUM(C52:C52)) | E52: ∑
B53: HSSE (Hours) | D53: =IF(COUNT(C53:C53)=0,"",SUM(C53:C53)) | E53: ∑
B54: Workday (Hours) | D54: =IF(COUNT(C54:C54)=0,"",SUM(C54:C54)) | E54: ∑
B55: Total Training Hours | C55: =IF(COUNT(C50:C54)=0,"",SUM(C50:C54)) | D55: =IF(COUNT(D50:D54)=0,"",SUM(D50:D54)) | E55: ϝ
B56: Total Trained (Staff) | D56: =IF(COUNT(C56:C56)=0,"",SUM(C56:C56)) | E56: ∑
B57: Training Programs (#) | D57: =IF(COUNT(C57:C57)=0,"",SUM(C57:C57)) | E57: ∑
B58: Training Cost (USD) | D58: =IF(COUNT(C58:C58)=0,"",SUM(C58:C58)) | E58: ∑
B59: Training Travel Cost (USD) | D59: =IF(COUNT(C59:C59)=0,"",SUM(C59:C59)) | E59: ∑
B60: Leadership Hours Trained (%) | C60: =IFERROR(C50/C$55,"") | D60: =IFERROR(D50/D$55,"") | E60: ϝ
B61: Technical Hours Trained (%) | C61: =IFERROR(C51/C$55,"") | D61: =IFERROR(D51/D$55,"") | E61: ϝ
B62: Profess. Dev. Hours Trained (%) | C62: =IFERROR(C52/C$55,"") | D62: =IFERROR(D52/D$55,"") | E62: ϝ
B63: HSSE Hours Trained (%) | C63: =IFERROR(C53/C$55,"") | D63: =IFERROR(D53/D$55,"") | E63: ϝ
B64: Workday Hours Trained (%) | C64: =IFERROR(C54/C$55,"") | D64: =IFERROR(D54/D$55,"") | E64: ϝ
B65: Staff Trained (%) | C65: =IFERROR(C56/C5,"") | D65: =IFERROR(D56/D5,"") | E65: ϝ
B66: Training Hours / EE | C66: =IFERROR(C55/C5,"") | D66: =IFERROR(D55/D5,"") | E66: ϝ
B67: Training Hours / EE Trained | C67: =IFERROR(C55/C56,"") | D67: =IFERROR(D55/D56,"") | E67: ϝ
B68: Training Invest. / EE (USD) | C68: =IF(COUNT(C58:C59)=0,"",IFERROR((N(C58)+N(C59))/C5,"")) | D68: =IF(COUNT(D58:D59)=0,"",IFERROR((N(D58)+N(D59))/D5,"")) | E68: ϝ
B69: Training Invest. / EE Trained (USD) | C69: =IF(COUNT(C58:C59)=0,"",IFERROR((N(C58)+N(C59))/C56,"")) | D69: =IF(COUNT(D58:D59)=0,"",IFERROR((N(D58)+N(D59))/D56,"")) | E69: ϝ
B70: Input Cells Not Submitted | C70: =COUNTBLANK(C3:C4)+COUNTBLANK(C6:C10)+COUNTBLANK(C12:C13)+COUNTBLANK(C18:C20)+COUNTBLANK(C22:C23)+COUNTBLANK(C27:C28)+COUNTBLANK(C34:C35)+COUNTBLANK(C39:C44)+COUNTBLANK(C46:C47)+COUNTBLANK(C50:C54)+COUNTBLANK(C56:C59) | D70: =SUM(C70:C70) | E70: ∑

Sheet NOV
B1: GCG HDQ | C1: 1079
A2: =VALUE(TEXT(EDATE(DATE(LEFT(OCT!A2,4),RIGHT(OCT!A2,2),1),1),"yyyymm")) | B2: NOV | C2: GCG HDQ | D2: TOTAL | E2: Total by Division | F2: =N(F11)<>0
A3: =+A2 | B3: Permanent (Regular) Headcount | D3: =IF(COUNT(C3:C3)=0,"",SUM(C3:C3)) | E3: ∑
B4: Temporary (Fix Term) Headcount | D4: =IF(COUNT(C4:C4)=0,"",SUM(C4:C4)) | E4: ∑
B5: Employee Headcount (Productivity) | C5: =IF(COUNT(C3:C4)=0,"",SUM(C3:C4)) | D5: =IF(COUNT(D3:D4)=0,"",SUM(D3:D4)) | E5: ϝ
B6: Headcount = 1.00 | D6: =IF(COUNT(C6:C6)=0,"",SUM(C6:C6)) | E6: ∑
B7: Headcount = 0.75 | D7: =IF(COUNT(C7:C7)=0,"",SUM(C7:C7)) | E7: ∑
B8: Headcount = 0.50 | D8: =IF(COUNT(C8:C8)=0,"",SUM(C8:C8)) | E8: ∑
B9: Headcount = 0.25 | D9: =IF(COUNT(C9:C9)=0,"",SUM(C9:C9)) | E9: ∑
B10: Standard Monthly Hours (FTE basis) | D10: =IFERROR(AVERAGE(C10:C10),"") | E10: Avg
B11: Employee FTE (Finance) | C11: =IF(COUNT(C6:C9)=0,"",N(C6)+N(C7)*0.75+N(C8)*0.5+N(C9)*0.25) | D11: =IF(COUNT(D6:D9)=0,"",N(D6)+N(D7)*0.75+N(D8)*0.5+N(D9)*0.25) | E11: FTE | F11: =IF(COUNT(D5:D9)=0,"",N(D6)+N(D7)+N(D8)+N(D9)-N(D5))
B12: Subcontracted Workforce HC | D12: =IF(COUNT(C12:C12)=0,"",SUM(C12:C12)) | E12: ∑
B13: Subcontracted Productive Hours | D13: =IF(COUNT(C13:C13)=0,"",SUM(C13:C13)) | E13: ∑
B14: Subcontracted FTE | C14: =IFERROR(C13/C10,"") | D14: =IF(COUNT(C14:C14)=0,"",SUM(C14:C14)) | E14: FTE
B15: Total Operational Workforce | C15: =IF(COUNT(C5,C12)=0,"",SUM(C5,C12)) | D15: =IF(COUNT(D5,D12)=0,"",SUM(D5,D12)) | E15: ϝ
B16: Total Operational FTE | C16: =IF(COUNT(C11,C14)=0,"",SUM(C11,C14)) | D16: =IF(COUNT(D11,D14)=0,"",SUM(D11,D14)) | E16: FTE
B17: Subcontracted Share of Workforce (%) | C17: =IFERROR(C12/C15,"") | D17: =IFERROR(D12/D15,"") | E17: ϝ
B18: FTE HR Team | D18: =IF(COUNT(C18:C18)=0,"",SUM(C18:C18)) | E18: ∑
B19: Permanent Hires | D19: =IF(COUNT(C19:C19)=0,"",SUM(C19:C19)) | E19: ∑
B20: Temporary Hires | D20: =IF(COUNT(C20:C20)=0,"",SUM(C20:C20)) | E20: ∑
B21: Total Hires | C21: =IF(COUNT(C19:C20)=0,"",SUM(C19:C20)) | D21: =IF(COUNT(D19:D20)=0,"",SUM(D19:D20)) | E21: ϝ
B22: Permanent Exits | D22: =IF(COUNT(C22:C22)=0,"",SUM(C22:C22)) | E22: ∑
B23: Temporary Exits | D23: =IF(COUNT(C23:C23)=0,"",SUM(C23:C23)) | E23: ∑
B24: Total Exits | C24: =IF(COUNT(C22:C23)=0,"",SUM(C22:C23)) | D24: =IF(COUNT(D22:D23)=0,"",SUM(D22:D23)) | E24: ϝ
B25: Permanent Turnover (%) | C25: =IF(COUNT(C31,C32)<2,"",IF((C32+C31)=0,"",N(C22)/((C32+C31)/2))) | D25: =IF(COUNT(D31,D32)<2,"",IF((D32+D31)=0,"",N(D22)/((D32+D31)/2))) | E25: ϝ
B26: Temporary Turnover (%) | C26: =IF(COUNT(C31,C32)<2,"",IF((C32+C31)=0,"",N(C23)/((C32+C31)/2))) | D26: =IF(COUNT(D31,D32)<2,"",IF((D32+D31)=0,"",N(D23)/((D32+D31)/2))) | E26: ϝ
B27: Voluntary Terminations | D27: =IF(COUNT(C27:C27)=0,"",SUM(C27:C27)) | E27: ∑
B28: Involuntary Terminations | D28: =IF(COUNT(C28:C28)=0,"",SUM(C28:C28)) | E28: ∑
B29: Voluntary Turnover (%) | C29: =IF(COUNT(C31,C32)<2,"",IF((C32+C31)=0,"",N(C27)/((C32+C31)/2))) | D29: =IF(COUNT(D31,D32)<2,"",IF((D32+D31)=0,"",N(D27)/((D32+D31)/2))) | E29: ϝ
B30: Involuntary Turnover (%) | C30: =IF(COUNT(C31,C32)<2,"",IF((C32+C31)=0,"",N(C28)/((C32+C31)/2))) | D30: =IF(COUNT(D31,D32)<2,"",IF((D32+D31)=0,"",N(D28)/((D32+D31)/2))) | E30: ϝ
B31: Headcount last Month | C31: =IF(OCT!C5="","",OCT!C5) | D31: =IF(COUNT(C31:C31)=0,"",SUM(C31:C31)) | E31: ∑
B32: Headcount this Month | C32: =IF(C5="","",C5) | D32: =IF(COUNT(C32:C32)=0,"",SUM(C32:C32)) | E32: ∑
B33: Full Turnover (%) | C33: =IF(COUNT(C31,C32)<2,"",IF((C32+C31)=0,"",N(C24)/((C32+C31)/2))) | D33: =IF(COUNT(D31,D32)<2,"",IF((D32+D31)=0,"",N(D24)/((D32+D31)/2))) | E33: ϝ
B34: Permanent Vacancies | D34: =IF(COUNT(C34:C34)=0,"",SUM(C34:C34)) | E34: ∑
B35: Temporary Vacancies | D35: =IF(COUNT(C35:C35)=0,"",SUM(C35:C35)) | E35: ∑
B36: Total Vacancies | C36: =IF(COUNT(C34:C35)=0,"",SUM(C34:C35)) | D36: =IF(COUNT(D34:D35)=0,"",SUM(D34:D35)) | E36: ϝ
B37: Authorized Positions | C37: =IF(COUNT(C5,C36)=0,"",N(C5)+N(C36)) | D37: =IF(COUNT(D5,D36)=0,"",N(D5)+N(D36)) | E37: ϝ
B38: Vacancy Rate (%) | C38: =IFERROR(C36/C37,"") | D38: =IFERROR(D36/D37,"") | E38: ϝ
B39: Permanent TimeToHire (Days) YTD | C39: =IF('(GCG_HDQ)'!$AB$5="","",'(GCG_HDQ)'!$AB$5) | D39: =IFERROR(AVERAGE(C39:C39),"") | E39: Avg
B40: Temporary TimeToHire (Days) YTD | C40: =IF('(GCG_HDQ)'!$AD$5="","",'(GCG_HDQ)'!$AD$5) | D40: =IFERROR(AVERAGE(C40:C40),"") | E40: Avg
B41: Check-ins Rate Completed (%) | D41: =IFERROR(AVERAGE(C41:C41),"") | E41: Avg
B42: EE Objectives Completed (#) | D42: =IF(COUNT(C42:C42)=0,"",SUM(C42:C42)) | E42: ∑
B43: Non-certified Absent (Days Lost) | D43: =IF(COUNT(C43:C43)=0,"",SUM(C43:C43)) | E43: ∑
B44: Certified sick leave (Days Lost) | D44: =IF(COUNT(C44:C44)=0,"",SUM(C44:C44)) | E44: ∑
B45: Total Absences | C45: =IF(COUNT(C43:C44)=0,"",SUM(C43:C44)) | D45: =IF(COUNT(D43:D44)=0,"",SUM(D43:D44)) | E45: ϝ
B46: Absent Rate Non-Certified (%) | C46: =IF('(GCG_HDQ)'!$G$5="","",'(GCG_HDQ)'!$G$5) | D46: {=IF(COUNT(C46:C46)=0,"",IFERROR(SUMPRODUCT(IFERROR(C46:C46*((C3:C3)+(C4:C4)),0))/SUMPRODUCT(IFERROR(ISNUMBER(C46:C46)*((C3:C3)+(C4:C4)),0)),""))} | E46: Weighted
B47: Absent Rate Certified (%) | C47: =IF('(GCG_HDQ)'!$O$5="","",'(GCG_HDQ)'!$O$5) | D47: {=IF(COUNT(C47:C47)=0,"",IFERROR(SUMPRODUCT(IFERROR(C47:C47*((C3:C3)+(C4:C4)),0))/SUMPRODUCT(IFERROR(ISNUMBER(C47:C47)*((C3:C3)+(C4:C4)),0)),""))} | E47: Weighted
B48: Absent Rate Total (%) | C48: =IF(COUNT(C46:C47)=0,"",SUM(C46:C47)) | D48: =IF(COUNT(D46:D47)=0,"",SUM(D46:D47)) | E48: Weighted
B49: Weight factor | C49: =IFERROR(C5/$D5,"") | D49: =IF(COUNT(C49:C49)=0,"",SUM(C49:C49)) | E49: Weight Factor
B50: Leadership (Hours) | D50: =IF(COUNT(C50:C50)=0,"",SUM(C50:C50)) | E50: ∑
B51: Technical (Hours) | D51: =IF(COUNT(C51:C51)=0,"",SUM(C51:C51)) | E51: ∑
B52: Professional Develop. (Hours) | D52: =IF(COUNT(C52:C52)=0,"",SUM(C52:C52)) | E52: ∑
B53: HSSE (Hours) | D53: =IF(COUNT(C53:C53)=0,"",SUM(C53:C53)) | E53: ∑
B54: Workday (Hours) | D54: =IF(COUNT(C54:C54)=0,"",SUM(C54:C54)) | E54: ∑
B55: Total Training Hours | C55: =IF(COUNT(C50:C54)=0,"",SUM(C50:C54)) | D55: =IF(COUNT(D50:D54)=0,"",SUM(D50:D54)) | E55: ϝ
B56: Total Trained (Staff) | D56: =IF(COUNT(C56:C56)=0,"",SUM(C56:C56)) | E56: ∑
B57: Training Programs (#) | D57: =IF(COUNT(C57:C57)=0,"",SUM(C57:C57)) | E57: ∑
B58: Training Cost (USD) | D58: =IF(COUNT(C58:C58)=0,"",SUM(C58:C58)) | E58: ∑
B59: Training Travel Cost (USD) | D59: =IF(COUNT(C59:C59)=0,"",SUM(C59:C59)) | E59: ∑
B60: Leadership Hours Trained (%) | C60: =IFERROR(C50/C$55,"") | D60: =IFERROR(D50/D$55,"") | E60: ϝ
B61: Technical Hours Trained (%) | C61: =IFERROR(C51/C$55,"") | D61: =IFERROR(D51/D$55,"") | E61: ϝ
B62: Profess. Dev. Hours Trained (%) | C62: =IFERROR(C52/C$55,"") | D62: =IFERROR(D52/D$55,"") | E62: ϝ
B63: HSSE Hours Trained (%) | C63: =IFERROR(C53/C$55,"") | D63: =IFERROR(D53/D$55,"") | E63: ϝ
B64: Workday Hours Trained (%) | C64: =IFERROR(C54/C$55,"") | D64: =IFERROR(D54/D$55,"") | E64: ϝ
B65: Staff Trained (%) | C65: =IFERROR(C56/C5,"") | D65: =IFERROR(D56/D5,"") | E65: ϝ
B66: Training Hours / EE | C66: =IFERROR(C55/C5,"") | D66: =IFERROR(D55/D5,"") | E66: ϝ
B67: Training Hours / EE Trained | C67: =IFERROR(C55/C56,"") | D67: =IFERROR(D55/D56,"") | E67: ϝ
B68: Training Invest. / EE (USD) | C68: =IF(COUNT(C58:C59)=0,"",IFERROR((N(C58)+N(C59))/C5,"")) | D68: =IF(COUNT(D58:D59)=0,"",IFERROR((N(D58)+N(D59))/D5,"")) | E68: ϝ
B69: Training Invest. / EE Trained (USD) | C69: =IF(COUNT(C58:C59)=0,"",IFERROR((N(C58)+N(C59))/C56,"")) | D69: =IF(COUNT(D58:D59)=0,"",IFERROR((N(D58)+N(D59))/D56,"")) | E69: ϝ
B70: Input Cells Not Submitted | C70: =COUNTBLANK(C3:C4)+COUNTBLANK(C6:C10)+COUNTBLANK(C12:C13)+COUNTBLANK(C18:C20)+COUNTBLANK(C22:C23)+COUNTBLANK(C27:C28)+COUNTBLANK(C34:C35)+COUNTBLANK(C39:C44)+COUNTBLANK(C46:C47)+COUNTBLANK(C50:C54)+COUNTBLANK(C56:C59) | D70: =SUM(C70:C70) | E70: ∑

Sheet DEC
B1: GCG HDQ | C1: 1079
A2: =VALUE(TEXT(EDATE(DATE(LEFT(NOV!A2,4),RIGHT(NOV!A2,2),1),1),"yyyymm")) | B2: DEC | C2: GCG HDQ | D2: TOTAL | E2: Total by Division | F2: =N(F11)<>0
A3: =+A2 | B3: Permanent (Regular) Headcount | D3: =IF(COUNT(C3:C3)=0,"",SUM(C3:C3)) | E3: ∑
B4: Temporary (Fix Term) Headcount | D4: =IF(COUNT(C4:C4)=0,"",SUM(C4:C4)) | E4: ∑
B5: Employee Headcount (Productivity) | C5: =IF(COUNT(C3:C4)=0,"",SUM(C3:C4)) | D5: =IF(COUNT(D3:D4)=0,"",SUM(D3:D4)) | E5: ϝ
B6: Headcount = 1.00 | D6: =IF(COUNT(C6:C6)=0,"",SUM(C6:C6)) | E6: ∑
B7: Headcount = 0.75 | D7: =IF(COUNT(C7:C7)=0,"",SUM(C7:C7)) | E7: ∑
B8: Headcount = 0.50 | D8: =IF(COUNT(C8:C8)=0,"",SUM(C8:C8)) | E8: ∑
B9: Headcount = 0.25 | D9: =IF(COUNT(C9:C9)=0,"",SUM(C9:C9)) | E9: ∑
B10: Standard Monthly Hours (FTE basis) | D10: =IFERROR(AVERAGE(C10:C10),"") | E10: Avg
B11: Employee FTE (Finance) | C11: =IF(COUNT(C6:C9)=0,"",N(C6)+N(C7)*0.75+N(C8)*0.5+N(C9)*0.25) | D11: =IF(COUNT(D6:D9)=0,"",N(D6)+N(D7)*0.75+N(D8)*0.5+N(D9)*0.25) | E11: FTE | F11: =IF(COUNT(D5:D9)=0,"",N(D6)+N(D7)+N(D8)+N(D9)-N(D5))
B12: Subcontracted Workforce HC | D12: =IF(COUNT(C12:C12)=0,"",SUM(C12:C12)) | E12: ∑
B13: Subcontracted Productive Hours | D13: =IF(COUNT(C13:C13)=0,"",SUM(C13:C13)) | E13: ∑
B14: Subcontracted FTE | C14: =IFERROR(C13/C10,"") | D14: =IF(COUNT(C14:C14)=0,"",SUM(C14:C14)) | E14: FTE
B15: Total Operational Workforce | C15: =IF(COUNT(C5,C12)=0,"",SUM(C5,C12)) | D15: =IF(COUNT(D5,D12)=0,"",SUM(D5,D12)) | E15: ϝ
B16: Total Operational FTE | C16: =IF(COUNT(C11,C14)=0,"",SUM(C11,C14)) | D16: =IF(COUNT(D11,D14)=0,"",SUM(D11,D14)) | E16: FTE
B17: Subcontracted Share of Workforce (%) | C17: =IFERROR(C12/C15,"") | D17: =IFERROR(D12/D15,"") | E17: ϝ
B18: FTE HR Team | D18: =IF(COUNT(C18:C18)=0,"",SUM(C18:C18)) | E18: ∑
B19: Permanent Hires | D19: =IF(COUNT(C19:C19)=0,"",SUM(C19:C19)) | E19: ∑
B20: Temporary Hires | D20: =IF(COUNT(C20:C20)=0,"",SUM(C20:C20)) | E20: ∑
B21: Total Hires | C21: =IF(COUNT(C19:C20)=0,"",SUM(C19:C20)) | D21: =IF(COUNT(D19:D20)=0,"",SUM(D19:D20)) | E21: ϝ
B22: Permanent Exits | D22: =IF(COUNT(C22:C22)=0,"",SUM(C22:C22)) | E22: ∑
B23: Temporary Exits | D23: =IF(COUNT(C23:C23)=0,"",SUM(C23:C23)) | E23: ∑
B24: Total Exits | C24: =IF(COUNT(C22:C23)=0,"",SUM(C22:C23)) | D24: =IF(COUNT(D22:D23)=0,"",SUM(D22:D23)) | E24: ϝ
B25: Permanent Turnover (%) | C25: =IF(COUNT(C31,C32)<2,"",IF((C32+C31)=0,"",N(C22)/((C32+C31)/2))) | D25: =IF(COUNT(D31,D32)<2,"",IF((D32+D31)=0,"",N(D22)/((D32+D31)/2))) | E25: ϝ
B26: Temporary Turnover (%) | C26: =IF(COUNT(C31,C32)<2,"",IF((C32+C31)=0,"",N(C23)/((C32+C31)/2))) | D26: =IF(COUNT(D31,D32)<2,"",IF((D32+D31)=0,"",N(D23)/((D32+D31)/2))) | E26: ϝ
B27: Voluntary Terminations | D27: =IF(COUNT(C27:C27)=0,"",SUM(C27:C27)) | E27: ∑
B28: Involuntary Terminations | D28: =IF(COUNT(C28:C28)=0,"",SUM(C28:C28)) | E28: ∑
B29: Voluntary Turnover (%) | C29: =IF(COUNT(C31,C32)<2,"",IF((C32+C31)=0,"",N(C27)/((C32+C31)/2))) | D29: =IF(COUNT(D31,D32)<2,"",IF((D32+D31)=0,"",N(D27)/((D32+D31)/2))) | E29: ϝ
B30: Involuntary Turnover (%) | C30: =IF(COUNT(C31,C32)<2,"",IF((C32+C31)=0,"",N(C28)/((C32+C31)/2))) | D30: =IF(COUNT(D31,D32)<2,"",IF((D32+D31)=0,"",N(D28)/((D32+D31)/2))) | E30: ϝ
B31: Headcount last Month | C31: =IF(NOV!C5="","",NOV!C5) | D31: =IF(COUNT(C31:C31)=0,"",SUM(C31:C31)) | E31: ∑
B32: Headcount this Month | C32: =IF(C5="","",C5) | D32: =IF(COUNT(C32:C32)=0,"",SUM(C32:C32)) | E32: ∑
B33: Full Turnover (%) | C33: =IF(COUNT(C31,C32)<2,"",IF((C32+C31)=0,"",N(C24)/((C32+C31)/2))) | D33: =IF(COUNT(D31,D32)<2,"",IF((D32+D31)=0,"",N(D24)/((D32+D31)/2))) | E33: ϝ
B34: Permanent Vacancies | D34: =IF(COUNT(C34:C34)=0,"",SUM(C34:C34)) | E34: ∑
B35: Temporary Vacancies | D35: =IF(COUNT(C35:C35)=0,"",SUM(C35:C35)) | E35: ∑
B36: Total Vacancies | C36: =IF(COUNT(C34:C35)=0,"",SUM(C34:C35)) | D36: =IF(COUNT(D34:D35)=0,"",SUM(D34:D35)) | E36: ϝ
B37: Authorized Positions | C37: =IF(COUNT(C5,C36)=0,"",N(C5)+N(C36)) | D37: =IF(COUNT(D5,D36)=0,"",N(D5)+N(D36)) | E37: ϝ
B38: Vacancy Rate (%) | C38: =IFERROR(C36/C37,"") | D38: =IFERROR(D36/D37,"") | E38: ϝ
B39: Permanent TimeToHire (Days) YTD | C39: =IF('(GCG_HDQ)'!$AB$6="","",'(GCG_HDQ)'!$AB$6) | D39: =IFERROR(AVERAGE(C39:C39),"") | E39: Avg
B40: Temporary TimeToHire (Days) YTD | C40: =IF('(GCG_HDQ)'!$AD$6="","",'(GCG_HDQ)'!$AD$6) | D40: =IFERROR(AVERAGE(C40:C40),"") | E40: Avg
B41: Check-ins Rate Completed (%) | D41: =IFERROR(AVERAGE(C41:C41),"") | E41: Avg
B42: EE Objectives Completed (#) | D42: =IF(COUNT(C42:C42)=0,"",SUM(C42:C42)) | E42: ∑
B43: Non-certified Absent (Days Lost) | D43: =IF(COUNT(C43:C43)=0,"",SUM(C43:C43)) | E43: ∑
B44: Certified sick leave (Days Lost) | D44: =IF(COUNT(C44:C44)=0,"",SUM(C44:C44)) | E44: ∑
B45: Total Absences | C45: =IF(COUNT(C43:C44)=0,"",SUM(C43:C44)) | D45: =IF(COUNT(D43:D44)=0,"",SUM(D43:D44)) | E45: ϝ
B46: Absent Rate Non-Certified (%) | C46: =IF('(GCG_HDQ)'!$G$6="","",'(GCG_HDQ)'!$G$6) | D46: {=IF(COUNT(C46:C46)=0,"",IFERROR(SUMPRODUCT(IFERROR(C46:C46*((C3:C3)+(C4:C4)),0))/SUMPRODUCT(IFERROR(ISNUMBER(C46:C46)*((C3:C3)+(C4:C4)),0)),""))} | E46: Weighted
B47: Absent Rate Certified (%) | C47: =IF('(GCG_HDQ)'!$O$6="","",'(GCG_HDQ)'!$O$6) | D47: {=IF(COUNT(C47:C47)=0,"",IFERROR(SUMPRODUCT(IFERROR(C47:C47*((C3:C3)+(C4:C4)),0))/SUMPRODUCT(IFERROR(ISNUMBER(C47:C47)*((C3:C3)+(C4:C4)),0)),""))} | E47: Weighted
B48: Absent Rate Total (%) | C48: =IF(COUNT(C46:C47)=0,"",SUM(C46:C47)) | D48: =IF(COUNT(D46:D47)=0,"",SUM(D46:D47)) | E48: Weighted
B49: Weight factor | C49: =IFERROR(C5/$D5,"") | D49: =IF(COUNT(C49:C49)=0,"",SUM(C49:C49)) | E49: Weight Factor
B50: Leadership (Hours) | D50: =IF(COUNT(C50:C50)=0,"",SUM(C50:C50)) | E50: ∑
B51: Technical (Hours) | D51: =IF(COUNT(C51:C51)=0,"",SUM(C51:C51)) | E51: ∑
B52: Professional Develop. (Hours) | D52: =IF(COUNT(C52:C52)=0,"",SUM(C52:C52)) | E52: ∑
B53: HSSE (Hours) | D53: =IF(COUNT(C53:C53)=0,"",SUM(C53:C53)) | E53: ∑
B54: Workday (Hours) | D54: =IF(COUNT(C54:C54)=0,"",SUM(C54:C54)) | E54: ∑
B55: Total Training Hours | C55: =IF(COUNT(C50:C54)=0,"",SUM(C50:C54)) | D55: =IF(COUNT(D50:D54)=0,"",SUM(D50:D54)) | E55: ϝ
B56: Total Trained (Staff) | D56: =IF(COUNT(C56:C56)=0,"",SUM(C56:C56)) | E56: ∑
B57: Training Programs (#) | D57: =IF(COUNT(C57:C57)=0,"",SUM(C57:C57)) | E57: ∑
B58: Training Cost (USD) | D58: =IF(COUNT(C58:C58)=0,"",SUM(C58:C58)) | E58: ∑
B59: Training Travel Cost (USD) | D59: =IF(COUNT(C59:C59)=0,"",SUM(C59:C59)) | E59: ∑
B60: Leadership Hours Trained (%) | C60: =IFERROR(C50/C$55,"") | D60: =IFERROR(D50/D$55,"") | E60: ϝ
B61: Technical Hours Trained (%) | C61: =IFERROR(C51/C$55,"") | D61: =IFERROR(D51/D$55,"") | E61: ϝ
B62: Profess. Dev. Hours Trained (%) | C62: =IFERROR(C52/C$55,"") | D62: =IFERROR(D52/D$55,"") | E62: ϝ
B63: HSSE Hours Trained (%) | C63: =IFERROR(C53/C$55,"") | D63: =IFERROR(D53/D$55,"") | E63: ϝ
B64: Workday Hours Trained (%) | C64: =IFERROR(C54/C$55,"") | D64: =IFERROR(D54/D$55,"") | E64: ϝ
B65: Staff Trained (%) | C65: =IFERROR(C56/C5,"") | D65: =IFERROR(D56/D5,"") | E65: ϝ
B66: Training Hours / EE | C66: =IFERROR(C55/C5,"") | D66: =IFERROR(D55/D5,"") | E66: ϝ
B67: Training Hours / EE Trained | C67: =IFERROR(C55/C56,"") | D67: =IFERROR(D55/D56,"") | E67: ϝ
B68: Training Invest. / EE (USD) | C68: =IF(COUNT(C58:C59)=0,"",IFERROR((N(C58)+N(C59))/C5,"")) | D68: =IF(COUNT(D58:D59)=0,"",IFERROR((N(D58)+N(D59))/D5,"")) | E68: ϝ
B69: Training Invest. / EE Trained (USD) | C69: =IF(COUNT(C58:C59)=0,"",IFERROR((N(C58)+N(C59))/C56,"")) | D69: =IF(COUNT(D58:D59)=0,"",IFERROR((N(D58)+N(D59))/D56,"")) | E69: ϝ
B70: Input Cells Not Submitted | C70: =COUNTBLANK(C3:C4)+COUNTBLANK(C6:C10)+COUNTBLANK(C12:C13)+COUNTBLANK(C18:C20)+COUNTBLANK(C22:C23)+COUNTBLANK(C27:C28)+COUNTBLANK(C34:C35)+COUNTBLANK(C39:C44)+COUNTBLANK(C46:C47)+COUNTBLANK(C50:C54)+COUNTBLANK(C56:C59) | D70: =SUM(C70:C70) | E70: ∑

Sheet JAN
B1: GCG HDQ | C1: 1079
A2: =VALUE(TEXT(EDATE(DATE(LEFT(DEC!A2,4),RIGHT(DEC!A2,2),1),1),"yyyymm")) | B2: JAN | C2: GCG HDQ | D2: TOTAL | E2: Total by Division | F2: =N(F11)<>0
A3: =+A2 | B3: Permanent (Regular) Headcount | D3: =IF(COUNT(C3:C3)=0,"",SUM(C3:C3)) | E3: ∑
B4: Temporary (Fix Term) Headcount | D4: =IF(COUNT(C4:C4)=0,"",SUM(C4:C4)) | E4: ∑
B5: Employee Headcount (Productivity) | C5: =IF(COUNT(C3:C4)=0,"",SUM(C3:C4)) | D5: =IF(COUNT(D3:D4)=0,"",SUM(D3:D4)) | E5: ϝ
B6: Headcount = 1.00 | D6: =IF(COUNT(C6:C6)=0,"",SUM(C6:C6)) | E6: ∑
B7: Headcount = 0.75 | D7: =IF(COUNT(C7:C7)=0,"",SUM(C7:C7)) | E7: ∑
B8: Headcount = 0.50 | D8: =IF(COUNT(C8:C8)=0,"",SUM(C8:C8)) | E8: ∑
B9: Headcount = 0.25 | D9: =IF(COUNT(C9:C9)=0,"",SUM(C9:C9)) | E9: ∑
B10: Standard Monthly Hours (FTE basis) | D10: =IFERROR(AVERAGE(C10:C10),"") | E10: Avg
B11: Employee FTE (Finance) | C11: =IF(COUNT(C6:C9)=0,"",N(C6)+N(C7)*0.75+N(C8)*0.5+N(C9)*0.25) | D11: =IF(COUNT(D6:D9)=0,"",N(D6)+N(D7)*0.75+N(D8)*0.5+N(D9)*0.25) | E11: FTE | F11: =IF(COUNT(D5:D9)=0,"",N(D6)+N(D7)+N(D8)+N(D9)-N(D5))
B12: Subcontracted Workforce HC | D12: =IF(COUNT(C12:C12)=0,"",SUM(C12:C12)) | E12: ∑
B13: Subcontracted Productive Hours | D13: =IF(COUNT(C13:C13)=0,"",SUM(C13:C13)) | E13: ∑
B14: Subcontracted FTE | C14: =IFERROR(C13/C10,"") | D14: =IF(COUNT(C14:C14)=0,"",SUM(C14:C14)) | E14: FTE
B15: Total Operational Workforce | C15: =IF(COUNT(C5,C12)=0,"",SUM(C5,C12)) | D15: =IF(COUNT(D5,D12)=0,"",SUM(D5,D12)) | E15: ϝ
B16: Total Operational FTE | C16: =IF(COUNT(C11,C14)=0,"",SUM(C11,C14)) | D16: =IF(COUNT(D11,D14)=0,"",SUM(D11,D14)) | E16: FTE
B17: Subcontracted Share of Workforce (%) | C17: =IFERROR(C12/C15,"") | D17: =IFERROR(D12/D15,"") | E17: ϝ
B18: FTE HR Team | D18: =IF(COUNT(C18:C18)=0,"",SUM(C18:C18)) | E18: ∑
B19: Permanent Hires | D19: =IF(COUNT(C19:C19)=0,"",SUM(C19:C19)) | E19: ∑
B20: Temporary Hires | D20: =IF(COUNT(C20:C20)=0,"",SUM(C20:C20)) | E20: ∑
B21: Total Hires | C21: =IF(COUNT(C19:C20)=0,"",SUM(C19:C20)) | D21: =IF(COUNT(D19:D20)=0,"",SUM(D19:D20)) | E21: ϝ
B22: Permanent Exits | D22: =IF(COUNT(C22:C22)=0,"",SUM(C22:C22)) | E22: ∑
B23: Temporary Exits | D23: =IF(COUNT(C23:C23)=0,"",SUM(C23:C23)) | E23: ∑
B24: Total Exits | C24: =IF(COUNT(C22:C23)=0,"",SUM(C22:C23)) | D24: =IF(COUNT(D22:D23)=0,"",SUM(D22:D23)) | E24: ϝ
B25: Permanent Turnover (%) | C25: =IF(COUNT(C31,C32)<2,"",IF((C32+C31)=0,"",N(C22)/((C32+C31)/2))) | D25: =IF(COUNT(D31,D32)<2,"",IF((D32+D31)=0,"",N(D22)/((D32+D31)/2))) | E25: ϝ
B26: Temporary Turnover (%) | C26: =IF(COUNT(C31,C32)<2,"",IF((C32+C31)=0,"",N(C23)/((C32+C31)/2))) | D26: =IF(COUNT(D31,D32)<2,"",IF((D32+D31)=0,"",N(D23)/((D32+D31)/2))) | E26: ϝ
B27: Voluntary Terminations | D27: =IF(COUNT(C27:C27)=0,"",SUM(C27:C27)) | E27: ∑
B28: Involuntary Terminations | D28: =IF(COUNT(C28:C28)=0,"",SUM(C28:C28)) | E28: ∑
B29: Voluntary Turnover (%) | C29: =IF(COUNT(C31,C32)<2,"",IF((C32+C31)=0,"",N(C27)/((C32+C31)/2))) | D29: =IF(COUNT(D31,D32)<2,"",IF((D32+D31)=0,"",N(D27)/((D32+D31)/2))) | E29: ϝ
B30: Involuntary Turnover (%) | C30: =IF(COUNT(C31,C32)<2,"",IF((C32+C31)=0,"",N(C28)/((C32+C31)/2))) | D30: =IF(COUNT(D31,D32)<2,"",IF((D32+D31)=0,"",N(D28)/((D32+D31)/2))) | E30: ϝ
B31: Headcount last Month | C31: =IF(DEC!C5="","",DEC!C5) | D31: =IF(COUNT(C31:C31)=0,"",SUM(C31:C31)) | E31: ∑
B32: Headcount this Month | C32: =IF(C5="","",C5) | D32: =IF(COUNT(C32:C32)=0,"",SUM(C32:C32)) | E32: ∑
B33: Full Turnover (%) | C33: =IF(COUNT(C31,C32)<2,"",IF((C32+C31)=0,"",N(C24)/((C32+C31)/2))) | D33: =IF(COUNT(D31,D32)<2,"",IF((D32+D31)=0,"",N(D24)/((D32+D31)/2))) | E33: ϝ
B34: Permanent Vacancies | D34: =IF(COUNT(C34:C34)=0,"",SUM(C34:C34)) | E34: ∑
B35: Temporary Vacancies | D35: =IF(COUNT(C35:C35)=0,"",SUM(C35:C35)) | E35: ∑
B36: Total Vacancies | C36: =IF(COUNT(C34:C35)=0,"",SUM(C34:C35)) | D36: =IF(COUNT(D34:D35)=0,"",SUM(D34:D35)) | E36: ϝ
B37: Authorized Positions | C37: =IF(COUNT(C5,C36)=0,"",N(C5)+N(C36)) | D37: =IF(COUNT(D5,D36)=0,"",N(D5)+N(D36)) | E37: ϝ
B38: Vacancy Rate (%) | C38: =IFERROR(C36/C37,"") | D38: =IFERROR(D36/D37,"") | E38: ϝ
B39: Permanent TimeToHire (Days) YTD | C39: =IF('(GCG_HDQ)'!$AB$7="","",'(GCG_HDQ)'!$AB$7) | D39: =IFERROR(AVERAGE(C39:C39),"") | E39: Avg
B40: Temporary TimeToHire (Days) YTD | C40: =IF('(GCG_HDQ)'!$AD$7="","",'(GCG_HDQ)'!$AD$7) | D40: =IFERROR(AVERAGE(C40:C40),"") | E40: Avg
B41: Check-ins Rate Completed (%) | D41: =IFERROR(AVERAGE(C41:C41),"") | E41: Avg
B42: EE Objectives Completed (#) | D42: =IF(COUNT(C42:C42)=0,"",SUM(C42:C42)) | E42: ∑
B43: Non-certified Absent (Days Lost) | D43: =IF(COUNT(C43:C43)=0,"",SUM(C43:C43)) | E43: ∑
B44: Certified sick leave (Days Lost) | D44: =IF(COUNT(C44:C44)=0,"",SUM(C44:C44)) | E44: ∑
B45: Total Absences | C45: =IF(COUNT(C43:C44)=0,"",SUM(C43:C44)) | D45: =IF(COUNT(D43:D44)=0,"",SUM(D43:D44)) | E45: ϝ
B46: Absent Rate Non-Certified (%) | C46: =IF('(GCG_HDQ)'!$G$7="","",'(GCG_HDQ)'!$G$7) | D46: {=IF(COUNT(C46:C46)=0,"",IFERROR(SUMPRODUCT(IFERROR(C46:C46*((C3:C3)+(C4:C4)),0))/SUMPRODUCT(IFERROR(ISNUMBER(C46:C46)*((C3:C3)+(C4:C4)),0)),""))} | E46: Weighted
B47: Absent Rate Certified (%) | C47: =IF('(GCG_HDQ)'!$O$7="","",'(GCG_HDQ)'!$O$7) | D47: {=IF(COUNT(C47:C47)=0,"",IFERROR(SUMPRODUCT(IFERROR(C47:C47*((C3:C3)+(C4:C4)),0))/SUMPRODUCT(IFERROR(ISNUMBER(C47:C47)*((C3:C3)+(C4:C4)),0)),""))} | E47: Weighted
B48: Absent Rate Total (%) | C48: =IF(COUNT(C46:C47)=0,"",SUM(C46:C47)) | D48: =IF(COUNT(D46:D47)=0,"",SUM(D46:D47)) | E48: Weighted
B49: Weight factor | C49: =IFERROR(C5/$D5,"") | D49: =IF(COUNT(C49:C49)=0,"",SUM(C49:C49)) | E49: Weight Factor
B50: Leadership (Hours) | D50: =IF(COUNT(C50:C50)=0,"",SUM(C50:C50)) | E50: ∑
B51: Technical (Hours) | D51: =IF(COUNT(C51:C51)=0,"",SUM(C51:C51)) | E51: ∑
B52: Professional Develop. (Hours) | D52: =IF(COUNT(C52:C52)=0,"",SUM(C52:C52)) | E52: ∑
B53: HSSE (Hours) | D53: =IF(COUNT(C53:C53)=0,"",SUM(C53:C53)) | E53: ∑
B54: Workday (Hours) | D54: =IF(COUNT(C54:C54)=0,"",SUM(C54:C54)) | E54: ∑
B55: Total Training Hours | C55: =IF(COUNT(C50:C54)=0,"",SUM(C50:C54)) | D55: =IF(COUNT(D50:D54)=0,"",SUM(D50:D54)) | E55: ϝ
B56: Total Trained (Staff) | D56: =IF(COUNT(C56:C56)=0,"",SUM(C56:C56)) | E56: ∑
B57: Training Programs (#) | D57: =IF(COUNT(C57:C57)=0,"",SUM(C57:C57)) | E57: ∑
B58: Training Cost (USD) | D58: =IF(COUNT(C58:C58)=0,"",SUM(C58:C58)) | E58: ∑
B59: Training Travel Cost (USD) | D59: =IF(COUNT(C59:C59)=0,"",SUM(C59:C59)) | E59: ∑
B60: Leadership Hours Trained (%) | C60: =IFERROR(C50/C$55,"") | D60: =IFERROR(D50/D$55,"") | E60: ϝ
B61: Technical Hours Trained (%) | C61: =IFERROR(C51/C$55,"") | D61: =IFERROR(D51/D$55,"") | E61: ϝ
B62: Profess. Dev. Hours Trained (%) | C62: =IFERROR(C52/C$55,"") | D62: =IFERROR(D52/D$55,"") | E62: ϝ
B63: HSSE Hours Trained (%) | C63: =IFERROR(C53/C$55,"") | D63: =IFERROR(D53/D$55,"") | E63: ϝ
B64: Workday Hours Trained (%) | C64: =IFERROR(C54/C$55,"") | D64: =IFERROR(D54/D$55,"") | E64: ϝ
B65: Staff Trained (%) | C65: =IFERROR(C56/C5,"") | D65: =IFERROR(D56/D5,"") | E65: ϝ
B66: Training Hours / EE | C66: =IFERROR(C55/C5,"") | D66: =IFERROR(D55/D5,"") | E66: ϝ
B67: Training Hours / EE Trained | C67: =IFERROR(C55/C56,"") | D67: =IFERROR(D55/D56,"") | E67: ϝ
B68: Training Invest. / EE (USD) | C68: =IF(COUNT(C58:C59)=0,"",IFERROR((N(C58)+N(C59))/C5,"")) | D68: =IF(COUNT(D58:D59)=0,"",IFERROR((N(D58)+N(D59))/D5,"")) | E68: ϝ
B69: Training Invest. / EE Trained (USD) | C69: =IF(COUNT(C58:C59)=0,"",IFERROR((N(C58)+N(C59))/C56,"")) | D69: =IF(COUNT(D58:D59)=0,"",IFERROR((N(D58)+N(D59))/D56,"")) | E69: ϝ
B70: Input Cells Not Submitted | C70: =COUNTBLANK(C3:C4)+COUNTBLANK(C6:C10)+COUNTBLANK(C12:C13)+COUNTBLANK(C18:C20)+COUNTBLANK(C22:C23)+COUNTBLANK(C27:C28)+COUNTBLANK(C34:C35)+COUNTBLANK(C39:C44)+COUNTBLANK(C46:C47)+COUNTBLANK(C50:C54)+COUNTBLANK(C56:C59) | D70: =SUM(C70:C70) | E70: ∑

Sheet FEB
B1: GCG HDQ | C1: 1079
A2: =VALUE(TEXT(EDATE(DATE(LEFT(JAN!A2,4),RIGHT(JAN!A2,2),1),1),"yyyymm")) | B2: FEB | C2: GCG HDQ | D2: TOTAL | E2: Total by Division | F2: =N(F11)<>0
A3: =+A2 | B3: Permanent (Regular) Headcount | D3: =IF(COUNT(C3:C3)=0,"",SUM(C3:C3)) | E3: ∑
B4: Temporary (Fix Term) Headcount | D4: =IF(COUNT(C4:C4)=0,"",SUM(C4:C4)) | E4: ∑
B5: Employee Headcount (Productivity) | C5: =IF(COUNT(C3:C4)=0,"",SUM(C3:C4)) | D5: =IF(COUNT(D3:D4)=0,"",SUM(D3:D4)) | E5: ϝ
B6: Headcount = 1.00 | D6: =IF(COUNT(C6:C6)=0,"",SUM(C6:C6)) | E6: ∑
B7: Headcount = 0.75 | D7: =IF(COUNT(C7:C7)=0,"",SUM(C7:C7)) | E7: ∑
B8: Headcount = 0.50 | D8: =IF(COUNT(C8:C8)=0,"",SUM(C8:C8)) | E8: ∑
B9: Headcount = 0.25 | D9: =IF(COUNT(C9:C9)=0,"",SUM(C9:C9)) | E9: ∑
B10: Standard Monthly Hours (FTE basis) | D10: =IFERROR(AVERAGE(C10:C10),"") | E10: Avg
B11: Employee FTE (Finance) | C11: =IF(COUNT(C6:C9)=0,"",N(C6)+N(C7)*0.75+N(C8)*0.5+N(C9)*0.25) | D11: =IF(COUNT(D6:D9)=0,"",N(D6)+N(D7)*0.75+N(D8)*0.5+N(D9)*0.25) | E11: FTE | F11: =IF(COUNT(D5:D9)=0,"",N(D6)+N(D7)+N(D8)+N(D9)-N(D5))
B12: Subcontracted Workforce HC | D12: =IF(COUNT(C12:C12)=0,"",SUM(C12:C12)) | E12: ∑
B13: Subcontracted Productive Hours | D13: =IF(COUNT(C13:C13)=0,"",SUM(C13:C13)) | E13: ∑
B14: Subcontracted FTE | C14: =IFERROR(C13/C10,"") | D14: =IF(COUNT(C14:C14)=0,"",SUM(C14:C14)) | E14: FTE
B15: Total Operational Workforce | C15: =IF(COUNT(C5,C12)=0,"",SUM(C5,C12)) | D15: =IF(COUNT(D5,D12)=0,"",SUM(D5,D12)) | E15: ϝ
B16: Total Operational FTE | C16: =IF(COUNT(C11,C14)=0,"",SUM(C11,C14)) | D16: =IF(COUNT(D11,D14)=0,"",SUM(D11,D14)) | E16: FTE
B17: Subcontracted Share of Workforce (%) | C17: =IFERROR(C12/C15,"") | D17: =IFERROR(D12/D15,"") | E17: ϝ
B18: FTE HR Team | D18: =IF(COUNT(C18:C18)=0,"",SUM(C18:C18)) | E18: ∑
B19: Permanent Hires | D19: =IF(COUNT(C19:C19)=0,"",SUM(C19:C19)) | E19: ∑
B20: Temporary Hires | D20: =IF(COUNT(C20:C20)=0,"",SUM(C20:C20)) | E20: ∑
B21: Total Hires | C21: =IF(COUNT(C19:C20)=0,"",SUM(C19:C20)) | D21: =IF(COUNT(D19:D20)=0,"",SUM(D19:D20)) | E21: ϝ
B22: Permanent Exits | D22: =IF(COUNT(C22:C22)=0,"",SUM(C22:C22)) | E22: ∑
B23: Temporary Exits | D23: =IF(COUNT(C23:C23)=0,"",SUM(C23:C23)) | E23: ∑
B24: Total Exits | C24: =IF(COUNT(C22:C23)=0,"",SUM(C22:C23)) | D24: =IF(COUNT(D22:D23)=0,"",SUM(D22:D23)) | E24: ϝ
B25: Permanent Turnover (%) | C25: =IF(COUNT(C31,C32)<2,"",IF((C32+C31)=0,"",N(C22)/((C32+C31)/2))) | D25: =IF(COUNT(D31,D32)<2,"",IF((D32+D31)=0,"",N(D22)/((D32+D31)/2))) | E25: ϝ
B26: Temporary Turnover (%) | C26: =IF(COUNT(C31,C32)<2,"",IF((C32+C31)=0,"",N(C23)/((C32+C31)/2))) | D26: =IF(COUNT(D31,D32)<2,"",IF((D32+D31)=0,"",N(D23)/((D32+D31)/2))) | E26: ϝ
B27: Voluntary Terminations | D27: =IF(COUNT(C27:C27)=0,"",SUM(C27:C27)) | E27: ∑
B28: Involuntary Terminations | D28: =IF(COUNT(C28:C28)=0,"",SUM(C28:C28)) | E28: ∑
B29: Voluntary Turnover (%) | C29: =IF(COUNT(C31,C32)<2,"",IF((C32+C31)=0,"",N(C27)/((C32+C31)/2))) | D29: =IF(COUNT(D31,D32)<2,"",IF((D32+D31)=0,"",N(D27)/((D32+D31)/2))) | E29: ϝ
B30: Involuntary Turnover (%) | C30: =IF(COUNT(C31,C32)<2,"",IF((C32+C31)=0,"",N(C28)/((C32+C31)/2))) | D30: =IF(COUNT(D31,D32)<2,"",IF((D32+D31)=0,"",N(D28)/((D32+D31)/2))) | E30: ϝ
B31: Headcount last Month | C31: =IF(JAN!C5="","",JAN!C5) | D31: =IF(COUNT(C31:C31)=0,"",SUM(C31:C31)) | E31: ∑
B32: Headcount this Month | C32: =IF(C5="","",C5) | D32: =IF(COUNT(C32:C32)=0,"",SUM(C32:C32)) | E32: ∑
B33: Full Turnover (%) | C33: =IF(COUNT(C31,C32)<2,"",IF((C32+C31)=0,"",N(C24)/((C32+C31)/2))) | D33: =IF(COUNT(D31,D32)<2,"",IF((D32+D31)=0,"",N(D24)/((D32+D31)/2))) | E33: ϝ
B34: Permanent Vacancies | D34: =IF(COUNT(C34:C34)=0,"",SUM(C34:C34)) | E34: ∑
B35: Temporary Vacancies | D35: =IF(COUNT(C35:C35)=0,"",SUM(C35:C35)) | E35: ∑
B36: Total Vacancies | C36: =IF(COUNT(C34:C35)=0,"",SUM(C34:C35)) | D36: =IF(COUNT(D34:D35)=0,"",SUM(D34:D35)) | E36: ϝ
B37: Authorized Positions | C37: =IF(COUNT(C5,C36)=0,"",N(C5)+N(C36)) | D37: =IF(COUNT(D5,D36)=0,"",N(D5)+N(D36)) | E37: ϝ
B38: Vacancy Rate (%) | C38: =IFERROR(C36/C37,"") | D38: =IFERROR(D36/D37,"") | E38: ϝ
B39: Permanent TimeToHire (Days) YTD | C39: =IF('(GCG_HDQ)'!$AB$8="","",'(GCG_HDQ)'!$AB$8) | D39: =IFERROR(AVERAGE(C39:C39),"") | E39: Avg
B40: Temporary TimeToHire (Days) YTD | C40: =IF('(GCG_HDQ)'!$AD$8="","",'(GCG_HDQ)'!$AD$8) | D40: =IFERROR(AVERAGE(C40:C40),"") | E40: Avg
B41: Check-ins Rate Completed (%) | D41: =IFERROR(AVERAGE(C41:C41),"") | E41: Avg
B42: EE Objectives Completed (#) | D42: =IF(COUNT(C42:C42)=0,"",SUM(C42:C42)) | E42: ∑
B43: Non-certified Absent (Days Lost) | D43: =IF(COUNT(C43:C43)=0,"",SUM(C43:C43)) | E43: ∑
B44: Certified sick leave (Days Lost) | D44: =IF(COUNT(C44:C44)=0,"",SUM(C44:C44)) | E44: ∑
B45: Total Absences | C45: =IF(COUNT(C43:C44)=0,"",SUM(C43:C44)) | D45: =IF(COUNT(D43:D44)=0,"",SUM(D43:D44)) | E45: ϝ
B46: Absent Rate Non-Certified (%) | C46: =IF('(GCG_HDQ)'!$G$8="","",'(GCG_HDQ)'!$G$8) | D46: {=IF(COUNT(C46:C46)=0,"",IFERROR(SUMPRODUCT(IFERROR(C46:C46*((C3:C3)+(C4:C4)),0))/SUMPRODUCT(IFERROR(ISNUMBER(C46:C46)*((C3:C3)+(C4:C4)),0)),""))} | E46: Weighted
B47: Absent Rate Certified (%) | C47: =IF('(GCG_HDQ)'!$O$8="","",'(GCG_HDQ)'!$O$8) | D47: {=IF(COUNT(C47:C47)=0,"",IFERROR(SUMPRODUCT(IFERROR(C47:C47*((C3:C3)+(C4:C4)),0))/SUMPRODUCT(IFERROR(ISNUMBER(C47:C47)*((C3:C3)+(C4:C4)),0)),""))} | E47: Weighted
B48: Absent Rate Total (%) | C48: =IF(COUNT(C46:C47)=0,"",SUM(C46:C47)) | D48: =IF(COUNT(D46:D47)=0,"",SUM(D46:D47)) | E48: Weighted
B49: Weight factor | C49: =IFERROR(C5/$D5,"") | D49: =IF(COUNT(C49:C49)=0,"",SUM(C49:C49)) | E49: Weight Factor
B50: Leadership (Hours) | D50: =IF(COUNT(C50:C50)=0,"",SUM(C50:C50)) | E50: ∑
B51: Technical (Hours) | D51: =IF(COUNT(C51:C51)=0,"",SUM(C51:C51)) | E51: ∑
B52: Professional Develop. (Hours) | D52: =IF(COUNT(C52:C52)=0,"",SUM(C52:C52)) | E52: ∑
B53: HSSE (Hours) | D53: =IF(COUNT(C53:C53)=0,"",SUM(C53:C53)) | E53: ∑
B54: Workday (Hours) | D54: =IF(COUNT(C54:C54)=0,"",SUM(C54:C54)) | E54: ∑
B55: Total Training Hours | C55: =IF(COUNT(C50:C54)=0,"",SUM(C50:C54)) | D55: =IF(COUNT(D50:D54)=0,"",SUM(D50:D54)) | E55: ϝ
B56: Total Trained (Staff) | D56: =IF(COUNT(C56:C56)=0,"",SUM(C56:C56)) | E56: ∑
B57: Training Programs (#) | D57: =IF(COUNT(C57:C57)=0,"",SUM(C57:C57)) | E57: ∑
B58: Training Cost (USD) | D58: =IF(COUNT(C58:C58)=0,"",SUM(C58:C58)) | E58: ∑
B59: Training Travel Cost (USD) | D59: =IF(COUNT(C59:C59)=0,"",SUM(C59:C59)) | E59: ∑
B60: Leadership Hours Trained (%) | C60: =IFERROR(C50/C$55,"") | D60: =IFERROR(D50/D$55,"") | E60: ϝ
B61: Technical Hours Trained (%) | C61: =IFERROR(C51/C$55,"") | D61: =IFERROR(D51/D$55,"") | E61: ϝ
B62: Profess. Dev. Hours Trained (%) | C62: =IFERROR(C52/C$55,"") | D62: =IFERROR(D52/D$55,"") | E62: ϝ
B63: HSSE Hours Trained (%) | C63: =IFERROR(C53/C$55,"") | D63: =IFERROR(D53/D$55,"") | E63: ϝ
B64: Workday Hours Trained (%) | C64: =IFERROR(C54/C$55,"") | D64: =IFERROR(D54/D$55,"") | E64: ϝ
B65: Staff Trained (%) | C65: =IFERROR(C56/C5,"") | D65: =IFERROR(D56/D5,"") | E65: ϝ
B66: Training Hours / EE | C66: =IFERROR(C55/C5,"") | D66: =IFERROR(D55/D5,"") | E66: ϝ
B67: Training Hours / EE Trained | C67: =IFERROR(C55/C56,"") | D67: =IFERROR(D55/D56,"") | E67: ϝ
B68: Training Invest. / EE (USD) | C68: =IF(COUNT(C58:C59)=0,"",IFERROR((N(C58)+N(C59))/C5,"")) | D68: =IF(COUNT(D58:D59)=0,"",IFERROR((N(D58)+N(D59))/D5,"")) | E68: ϝ
B69: Training Invest. / EE Trained (USD) | C69: =IF(COUNT(C58:C59)=0,"",IFERROR((N(C58)+N(C59))/C56,"")) | D69: =IF(COUNT(D58:D59)=0,"",IFERROR((N(D58)+N(D59))/D56,"")) | E69: ϝ
B70: Input Cells Not Submitted | C70: =COUNTBLANK(C3:C4)+COUNTBLANK(C6:C10)+COUNTBLANK(C12:C13)+COUNTBLANK(C18:C20)+COUNTBLANK(C22:C23)+COUNTBLANK(C27:C28)+COUNTBLANK(C34:C35)+COUNTBLANK(C39:C44)+COUNTBLANK(C46:C47)+COUNTBLANK(C50:C54)+COUNTBLANK(C56:C59) | D70: =SUM(C70:C70) | E70: ∑

Sheet MAR
B1: GCG HDQ | C1: 1079
A2: =VALUE(TEXT(EDATE(DATE(LEFT(FEB!A2,4),RIGHT(FEB!A2,2),1),1),"yyyymm")) | B2: MAR | C2: GCG HDQ | D2: TOTAL | E2: Total by Division | F2: =N(F11)<>0
A3: =+A2 | B3: Permanent (Regular) Headcount | D3: =IF(COUNT(C3:C3)=0,"",SUM(C3:C3)) | E3: ∑
B4: Temporary (Fix Term) Headcount | D4: =IF(COUNT(C4:C4)=0,"",SUM(C4:C4)) | E4: ∑
B5: Employee Headcount (Productivity) | C5: =IF(COUNT(C3:C4)=0,"",SUM(C3:C4)) | D5: =IF(COUNT(D3:D4)=0,"",SUM(D3:D4)) | E5: ϝ
B6: Headcount = 1.00 | D6: =IF(COUNT(C6:C6)=0,"",SUM(C6:C6)) | E6: ∑
B7: Headcount = 0.75 | D7: =IF(COUNT(C7:C7)=0,"",SUM(C7:C7)) | E7: ∑
B8: Headcount = 0.50 | D8: =IF(COUNT(C8:C8)=0,"",SUM(C8:C8)) | E8: ∑
B9: Headcount = 0.25 | D9: =IF(COUNT(C9:C9)=0,"",SUM(C9:C9)) | E9: ∑
B10: Standard Monthly Hours (FTE basis) | D10: =IFERROR(AVERAGE(C10:C10),"") | E10: Avg
B11: Employee FTE (Finance) | C11: =IF(COUNT(C6:C9)=0,"",N(C6)+N(C7)*0.75+N(C8)*0.5+N(C9)*0.25) | D11: =IF(COUNT(D6:D9)=0,"",N(D6)+N(D7)*0.75+N(D8)*0.5+N(D9)*0.25) | E11: FTE | F11: =IF(COUNT(D5:D9)=0,"",N(D6)+N(D7)+N(D8)+N(D9)-N(D5))
B12: Subcontracted Workforce HC | D12: =IF(COUNT(C12:C12)=0,"",SUM(C12:C12)) | E12: ∑
B13: Subcontracted Productive Hours | D13: =IF(COUNT(C13:C13)=0,"",SUM(C13:C13)) | E13: ∑
B14: Subcontracted FTE | C14: =IFERROR(C13/C10,"") | D14: =IF(COUNT(C14:C14)=0,"",SUM(C14:C14)) | E14: FTE
B15: Total Operational Workforce | C15: =IF(COUNT(C5,C12)=0,"",SUM(C5,C12)) | D15: =IF(COUNT(D5,D12)=0,"",SUM(D5,D12)) | E15: ϝ
B16: Total Operational FTE | C16: =IF(COUNT(C11,C14)=0,"",SUM(C11,C14)) | D16: =IF(COUNT(D11,D14)=0,"",SUM(D11,D14)) | E16: FTE
B17: Subcontracted Share of Workforce (%) | C17: =IFERROR(C12/C15,"") | D17: =IFERROR(D12/D15,"") | E17: ϝ
B18: FTE HR Team | D18: =IF(COUNT(C18:C18)=0,"",SUM(C18:C18)) | E18: ∑
B19: Permanent Hires | D19: =IF(COUNT(C19:C19)=0,"",SUM(C19:C19)) | E19: ∑
B20: Temporary Hires | D20: =IF(COUNT(C20:C20)=0,"",SUM(C20:C20)) | E20: ∑
B21: Total Hires | C21: =IF(COUNT(C19:C20)=0,"",SUM(C19:C20)) | D21: =IF(COUNT(D19:D20)=0,"",SUM(D19:D20)) | E21: ϝ
B22: Permanent Exits | D22: =IF(COUNT(C22:C22)=0,"",SUM(C22:C22)) | E22: ∑
B23: Temporary Exits | D23: =IF(COUNT(C23:C23)=0,"",SUM(C23:C23)) | E23: ∑
B24: Total Exits | C24: =IF(COUNT(C22:C23)=0,"",SUM(C22:C23)) | D24: =IF(COUNT(D22:D23)=0,"",SUM(D22:D23)) | E24: ϝ
B25: Permanent Turnover (%) | C25: =IF(COUNT(C31,C32)<2,"",IF((C32+C31)=0,"",N(C22)/((C32+C31)/2))) | D25: =IF(COUNT(D31,D32)<2,"",IF((D32+D31)=0,"",N(D22)/((D32+D31)/2))) | E25: ϝ
B26: Temporary Turnover (%) | C26: =IF(COUNT(C31,C32)<2,"",IF((C32+C31)=0,"",N(C23)/((C32+C31)/2))) | D26: =IF(COUNT(D31,D32)<2,"",IF((D32+D31)=0,"",N(D23)/((D32+D31)/2))) | E26: ϝ
B27: Voluntary Terminations | D27: =IF(COUNT(C27:C27)=0,"",SUM(C27:C27)) | E27: ∑
B28: Involuntary Terminations | D28: =IF(COUNT(C28:C28)=0,"",SUM(C28:C28)) | E28: ∑
B29: Voluntary Turnover (%) | C29: =IF(COUNT(C31,C32)<2,"",IF((C32+C31)=0,"",N(C27)/((C32+C31)/2))) | D29: =IF(COUNT(D31,D32)<2,"",IF((D32+D31)=0,"",N(D27)/((D32+D31)/2))) | E29: ϝ
B30: Involuntary Turnover (%) | C30: =IF(COUNT(C31,C32)<2,"",IF((C32+C31)=0,"",N(C28)/((C32+C31)/2))) | D30: =IF(COUNT(D31,D32)<2,"",IF((D32+D31)=0,"",N(D28)/((D32+D31)/2))) | E30: ϝ
B31: Headcount last Month | C31: =IF(FEB!C5="","",FEB!C5) | D31: =IF(COUNT(C31:C31)=0,"",SUM(C31:C31)) | E31: ∑
B32: Headcount this Month | C32: =IF(C5="","",C5) | D32: =IF(COUNT(C32:C32)=0,"",SUM(C32:C32)) | E32: ∑
B33: Full Turnover (%) | C33: =IF(COUNT(C31,C32)<2,"",IF((C32+C31)=0,"",N(C24)/((C32+C31)/2))) | D33: =IF(COUNT(D31,D32)<2,"",IF((D32+D31)=0,"",N(D24)/((D32+D31)/2))) | E33: ϝ
B34: Permanent Vacancies | D34: =IF(COUNT(C34:C34)=0,"",SUM(C34:C34)) | E34: ∑
B35: Temporary Vacancies | D35: =IF(COUNT(C35:C35)=0,"",SUM(C35:C35)) | E35: ∑
B36: Total Vacancies | C36: =IF(COUNT(C34:C35)=0,"",SUM(C34:C35)) | D36: =IF(COUNT(D34:D35)=0,"",SUM(D34:D35)) | E36: ϝ
B37: Authorized Positions | C37: =IF(COUNT(C5,C36)=0,"",N(C5)+N(C36)) | D37: =IF(COUNT(D5,D36)=0,"",N(D5)+N(D36)) | E37: ϝ
B38: Vacancy Rate (%) | C38: =IFERROR(C36/C37,"") | D38: =IFERROR(D36/D37,"") | E38: ϝ
B39: Permanent TimeToHire (Days) YTD | C39: =IF('(GCG_HDQ)'!$AB$9="","",'(GCG_HDQ)'!$AB$9) | D39: =IFERROR(AVERAGE(C39:C39),"") | E39: Avg
B40: Temporary TimeToHire (Days) YTD | C40: =IF('(GCG_HDQ)'!$AD$9="","",'(GCG_HDQ)'!$AD$9) | D40: =IFERROR(AVERAGE(C40:C40),"") | E40: Avg
B41: Check-ins Rate Completed (%) | D41: =IFERROR(AVERAGE(C41:C41),"") | E41: Avg
B42: EE Objectives Completed (#) | D42: =IF(COUNT(C42:C42)=0,"",SUM(C42:C42)) | E42: ∑
B43: Non-certified Absent (Days Lost) | D43: =IF(COUNT(C43:C43)=0,"",SUM(C43:C43)) | E43: ∑
B44: Certified sick leave (Days Lost) | D44: =IF(COUNT(C44:C44)=0,"",SUM(C44:C44)) | E44: ∑
B45: Total Absences | C45: =IF(COUNT(C43:C44)=0,"",SUM(C43:C44)) | D45: =IF(COUNT(D43:D44)=0,"",SUM(D43:D44)) | E45: ϝ
B46: Absent Rate Non-Certified (%) | C46: =IF('(GCG_HDQ)'!$G$9="","",'(GCG_HDQ)'!$G$9) | D46: {=IF(COUNT(C46:C46)=0,"",IFERROR(SUMPRODUCT(IFERROR(C46:C46*((C3:C3)+(C4:C4)),0))/SUMPRODUCT(IFERROR(ISNUMBER(C46:C46)*((C3:C3)+(C4:C4)),0)),""))} | E46: Weighted
B47: Absent Rate Certified (%) | C47: =IF('(GCG_HDQ)'!$O$9="","",'(GCG_HDQ)'!$O$9) | D47: {=IF(COUNT(C47:C47)=0,"",IFERROR(SUMPRODUCT(IFERROR(C47:C47*((C3:C3)+(C4:C4)),0))/SUMPRODUCT(IFERROR(ISNUMBER(C47:C47)*((C3:C3)+(C4:C4)),0)),""))} | E47: Weighted
B48: Absent Rate Total (%) | C48: =IF(COUNT(C46:C47)=0,"",SUM(C46:C47)) | D48: =IF(COUNT(D46:D47)=0,"",SUM(D46:D47)) | E48: Weighted
B49: Weight factor | C49: =IFERROR(C5/$D5,"") | D49: =IF(COUNT(C49:C49)=0,"",SUM(C49:C49)) | E49: Weight Factor
B50: Leadership (Hours) | D50: =IF(COUNT(C50:C50)=0,"",SUM(C50:C50)) | E50: ∑
B51: Technical (Hours) | D51: =IF(COUNT(C51:C51)=0,"",SUM(C51:C51)) | E51: ∑
B52: Professional Develop. (Hours) | D52: =IF(COUNT(C52:C52)=0,"",SUM(C52:C52)) | E52: ∑
B53: HSSE (Hours) | D53: =IF(COUNT(C53:C53)=0,"",SUM(C53:C53)) | E53: ∑
B54: Workday (Hours) | D54: =IF(COUNT(C54:C54)=0,"",SUM(C54:C54)) | E54: ∑
B55: Total Training Hours | C55: =IF(COUNT(C50:C54)=0,"",SUM(C50:C54)) | D55: =IF(COUNT(D50:D54)=0,"",SUM(D50:D54)) | E55: ϝ
B56: Total Trained (Staff) | D56: =IF(COUNT(C56:C56)=0,"",SUM(C56:C56)) | E56: ∑
B57: Training Programs (#) | D57: =IF(COUNT(C57:C57)=0,"",SUM(C57:C57)) | E57: ∑
B58: Training Cost (USD) | D58: =IF(COUNT(C58:C58)=0,"",SUM(C58:C58)) | E58: ∑
B59: Training Travel Cost (USD) | D59: =IF(COUNT(C59:C59)=0,"",SUM(C59:C59)) | E59: ∑
B60: Leadership Hours Trained (%) | C60: =IFERROR(C50/C$55,"") | D60: =IFERROR(D50/D$55,"") | E60: ϝ
B61: Technical Hours Trained (%) | C61: =IFERROR(C51/C$55,"") | D61: =IFERROR(D51/D$55,"") | E61: ϝ
B62: Profess. Dev. Hours Trained (%) | C62: =IFERROR(C52/C$55,"") | D62: =IFERROR(D52/D$55,"") | E62: ϝ
B63: HSSE Hours Trained (%) | C63: =IFERROR(C53/C$55,"") | D63: =IFERROR(D53/D$55,"") | E63: ϝ
B64: Workday Hours Trained (%) | C64: =IFERROR(C54/C$55,"") | D64: =IFERROR(D54/D$55,"") | E64: ϝ
B65: Staff Trained (%) | C65: =IFERROR(C56/C5,"") | D65: =IFERROR(D56/D5,"") | E65: ϝ
B66: Training Hours / EE | C66: =IFERROR(C55/C5,"") | D66: =IFERROR(D55/D5,"") | E66: ϝ
B67: Training Hours / EE Trained | C67: =IFERROR(C55/C56,"") | D67: =IFERROR(D55/D56,"") | E67: ϝ
B68: Training Invest. / EE (USD) | C68: =IF(COUNT(C58:C59)=0,"",IFERROR((N(C58)+N(C59))/C5,"")) | D68: =IF(COUNT(D58:D59)=0,"",IFERROR((N(D58)+N(D59))/D5,"")) | E68: ϝ
B69: Training Invest. / EE Trained (USD) | C69: =IF(COUNT(C58:C59)=0,"",IFERROR((N(C58)+N(C59))/C56,"")) | D69: =IF(COUNT(D58:D59)=0,"",IFERROR((N(D58)+N(D59))/D56,"")) | E69: ϝ
B70: Input Cells Not Submitted | C70: =COUNTBLANK(C3:C4)+COUNTBLANK(C6:C10)+COUNTBLANK(C12:C13)+COUNTBLANK(C18:C20)+COUNTBLANK(C22:C23)+COUNTBLANK(C27:C28)+COUNTBLANK(C34:C35)+COUNTBLANK(C39:C44)+COUNTBLANK(C46:C47)+COUNTBLANK(C50:C54)+COUNTBLANK(C56:C59) | D70: =SUM(C70:C70) | E70: ∑

Sheet APR
B1: GCG HDQ | C1: 1079
A2: =VALUE(TEXT(EDATE(DATE(LEFT(MAR!A2,4),RIGHT(MAR!A2,2),1),1),"yyyymm")) | B2: APR | C2: GCG HDQ | D2: TOTAL | E2: Total by Division | F2: =N(F11)<>0
A3: =+A2 | B3: Permanent (Regular) Headcount | D3: =IF(COUNT(C3:C3)=0,"",SUM(C3:C3)) | E3: ∑
B4: Temporary (Fix Term) Headcount | D4: =IF(COUNT(C4:C4)=0,"",SUM(C4:C4)) | E4: ∑
B5: Employee Headcount (Productivity) | C5: =IF(COUNT(C3:C4)=0,"",SUM(C3:C4)) | D5: =IF(COUNT(D3:D4)=0,"",SUM(D3:D4)) | E5: ϝ
B6: Headcount = 1.00 | D6: =IF(COUNT(C6:C6)=0,"",SUM(C6:C6)) | E6: ∑
B7: Headcount = 0.75 | D7: =IF(COUNT(C7:C7)=0,"",SUM(C7:C7)) | E7: ∑
B8: Headcount = 0.50 | D8: =IF(COUNT(C8:C8)=0,"",SUM(C8:C8)) | E8: ∑
B9: Headcount = 0.25 | D9: =IF(COUNT(C9:C9)=0,"",SUM(C9:C9)) | E9: ∑
B10: Standard Monthly Hours (FTE basis) | D10: =IFERROR(AVERAGE(C10:C10),"") | E10: Avg
B11: Employee FTE (Finance) | C11: =IF(COUNT(C6:C9)=0,"",N(C6)+N(C7)*0.75+N(C8)*0.5+N(C9)*0.25) | D11: =IF(COUNT(D6:D9)=0,"",N(D6)+N(D7)*0.75+N(D8)*0.5+N(D9)*0.25) | E11: FTE | F11: =IF(COUNT(D5:D9)=0,"",N(D6)+N(D7)+N(D8)+N(D9)-N(D5))
B12: Subcontracted Workforce HC | D12: =IF(COUNT(C12:C12)=0,"",SUM(C12:C12)) | E12: ∑
B13: Subcontracted Productive Hours | D13: =IF(COUNT(C13:C13)=0,"",SUM(C13:C13)) | E13: ∑
B14: Subcontracted FTE | C14: =IFERROR(C13/C10,"") | D14: =IF(COUNT(C14:C14)=0,"",SUM(C14:C14)) | E14: FTE
B15: Total Operational Workforce | C15: =IF(COUNT(C5,C12)=0,"",SUM(C5,C12)) | D15: =IF(COUNT(D5,D12)=0,"",SUM(D5,D12)) | E15: ϝ
B16: Total Operational FTE | C16: =IF(COUNT(C11,C14)=0,"",SUM(C11,C14)) | D16: =IF(COUNT(D11,D14)=0,"",SUM(D11,D14)) | E16: FTE
B17: Subcontracted Share of Workforce (%) | C17: =IFERROR(C12/C15,"") | D17: =IFERROR(D12/D15,"") | E17: ϝ
B18: FTE HR Team | D18: =IF(COUNT(C18:C18)=0,"",SUM(C18:C18)) | E18: ∑
B19: Permanent Hires | D19: =IF(COUNT(C19:C19)=0,"",SUM(C19:C19)) | E19: ∑
B20: Temporary Hires | D20: =IF(COUNT(C20:C20)=0,"",SUM(C20:C20)) | E20: ∑
B21: Total Hires | C21: =IF(COUNT(C19:C20)=0,"",SUM(C19:C20)) | D21: =IF(COUNT(D19:D20)=0,"",SUM(D19:D20)) | E21: ϝ
B22: Permanent Exits | D22: =IF(COUNT(C22:C22)=0,"",SUM(C22:C22)) | E22: ∑
B23: Temporary Exits | D23: =IF(COUNT(C23:C23)=0,"",SUM(C23:C23)) | E23: ∑
B24: Total Exits | C24: =IF(COUNT(C22:C23)=0,"",SUM(C22:C23)) | D24: =IF(COUNT(D22:D23)=0,"",SUM(D22:D23)) | E24: ϝ
B25: Permanent Turnover (%) | C25: =IF(COUNT(C31,C32)<2,"",IF((C32+C31)=0,"",N(C22)/((C32+C31)/2))) | D25: =IF(COUNT(D31,D32)<2,"",IF((D32+D31)=0,"",N(D22)/((D32+D31)/2))) | E25: ϝ
B26: Temporary Turnover (%) | C26: =IF(COUNT(C31,C32)<2,"",IF((C32+C31)=0,"",N(C23)/((C32+C31)/2))) | D26: =IF(COUNT(D31,D32)<2,"",IF((D32+D31)=0,"",N(D23)/((D32+D31)/2))) | E26: ϝ
B27: Voluntary Terminations | D27: =IF(COUNT(C27:C27)=0,"",SUM(C27:C27)) | E27: ∑
B28: Involuntary Terminations | D28: =IF(COUNT(C28:C28)=0,"",SUM(C28:C28)) | E28: ∑
B29: Voluntary Turnover (%) | C29: =IF(COUNT(C31,C32)<2,"",IF((C32+C31)=0,"",N(C27)/((C32+C31)/2))) | D29: =IF(COUNT(D31,D32)<2,"",IF((D32+D31)=0,"",N(D27)/((D32+D31)/2))) | E29: ϝ
B30: Involuntary Turnover (%) | C30: =IF(COUNT(C31,C32)<2,"",IF((C32+C31)=0,"",N(C28)/((C32+C31)/2))) | D30: =IF(COUNT(D31,D32)<2,"",IF((D32+D31)=0,"",N(D28)/((D32+D31)/2))) | E30: ϝ
B31: Headcount last Month | C31: =IF(MAR!C5="","",MAR!C5) | D31: =IF(COUNT(C31:C31)=0,"",SUM(C31:C31)) | E31: ∑
B32: Headcount this Month | C32: =IF(C5="","",C5) | D32: =IF(COUNT(C32:C32)=0,"",SUM(C32:C32)) | E32: ∑
B33: Full Turnover (%) | C33: =IF(COUNT(C31,C32)<2,"",IF((C32+C31)=0,"",N(C24)/((C32+C31)/2))) | D33: =IF(COUNT(D31,D32)<2,"",IF((D32+D31)=0,"",N(D24)/((D32+D31)/2))) | E33: ϝ
B34: Permanent Vacancies | D34: =IF(COUNT(C34:C34)=0,"",SUM(C34:C34)) | E34: ∑
B35: Temporary Vacancies | D35: =IF(COUNT(C35:C35)=0,"",SUM(C35:C35)) | E35: ∑
B36: Total Vacancies | C36: =IF(COUNT(C34:C35)=0,"",SUM(C34:C35)) | D36: =IF(COUNT(D34:D35)=0,"",SUM(D34:D35)) | E36: ϝ
B37: Authorized Positions | C37: =IF(COUNT(C5,C36)=0,"",N(C5)+N(C36)) | D37: =IF(COUNT(D5,D36)=0,"",N(D5)+N(D36)) | E37: ϝ
B38: Vacancy Rate (%) | C38: =IFERROR(C36/C37,"") | D38: =IFERROR(D36/D37,"") | E38: ϝ
B39: Permanent TimeToHire (Days) YTD | C39: =IF('(GCG_HDQ)'!$AB$10="","",'(GCG_HDQ)'!$AB$10) | D39: =IFERROR(AVERAGE(C39:C39),"") | E39: Avg
B40: Temporary TimeToHire (Days) YTD | C40: =IF('(GCG_HDQ)'!$AD$10="","",'(GCG_HDQ)'!$AD$10) | D40: =IFERROR(AVERAGE(C40:C40),"") | E40: Avg
B41: Check-ins Rate Completed (%) | D41: =IFERROR(AVERAGE(C41:C41),"") | E41: Avg
B42: EE Objectives Completed (#) | D42: =IF(COUNT(C42:C42)=0,"",SUM(C42:C42)) | E42: ∑
B43: Non-certified Absent (Days Lost) | D43: =IF(COUNT(C43:C43)=0,"",SUM(C43:C43)) | E43: ∑
B44: Certified sick leave (Days Lost) | D44: =IF(COUNT(C44:C44)=0,"",SUM(C44:C44)) | E44: ∑
B45: Total Absences | C45: =IF(COUNT(C43:C44)=0,"",SUM(C43:C44)) | D45: =IF(COUNT(D43:D44)=0,"",SUM(D43:D44)) | E45: ϝ
B46: Absent Rate Non-Certified (%) | C46: =IF('(GCG_HDQ)'!$G$10="","",'(GCG_HDQ)'!$G$10) | D46: {=IF(COUNT(C46:C46)=0,"",IFERROR(SUMPRODUCT(IFERROR(C46:C46*((C3:C3)+(C4:C4)),0))/SUMPRODUCT(IFERROR(ISNUMBER(C46:C46)*((C3:C3)+(C4:C4)),0)),""))} | E46: Weighted
B47: Absent Rate Certified (%) | C47: =IF('(GCG_HDQ)'!$O$10="","",'(GCG_HDQ)'!$O$10) | D47: {=IF(COUNT(C47:C47)=0,"",IFERROR(SUMPRODUCT(IFERROR(C47:C47*((C3:C3)+(C4:C4)),0))/SUMPRODUCT(IFERROR(ISNUMBER(C47:C47)*((C3:C3)+(C4:C4)),0)),""))} | E47: Weighted
B48: Absent Rate Total (%) | C48: =IF(COUNT(C46:C47)=0,"",SUM(C46:C47)) | D48: =IF(COUNT(D46:D47)=0,"",SUM(D46:D47)) | E48: Weighted
B49: Weight factor | C49: =IFERROR(C5/$D5,"") | D49: =IF(COUNT(C49:C49)=0,"",SUM(C49:C49)) | E49: Weight Factor
B50: Leadership (Hours) | D50: =IF(COUNT(C50:C50)=0,"",SUM(C50:C50)) | E50: ∑
B51: Technical (Hours) | D51: =IF(COUNT(C51:C51)=0,"",SUM(C51:C51)) | E51: ∑
B52: Professional Develop. (Hours) | D52: =IF(COUNT(C52:C52)=0,"",SUM(C52:C52)) | E52: ∑
B53: HSSE (Hours) | D53: =IF(COUNT(C53:C53)=0,"",SUM(C53:C53)) | E53: ∑
B54: Workday (Hours) | D54: =IF(COUNT(C54:C54)=0,"",SUM(C54:C54)) | E54: ∑
B55: Total Training Hours | C55: =IF(COUNT(C50:C54)=0,"",SUM(C50:C54)) | D55: =IF(COUNT(D50:D54)=0,"",SUM(D50:D54)) | E55: ϝ
B56: Total Trained (Staff) | D56: =IF(COUNT(C56:C56)=0,"",SUM(C56:C56)) | E56: ∑
B57: Training Programs (#) | D57: =IF(COUNT(C57:C57)=0,"",SUM(C57:C57)) | E57: ∑
B58: Training Cost (USD) | D58: =IF(COUNT(C58:C58)=0,"",SUM(C58:C58)) | E58: ∑
B59: Training Travel Cost (USD) | D59: =IF(COUNT(C59:C59)=0,"",SUM(C59:C59)) | E59: ∑
B60: Leadership Hours Trained (%) | C60: =IFERROR(C50/C$55,"") | D60: =IFERROR(D50/D$55,"") | E60: ϝ
B61: Technical Hours Trained (%) | C61: =IFERROR(C51/C$55,"") | D61: =IFERROR(D51/D$55,"") | E61: ϝ
B62: Profess. Dev. Hours Trained (%) | C62: =IFERROR(C52/C$55,"") | D62: =IFERROR(D52/D$55,"") | E62: ϝ
B63: HSSE Hours Trained (%) | C63: =IFERROR(C53/C$55,"") | D63: =IFERROR(D53/D$55,"") | E63: ϝ
B64: Workday Hours Trained (%) | C64: =IFERROR(C54/C$55,"") | D64: =IFERROR(D54/D$55,"") | E64: ϝ
B65: Staff Trained (%) | C65: =IFERROR(C56/C5,"") | D65: =IFERROR(D56/D5,"") | E65: ϝ
B66: Training Hours / EE | C66: =IFERROR(C55/C5,"") | D66: =IFERROR(D55/D5,"") | E66: ϝ
B67: Training Hours / EE Trained | C67: =IFERROR(C55/C56,"") | D67: =IFERROR(D55/D56,"") | E67: ϝ
B68: Training Invest. / EE (USD) | C68: =IF(COUNT(C58:C59)=0,"",IFERROR((N(C58)+N(C59))/C5,"")) | D68: =IF(COUNT(D58:D59)=0,"",IFERROR((N(D58)+N(D59))/D5,"")) | E68: ϝ
B69: Training Invest. / EE Trained (USD) | C69: =IF(COUNT(C58:C59)=0,"",IFERROR((N(C58)+N(C59))/C56,"")) | D69: =IF(COUNT(D58:D59)=0,"",IFERROR((N(D58)+N(D59))/D56,"")) | E69: ϝ
B70: Input Cells Not Submitted | C70: =COUNTBLANK(C3:C4)+COUNTBLANK(C6:C10)+COUNTBLANK(C12:C13)+COUNTBLANK(C18:C20)+COUNTBLANK(C22:C23)+COUNTBLANK(C27:C28)+COUNTBLANK(C34:C35)+COUNTBLANK(C39:C44)+COUNTBLANK(C46:C47)+COUNTBLANK(C50:C54)+COUNTBLANK(C56:C59) | D70: =SUM(C70:C70) | E70: ∑

Sheet MAY
B1: GCG HDQ | C1: 1079
A2: =VALUE(TEXT(EDATE(DATE(LEFT(APR!A2,4),RIGHT(APR!A2,2),1),1),"yyyymm")) | B2: MAY | C2: GCG HDQ | D2: TOTAL | E2: Total by Division | F2: =N(F11)<>0
A3: =+A2 | B3: Permanent (Regular) Headcount | D3: =IF(COUNT(C3:C3)=0,"",SUM(C3:C3)) | E3: ∑
B4: Temporary (Fix Term) Headcount | D4: =IF(COUNT(C4:C4)=0,"",SUM(C4:C4)) | E4: ∑
B5: Employee Headcount (Productivity) | C5: =IF(COUNT(C3:C4)=0,"",SUM(C3:C4)) | D5: =IF(COUNT(D3:D4)=0,"",SUM(D3:D4)) | E5: ϝ
B6: Headcount = 1.00 | D6: =IF(COUNT(C6:C6)=0,"",SUM(C6:C6)) | E6: ∑
B7: Headcount = 0.75 | D7: =IF(COUNT(C7:C7)=0,"",SUM(C7:C7)) | E7: ∑
B8: Headcount = 0.50 | D8: =IF(COUNT(C8:C8)=0,"",SUM(C8:C8)) | E8: ∑
B9: Headcount = 0.25 | D9: =IF(COUNT(C9:C9)=0,"",SUM(C9:C9)) | E9: ∑
B10: Standard Monthly Hours (FTE basis) | D10: =IFERROR(AVERAGE(C10:C10),"") | E10: Avg
B11: Employee FTE (Finance) | C11: =IF(COUNT(C6:C9)=0,"",N(C6)+N(C7)*0.75+N(C8)*0.5+N(C9)*0.25) | D11: =IF(COUNT(D6:D9)=0,"",N(D6)+N(D7)*0.75+N(D8)*0.5+N(D9)*0.25) | E11: FTE | F11: =IF(COUNT(D5:D9)=0,"",N(D6)+N(D7)+N(D8)+N(D9)-N(D5))
B12: Subcontracted Workforce HC | D12: =IF(COUNT(C12:C12)=0,"",SUM(C12:C12)) | E12: ∑
B13: Subcontracted Productive Hours | D13: =IF(COUNT(C13:C13)=0,"",SUM(C13:C13)) | E13: ∑
B14: Subcontracted FTE | C14: =IFERROR(C13/C10,"") | D14: =IF(COUNT(C14:C14)=0,"",SUM(C14:C14)) | E14: FTE
B15: Total Operational Workforce | C15: =IF(COUNT(C5,C12)=0,"",SUM(C5,C12)) | D15: =IF(COUNT(D5,D12)=0,"",SUM(D5,D12)) | E15: ϝ
B16: Total Operational FTE | C16: =IF(COUNT(C11,C14)=0,"",SUM(C11,C14)) | D16: =IF(COUNT(D11,D14)=0,"",SUM(D11,D14)) | E16: FTE
B17: Subcontracted Share of Workforce (%) | C17: =IFERROR(C12/C15,"") | D17: =IFERROR(D12/D15,"") | E17: ϝ
B18: FTE HR Team | D18: =IF(COUNT(C18:C18)=0,"",SUM(C18:C18)) | E18: ∑
B19: Permanent Hires | D19: =IF(COUNT(C19:C19)=0,"",SUM(C19:C19)) | E19: ∑
B20: Temporary Hires | D20: =IF(COUNT(C20:C20)=0,"",SUM(C20:C20)) | E20: ∑
B21: Total Hires | C21: =IF(COUNT(C19:C20)=0,"",SUM(C19:C20)) | D21: =IF(COUNT(D19:D20)=0,"",SUM(D19:D20)) | E21: ϝ
B22: Permanent Exits | D22: =IF(COUNT(C22:C22)=0,"",SUM(C22:C22)) | E22: ∑
B23: Temporary Exits | D23: =IF(COUNT(C23:C23)=0,"",SUM(C23:C23)) | E23: ∑
B24: Total Exits | C24: =IF(COUNT(C22:C23)=0,"",SUM(C22:C23)) | D24: =IF(COUNT(D22:D23)=0,"",SUM(D22:D23)) | E24: ϝ
B25: Permanent Turnover (%) | C25: =IF(COUNT(C31,C32)<2,"",IF((C32+C31)=0,"",N(C22)/((C32+C31)/2))) | D25: =IF(COUNT(D31,D32)<2,"",IF((D32+D31)=0,"",N(D22)/((D32+D31)/2))) | E25: ϝ
B26: Temporary Turnover (%) | C26: =IF(COUNT(C31,C32)<2,"",IF((C32+C31)=0,"",N(C23)/((C32+C31)/2))) | D26: =IF(COUNT(D31,D32)<2,"",IF((D32+D31)=0,"",N(D23)/((D32+D31)/2))) | E26: ϝ
B27: Voluntary Terminations | D27: =IF(COUNT(C27:C27)=0,"",SUM(C27:C27)) | E27: ∑
B28: Involuntary Terminations | D28: =IF(COUNT(C28:C28)=0,"",SUM(C28:C28)) | E28: ∑
B29: Voluntary Turnover (%) | C29: =IF(COUNT(C31,C32)<2,"",IF((C32+C31)=0,"",N(C27)/((C32+C31)/2))) | D29: =IF(COUNT(D31,D32)<2,"",IF((D32+D31)=0,"",N(D27)/((D32+D31)/2))) | E29: ϝ
B30: Involuntary Turnover (%) | C30: =IF(COUNT(C31,C32)<2,"",IF((C32+C31)=0,"",N(C28)/((C32+C31)/2))) | D30: =IF(COUNT(D31,D32)<2,"",IF((D32+D31)=0,"",N(D28)/((D32+D31)/2))) | E30: ϝ
B31: Headcount last Month | C31: =IF(APR!C5="","",APR!C5) | D31: =IF(COUNT(C31:C31)=0,"",SUM(C31:C31)) | E31: ∑
B32: Headcount this Month | C32: =IF(C5="","",C5) | D32: =IF(COUNT(C32:C32)=0,"",SUM(C32:C32)) | E32: ∑
B33: Full Turnover (%) | C33: =IF(COUNT(C31,C32)<2,"",IF((C32+C31)=0,"",N(C24)/((C32+C31)/2))) | D33: =IF(COUNT(D31,D32)<2,"",IF((D32+D31)=0,"",N(D24)/((D32+D31)/2))) | E33: ϝ
B34: Permanent Vacancies | D34: =IF(COUNT(C34:C34)=0,"",SUM(C34:C34)) | E34: ∑
B35: Temporary Vacancies | D35: =IF(COUNT(C35:C35)=0,"",SUM(C35:C35)) | E35: ∑
B36: Total Vacancies | C36: =IF(COUNT(C34:C35)=0,"",SUM(C34:C35)) | D36: =IF(COUNT(D34:D35)=0,"",SUM(D34:D35)) | E36: ϝ
B37: Authorized Positions | C37: =IF(COUNT(C5,C36)=0,"",N(C5)+N(C36)) | D37: =IF(COUNT(D5,D36)=0,"",N(D5)+N(D36)) | E37: ϝ
B38: Vacancy Rate (%) | C38: =IFERROR(C36/C37,"") | D38: =IFERROR(D36/D37,"") | E38: ϝ
B39: Permanent TimeToHire (Days) YTD | C39: =IF('(GCG_HDQ)'!$AB$11="","",'(GCG_HDQ)'!$AB$11) | D39: =IFERROR(AVERAGE(C39:C39),"") | E39: Avg
B40: Temporary TimeToHire (Days) YTD | C40: =IF('(GCG_HDQ)'!$AD$11="","",'(GCG_HDQ)'!$AD$11) | D40: =IFERROR(AVERAGE(C40:C40),"") | E40: Avg
B41: Check-ins Rate Completed (%) | D41: =IFERROR(AVERAGE(C41:C41),"") | E41: Avg
B42: EE Objectives Completed (#) | D42: =IF(COUNT(C42:C42)=0,"",SUM(C42:C42)) | E42: ∑
B43: Non-certified Absent (Days Lost) | D43: =IF(COUNT(C43:C43)=0,"",SUM(C43:C43)) | E43: ∑
B44: Certified sick leave (Days Lost) | D44: =IF(COUNT(C44:C44)=0,"",SUM(C44:C44)) | E44: ∑
B45: Total Absences | C45: =IF(COUNT(C43:C44)=0,"",SUM(C43:C44)) | D45: =IF(COUNT(D43:D44)=0,"",SUM(D43:D44)) | E45: ϝ
B46: Absent Rate Non-Certified (%) | C46: =IF('(GCG_HDQ)'!$G$11="","",'(GCG_HDQ)'!$G$11) | D46: {=IF(COUNT(C46:C46)=0,"",IFERROR(SUMPRODUCT(IFERROR(C46:C46*((C3:C3)+(C4:C4)),0))/SUMPRODUCT(IFERROR(ISNUMBER(C46:C46)*((C3:C3)+(C4:C4)),0)),""))} | E46: Weighted
B47: Absent Rate Certified (%) | C47: =IF('(GCG_HDQ)'!$O$11="","",'(GCG_HDQ)'!$O$11) | D47: {=IF(COUNT(C47:C47)=0,"",IFERROR(SUMPRODUCT(IFERROR(C47:C47*((C3:C3)+(C4:C4)),0))/SUMPRODUCT(IFERROR(ISNUMBER(C47:C47)*((C3:C3)+(C4:C4)),0)),""))} | E47: Weighted
B48: Absent Rate Total (%) | C48: =IF(COUNT(C46:C47)=0,"",SUM(C46:C47)) | D48: =IF(COUNT(D46:D47)=0,"",SUM(D46:D47)) | E48: Weighted
B49: Weight factor | C49: =IFERROR(C5/$D5,"") | D49: =IF(COUNT(C49:C49)=0,"",SUM(C49:C49)) | E49: Weight Factor
B50: Leadership (Hours) | D50: =IF(COUNT(C50:C50)=0,"",SUM(C50:C50)) | E50: ∑
B51: Technical (Hours) | D51: =IF(COUNT(C51:C51)=0,"",SUM(C51:C51)) | E51: ∑
B52: Professional Develop. (Hours) | D52: =IF(COUNT(C52:C52)=0,"",SUM(C52:C52)) | E52: ∑
B53: HSSE (Hours) | D53: =IF(COUNT(C53:C53)=0,"",SUM(C53:C53)) | E53: ∑
B54: Workday (Hours) | D54: =IF(COUNT(C54:C54)=0,"",SUM(C54:C54)) | E54: ∑
B55: Total Training Hours | C55: =IF(COUNT(C50:C54)=0,"",SUM(C50:C54)) | D55: =IF(COUNT(D50:D54)=0,"",SUM(D50:D54)) | E55: ϝ
B56: Total Trained (Staff) | D56: =IF(COUNT(C56:C56)=0,"",SUM(C56:C56)) | E56: ∑
B57: Training Programs (#) | D57: =IF(COUNT(C57:C57)=0,"",SUM(C57:C57)) | E57: ∑
B58: Training Cost (USD) | D58: =IF(COUNT(C58:C58)=0,"",SUM(C58:C58)) | E58: ∑
B59: Training Travel Cost (USD) | D59: =IF(COUNT(C59:C59)=0,"",SUM(C59:C59)) | E59: ∑
B60: Leadership Hours Trained (%) | C60: =IFERROR(C50/C$55,"") | D60: =IFERROR(D50/D$55,"") | E60: ϝ
B61: Technical Hours Trained (%) | C61: =IFERROR(C51/C$55,"") | D61: =IFERROR(D51/D$55,"") | E61: ϝ
B62: Profess. Dev. Hours Trained (%) | C62: =IFERROR(C52/C$55,"") | D62: =IFERROR(D52/D$55,"") | E62: ϝ
B63: HSSE Hours Trained (%) | C63: =IFERROR(C53/C$55,"") | D63: =IFERROR(D53/D$55,"") | E63: ϝ
B64: Workday Hours Trained (%) | C64: =IFERROR(C54/C$55,"") | D64: =IFERROR(D54/D$55,"") | E64: ϝ
B65: Staff Trained (%) | C65: =IFERROR(C56/C5,"") | D65: =IFERROR(D56/D5,"") | E65: ϝ
B66: Training Hours / EE | C66: =IFERROR(C55/C5,"") | D66: =IFERROR(D55/D5,"") | E66: ϝ
B67: Training Hours / EE Trained | C67: =IFERROR(C55/C56,"") | D67: =IFERROR(D55/D56,"") | E67: ϝ
B68: Training Invest. / EE (USD) | C68: =IF(COUNT(C58:C59)=0,"",IFERROR((N(C58)+N(C59))/C5,"")) | D68: =IF(COUNT(D58:D59)=0,"",IFERROR((N(D58)+N(D59))/D5,"")) | E68: ϝ
B69: Training Invest. / EE Trained (USD) | C69: =IF(COUNT(C58:C59)=0,"",IFERROR((N(C58)+N(C59))/C56,"")) | D69: =IF(COUNT(D58:D59)=0,"",IFERROR((N(D58)+N(D59))/D56,"")) | E69: ϝ
B70: Input Cells Not Submitted | C70: =COUNTBLANK(C3:C4)+COUNTBLANK(C6:C10)+COUNTBLANK(C12:C13)+COUNTBLANK(C18:C20)+COUNTBLANK(C22:C23)+COUNTBLANK(C27:C28)+COUNTBLANK(C34:C35)+COUNTBLANK(C39:C44)+COUNTBLANK(C46:C47)+COUNTBLANK(C50:C54)+COUNTBLANK(C56:C59) | D70: =SUM(C70:C70) | E70: ∑

Sheet JUN
B1: GCG HDQ | C1: 1079
A2: =VALUE(TEXT(EDATE(DATE(LEFT(MAY!A2,4),RIGHT(MAY!A2,2),1),1),"yyyymm")) | B2: JUN | C2: GCG HDQ | D2: TOTAL | E2: Total by Division | F2: =N(F11)<>0
A3: =+A2 | B3: Permanent (Regular) Headcount | D3: =IF(COUNT(C3:C3)=0,"",SUM(C3:C3)) | E3: ∑
B4: Temporary (Fix Term) Headcount | D4: =IF(COUNT(C4:C4)=0,"",SUM(C4:C4)) | E4: ∑
B5: Employee Headcount (Productivity) | C5: =IF(COUNT(C3:C4)=0,"",SUM(C3:C4)) | D5: =IF(COUNT(D3:D4)=0,"",SUM(D3:D4)) | E5: ϝ
B6: Headcount = 1.00 | D6: =IF(COUNT(C6:C6)=0,"",SUM(C6:C6)) | E6: ∑
B7: Headcount = 0.75 | D7: =IF(COUNT(C7:C7)=0,"",SUM(C7:C7)) | E7: ∑
B8: Headcount = 0.50 | D8: =IF(COUNT(C8:C8)=0,"",SUM(C8:C8)) | E8: ∑
B9: Headcount = 0.25 | D9: =IF(COUNT(C9:C9)=0,"",SUM(C9:C9)) | E9: ∑
B10: Standard Monthly Hours (FTE basis) | D10: =IFERROR(AVERAGE(C10:C10),"") | E10: Avg
B11: Employee FTE (Finance) | C11: =IF(COUNT(C6:C9)=0,"",N(C6)+N(C7)*0.75+N(C8)*0.5+N(C9)*0.25) | D11: =IF(COUNT(D6:D9)=0,"",N(D6)+N(D7)*0.75+N(D8)*0.5+N(D9)*0.25) | E11: FTE | F11: =IF(COUNT(D5:D9)=0,"",N(D6)+N(D7)+N(D8)+N(D9)-N(D5))
B12: Subcontracted Workforce HC | D12: =IF(COUNT(C12:C12)=0,"",SUM(C12:C12)) | E12: ∑
B13: Subcontracted Productive Hours | D13: =IF(COUNT(C13:C13)=0,"",SUM(C13:C13)) | E13: ∑
B14: Subcontracted FTE | C14: =IFERROR(C13/C10,"") | D14: =IF(COUNT(C14:C14)=0,"",SUM(C14:C14)) | E14: FTE
B15: Total Operational Workforce | C15: =IF(COUNT(C5,C12)=0,"",SUM(C5,C12)) | D15: =IF(COUNT(D5,D12)=0,"",SUM(D5,D12)) | E15: ϝ
B16: Total Operational FTE | C16: =IF(COUNT(C11,C14)=0,"",SUM(C11,C14)) | D16: =IF(COUNT(D11,D14)=0,"",SUM(D11,D14)) | E16: FTE
B17: Subcontracted Share of Workforce (%) | C17: =IFERROR(C12/C15,"") | D17: =IFERROR(D12/D15,"") | E17: ϝ
B18: FTE HR Team | D18: =IF(COUNT(C18:C18)=0,"",SUM(C18:C18)) | E18: ∑
B19: Permanent Hires | D19: =IF(COUNT(C19:C19)=0,"",SUM(C19:C19)) | E19: ∑
B20: Temporary Hires | D20: =IF(COUNT(C20:C20)=0,"",SUM(C20:C20)) | E20: ∑
B21: Total Hires | C21: =IF(COUNT(C19:C20)=0,"",SUM(C19:C20)) | D21: =IF(COUNT(D19:D20)=0,"",SUM(D19:D20)) | E21: ϝ
B22: Permanent Exits | D22: =IF(COUNT(C22:C22)=0,"",SUM(C22:C22)) | E22: ∑
B23: Temporary Exits | D23: =IF(COUNT(C23:C23)=0,"",SUM(C23:C23)) | E23: ∑
B24: Total Exits | C24: =IF(COUNT(C22:C23)=0,"",SUM(C22:C23)) | D24: =IF(COUNT(D22:D23)=0,"",SUM(D22:D23)) | E24: ϝ
B25: Permanent Turnover (%) | C25: =IF(COUNT(C31,C32)<2,"",IF((C32+C31)=0,"",N(C22)/((C32+C31)/2))) | D25: =IF(COUNT(D31,D32)<2,"",IF((D32+D31)=0,"",N(D22)/((D32+D31)/2))) | E25: ϝ
B26: Temporary Turnover (%) | C26: =IF(COUNT(C31,C32)<2,"",IF((C32+C31)=0,"",N(C23)/((C32+C31)/2))) | D26: =IF(COUNT(D31,D32)<2,"",IF((D32+D31)=0,"",N(D23)/((D32+D31)/2))) | E26: ϝ
B27: Voluntary Terminations | D27: =IF(COUNT(C27:C27)=0,"",SUM(C27:C27)) | E27: ∑
B28: Involuntary Terminations | D28: =IF(COUNT(C28:C28)=0,"",SUM(C28:C28)) | E28: ∑
B29: Voluntary Turnover (%) | C29: =IF(COUNT(C31,C32)<2,"",IF((C32+C31)=0,"",N(C27)/((C32+C31)/2))) | D29: =IF(COUNT(D31,D32)<2,"",IF((D32+D31)=0,"",N(D27)/((D32+D31)/2))) | E29: ϝ
B30: Involuntary Turnover (%) | C30: =IF(COUNT(C31,C32)<2,"",IF((C32+C31)=0,"",N(C28)/((C32+C31)/2))) | D30: =IF(COUNT(D31,D32)<2,"",IF((D32+D31)=0,"",N(D28)/((D32+D31)/2))) | E30: ϝ
B31: Headcount last Month | C31: =IF(MAY!C5="","",MAY!C5) | D31: =IF(COUNT(C31:C31)=0,"",SUM(C31:C31)) | E31: ∑
B32: Headcount this Month | C32: =IF(C5="","",C5) | D32: =IF(COUNT(C32:C32)=0,"",SUM(C32:C32)) | E32: ∑
B33: Full Turnover (%) | C33: =IF(COUNT(C31,C32)<2,"",IF((C32+C31)=0,"",N(C24)/((C32+C31)/2))) | D33: =IF(COUNT(D31,D32)<2,"",IF((D32+D31)=0,"",N(D24)/((D32+D31)/2))) | E33: ϝ
B34: Permanent Vacancies | D34: =IF(COUNT(C34:C34)=0,"",SUM(C34:C34)) | E34: ∑
B35: Temporary Vacancies | D35: =IF(COUNT(C35:C35)=0,"",SUM(C35:C35)) | E35: ∑
B36: Total Vacancies | C36: =IF(COUNT(C34:C35)=0,"",SUM(C34:C35)) | D36: =IF(COUNT(D34:D35)=0,"",SUM(D34:D35)) | E36: ϝ
B37: Authorized Positions | C37: =IF(COUNT(C5,C36)=0,"",N(C5)+N(C36)) | D37: =IF(COUNT(D5,D36)=0,"",N(D5)+N(D36)) | E37: ϝ
B38: Vacancy Rate (%) | C38: =IFERROR(C36/C37,"") | D38: =IFERROR(D36/D37,"") | E38: ϝ
B39: Permanent TimeToHire (Days) YTD | C39: =IF('(GCG_HDQ)'!$AB$12="","",'(GCG_HDQ)'!$AB$12) | D39: =IFERROR(AVERAGE(C39:C39),"") | E39: Avg
B40: Temporary TimeToHire (Days) YTD | C40: =IF('(GCG_HDQ)'!$AD$12="","",'(GCG_HDQ)'!$AD$12) | D40: =IFERROR(AVERAGE(C40:C40),"") | E40: Avg
B41: Check-ins Rate Completed (%) | D41: =IFERROR(AVERAGE(C41:C41),"") | E41: Avg
B42: EE Objectives Completed (#) | D42: =IF(COUNT(C42:C42)=0,"",SUM(C42:C42)) | E42: ∑
B43: Non-certified Absent (Days Lost) | D43: =IF(COUNT(C43:C43)=0,"",SUM(C43:C43)) | E43: ∑
B44: Certified sick leave (Days Lost) | D44: =IF(COUNT(C44:C44)=0,"",SUM(C44:C44)) | E44: ∑
B45: Total Absences | C45: =IF(COUNT(C43:C44)=0,"",SUM(C43:C44)) | D45: =IF(COUNT(D43:D44)=0,"",SUM(D43:D44)) | E45: ϝ
B46: Absent Rate Non-Certified (%) | C46: =IF('(GCG_HDQ)'!$G$12="","",'(GCG_HDQ)'!$G$12) | D46: {=IF(COUNT(C46:C46)=0,"",IFERROR(SUMPRODUCT(IFERROR(C46:C46*((C3:C3)+(C4:C4)),0))/SUMPRODUCT(IFERROR(ISNUMBER(C46:C46)*((C3:C3)+(C4:C4)),0)),""))} | E46: Weighted
B47: Absent Rate Certified (%) | C47: =IF('(GCG_HDQ)'!$O$12="","",'(GCG_HDQ)'!$O$12) | D47: {=IF(COUNT(C47:C47)=0,"",IFERROR(SUMPRODUCT(IFERROR(C47:C47*((C3:C3)+(C4:C4)),0))/SUMPRODUCT(IFERROR(ISNUMBER(C47:C47)*((C3:C3)+(C4:C4)),0)),""))} | E47: Weighted
B48: Absent Rate Total (%) | C48: =IF(COUNT(C46:C47)=0,"",SUM(C46:C47)) | D48: =IF(COUNT(D46:D47)=0,"",SUM(D46:D47)) | E48: Weighted
B49: Weight factor | C49: =IFERROR(C5/$D5,"") | D49: =IF(COUNT(C49:C49)=0,"",SUM(C49:C49)) | E49: Weight Factor
B50: Leadership (Hours) | D50: =IF(COUNT(C50:C50)=0,"",SUM(C50:C50)) | E50: ∑
B51: Technical (Hours) | D51: =IF(COUNT(C51:C51)=0,"",SUM(C51:C51)) | E51: ∑
B52: Professional Develop. (Hours) | D52: =IF(COUNT(C52:C52)=0,"",SUM(C52:C52)) | E52: ∑
B53: HSSE (Hours) | D53: =IF(COUNT(C53:C53)=0,"",SUM(C53:C53)) | E53: ∑
B54: Workday (Hours) | D54: =IF(COUNT(C54:C54)=0,"",SUM(C54:C54)) | E54: ∑
B55: Total Training Hours | C55: =IF(COUNT(C50:C54)=0,"",SUM(C50:C54)) | D55: =IF(COUNT(D50:D54)=0,"",SUM(D50:D54)) | E55: ϝ
B56: Total Trained (Staff) | D56: =IF(COUNT(C56:C56)=0,"",SUM(C56:C56)) | E56: ∑
B57: Training Programs (#) | D57: =IF(COUNT(C57:C57)=0,"",SUM(C57:C57)) | E57: ∑
B58: Training Cost (USD) | D58: =IF(COUNT(C58:C58)=0,"",SUM(C58:C58)) | E58: ∑
B59: Training Travel Cost (USD) | D59: =IF(COUNT(C59:C59)=0,"",SUM(C59:C59)) | E59: ∑
B60: Leadership Hours Trained (%) | C60: =IFERROR(C50/C$55,"") | D60: =IFERROR(D50/D$55,"") | E60: ϝ
B61: Technical Hours Trained (%) | C61: =IFERROR(C51/C$55,"") | D61: =IFERROR(D51/D$55,"") | E61: ϝ
B62: Profess. Dev. Hours Trained (%) | C62: =IFERROR(C52/C$55,"") | D62: =IFERROR(D52/D$55,"") | E62: ϝ
B63: HSSE Hours Trained (%) | C63: =IFERROR(C53/C$55,"") | D63: =IFERROR(D53/D$55,"") | E63: ϝ
B64: Workday Hours Trained (%) | C64: =IFERROR(C54/C$55,"") | D64: =IFERROR(D54/D$55,"") | E64: ϝ
B65: Staff Trained (%) | C65: =IFERROR(C56/C5,"") | D65: =IFERROR(D56/D5,"") | E65: ϝ
B66: Training Hours / EE | C66: =IFERROR(C55/C5,"") | D66: =IFERROR(D55/D5,"") | E66: ϝ
B67: Training Hours / EE Trained | C67: =IFERROR(C55/C56,"") | D67: =IFERROR(D55/D56,"") | E67: ϝ
B68: Training Invest. / EE (USD) | C68: =IF(COUNT(C58:C59)=0,"",IFERROR((N(C58)+N(C59))/C5,"")) | D68: =IF(COUNT(D58:D59)=0,"",IFERROR((N(D58)+N(D59))/D5,"")) | E68: ϝ
B69: Training Invest. / EE Trained (USD) | C69: =IF(COUNT(C58:C59)=0,"",IFERROR((N(C58)+N(C59))/C56,"")) | D69: =IF(COUNT(D58:D59)=0,"",IFERROR((N(D58)+N(D59))/D56,"")) | E69: ϝ
B70: Input Cells Not Submitted | C70: =COUNTBLANK(C3:C4)+COUNTBLANK(C6:C10)+COUNTBLANK(C12:C13)+COUNTBLANK(C18:C20)+COUNTBLANK(C22:C23)+COUNTBLANK(C27:C28)+COUNTBLANK(C34:C35)+COUNTBLANK(C39:C44)+COUNTBLANK(C46:C47)+COUNTBLANK(C50:C54)+COUNTBLANK(C56:C59) | D70: =SUM(C70:C70) | E70: ∑

Sheet JUL
B1: GCG HDQ | C1: 1079
A2: =VALUE(TEXT(EDATE(DATE(LEFT(JUN!A2,4),RIGHT(JUN!A2,2),1),1),"yyyymm")) | B2: JUL | C2: GCG HDQ | D2: TOTAL | E2: Total by Division | F2: =N(F11)<>0
A3: =+A2 | B3: Permanent (Regular) Headcount | D3: =IF(COUNT(C3:C3)=0,"",SUM(C3:C3)) | E3: ∑
B4: Temporary (Fix Term) Headcount | D4: =IF(COUNT(C4:C4)=0,"",SUM(C4:C4)) | E4: ∑
B5: Employee Headcount (Productivity) | C5: =IF(COUNT(C3:C4)=0,"",SUM(C3:C4)) | D5: =IF(COUNT(D3:D4)=0,"",SUM(D3:D4)) | E5: ϝ
B6: Headcount = 1.00 | D6: =IF(COUNT(C6:C6)=0,"",SUM(C6:C6)) | E6: ∑
B7: Headcount = 0.75 | D7: =IF(COUNT(C7:C7)=0,"",SUM(C7:C7)) | E7: ∑
B8: Headcount = 0.50 | D8: =IF(COUNT(C8:C8)=0,"",SUM(C8:C8)) | E8: ∑
B9: Headcount = 0.25 | D9: =IF(COUNT(C9:C9)=0,"",SUM(C9:C9)) | E9: ∑
B10: Standard Monthly Hours (FTE basis) | D10: =IFERROR(AVERAGE(C10:C10),"") | E10: Avg
B11: Employee FTE (Finance) | C11: =IF(COUNT(C6:C9)=0,"",N(C6)+N(C7)*0.75+N(C8)*0.5+N(C9)*0.25) | D11: =IF(COUNT(D6:D9)=0,"",N(D6)+N(D7)*0.75+N(D8)*0.5+N(D9)*0.25) | E11: FTE | F11: =IF(COUNT(D5:D9)=0,"",N(D6)+N(D7)+N(D8)+N(D9)-N(D5))
B12: Subcontracted Workforce HC | D12: =IF(COUNT(C12:C12)=0,"",SUM(C12:C12)) | E12: ∑
B13: Subcontracted Productive Hours | D13: =IF(COUNT(C13:C13)=0,"",SUM(C13:C13)) | E13: ∑
B14: Subcontracted FTE | C14: =IFERROR(C13/C10,"") | D14: =IF(COUNT(C14:C14)=0,"",SUM(C14:C14)) | E14: FTE
B15: Total Operational Workforce | C15: =IF(COUNT(C5,C12)=0,"",SUM(C5,C12)) | D15: =IF(COUNT(D5,D12)=0,"",SUM(D5,D12)) | E15: ϝ
B16: Total Operational FTE | C16: =IF(COUNT(C11,C14)=0,"",SUM(C11,C14)) | D16: =IF(COUNT(D11,D14)=0,"",SUM(D11,D14)) | E16: FTE
B17: Subcontracted Share of Workforce (%) | C17: =IFERROR(C12/C15,"") | D17: =IFERROR(D12/D15,"") | E17: ϝ
B18: FTE HR Team | D18: =IF(COUNT(C18:C18)=0,"",SUM(C18:C18)) | E18: ∑
B19: Permanent Hires | D19: =IF(COUNT(C19:C19)=0,"",SUM(C19:C19)) | E19: ∑
B20: Temporary Hires | D20: =IF(COUNT(C20:C20)=0,"",SUM(C20:C20)) | E20: ∑
B21: Total Hires | C21: =IF(COUNT(C19:C20)=0,"",SUM(C19:C20)) | D21: =IF(COUNT(D19:D20)=0,"",SUM(D19:D20)) | E21: ϝ
B22: Permanent Exits | D22: =IF(COUNT(C22:C22)=0,"",SUM(C22:C22)) | E22: ∑
B23: Temporary Exits | D23: =IF(COUNT(C23:C23)=0,"",SUM(C23:C23)) | E23: ∑
B24: Total Exits | C24: =IF(COUNT(C22:C23)=0,"",SUM(C22:C23)) | D24: =IF(COUNT(D22:D23)=0,"",SUM(D22:D23)) | E24: ϝ
B25: Permanent Turnover (%) | C25: =IF(COUNT(C31,C32)<2,"",IF((C32+C31)=0,"",N(C22)/((C32+C31)/2))) | D25: =IF(COUNT(D31,D32)<2,"",IF((D32+D31)=0,"",N(D22)/((D32+D31)/2))) | E25: ϝ
B26: Temporary Turnover (%) | C26: =IF(COUNT(C31,C32)<2,"",IF((C32+C31)=0,"",N(C23)/((C32+C31)/2))) | D26: =IF(COUNT(D31,D32)<2,"",IF((D32+D31)=0,"",N(D23)/((D32+D31)/2))) | E26: ϝ
B27: Voluntary Terminations | D27: =IF(COUNT(C27:C27)=0,"",SUM(C27:C27)) | E27: ∑
B28: Involuntary Terminations | D28: =IF(COUNT(C28:C28)=0,"",SUM(C28:C28)) | E28: ∑
B29: Voluntary Turnover (%) | C29: =IF(COUNT(C31,C32)<2,"",IF((C32+C31)=0,"",N(C27)/((C32+C31)/2))) | D29: =IF(COUNT(D31,D32)<2,"",IF((D32+D31)=0,"",N(D27)/((D32+D31)/2))) | E29: ϝ
B30: Involuntary Turnover (%) | C30: =IF(COUNT(C31,C32)<2,"",IF((C32+C31)=0,"",N(C28)/((C32+C31)/2))) | D30: =IF(COUNT(D31,D32)<2,"",IF((D32+D31)=0,"",N(D28)/((D32+D31)/2))) | E30: ϝ
B31: Headcount last Month | C31: =IF(JUN!C5="","",JUN!C5) | D31: =IF(COUNT(C31:C31)=0,"",SUM(C31:C31)) | E31: ∑
B32: Headcount this Month | C32: =IF(C5="","",C5) | D32: =IF(COUNT(C32:C32)=0,"",SUM(C32:C32)) | E32: ∑
B33: Full Turnover (%) | C33: =IF(COUNT(C31,C32)<2,"",IF((C32+C31)=0,"",N(C24)/((C32+C31)/2))) | D33: =IF(COUNT(D31,D32)<2,"",IF((D32+D31)=0,"",N(D24)/((D32+D31)/2))) | E33: ϝ
B34: Permanent Vacancies | D34: =IF(COUNT(C34:C34)=0,"",SUM(C34:C34)) | E34: ∑
B35: Temporary Vacancies | D35: =IF(COUNT(C35:C35)=0,"",SUM(C35:C35)) | E35: ∑
B36: Total Vacancies | C36: =IF(COUNT(C34:C35)=0,"",SUM(C34:C35)) | D36: =IF(COUNT(D34:D35)=0,"",SUM(D34:D35)) | E36: ϝ
B37: Authorized Positions | C37: =IF(COUNT(C5,C36)=0,"",N(C5)+N(C36)) | D37: =IF(COUNT(D5,D36)=0,"",N(D5)+N(D36)) | E37: ϝ
B38: Vacancy Rate (%) | C38: =IFERROR(C36/C37,"") | D38: =IFERROR(D36/D37,"") | E38: ϝ
B39: Permanent TimeToHire (Days) YTD | C39: =IF('(GCG_HDQ)'!$AB$13="","",'(GCG_HDQ)'!$AB$13) | D39: =IFERROR(AVERAGE(C39:C39),"") | E39: Avg
B40: Temporary TimeToHire (Days) YTD | C40: =IF('(GCG_HDQ)'!$AD$13="","",'(GCG_HDQ)'!$AD$13) | D40: =IFERROR(AVERAGE(C40:C40),"") | E40: Avg
B41: Check-ins Rate Completed (%) | D41: =IFERROR(AVERAGE(C41:C41),"") | E41: Avg
B42: EE Objectives Completed (#) | D42: =IF(COUNT(C42:C42)=0,"",SUM(C42:C42)) | E42: ∑
B43: Non-certified Absent (Days Lost) | D43: =IF(COUNT(C43:C43)=0,"",SUM(C43:C43)) | E43: ∑
B44: Certified sick leave (Days Lost) | D44: =IF(COUNT(C44:C44)=0,"",SUM(C44:C44)) | E44: ∑
B45: Total Absences | C45: =IF(COUNT(C43:C44)=0,"",SUM(C43:C44)) | D45: =IF(COUNT(D43:D44)=0,"",SUM(D43:D44)) | E45: ϝ
B46: Absent Rate Non-Certified (%) | C46: =IF('(GCG_HDQ)'!$G$13="","",'(GCG_HDQ)'!$G$13) | D46: {=IF(COUNT(C46:C46)=0,"",IFERROR(SUMPRODUCT(IFERROR(C46:C46*((C3:C3)+(C4:C4)),0))/SUMPRODUCT(IFERROR(ISNUMBER(C46:C46)*((C3:C3)+(C4:C4)),0)),""))} | E46: Weighted
B47: Absent Rate Certified (%) | C47: =IF('(GCG_HDQ)'!$O$13="","",'(GCG_HDQ)'!$O$13) | D47: {=IF(COUNT(C47:C47)=0,"",IFERROR(SUMPRODUCT(IFERROR(C47:C47*((C3:C3)+(C4:C4)),0))/SUMPRODUCT(IFERROR(ISNUMBER(C47:C47)*((C3:C3)+(C4:C4)),0)),""))} | E47: Weighted
B48: Absent Rate Total (%) | C48: =IF(COUNT(C46:C47)=0,"",SUM(C46:C47)) | D48: =IF(COUNT(D46:D47)=0,"",SUM(D46:D47)) | E48: Weighted
B49: Weight factor | C49: =IFERROR(C5/$D5,"") | D49: =IF(COUNT(C49:C49)=0,"",SUM(C49:C49)) | E49: Weight Factor
B50: Leadership (Hours) | D50: =IF(COUNT(C50:C50)=0,"",SUM(C50:C50)) | E50: ∑
B51: Technical (Hours) | D51: =IF(COUNT(C51:C51)=0,"",SUM(C51:C51)) | E51: ∑
B52: Professional Develop. (Hours) | D52: =IF(COUNT(C52:C52)=0,"",SUM(C52:C52)) | E52: ∑
B53: HSSE (Hours) | D53: =IF(COUNT(C53:C53)=0,"",SUM(C53:C53)) | E53: ∑
B54: Workday (Hours) | D54: =IF(COUNT(C54:C54)=0,"",SUM(C54:C54)) | E54: ∑
B55: Total Training Hours | C55: =IF(COUNT(C50:C54)=0,"",SUM(C50:C54)) | D55: =IF(COUNT(D50:D54)=0,"",SUM(D50:D54)) | E55: ϝ
B56: Total Trained (Staff) | D56: =IF(COUNT(C56:C56)=0,"",SUM(C56:C56)) | E56: ∑
B57: Training Programs (#) | D57: =IF(COUNT(C57:C57)=0,"",SUM(C57:C57)) | E57: ∑
B58: Training Cost (USD) | D58: =IF(COUNT(C58:C58)=0,"",SUM(C58:C58)) | E58: ∑
B59: Training Travel Cost (USD) | D59: =IF(COUNT(C59:C59)=0,"",SUM(C59:C59)) | E59: ∑
B60: Leadership Hours Trained (%) | C60: =IFERROR(C50/C$55,"") | D60: =IFERROR(D50/D$55,"") | E60: ϝ
B61: Technical Hours Trained (%) | C61: =IFERROR(C51/C$55,"") | D61: =IFERROR(D51/D$55,"") | E61: ϝ
B62: Profess. Dev. Hours Trained (%) | C62: =IFERROR(C52/C$55,"") | D62: =IFERROR(D52/D$55,"") | E62: ϝ
B63: HSSE Hours Trained (%) | C63: =IFERROR(C53/C$55,"") | D63: =IFERROR(D53/D$55,"") | E63: ϝ
B64: Workday Hours Trained (%) | C64: =IFERROR(C54/C$55,"") | D64: =IFERROR(D54/D$55,"") | E64: ϝ
B65: Staff Trained (%) | C65: =IFERROR(C56/C5,"") | D65: =IFERROR(D56/D5,"") | E65: ϝ
B66: Training Hours / EE | C66: =IFERROR(C55/C5,"") | D66: =IFERROR(D55/D5,"") | E66: ϝ
B67: Training Hours / EE Trained | C67: =IFERROR(C55/C56,"") | D67: =IFERROR(D55/D56,"") | E67: ϝ
B68: Training Invest. / EE (USD) | C68: =IF(COUNT(C58:C59)=0,"",IFERROR((N(C58)+N(C59))/C5,"")) | D68: =IF(COUNT(D58:D59)=0,"",IFERROR((N(D58)+N(D59))/D5,"")) | E68: ϝ
B69: Training Invest. / EE Trained (USD) | C69: =IF(COUNT(C58:C59)=0,"",IFERROR((N(C58)+N(C59))/C56,"")) | D69: =IF(COUNT(D58:D59)=0,"",IFERROR((N(D58)+N(D59))/D56,"")) | E69: ϝ
B70: Input Cells Not Submitted | C70: =COUNTBLANK(C3:C4)+COUNTBLANK(C6:C10)+COUNTBLANK(C12:C13)+COUNTBLANK(C18:C20)+COUNTBLANK(C22:C23)+COUNTBLANK(C27:C28)+COUNTBLANK(C34:C35)+COUNTBLANK(C39:C44)+COUNTBLANK(C46:C47)+COUNTBLANK(C50:C54)+COUNTBLANK(C56:C59) | D70: =SUM(C70:C70) | E70: ∑

Sheet AUG
B1: GCG HDQ | C1: 1079
A2: =VALUE(TEXT(EDATE(DATE(LEFT(JUL!A2,4),RIGHT(JUL!A2,2),1),1),"yyyymm")) | B2: AUG | C2: GCG HDQ | D2: TOTAL | E2: Total by Division | F2: =N(F11)<>0
A3: =+A2 | B3: Permanent (Regular) Headcount | D3: =IF(COUNT(C3:C3)=0,"",SUM(C3:C3)) | E3: ∑
B4: Temporary (Fix Term) Headcount | D4: =IF(COUNT(C4:C4)=0,"",SUM(C4:C4)) | E4: ∑
B5: Employee Headcount (Productivity) | C5: =IF(COUNT(C3:C4)=0,"",SUM(C3:C4)) | D5: =IF(COUNT(D3:D4)=0,"",SUM(D3:D4)) | E5: ϝ
B6: Headcount = 1.00 | D6: =IF(COUNT(C6:C6)=0,"",SUM(C6:C6)) | E6: ∑
B7: Headcount = 0.75 | D7: =IF(COUNT(C7:C7)=0,"",SUM(C7:C7)) | E7: ∑
B8: Headcount = 0.50 | D8: =IF(COUNT(C8:C8)=0,"",SUM(C8:C8)) | E8: ∑
B9: Headcount = 0.25 | D9: =IF(COUNT(C9:C9)=0,"",SUM(C9:C9)) | E9: ∑
B10: Standard Monthly Hours (FTE basis) | D10: =IFERROR(AVERAGE(C10:C10),"") | E10: Avg
B11: Employee FTE (Finance) | C11: =IF(COUNT(C6:C9)=0,"",N(C6)+N(C7)*0.75+N(C8)*0.5+N(C9)*0.25) | D11: =IF(COUNT(D6:D9)=0,"",N(D6)+N(D7)*0.75+N(D8)*0.5+N(D9)*0.25) | E11: FTE | F11: =IF(COUNT(D5:D9)=0,"",N(D6)+N(D7)+N(D8)+N(D9)-N(D5))
B12: Subcontracted Workforce HC | D12: =IF(COUNT(C12:C12)=0,"",SUM(C12:C12)) | E12: ∑
B13: Subcontracted Productive Hours | D13: =IF(COUNT(C13:C13)=0,"",SUM(C13:C13)) | E13: ∑
B14: Subcontracted FTE | C14: =IFERROR(C13/C10,"") | D14: =IF(COUNT(C14:C14)=0,"",SUM(C14:C14)) | E14: FTE
B15: Total Operational Workforce | C15: =IF(COUNT(C5,C12)=0,"",SUM(C5,C12)) | D15: =IF(COUNT(D5,D12)=0,"",SUM(D5,D12)) | E15: ϝ
B16: Total Operational FTE | C16: =IF(COUNT(C11,C14)=0,"",SUM(C11,C14)) | D16: =IF(COUNT(D11,D14)=0,"",SUM(D11,D14)) | E16: FTE
B17: Subcontracted Share of Workforce (%) | C17: =IFERROR(C12/C15,"") | D17: =IFERROR(D12/D15,"") | E17: ϝ
B18: FTE HR Team | D18: =IF(COUNT(C18:C18)=0,"",SUM(C18:C18)) | E18: ∑
B19: Permanent Hires | D19: =IF(COUNT(C19:C19)=0,"",SUM(C19:C19)) | E19: ∑
B20: Temporary Hires | D20: =IF(COUNT(C20:C20)=0,"",SUM(C20:C20)) | E20: ∑
B21: Total Hires | C21: =IF(COUNT(C19:C20)=0,"",SUM(C19:C20)) | D21: =IF(COUNT(D19:D20)=0,"",SUM(D19:D20)) | E21: ϝ
B22: Permanent Exits | D22: =IF(COUNT(C22:C22)=0,"",SUM(C22:C22)) | E22: ∑
B23: Temporary Exits | D23: =IF(COUNT(C23:C23)=0,"",SUM(C23:C23)) | E23: ∑
B24: Total Exits | C24: =IF(COUNT(C22:C23)=0,"",SUM(C22:C23)) | D24: =IF(COUNT(D22:D23)=0,"",SUM(D22:D23)) | E24: ϝ
B25: Permanent Turnover (%) | C25: =IF(COUNT(C31,C32)<2,"",IF((C32+C31)=0,"",N(C22)/((C32+C31)/2))) | D25: =IF(COUNT(D31,D32)<2,"",IF((D32+D31)=0,"",N(D22)/((D32+D31)/2))) | E25: ϝ
B26: Temporary Turnover (%) | C26: =IF(COUNT(C31,C32)<2,"",IF((C32+C31)=0,"",N(C23)/((C32+C31)/2))) | D26: =IF(COUNT(D31,D32)<2,"",IF((D32+D31)=0,"",N(D23)/((D32+D31)/2))) | E26: ϝ
B27: Voluntary Terminations | D27: =IF(COUNT(C27:C27)=0,"",SUM(C27:C27)) | E27: ∑
B28: Involuntary Terminations | D28: =IF(COUNT(C28:C28)=0,"",SUM(C28:C28)) | E28: ∑
B29: Voluntary Turnover (%) | C29: =IF(COUNT(C31,C32)<2,"",IF((C32+C31)=0,"",N(C27)/((C32+C31)/2))) | D29: =IF(COUNT(D31,D32)<2,"",IF((D32+D31)=0,"",N(D27)/((D32+D31)/2))) | E29: ϝ
B30: Involuntary Turnover (%) | C30: =IF(COUNT(C31,C32)<2,"",IF((C32+C31)=0,"",N(C28)/((C32+C31)/2))) | D30: =IF(COUNT(D31,D32)<2,"",IF((D32+D31)=0,"",N(D28)/((D32+D31)/2))) | E30: ϝ
B31: Headcount last Month | C31: =IF(JUL!C5="","",JUL!C5) | D31: =IF(COUNT(C31:C31)=0,"",SUM(C31:C31)) | E31: ∑
B32: Headcount this Month | C32: =IF(C5="","",C5) | D32: =IF(COUNT(C32:C32)=0,"",SUM(C32:C32)) | E32: ∑
B33: Full Turnover (%) | C33: =IF(COUNT(C31,C32)<2,"",IF((C32+C31)=0,"",N(C24)/((C32+C31)/2))) | D33: =IF(COUNT(D31,D32)<2,"",IF((D32+D31)=0,"",N(D24)/((D32+D31)/2))) | E33: ϝ
B34: Permanent Vacancies | D34: =IF(COUNT(C34:C34)=0,"",SUM(C34:C34)) | E34: ∑
B35: Temporary Vacancies | D35: =IF(COUNT(C35:C35)=0,"",SUM(C35:C35)) | E35: ∑
B36: Total Vacancies | C36: =IF(COUNT(C34:C35)=0,"",SUM(C34:C35)) | D36: =IF(COUNT(D34:D35)=0,"",SUM(D34:D35)) | E36: ϝ
B37: Authorized Positions | C37: =IF(COUNT(C5,C36)=0,"",N(C5)+N(C36)) | D37: =IF(COUNT(D5,D36)=0,"",N(D5)+N(D36)) | E37: ϝ
B38: Vacancy Rate (%) | C38: =IFERROR(C36/C37,"") | D38: =IFERROR(D36/D37,"") | E38: ϝ
B39: Permanent TimeToHire (Days) YTD | C39: =IF('(GCG_HDQ)'!$AB$14="","",'(GCG_HDQ)'!$AB$14) | D39: =IFERROR(AVERAGE(C39:C39),"") | E39: Avg
B40: Temporary TimeToHire (Days) YTD | C40: =IF('(GCG_HDQ)'!$AD$14="","",'(GCG_HDQ)'!$AD$14) | D40: =IFERROR(AVERAGE(C40:C40),"") | E40: Avg
B41: Check-ins Rate Completed (%) | D41: =IFERROR(AVERAGE(C41:C41),"") | E41: Avg
B42: EE Objectives Completed (#) | D42: =IF(COUNT(C42:C42)=0,"",SUM(C42:C42)) | E42: ∑
B43: Non-certified Absent (Days Lost) | D43: =IF(COUNT(C43:C43)=0,"",SUM(C43:C43)) | E43: ∑
B44: Certified sick leave (Days Lost) | D44: =IF(COUNT(C44:C44)=0,"",SUM(C44:C44)) | E44: ∑
B45: Total Absences | C45: =IF(COUNT(C43:C44)=0,"",SUM(C43:C44)) | D45: =IF(COUNT(D43:D44)=0,"",SUM(D43:D44)) | E45: ϝ
B46: Absent Rate Non-Certified (%) | C46: =IF('(GCG_HDQ)'!$G$14="","",'(GCG_HDQ)'!$G$14) | D46: {=IF(COUNT(C46:C46)=0,"",IFERROR(SUMPRODUCT(IFERROR(C46:C46*((C3:C3)+(C4:C4)),0))/SUMPRODUCT(IFERROR(ISNUMBER(C46:C46)*((C3:C3)+(C4:C4)),0)),""))} | E46: Weighted
B47: Absent Rate Certified (%) | C47: =IF('(GCG_HDQ)'!$O$14="","",'(GCG_HDQ)'!$O$14) | D47: {=IF(COUNT(C47:C47)=0,"",IFERROR(SUMPRODUCT(IFERROR(C47:C47*((C3:C3)+(C4:C4)),0))/SUMPRODUCT(IFERROR(ISNUMBER(C47:C47)*((C3:C3)+(C4:C4)),0)),""))} | E47: Weighted
B48: Absent Rate Total (%) | C48: =IF(COUNT(C46:C47)=0,"",SUM(C46:C47)) | D48: =IF(COUNT(D46:D47)=0,"",SUM(D46:D47)) | E48: Weighted
B49: Weight factor | C49: =IFERROR(C5/$D5,"") | D49: =IF(COUNT(C49:C49)=0,"",SUM(C49:C49)) | E49: Weight Factor
B50: Leadership (Hours) | D50: =IF(COUNT(C50:C50)=0,"",SUM(C50:C50)) | E50: ∑
B51: Technical (Hours) | D51: =IF(COUNT(C51:C51)=0,"",SUM(C51:C51)) | E51: ∑
B52: Professional Develop. (Hours) | D52: =IF(COUNT(C52:C52)=0,"",SUM(C52:C52)) | E52: ∑
B53: HSSE (Hours) | D53: =IF(COUNT(C53:C53)=0,"",SUM(C53:C53)) | E53: ∑
B54: Workday (Hours) | D54: =IF(COUNT(C54:C54)=0,"",SUM(C54:C54)) | E54: ∑
B55: Total Training Hours | C55: =IF(COUNT(C50:C54)=0,"",SUM(C50:C54)) | D55: =IF(COUNT(D50:D54)=0,"",SUM(D50:D54)) | E55: ϝ
B56: Total Trained (Staff) | D56: =IF(COUNT(C56:C56)=0,"",SUM(C56:C56)) | E56: ∑
B57: Training Programs (#) | D57: =IF(COUNT(C57:C57)=0,"",SUM(C57:C57)) | E57: ∑
B58: Training Cost (USD) | D58: =IF(COUNT(C58:C58)=0,"",SUM(C58:C58)) | E58: ∑
B59: Training Travel Cost (USD) | D59: =IF(COUNT(C59:C59)=0,"",SUM(C59:C59)) | E59: ∑
B60: Leadership Hours Trained (%) | C60: =IFERROR(C50/C$55,"") | D60: =IFERROR(D50/D$55,"") | E60: ϝ
B61: Technical Hours Trained (%) | C61: =IFERROR(C51/C$55,"") | D61: =IFERROR(D51/D$55,"") | E61: ϝ
B62: Profess. Dev. Hours Trained (%) | C62: =IFERROR(C52/C$55,"") | D62: =IFERROR(D52/D$55,"") | E62: ϝ
B63: HSSE Hours Trained (%) | C63: =IFERROR(C53/C$55,"") | D63: =IFERROR(D53/D$55,"") | E63: ϝ
B64: Workday Hours Trained (%) | C64: =IFERROR(C54/C$55,"") | D64: =IFERROR(D54/D$55,"") | E64: ϝ
B65: Staff Trained (%) | C65: =IFERROR(C56/C5,"") | D65: =IFERROR(D56/D5,"") | E65: ϝ
B66: Training Hours / EE | C66: =IFERROR(C55/C5,"") | D66: =IFERROR(D55/D5,"") | E66: ϝ
B67: Training Hours / EE Trained | C67: =IFERROR(C55/C56,"") | D67: =IFERROR(D55/D56,"") | E67: ϝ
B68: Training Invest. / EE (USD) | C68: =IF(COUNT(C58:C59)=0,"",IFERROR((N(C58)+N(C59))/C5,"")) | D68: =IF(COUNT(D58:D59)=0,"",IFERROR((N(D58)+N(D59))/D5,"")) | E68: ϝ
B69: Training Invest. / EE Trained (USD) | C69: =IF(COUNT(C58:C59)=0,"",IFERROR((N(C58)+N(C59))/C56,"")) | D69: =IF(COUNT(D58:D59)=0,"",IFERROR((N(D58)+N(D59))/D56,"")) | E69: ϝ
B70: Input Cells Not Submitted | C70: =COUNTBLANK(C3:C4)+COUNTBLANK(C6:C10)+COUNTBLANK(C12:C13)+COUNTBLANK(C18:C20)+COUNTBLANK(C22:C23)+COUNTBLANK(C27:C28)+COUNTBLANK(C34:C35)+COUNTBLANK(C39:C44)+COUNTBLANK(C46:C47)+COUNTBLANK(C50:C54)+COUNTBLANK(C56:C59) | D70: =SUM(C70:C70) | E70: ∑

Sheet SEP
B1: GCG HDQ | C1: 1079
A2: =VALUE(TEXT(EDATE(DATE(LEFT(AUG!A2,4),RIGHT(AUG!A2,2),1),1),"yyyymm")) | B2: SEP | C2: GCG HDQ | D2: TOTAL | E2: Total by Division | F2: =N(F11)<>0
A3: =+A2 | B3: Permanent (Regular) Headcount | D3: =IF(COUNT(C3:C3)=0,"",SUM(C3:C3)) | E3: ∑
B4: Temporary (Fix Term) Headcount | D4: =IF(COUNT(C4:C4)=0,"",SUM(C4:C4)) | E4: ∑
B5: Employee Headcount (Productivity) | C5: =IF(COUNT(C3:C4)=0,"",SUM(C3:C4)) | D5: =IF(COUNT(D3:D4)=0,"",SUM(D3:D4)) | E5: ϝ
B6: Headcount = 1.00 | D6: =IF(COUNT(C6:C6)=0,"",SUM(C6:C6)) | E6: ∑
B7: Headcount = 0.75 | D7: =IF(COUNT(C7:C7)=0,"",SUM(C7:C7)) | E7: ∑
B8: Headcount = 0.50 | D8: =IF(COUNT(C8:C8)=0,"",SUM(C8:C8)) | E8: ∑
B9: Headcount = 0.25 | D9: =IF(COUNT(C9:C9)=0,"",SUM(C9:C9)) | E9: ∑
B10: Standard Monthly Hours (FTE basis) | D10: =IFERROR(AVERAGE(C10:C10),"") | E10: Avg
B11: Employee FTE (Finance) | C11: =IF(COUNT(C6:C9)=0,"",N(C6)+N(C7)*0.75+N(C8)*0.5+N(C9)*0.25) | D11: =IF(COUNT(D6:D9)=0,"",N(D6)+N(D7)*0.75+N(D8)*0.5+N(D9)*0.25) | E11: FTE | F11: =IF(COUNT(D5:D9)=0,"",N(D6)+N(D7)+N(D8)+N(D9)-N(D5))
B12: Subcontracted Workforce HC | D12: =IF(COUNT(C12:C12)=0,"",SUM(C12:C12)) | E12: ∑
B13: Subcontracted Productive Hours | D13: =IF(COUNT(C13:C13)=0,"",SUM(C13:C13)) | E13: ∑
B14: Subcontracted FTE | C14: =IFERROR(C13/C10,"") | D14: =IF(COUNT(C14:C14)=0,"",SUM(C14:C14)) | E14: FTE
B15: Total Operational Workforce | C15: =IF(COUNT(C5,C12)=0,"",SUM(C5,C12)) | D15: =IF(COUNT(D5,D12)=0,"",SUM(D5,D12)) | E15: ϝ
B16: Total Operational FTE | C16: =IF(COUNT(C11,C14)=0,"",SUM(C11,C14)) | D16: =IF(COUNT(D11,D14)=0,"",SUM(D11,D14)) | E16: FTE
B17: Subcontracted Share of Workforce (%) | C17: =IFERROR(C12/C15,"") | D17: =IFERROR(D12/D15,"") | E17: ϝ
B18: FTE HR Team | D18: =IF(COUNT(C18:C18)=0,"",SUM(C18:C18)) | E18: ∑
B19: Permanent Hires | D19: =IF(COUNT(C19:C19)=0,"",SUM(C19:C19)) | E19: ∑
B20: Temporary Hires | D20: =IF(COUNT(C20:C20)=0,"",SUM(C20:C20)) | E20: ∑
B21: Total Hires | C21: =IF(COUNT(C19:C20)=0,"",SUM(C19:C20)) | D21: =IF(COUNT(D19:D20)=0,"",SUM(D19:D20)) | E21: ϝ
B22: Permanent Exits | D22: =IF(COUNT(C22:C22)=0,"",SUM(C22:C22)) | E22: ∑
B23: Temporary Exits | D23: =IF(COUNT(C23:C23)=0,"",SUM(C23:C23)) | E23: ∑
B24: Total Exits | C24: =IF(COUNT(C22:C23)=0,"",SUM(C22:C23)) | D24: =IF(COUNT(D22:D23)=0,"",SUM(D22:D23)) | E24: ϝ
B25: Permanent Turnover (%) | C25: =IF(COUNT(C31,C32)<2,"",IF((C32+C31)=0,"",N(C22)/((C32+C31)/2))) | D25: =IF(COUNT(D31,D32)<2,"",IF((D32+D31)=0,"",N(D22)/((D32+D31)/2))) | E25: ϝ
B26: Temporary Turnover (%) | C26: =IF(COUNT(C31,C32)<2,"",IF((C32+C31)=0,"",N(C23)/((C32+C31)/2))) | D26: =IF(COUNT(D31,D32)<2,"",IF((D32+D31)=0,"",N(D23)/((D32+D31)/2))) | E26: ϝ
B27: Voluntary Terminations | D27: =IF(COUNT(C27:C27)=0,"",SUM(C27:C27)) | E27: ∑
B28: Involuntary Terminations | D28: =IF(COUNT(C28:C28)=0,"",SUM(C28:C28)) | E28: ∑
B29: Voluntary Turnover (%) | C29: =IF(COUNT(C31,C32)<2,"",IF((C32+C31)=0,"",N(C27)/((C32+C31)/2))) | D29: =IF(COUNT(D31,D32)<2,"",IF((D32+D31)=0,"",N(D27)/((D32+D31)/2))) | E29: ϝ
B30: Involuntary Turnover (%) | C30: =IF(COUNT(C31,C32)<2,"",IF((C32+C31)=0,"",N(C28)/((C32+C31)/2))) | D30: =IF(COUNT(D31,D32)<2,"",IF((D32+D31)=0,"",N(D28)/((D32+D31)/2))) | E30: ϝ
B31: Headcount last Month | C31: =IF(AUG!C5="","",AUG!C5) | D31: =IF(COUNT(C31:C31)=0,"",SUM(C31:C31)) | E31: ∑
B32: Headcount this Month | C32: =IF(C5="","",C5) | D32: =IF(COUNT(C32:C32)=0,"",SUM(C32:C32)) | E32: ∑
B33: Full Turnover (%) | C33: =IF(COUNT(C31,C32)<2,"",IF((C32+C31)=0,"",N(C24)/((C32+C31)/2))) | D33: =IF(COUNT(D31,D32)<2,"",IF((D32+D31)=0,"",N(D24)/((D32+D31)/2))) | E33: ϝ
B34: Permanent Vacancies | D34: =IF(COUNT(C34:C34)=0,"",SUM(C34:C34)) | E34: ∑
B35: Temporary Vacancies | D35: =IF(COUNT(C35:C35)=0,"",SUM(C35:C35)) | E35: ∑
B36: Total Vacancies | C36: =IF(COUNT(C34:C35)=0,"",SUM(C34:C35)) | D36: =IF(COUNT(D34:D35)=0,"",SUM(D34:D35)) | E36: ϝ
B37: Authorized Positions | C37: =IF(COUNT(C5,C36)=0,"",N(C5)+N(C36)) | D37: =IF(COUNT(D5,D36)=0,"",N(D5)+N(D36)) | E37: ϝ
B38: Vacancy Rate (%) | C38: =IFERROR(C36/C37,"") | D38: =IFERROR(D36/D37,"") | E38: ϝ
B39: Permanent TimeToHire (Days) YTD | C39: =IF('(GCG_HDQ)'!$AB$15="","",'(GCG_HDQ)'!$AB$15) | D39: =IFERROR(AVERAGE(C39:C39),"") | E39: Avg
B40: Temporary TimeToHire (Days) YTD | C40: =IF('(GCG_HDQ)'!$AD$15="","",'(GCG_HDQ)'!$AD$15) | D40: =IFERROR(AVERAGE(C40:C40),"") | E40: Avg
B41: Check-ins Rate Completed (%) | D41: =IFERROR(AVERAGE(C41:C41),"") | E41: Avg
B42: EE Objectives Completed (#) | D42: =IF(COUNT(C42:C42)=0,"",SUM(C42:C42)) | E42: ∑
B43: Non-certified Absent (Days Lost) | D43: =IF(COUNT(C43:C43)=0,"",SUM(C43:C43)) | E43: ∑
B44: Certified sick leave (Days Lost) | D44: =IF(COUNT(C44:C44)=0,"",SUM(C44:C44)) | E44: ∑
B45: Total Absences | C45: =IF(COUNT(C43:C44)=0,"",SUM(C43:C44)) | D45: =IF(COUNT(D43:D44)=0,"",SUM(D43:D44)) | E45: ϝ
B46: Absent Rate Non-Certified (%) | C46: =IF('(GCG_HDQ)'!$G$15="","",'(GCG_HDQ)'!$G$15) | D46: {=IF(COUNT(C46:C46)=0,"",IFERROR(SUMPRODUCT(IFERROR(C46:C46*((C3:C3)+(C4:C4)),0))/SUMPRODUCT(IFERROR(ISNUMBER(C46:C46)*((C3:C3)+(C4:C4)),0)),""))} | E46: Weighted
B47: Absent Rate Certified (%) | C47: =IF('(GCG_HDQ)'!$O$15="","",'(GCG_HDQ)'!$O$15) | D47: {=IF(COUNT(C47:C47)=0,"",IFERROR(SUMPRODUCT(IFERROR(C47:C47*((C3:C3)+(C4:C4)),0))/SUMPRODUCT(IFERROR(ISNUMBER(C47:C47)*((C3:C3)+(C4:C4)),0)),""))} | E47: Weighted
B48: Absent Rate Total (%) | C48: =IF(COUNT(C46:C47)=0,"",SUM(C46:C47)) | D48: =IF(COUNT(D46:D47)=0,"",SUM(D46:D47)) | E48: Weighted
B49: Weight factor | C49: =IFERROR(C5/$D5,"") | D49: =IF(COUNT(C49:C49)=0,"",SUM(C49:C49)) | E49: Weight Factor
B50: Leadership (Hours) | D50: =IF(COUNT(C50:C50)=0,"",SUM(C50:C50)) | E50: ∑
B51: Technical (Hours) | D51: =IF(COUNT(C51:C51)=0,"",SUM(C51:C51)) | E51: ∑
B52: Professional Develop. (Hours) | D52: =IF(COUNT(C52:C52)=0,"",SUM(C52:C52)) | E52: ∑
B53: HSSE (Hours) | D53: =IF(COUNT(C53:C53)=0,"",SUM(C53:C53)) | E53: ∑
B54: Workday (Hours) | D54: =IF(COUNT(C54:C54)=0,"",SUM(C54:C54)) | E54: ∑
B55: Total Training Hours | C55: =IF(COUNT(C50:C54)=0,"",SUM(C50:C54)) | D55: =IF(COUNT(D50:D54)=0,"",SUM(D50:D54)) | E55: ϝ
B56: Total Trained (Staff) | D56: =IF(COUNT(C56:C56)=0,"",SUM(C56:C56)) | E56: ∑
B57: Training Programs (#) | D57: =IF(COUNT(C57:C57)=0,"",SUM(C57:C57)) | E57: ∑
B58: Training Cost (USD) | D58: =IF(COUNT(C58:C58)=0,"",SUM(C58:C58)) | E58: ∑
B59: Training Travel Cost (USD) | D59: =IF(COUNT(C59:C59)=0,"",SUM(C59:C59)) | E59: ∑
B60: Leadership Hours Trained (%) | C60: =IFERROR(C50/C$55,"") | D60: =IFERROR(D50/D$55,"") | E60: ϝ
B61: Technical Hours Trained (%) | C61: =IFERROR(C51/C$55,"") | D61: =IFERROR(D51/D$55,"") | E61: ϝ
B62: Profess. Dev. Hours Trained (%) | C62: =IFERROR(C52/C$55,"") | D62: =IFERROR(D52/D$55,"") | E62: ϝ
B63: HSSE Hours Trained (%) | C63: =IFERROR(C53/C$55,"") | D63: =IFERROR(D53/D$55,"") | E63: ϝ
B64: Workday Hours Trained (%) | C64: =IFERROR(C54/C$55,"") | D64: =IFERROR(D54/D$55,"") | E64: ϝ
B65: Staff Trained (%) | C65: =IFERROR(C56/C5,"") | D65: =IFERROR(D56/D5,"") | E65: ϝ
B66: Training Hours / EE | C66: =IFERROR(C55/C5,"") | D66: =IFERROR(D55/D5,"") | E66: ϝ
B67: Training Hours / EE Trained | C67: =IFERROR(C55/C56,"") | D67: =IFERROR(D55/D56,"") | E67: ϝ
B68: Training Invest. / EE (USD) | C68: =IF(COUNT(C58:C59)=0,"",IFERROR((N(C58)+N(C59))/C5,"")) | D68: =IF(COUNT(D58:D59)=0,"",IFERROR((N(D58)+N(D59))/D5,"")) | E68: ϝ
B69: Training Invest. / EE Trained (USD) | C69: =IF(COUNT(C58:C59)=0,"",IFERROR((N(C58)+N(C59))/C56,"")) | D69: =IF(COUNT(D58:D59)=0,"",IFERROR((N(D58)+N(D59))/D56,"")) | E69: ϝ
B70: Input Cells Not Submitted | C70: =COUNTBLANK(C3:C4)+COUNTBLANK(C6:C10)+COUNTBLANK(C12:C13)+COUNTBLANK(C18:C20)+COUNTBLANK(C22:C23)+COUNTBLANK(C27:C28)+COUNTBLANK(C34:C35)+COUNTBLANK(C39:C44)+COUNTBLANK(C46:C47)+COUNTBLANK(C50:C54)+COUNTBLANK(C56:C59) | D70: =SUM(C70:C70) | E70: ∑

Sheet (GCG_HDQ)
A1: GCG HDQ | D1: ABSENCE RATE YTD | G1: =G16 | I1: =A1 | L1: ABSENCE RATE YTD | O1: =O16 | Q1: =A1 | T1: ABSENCE RATE YTD | W1: =W16 | Y1: =A1 | AB1: TIME TO HIRE YTD (Days) | AE1: =AE16
A2: NON-CERTIFIED | I2: CERTIFIED | Q2: TOTAL ABSENCES | Y2: TIME TO HIRE BY MONTH
A3: No. | B3: Month | C3: Total Employees | D3: Working Days | E3: Total Days Lost | F3: Total Working Days | G3: Monthly Absence Rate | I3: No. | J3: Month | K3: Total Employees | L3: Working Days | M3: Total Days Lost | N3: Total Working Days | O3: Monthly Absence Rate | Q3: No. | R3: Month | S3: Total Employees | T3: Working Days | U3: Total Days Lost | V3: Total Working Days | W3: Monthly Absence Rate | Y3: No. | Z3: Month | AA3: Permanent Posts Filled YTD | AB3: Permanent Time to Hire YTD (Days) | AC3: Temporary Posts Filled YTD | AD3: Temporary Time to Hire YTD (Days) | AE3: Total Time to Hire YTD (Days)
A4: 1 | B4: 46296 | C4: =IF(OCT!$C$5="","",OCT!$C$5) | E4: =IF(OCT!$C$43="","",OCT!$C$43) | F4: =IF(OR(C4="",D4=""),"",C4*D4) | G4: =IF(OR(E4="",N(F4)=0),"",E4/F4) | I4: 1 | J4: 46296 | K4: =C4 | L4: =IF(D4="","",D4) | M4: =IF(OCT!$C$44="","",OCT!$C$44) | N4: =IF(OR(K4="",L4=""),"",K4*L4) | O4: =IF(OR(M4="",N(N4)=0),"",M4/N4) | Q4: 1 | R4: 46296 | S4: =C4 | T4: =IF(D4="","",D4) | U4: =IF(COUNT(E4,M4)=0,"",SUM(E4,M4)) | V4: =IF(OR(S4="",T4=""),"",S4*T4) | W4: =IF(OR(U4="",N(V4)=0),"",U4/V4) | Y4: 1 | Z4: 46296 | AA4: =IF($C4="","",SUMPRODUCT(($E$21:$E$60>=$Z$4)*($E$21:$E$60<=EOMONTH($Z4,0)),$G$21:$G$60)) | AB4: =IF(N(AA4)=0,"",SUMPRODUCT(($E$21:$E$60>=$Z$4)*($E$21:$E$60<=EOMONTH($Z4,0)),$F$21:$F$60,$G$21:$G$60)/AA4) | AC4: =IF($C4="","",SUMPRODUCT(($L$21:$L$60>=$Z$4)*($L$21:$L$60<=EOMONTH($Z4,0)),$N$21:$N$60)) | AD4: =IF(N(AC4)=0,"",SUMPRODUCT(($L$21:$L$60>=$Z$4)*($L$21:$L$60<=EOMONTH($Z4,0)),$M$21:$M$60,$N$21:$N$60)/AC4) | AE4: =IF(N(AA4)+N(AC4)=0,"",(N(AB4)*N(AA4)+N(AD4)*N(AC4))/(N(AA4)+N(AC4)))
A5: 2 | B5: 46327 | C5: =IF(NOV!$C$5="","",NOV!$C$5) | E5: =IF(NOV!$C$43="","",NOV!$C$43) | F5: =IF(OR(C5="",D5=""),"",C5*D5) | G5: =IF(OR(E5="",N(F5)=0),"",E5/F5) | I5: 2 | J5: 46327 | K5: =C5 | L5: =IF(D5="","",D5) | M5: =IF(NOV!$C$44="","",NOV!$C$44) | N5: =IF(OR(K5="",L5=""),"",K5*L5) | O5: =IF(OR(M5="",N(N5)=0),"",M5/N5) | Q5: 2 | R5: 46327 | S5: =C5 | T5: =IF(D5="","",D5) | U5: =IF(COUNT(E5,M5)=0,"",SUM(E5,M5)) | V5: =IF(OR(S5="",T5=""),"",S5*T5) | W5: =IF(OR(U5="",N(V5)=0),"",U5/V5) | Y5: 2 | Z5: 46327 | AA5: =IF($C5="","",SUMPRODUCT(($E$21:$E$60>=$Z$4)*($E$21:$E$60<=EOMONTH($Z5,0)),$G$21:$G$60)) | AB5: =IF(N(AA5)=0,"",SUMPRODUCT(($E$21:$E$60>=$Z$4)*($E$21:$E$60<=EOMONTH($Z5,0)),$F$21:$F$60,$G$21:$G$60)/AA5) | AC5: =IF($C5="","",SUMPRODUCT(($L$21:$L$60>=$Z$4)*($L$21:$L$60<=EOMONTH($Z5,0)),$N$21:$N$60)) | AD5: =IF(N(AC5)=0,"",SUMPRODUCT(($L$21:$L$60>=$Z$4)*($L$21:$L$60<=EOMONTH($Z5,0)),$M$21:$M$60,$N$21:$N$60)/AC5) | AE5: =IF(N(AA5)+N(AC5)=0,"",(N(AB5)*N(AA5)+N(AD5)*N(AC5))/(N(AA5)+N(AC5)))
A6: 3 | B6: 46357 | C6: =IF(DEC!$C$5="","",DEC!$C$5) | E6: =IF(DEC!$C$43="","",DEC!$C$43) | F6: =IF(OR(C6="",D6=""),"",C6*D6) | G6: =IF(OR(E6="",N(F6)=0),"",E6/F6) | I6: 3 | J6: 46357 | K6: =C6 | L6: =IF(D6="","",D6) | M6: =IF(DEC!$C$44="","",DEC!$C$44) | N6: =IF(OR(K6="",L6=""),"",K6*L6) | O6: =IF(OR(M6="",N(N6)=0),"",M6/N6) | Q6: 3 | R6: 46357 | S6: =C6 | T6: =IF(D6="","",D6) | U6: =IF(COUNT(E6,M6)=0,"",SUM(E6,M6)) | V6: =IF(OR(S6="",T6=""),"",S6*T6) | W6: =IF(OR(U6="",N(V6)=0),"",U6/V6) | Y6: 3 | Z6: 46357 | AA6: =IF($C6="","",SUMPRODUCT(($E$21:$E$60>=$Z$4)*($E$21:$E$60<=EOMONTH($Z6,0)),$G$21:$G$60)) | AB6: =IF(N(AA6)=0,"",SUMPRODUCT(($E$21:$E$60>=$Z$4)*($E$21:$E$60<=EOMONTH($Z6,0)),$F$21:$F$60,$G$21:$G$60)/AA6) | AC6: =IF($C6="","",SUMPRODUCT(($L$21:$L$60>=$Z$4)*($L$21:$L$60<=EOMONTH($Z6,0)),$N$21:$N$60)) | AD6: =IF(N(AC6)=0,"",SUMPRODUCT(($L$21:$L$60>=$Z$4)*($L$21:$L$60<=EOMONTH($Z6,0)),$M$21:$M$60,$N$21:$N$60)/AC6) | AE6: =IF(N(AA6)+N(AC6)=0,"",(N(AB6)*N(AA6)+N(AD6)*N(AC6))/(N(AA6)+N(AC6)))
A7: 4 | B7: 46388 | C7: =IF(JAN!$C$5="","",JAN!$C$5) | E7: =IF(JAN!$C$43="","",JAN!$C$43) | F7: =IF(OR(C7="",D7=""),"",C7*D7) | G7: =IF(OR(E7="",N(F7)=0),"",E7/F7) | I7: 4 | J7: 46388 | K7: =C7 | L7: =IF(D7="","",D7) | M7: =IF(JAN!$C$44="","",JAN!$C$44) | N7: =IF(OR(K7="",L7=""),"",K7*L7) | O7: =IF(OR(M7="",N(N7)=0),"",M7/N7) | Q7: 4 | R7: 46388 | S7: =C7 | T7: =IF(D7="","",D7) | U7: =IF(COUNT(E7,M7)=0,"",SUM(E7,M7)) | V7: =IF(OR(S7="",T7=""),"",S7*T7) | W7: =IF(OR(U7="",N(V7)=0),"",U7/V7) | Y7: 4 | Z7: 46388 | AA7: =IF($C7="","",SUMPRODUCT(($E$21:$E$60>=$Z$4)*($E$21:$E$60<=EOMONTH($Z7,0)),$G$21:$G$60)) | AB7: =IF(N(AA7)=0,"",SUMPRODUCT(($E$21:$E$60>=$Z$4)*($E$21:$E$60<=EOMONTH($Z7,0)),$F$21:$F$60,$G$21:$G$60)/AA7) | AC7: =IF($C7="","",SUMPRODUCT(($L$21:$L$60>=$Z$4)*($L$21:$L$60<=EOMONTH($Z7,0)),$N$21:$N$60)) | AD7: =IF(N(AC7)=0,"",SUMPRODUCT(($L$21:$L$60>=$Z$4)*($L$21:$L$60<=EOMONTH($Z7,0)),$M$21:$M$60,$N$21:$N$60)/AC7) | AE7: =IF(N(AA7)+N(AC7)=0,"",(N(AB7)*N(AA7)+N(AD7)*N(AC7))/(N(AA7)+N(AC7)))
A8: 5 | B8: 46419 | C8: =IF(FEB!$C$5="","",FEB!$C$5) | E8: =IF(FEB!$C$43="","",FEB!$C$43) | F8: =IF(OR(C8="",D8=""),"",C8*D8) | G8: =IF(OR(E8="",N(F8)=0),"",E8/F8) | I8: 5 | J8: 46419 | K8: =C8 | L8: =IF(D8="","",D8) | M8: =IF(FEB!$C$44="","",FEB!$C$44) | N8: =IF(OR(K8="",L8=""),"",K8*L8) | O8: =IF(OR(M8="",N(N8)=0),"",M8/N8) | Q8: 5 | R8: 46419 | S8: =C8 | T8: =IF(D8="","",D8) | U8: =IF(COUNT(E8,M8)=0,"",SUM(E8,M8)) | V8: =IF(OR(S8="",T8=""),"",S8*T8) | W8: =IF(OR(U8="",N(V8)=0),"",U8/V8) | Y8: 5 | Z8: 46419 | AA8: =IF($C8="","",SUMPRODUCT(($E$21:$E$60>=$Z$4)*($E$21:$E$60<=EOMONTH($Z8,0)),$G$21:$G$60)) | AB8: =IF(N(AA8)=0,"",SUMPRODUCT(($E$21:$E$60>=$Z$4)*($E$21:$E$60<=EOMONTH($Z8,0)),$F$21:$F$60,$G$21:$G$60)/AA8) | AC8: =IF($C8="","",SUMPRODUCT(($L$21:$L$60>=$Z$4)*($L$21:$L$60<=EOMONTH($Z8,0)),$N$21:$N$60)) | AD8: =IF(N(AC8)=0,"",SUMPRODUCT(($L$21:$L$60>=$Z$4)*($L$21:$L$60<=EOMONTH($Z8,0)),$M$21:$M$60,$N$21:$N$60)/AC8) | AE8: =IF(N(AA8)+N(AC8)=0,"",(N(AB8)*N(AA8)+N(AD8)*N(AC8))/(N(AA8)+N(AC8)))
A9: 6 | B9: 46447 | C9: =IF(MAR!$C$5="","",MAR!$C$5) | E9: =IF(MAR!$C$43="","",MAR!$C$43) | F9: =IF(OR(C9="",D9=""),"",C9*D9) | G9: =IF(OR(E9="",N(F9)=0),"",E9/F9) | I9: 6 | J9: 46447 | K9: =C9 | L9: =IF(D9="","",D9) | M9: =IF(MAR!$C$44="","",MAR!$C$44) | N9: =IF(OR(K9="",L9=""),"",K9*L9) | O9: =IF(OR(M9="",N(N9)=0),"",M9/N9) | Q9: 6 | R9: 46447 | S9: =C9 | T9: =IF(D9="","",D9) | U9: =IF(COUNT(E9,M9)=0,"",SUM(E9,M9)) | V9: =IF(OR(S9="",T9=""),"",S9*T9) | W9: =IF(OR(U9="",N(V9)=0),"",U9/V9) | Y9: 6 | Z9: 46447 | AA9: =IF($C9="","",SUMPRODUCT(($E$21:$E$60>=$Z$4)*($E$21:$E$60<=EOMONTH($Z9,0)),$G$21:$G$60)) | AB9: =IF(N(AA9)=0,"",SUMPRODUCT(($E$21:$E$60>=$Z$4)*($E$21:$E$60<=EOMONTH($Z9,0)),$F$21:$F$60,$G$21:$G$60)/AA9) | AC9: =IF($C9="","",SUMPRODUCT(($L$21:$L$60>=$Z$4)*($L$21:$L$60<=EOMONTH($Z9,0)),$N$21:$N$60)) | AD9: =IF(N(AC9)=0,"",SUMPRODUCT(($L$21:$L$60>=$Z$4)*($L$21:$L$60<=EOMONTH($Z9,0)),$M$21:$M$60,$N$21:$N$60)/AC9) | AE9: =IF(N(AA9)+N(AC9)=0,"",(N(AB9)*N(AA9)+N(AD9)*N(AC9))/(N(AA9)+N(AC9)))
A10: 7 | B10: 46478 | C10: =IF(APR!$C$5="","",APR!$C$5) | E10: =IF(APR!$C$43="","",APR!$C$43) | F10: =IF(OR(C10="",D10=""),"",C10*D10) | G10: =IF(OR(E10="",N(F10)=0),"",E10/F10) | I10: 7 | J10: 46478 | K10: =C10 | L10: =IF(D10="","",D10) | M10: =IF(APR!$C$44="","",APR!$C$44) | N10: =IF(OR(K10="",L10=""),"",K10*L10) | O10: =IF(OR(M10="",N(N10)=0),"",M10/N10) | Q10: 7 | R10: 46478 | S10: =C10 | T10: =IF(D10="","",D10) | U10: =IF(COUNT(E10,M10)=0,"",SUM(E10,M10)) | V10: =IF(OR(S10="",T10=""),"",S10*T10) | W10: =IF(OR(U10="",N(V10)=0),"",U10/V10) | Y10: 7 | Z10: 46478 | AA10: =IF($C10="","",SUMPRODUCT(($E$21:$E$60>=$Z$4)*($E$21:$E$60<=EOMONTH($Z10,0)),$G$21:$G$60)) | AB10: =IF(N(AA10)=0,"",SUMPRODUCT(($E$21:$E$60>=$Z$4)*($E$21:$E$60<=EOMONTH($Z10,0)),$F$21:$F$60,$G$21:$G$60)/AA10) | AC10: =IF($C10="","",SUMPRODUCT(($L$21:$L$60>=$Z$4)*($L$21:$L$60<=EOMONTH($Z10,0)),$N$21:$N$60)) | AD10: =IF(N(AC10)=0,"",SUMPRODUCT(($L$21:$L$60>=$Z$4)*($L$21:$L$60<=EOMONTH($Z10,0)),$M$21:$M$60,$N$21:$N$60)/AC10) | AE10: =IF(N(AA10)+N(AC10)=0,"",(N(AB10)*N(AA10)+N(AD10)*N(AC10))/(N(AA10)+N(AC10)))
A11: 8 | B11: 46508 | C11: =IF(MAY!$C$5="","",MAY!$C$5) | E11: =IF(MAY!$C$43="","",MAY!$C$43) | F11: =IF(OR(C11="",D11=""),"",C11*D11) | G11: =IF(OR(E11="",N(F11)=0),"",E11/F11) | I11: 8 | J11: 46508 | K11: =C11 | L11: =IF(D11="","",D11) | M11: =IF(MAY!$C$44="","",MAY!$C$44) | N11: =IF(OR(K11="",L11=""),"",K11*L11) | O11: =IF(OR(M11="",N(N11)=0),"",M11/N11) | Q11: 8 | R11: 46508 | S11: =C11 | T11: =IF(D11="","",D11) | U11: =IF(COUNT(E11,M11)=0,"",SUM(E11,M11)) | V11: =IF(OR(S11="",T11=""),"",S11*T11) | W11: =IF(OR(U11="",N(V11)=0),"",U11/V11) | Y11: 8 | Z11: 46508 | AA11: =IF($C11="","",SUMPRODUCT(($E$21:$E$60>=$Z$4)*($E$21:$E$60<=EOMONTH($Z11,0)),$G$21:$G$60)) | AB11: =IF(N(AA11)=0,"",SUMPRODUCT(($E$21:$E$60>=$Z$4)*($E$21:$E$60<=EOMONTH($Z11,0)),$F$21:$F$60,$G$21:$G$60)/AA11) | AC11: =IF($C11="","",SUMPRODUCT(($L$21:$L$60>=$Z$4)*($L$21:$L$60<=EOMONTH($Z11,0)),$N$21:$N$60)) | AD11: =IF(N(AC11)=0,"",SUMPRODUCT(($L$21:$L$60>=$Z$4)*($L$21:$L$60<=EOMONTH($Z11,0)),$M$21:$M$60,$N$21:$N$60)/AC11) | AE11: =IF(N(AA11)+N(AC11)=0,"",(N(AB11)*N(AA11)+N(AD11)*N(AC11))/(N(AA11)+N(AC11)))
A12: 9 | B12: 46539 | C12: =IF(JUN!$C$5="","",JUN!$C$5) | E12: =IF(JUN!$C$43="","",JUN!$C$43) | F12: =IF(OR(C12="",D12=""),"",C12*D12) | G12: =IF(OR(E12="",N(F12)=0),"",E12/F12) | I12: 9 | J12: 46539 | K12: =C12 | L12: =IF(D12="","",D12) | M12: =IF(JUN!$C$44="","",JUN!$C$44) | N12: =IF(OR(K12="",L12=""),"",K12*L12) | O12: =IF(OR(M12="",N(N12)=0),"",M12/N12) | Q12: 9 | R12: 46539 | S12: =C12 | T12: =IF(D12="","",D12) | U12: =IF(COUNT(E12,M12)=0,"",SUM(E12,M12)) | V12: =IF(OR(S12="",T12=""),"",S12*T12) | W12: =IF(OR(U12="",N(V12)=0),"",U12/V12) | Y12: 9 | Z12: 46539 | AA12: =IF($C12="","",SUMPRODUCT(($E$21:$E$60>=$Z$4)*($E$21:$E$60<=EOMONTH($Z12,0)),$G$21:$G$60)) | AB12: =IF(N(AA12)=0,"",SUMPRODUCT(($E$21:$E$60>=$Z$4)*($E$21:$E$60<=EOMONTH($Z12,0)),$F$21:$F$60,$G$21:$G$60)/AA12) | AC12: =IF($C12="","",SUMPRODUCT(($L$21:$L$60>=$Z$4)*($L$21:$L$60<=EOMONTH($Z12,0)),$N$21:$N$60)) | AD12: =IF(N(AC12)=0,"",SUMPRODUCT(($L$21:$L$60>=$Z$4)*($L$21:$L$60<=EOMONTH($Z12,0)),$M$21:$M$60,$N$21:$N$60)/AC12) | AE12: =IF(N(AA12)+N(AC12)=0,"",(N(AB12)*N(AA12)+N(AD12)*N(AC12))/(N(AA12)+N(AC12)))
A13: 10 | B13: 46569 | C13: =IF(JUL!$C$5="","",JUL!$C$5) | E13: =IF(JUL!$C$43="","",JUL!$C$43) | F13: =IF(OR(C13="",D13=""),"",C13*D13) | G13: =IF(OR(E13="",N(F13)=0),"",E13/F13) | I13: 10 | J13: 46569 | K13: =C13 | L13: =IF(D13="","",D13) | M13: =IF(JUL!$C$44="","",JUL!$C$44) | N13: =IF(OR(K13="",L13=""),"",K13*L13) | O13: =IF(OR(M13="",N(N13)=0),"",M13/N13) | Q13: 10 | R13: 46569 | S13: =C13 | T13: =IF(D13="","",D13) | U13: =IF(COUNT(E13,M13)=0,"",SUM(E13,M13)) | V13: =IF(OR(S13="",T13=""),"",S13*T13) | W13: =IF(OR(U13="",N(V13)=0),"",U13/V13) | Y13: 10 | Z13: 46569 | AA13: =IF($C13="","",SUMPRODUCT(($E$21:$E$60>=$Z$4)*($E$21:$E$60<=EOMONTH($Z13,0)),$G$21:$G$60)) | AB13: =IF(N(AA13)=0,"",SUMPRODUCT(($E$21:$E$60>=$Z$4)*($E$21:$E$60<=EOMONTH($Z13,0)),$F$21:$F$60,$G$21:$G$60)/AA13) | AC13: =IF($C13="","",SUMPRODUCT(($L$21:$L$60>=$Z$4)*($L$21:$L$60<=EOMONTH($Z13,0)),$N$21:$N$60)) | AD13: =IF(N(AC13)=0,"",SUMPRODUCT(($L$21:$L$60>=$Z$4)*($L$21:$L$60<=EOMONTH($Z13,0)),$M$21:$M$60,$N$21:$N$60)/AC13) | AE13: =IF(N(AA13)+N(AC13)=0,"",(N(AB13)*N(AA13)+N(AD13)*N(AC13))/(N(AA13)+N(AC13)))
A14: 11 | B14: 46600 | C14: =IF(AUG!$C$5="","",AUG!$C$5) | E14: =IF(AUG!$C$43="","",AUG!$C$43) | F14: =IF(OR(C14="",D14=""),"",C14*D14) | G14: =IF(OR(E14="",N(F14)=0),"",E14/F14) | I14: 11 | J14: 46600 | K14: =C14 | L14: =IF(D14="","",D14) | M14: =IF(AUG!$C$44="","",AUG!$C$44) | N14: =IF(OR(K14="",L14=""),"",K14*L14) | O14: =IF(OR(M14="",N(N14)=0),"",M14/N14) | Q14: 11 | R14: 46600 | S14: =C14 | T14: =IF(D14="","",D14) | U14: =IF(COUNT(E14,M14)=0,"",SUM(E14,M14)) | V14: =IF(OR(S14="",T14=""),"",S14*T14) | W14: =IF(OR(U14="",N(V14)=0),"",U14/V14) | Y14: 11 | Z14: 46600 | AA14: =IF($C14="","",SUMPRODUCT(($E$21:$E$60>=$Z$4)*($E$21:$E$60<=EOMONTH($Z14,0)),$G$21:$G$60)) | AB14: =IF(N(AA14)=0,"",SUMPRODUCT(($E$21:$E$60>=$Z$4)*($E$21:$E$60<=EOMONTH($Z14,0)),$F$21:$F$60,$G$21:$G$60)/AA14) | AC14: =IF($C14="","",SUMPRODUCT(($L$21:$L$60>=$Z$4)*($L$21:$L$60<=EOMONTH($Z14,0)),$N$21:$N$60)) | AD14: =IF(N(AC14)=0,"",SUMPRODUCT(($L$21:$L$60>=$Z$4)*($L$21:$L$60<=EOMONTH($Z14,0)),$M$21:$M$60,$N$21:$N$60)/AC14) | AE14: =IF(N(AA14)+N(AC14)=0,"",(N(AB14)*N(AA14)+N(AD14)*N(AC14))/(N(AA14)+N(AC14)))
A15: 12 | B15: 46631 | C15: =IF(SEP!$C$5="","",SEP!$C$5) | E15: =IF(SEP!$C$43="","",SEP!$C$43) | F15: =IF(OR(C15="",D15=""),"",C15*D15) | G15: =IF(OR(E15="",N(F15)=0),"",E15/F15) | I15: 12 | J15: 46631 | K15: =C15 | L15: =IF(D15="","",D15) | M15: =IF(SEP!$C$44="","",SEP!$C$44) | N15: =IF(OR(K15="",L15=""),"",K15*L15) | O15: =IF(OR(M15="",N(N15)=0),"",M15/N15) | Q15: 12 | R15: 46631 | S15: =C15 | T15: =IF(D15="","",D15) | U15: =IF(COUNT(E15,M15)=0,"",SUM(E15,M15)) | V15: =IF(OR(S15="",T15=""),"",S15*T15) | W15: =IF(OR(U15="",N(V15)=0),"",U15/V15) | Y15: 12 | Z15: 46631 | AA15: =IF($C15="","",SUMPRODUCT(($E$21:$E$60>=$Z$4)*($E$21:$E$60<=EOMONTH($Z15,0)),$G$21:$G$60)) | AB15: =IF(N(AA15)=0,"",SUMPRODUCT(($E$21:$E$60>=$Z$4)*($E$21:$E$60<=EOMONTH($Z15,0)),$F$21:$F$60,$G$21:$G$60)/AA15) | AC15: =IF($C15="","",SUMPRODUCT(($L$21:$L$60>=$Z$4)*($L$21:$L$60<=EOMONTH($Z15,0)),$N$21:$N$60)) | AD15: =IF(N(AC15)=0,"",SUMPRODUCT(($L$21:$L$60>=$Z$4)*($L$21:$L$60<=EOMONTH($Z15,0)),$M$21:$M$60,$N$21:$N$60)/AC15) | AE15: =IF(N(AA15)+N(AC15)=0,"",(N(AB15)*N(AA15)+N(AD15)*N(AC15))/(N(AA15)+N(AC15)))
D16: Total YTD | E16: =IF(COUNT(E4:E15)=0,"",SUM(E4:E15)) | F16: =SUMPRODUCT(--ISNUMBER(E4:E15),F4:F15) | G16: =IF(COUNT(E4:E15)=0,"",IFERROR(E16/F16,"")) | L16: Total YTD | M16: =IF(COUNT(M4:M15)=0,"",SUM(M4:M15)) | N16: =SUMPRODUCT(--ISNUMBER(M4:M15),N4:N15) | O16: =IF(COUNT(M4:M15)=0,"",IFERROR(M16/N16,"")) | T16: Total YTD | U16: =IF(COUNT(U4:U15)=0,"",SUM(U4:U15)) | V16: =SUMPRODUCT(--ISNUMBER(U4:U15),V4:V15) | W16: =IF(COUNT(U4:U15)=0,"",IFERROR(U16/V16,"")) | Z16: FY2027 YTD | AA16: =SUMPRODUCT(($E$21:$E$60>=$Z$4)*($E$21:$E$60<=EOMONTH($Z$15,0)),$G$21:$G$60) | AB16: =IF(N(AA16)=0,"",SUMPRODUCT(($E$21:$E$60>=$Z$4)*($E$21:$E$60<=EOMONTH($Z$15,0)),$F$21:$F$60,$G$21:$G$60)/AA16) | AC16: =SUMPRODUCT(($L$21:$L$60>=$Z$4)*($L$21:$L$60<=EOMONTH($Z$15,0)),$N$21:$N$60) | AD16: =IF(N(AC16)=0,"",SUMPRODUCT(($L$21:$L$60>=$Z$4)*($L$21:$L$60<=EOMONTH($Z$15,0)),$M$21:$M$60,$N$21:$N$60)/AC16) | AE16: =IF(N(AA16)+N(AC16)=0,"",(N(AB16)*N(AA16)+N(AD16)*N(AC16))/(N(AA16)+N(AC16)))
Y17: Only contracts signed within FY2027 (Oct-2026 to the month shown) are counted; weighted by posts filled.
A18: =A1 | D18: TIME TO HIRE YTD (Days) | F18: =AB16 | H18: =A1 | K18: TIME TO HIRE YTD (Days) | M18: =AD16
A19: PERMANENT EE | H19: TEMPORARY EE
A20: No. | B20: Job Title | C20: No. of Posts | D20: Job Opening Date (mm/dd/yyyy) | E20: Contract Signed Date (mm/dd/yyyy) | F20: Time to Hire by Position (Days) | G20: Posts Filled (auto) | H20: No. | I20: Job Title | J20: No. of Posts | K20: Job Opening Date (mm/dd/yyyy) | L20: Contract Signed Date (mm/dd/yyyy) | M20: Time to Hire by Position (Days) | N20: Posts Filled (auto)
A21: 1 | F21: =IF(OR(E21="",D21=""),"",MAX(E21-D21,0)) | G21: =IF(F21="","",IF(N(C21)=0,1,C21)) | H21: 1 | M21: =IF(OR(L21="",K21=""),"",MAX(L21-K21,0)) | N21: =IF(M21="","",IF(N(J21)=0,1,J21))
A22: 2 | F22: =IF(OR(E22="",D22=""),"",MAX(E22-D22,0)) | G22: =IF(F22="","",IF(N(C22)=0,1,C22)) | H22: 2 | M22: =IF(OR(L22="",K22=""),"",MAX(L22-K22,0)) | N22: =IF(M22="","",IF(N(J22)=0,1,J22))
A23: 3 | F23: =IF(OR(E23="",D23=""),"",MAX(E23-D23,0)) | G23: =IF(F23="","",IF(N(C23)=0,1,C23)) | H23: 3 | M23: =IF(OR(L23="",K23=""),"",MAX(L23-K23,0)) | N23: =IF(M23="","",IF(N(J23)=0,1,J23))
A24: 4 | F24: =IF(OR(E24="",D24=""),"",MAX(E24-D24,0)) | G24: =IF(F24="","",IF(N(C24)=0,1,C24)) | H24: 4 | M24: =IF(OR(L24="",K24=""),"",MAX(L24-K24,0)) | N24: =IF(M24="","",IF(N(J24)=0,1,J24))
A25: 5 | F25: =IF(OR(E25="",D25=""),"",MAX(E25-D25,0)) | G25: =IF(F25="","",IF(N(C25)=0,1,C25)) | H25: 5 | M25: =IF(OR(L25="",K25=""),"",MAX(L25-K25,0)) | N25: =IF(M25="","",IF(N(J25)=0,1,J25))
A26: 6 | F26: =IF(OR(E26="",D26=""),"",MAX(E26-D26,0)) | G26: =IF(F26="","",IF(N(C26)=0,1,C26)) | H26: 6 | M26: =IF(OR(L26="",K26=""),"",MAX(L26-K26,0)) | N26: =IF(M26="","",IF(N(J26)=0,1,J26))
A27: 7 | F27: =IF(OR(E27="",D27=""),"",MAX(E27-D27,0)) | G27: =IF(F27="","",IF(N(C27)=0,1,C27)) | H27: 7 | M27: =IF(OR(L27="",K27=""),"",MAX(L27-K27,0)) | N27: =IF(M27="","",IF(N(J27)=0,1,J27))
A28: 8 | F28: =IF(OR(E28="",D28=""),"",MAX(E28-D28,0)) | G28: =IF(F28="","",IF(N(C28)=0,1,C28)) | H28: 8 | M28: =IF(OR(L28="",K28=""),"",MAX(L28-K28,0)) | N28: =IF(M28="","",IF(N(J28)=0,1,J28))
A29: 9 | F29: =IF(OR(E29="",D29=""),"",MAX(E29-D29,0)) | G29: =IF(F29="","",IF(N(C29)=0,1,C29)) | H29: 9 | M29: =IF(OR(L29="",K29=""),"",MAX(L29-K29,0)) | N29: =IF(M29="","",IF(N(J29)=0,1,J29))
A30: 10 | F30: =IF(OR(E30="",D30=""),"",MAX(E30-D30,0)) | G30: =IF(F30="","",IF(N(C30)=0,1,C30)) | H30: 10 | M30: =IF(OR(L30="",K30=""),"",MAX(L30-K30,0)) | N30: =IF(M30="","",IF(N(J30)=0,1,J30))
A31: 11 | F31: =IF(OR(E31="",D31=""),"",MAX(E31-D31,0)) | G31: =IF(F31="","",IF(N(C31)=0,1,C31)) | H31: 11 | M31: =IF(OR(L31="",K31=""),"",MAX(L31-K31,0)) | N31: =IF(M31="","",IF(N(J31)=0,1,J31))
A32: 12 | F32: =IF(OR(E32="",D32=""),"",MAX(E32-D32,0)) | G32: =IF(F32="","",IF(N(C32)=0,1,C32)) | H32: 12 | M32: =IF(OR(L32="",K32=""),"",MAX(L32-K32,0)) | N32: =IF(M32="","",IF(N(J32)=0,1,J32))
... A60: 40 | F60: =IF(OR(E60="",D60=""),"",MAX(E60-D60,0)) | G60: =IF(F60="","",IF(N(C60)=0,1,C60)) | H60: 40 | M60: =IF(OR(L60="",K60=""),"",MAX(L60-K60,0)) | N60: =IF(M60="","",IF(N(J60)=0,1,J60))
B61: Total | C61: =SUM(C21:C60) | F61: =IF(N(G61)=0,"",SUMPRODUCT(F21:F60,G21:G60)/G61) | G61: =SUM(G21:G60) | I61: Total | J61: =SUM(J21:J60) | M61: =IF(N(N61)=0,"",SUMPRODUCT(M21:M60,N21:N60)/N61) | N61: =SUM(N21:N60)
B62: Insert rows above the Total row as necessary and copy the formulas of the 'Time to Hire' and 'Posts Filled' columns into the new rows. Blank 'No. of Posts' on a filled position counts as 1 post.
