Workbook

Sheet Quarter
B1: GCG CENTRAL AMERICA
A2: FY2027 | B2: Quarter | C2: OCT | D2: NOV | E2: DEC | F2: ∑Q1 | G2: JAN | H2: FEB | I2: MAR | J2: ∑Q2 | K2: APR | L2: MAY | M2: JUN | N2: ∑Q3 | O2: JUL | P2: AUG | Q2: SEP | R2: ∑Q4 | S2: FY2027
B3: Permanent (Regular) Headcount | C3: =OCT!K3 | D3: =NOV!K3 | E3: =DEC!K3 | F3: =IFERROR(AVERAGE(C3:E3),"") | G3: =JAN!K3 | H3: =FEB!K3 | I3: =MAR!K3 | J3: =IFERROR(AVERAGE(G3:I3),"") | K3: =APR!K3 | L3: =MAY!K3 | M3: =JUN!K3 | N3: =IFERROR(AVERAGE(K3:M3),"") | O3: =JUL!K3 | P3: =AUG!K3 | Q3: =SEP!K3 | R3: =IFERROR(AVERAGE(O3:Q3),"") | S3: =IFERROR(AVERAGE(C3:E3,G3:I3,K3:M3,O3:Q3),"")
B4: Temporary (Fix Term) Headcount | C4: =OCT!K4 | D4: =NOV!K4 | E4: =DEC!K4 | F4: =IFERROR(AVERAGE(C4:E4),"") | G4: =JAN!K4 | H4: =FEB!K4 | I4: =MAR!K4 | J4: =IFERROR(AVERAGE(G4:I4),"") | K4: =APR!K4 | L4: =MAY!K4 | M4: =JUN!K4 | N4: =IFERROR(AVERAGE(K4:M4),"") | O4: =JUL!K4 | P4: =AUG!K4 | Q4: =SEP!K4 | R4: =IFERROR(AVERAGE(O4:Q4),"") | S4: =IFERROR(AVERAGE(C4:E4,G4:I4,K4:M4,O4:Q4),"")
B5: Employee Headcount (Productivity) | C5: =OCT!K5 | D5: =NOV!K5 | E5: =DEC!K5 | F5: =IF(COUNT(F3:F4)=0,"",SUM(F3:F4)) | G5: =JAN!K5 | H5: =FEB!K5 | I5: =MAR!K5 | J5: =IF(COUNT(J3:J4)=0,"",SUM(J3:J4)) | K5: =APR!K5 | L5: =MAY!K5 | M5: =JUN!K5 | N5: =IF(COUNT(N3:N4)=0,"",SUM(N3:N4)) | O5: =JUL!K5 | P5: =AUG!K5 | Q5: =SEP!K5 | R5: =IF(COUNT(R3:R4)=0,"",SUM(R3:R4)) | S5: =IF(COUNT(S3:S4)=0,"",SUM(S3:S4))
B6: Headcount = 1.00 | C6: =OCT!K6 | D6: =NOV!K6 | E6: =DEC!K6 | F6: =IFERROR(AVERAGE(C6:E6),"") | G6: =JAN!K6 | H6: =FEB!K6 | I6: =MAR!K6 | J6: =IFERROR(AVERAGE(G6:I6),"") | K6: =APR!K6 | L6: =MAY!K6 | M6: =JUN!K6 | N6: =IFERROR(AVERAGE(K6:M6),"") | O6: =JUL!K6 | P6: =AUG!K6 | Q6: =SEP!K6 | R6: =IFERROR(AVERAGE(O6:Q6),"") | S6: =IFERROR(AVERAGE(C6:E6,G6:I6,K6:M6,O6:Q6),"")
B7: Headcount = 0.75 | C7: =OCT!K7 | D7: =NOV!K7 | E7: =DEC!K7 | F7: =IFERROR(AVERAGE(C7:E7),"") | G7: =JAN!K7 | H7: =FEB!K7 | I7: =MAR!K7 | J7: =IFERROR(AVERAGE(G7:I7),"") | K7: =APR!K7 | L7: =MAY!K7 | M7: =JUN!K7 | N7: =IFERROR(AVERAGE(K7:M7),"") | O7: =JUL!K7 | P7: =AUG!K7 | Q7: =SEP!K7 | R7: =IFERROR(AVERAGE(O7:Q7),"") | S7: =IFERROR(AVERAGE(C7:E7,G7:I7,K7:M7,O7:Q7),"")
B8: Headcount = 0.50 | C8: =OCT!K8 | D8: =NOV!K8 | E8: =DEC!K8 | F8: =IFERROR(AVERAGE(C8:E8),"") | G8: =JAN!K8 | H8: =FEB!K8 | I8: =MAR!K8 | J8: =IFERROR(AVERAGE(G8:I8),"") | K8: =APR!K8 | L8: =MAY!K8 | M8: =JUN!K8 | N8: =IFERROR(AVERAGE(K8:M8),"") | O8: =JUL!K8 | P8: =AUG!K8 | Q8: =SEP!K8 | R8: =IFERROR(AVERAGE(O8:Q8),"") | S8: =IFERROR(AVERAGE(C8:E8,G8:I8,K8:M8,O8:Q8),"")
B9: Headcount = 0.25 | C9: =OCT!K9 | D9: =NOV!K9 | E9: =DEC!K9 | F9: =IFERROR(AVERAGE(C9:E9),"") | G9: =JAN!K9 | H9: =FEB!K9 | I9: =MAR!K9 | J9: =IFERROR(AVERAGE(G9:I9),"") | K9: =APR!K9 | L9: =MAY!K9 | M9: =JUN!K9 | N9: =IFERROR(AVERAGE(K9:M9),"") | O9: =JUL!K9 | P9: =AUG!K9 | Q9: =SEP!K9 | R9: =IFERROR(AVERAGE(O9:Q9),"") | S9: =IFERROR(AVERAGE(C9:E9,G9:I9,K9:M9,O9:Q9),"")
B10: Standard Monthly Hours (FTE basis) | C10: =OCT!K10 | D10: =NOV!K10 | E10: =DEC!K10 | F10: =IFERROR(AVERAGE(C10:E10),"") | G10: =JAN!K10 | H10: =FEB!K10 | I10: =MAR!K10 | J10: =IFERROR(AVERAGE(G10:I10),"") | K10: =APR!K10 | L10: =MAY!K10 | M10: =JUN!K10 | N10: =IFERROR(AVERAGE(K10:M10),"") | O10: =JUL!K10 | P10: =AUG!K10 | Q10: =SEP!K10 | R10: =IFERROR(AVERAGE(O10:Q10),"") | S10: =IFERROR(AVERAGE(C10:E10,G10:I10,K10:M10,O10:Q10),"")
B11: Employee FTE (Finance) | C11: =OCT!K11 | D11: =NOV!K11 | E11: =DEC!K11 | F11: =IF(COUNT(F6:F9)=0,"",N(F6)+N(F7)*0.75+N(F8)*0.5+N(F9)*0.25) | G11: =JAN!K11 | H11: =FEB!K11 | I11: =MAR!K11 | J11: =IF(COUNT(J6:J9)=0,"",N(J6)+N(J7)*0.75+N(J8)*0.5+N(J9)*0.25) | K11: =APR!K11 | L11: =MAY!K11 | M11: =JUN!K11 | N11: =IF(COUNT(N6:N9)=0,"",N(N6)+N(N7)*0.75+N(N8)*0.5+N(N9)*0.25) | O11: =JUL!K11 | P11: =AUG!K11 | Q11: =SEP!K11 | R11: =IF(COUNT(R6:R9)=0,"",N(R6)+N(R7)*0.75+N(R8)*0.5+N(R9)*0.25) | S11: =IF(COUNT(S6:S9)=0,"",N(S6)+N(S7)*0.75+N(S8)*0.5+N(S9)*0.25)
B12: Subcontracted Workforce HC | C12: =OCT!K12 | D12: =NOV!K12 | E12: =DEC!K12 | F12: =IFERROR(AVERAGE(C12:E12),"") | G12: =JAN!K12 | H12: =FEB!K12 | I12: =MAR!K12 | J12: =IFERROR(AVERAGE(G12:I12),"") | K12: =APR!K12 | L12: =MAY!K12 | M12: =JUN!K12 | N12: =IFERROR(AVERAGE(K12:M12),"") | O12: =JUL!K12 | P12: =AUG!K12 | Q12: =SEP!K12 | R12: =IFERROR(AVERAGE(O12:Q12),"") | S12: =IFERROR(AVERAGE(C12:E12,G12:I12,K12:M12,O12:Q12),"")
B13: Subcontracted Productive Hours | C13: =OCT!K13 | D13: =NOV!K13 | E13: =DEC!K13 | F13: =IFERROR(AVERAGE(C13:E13),"") | G13: =JAN!K13 | H13: =FEB!K13 | I13: =MAR!K13 | J13: =IFERROR(AVERAGE(G13:I13),"") | K13: =APR!K13 | L13: =MAY!K13 | M13: =JUN!K13 | N13: =IFERROR(AVERAGE(K13:M13),"") | O13: =JUL!K13 | P13: =AUG!K13 | Q13: =SEP!K13 | R13: =IFERROR(AVERAGE(O13:Q13),"") | S13: =IFERROR(AVERAGE(C13:E13,G13:I13,K13:M13,O13:Q13),"")
B14: Subcontracted FTE | C14: =OCT!K14 | D14: =NOV!K14 | E14: =DEC!K14 | F14: =IFERROR(F13/F10,"") | G14: =JAN!K14 | H14: =FEB!K14 | I14: =MAR!K14 | J14: =IFERROR(J13/J10,"") | K14: =APR!K14 | L14: =MAY!K14 | M14: =JUN!K14 | N14: =IFERROR(N13/N10,"") | O14: =JUL!K14 | P14: =AUG!K14 | Q14: =SEP!K14 | R14: =IFERROR(R13/R10,"") | S14: =IFERROR(S13/S10,"")
B15: Total Operational Workforce | C15: =OCT!K15 | D15: =NOV!K15 | E15: =DEC!K15 | F15: =IF(COUNT(F5,F12)=0,"",SUM(F5,F12)) | G15: =JAN!K15 | H15: =FEB!K15 | I15: =MAR!K15 | J15: =IF(COUNT(J5,J12)=0,"",SUM(J5,J12)) | K15: =APR!K15 | L15: =MAY!K15 | M15: =JUN!K15 | N15: =IF(COUNT(N5,N12)=0,"",SUM(N5,N12)) | O15: =JUL!K15 | P15: =AUG!K15 | Q15: =SEP!K15 | R15: =IF(COUNT(R5,R12)=0,"",SUM(R5,R12)) | S15: =IF(COUNT(S5,S12)=0,"",SUM(S5,S12))
B16: Total Operational FTE | C16: =OCT!K16 | D16: =NOV!K16 | E16: =DEC!K16 | F16: =IF(COUNT(F11,F14)=0,"",SUM(F11,F14)) | G16: =JAN!K16 | H16: =FEB!K16 | I16: =MAR!K16 | J16: =IF(COUNT(J11,J14)=0,"",SUM(J11,J14)) | K16: =APR!K16 | L16: =MAY!K16 | M16: =JUN!K16 | N16: =IF(COUNT(N11,N14)=0,"",SUM(N11,N14)) | O16: =JUL!K16 | P16: =AUG!K16 | Q16: =SEP!K16 | R16: =IF(COUNT(R11,R14)=0,"",SUM(R11,R14)) | S16: =IF(COUNT(S11,S14)=0,"",SUM(S11,S14))
B17: Subcontracted Share of Workforce (%) | C17: =OCT!K17 | D17: =NOV!K17 | E17: =DEC!K17 | F17: =IFERROR(F12/F15,"") | G17: =JAN!K17 | H17: =FEB!K17 | I17: =MAR!K17 | J17: =IFERROR(J12/J15,"") | K17: =APR!K17 | L17: =MAY!K17 | M17: =JUN!K17 | N17: =IFERROR(N12/N15,"") | O17: =JUL!K17 | P17: =AUG!K17 | Q17: =SEP!K17 | R17: =IFERROR(R12/R15,"") | S17: =IFERROR(S12/S15,"")
B18: FTE HR Team | C18: =OCT!K18 | D18: =NOV!K18 | E18: =DEC!K18 | F18: =IFERROR(AVERAGE(C18:E18),"") | G18: =JAN!K18 | H18: =FEB!K18 | I18: =MAR!K18 | J18: =IFERROR(AVERAGE(G18:I18),"") | K18: =APR!K18 | L18: =MAY!K18 | M18: =JUN!K18 | N18: =IFERROR(AVERAGE(K18:M18),"") | O18: =JUL!K18 | P18: =AUG!K18 | Q18: =SEP!K18 | R18: =IFERROR(AVERAGE(O18:Q18),"") | S18: =IFERROR(AVERAGE(C18:E18,G18:I18,K18:M18,O18:Q18),"")
B19: Permanent Hires | C19: =OCT!K19 | D19: =NOV!K19 | E19: =DEC!K19 | F19: =IF(COUNT(C19:E19)=0,"",SUM(C19:E19)) | G19: =JAN!K19 | H19: =FEB!K19 | I19: =MAR!K19 | J19: =IF(COUNT(G19:I19)=0,"",SUM(G19:I19)) | K19: =APR!K19 | L19: =MAY!K19 | M19: =JUN!K19 | N19: =IF(COUNT(K19:M19)=0,"",SUM(K19:M19)) | O19: =JUL!K19 | P19: =AUG!K19 | Q19: =SEP!K19 | R19: =IF(COUNT(O19:Q19)=0,"",SUM(O19:Q19)) | S19: =IF(COUNT(C19:E19,G19:I19,K19:M19,O19:Q19)=0,"",SUM(C19:E19,G19:I19,K19:M19,O19:Q19))
B20: Temporary Hires | C20: =OCT!K20 | D20: =NOV!K20 | E20: =DEC!K20 | F20: =IF(COUNT(C20:E20)=0,"",SUM(C20:E20)) | G20: =JAN!K20 | H20: =FEB!K20 | I20: =MAR!K20 | J20: =IF(COUNT(G20:I20)=0,"",SUM(G20:I20)) | K20: =APR!K20 | L20: =MAY!K20 | M20: =JUN!K20 | N20: =IF(COUNT(K20:M20)=0,"",SUM(K20:M20)) | O20: =JUL!K20 | P20: =AUG!K20 | Q20: =SEP!K20 | R20: =IF(COUNT(O20:Q20)=0,"",SUM(O20:Q20)) | S20: =IF(COUNT(C20:E20,G20:I20,K20:M20,O20:Q20)=0,"",SUM(C20:E20,G20:I20,K20:M20,O20:Q20))
B21: Total Hires | C21: =OCT!K21 | D21: =NOV!K21 | E21: =DEC!K21 | F21: =IF(COUNT(F19:F20)=0,"",SUM(F19:F20)) | G21: =JAN!K21 | H21: =FEB!K21 | I21: =MAR!K21 | J21: =IF(COUNT(J19:J20)=0,"",SUM(J19:J20)) | K21: =APR!K21 | L21: =MAY!K21 | M21: =JUN!K21 | N21: =IF(COUNT(N19:N20)=0,"",SUM(N19:N20)) | O21: =JUL!K21 | P21: =AUG!K21 | Q21: =SEP!K21 | R21: =IF(COUNT(R19:R20)=0,"",SUM(R19:R20)) | S21: =IF(COUNT(S19:S20)=0,"",SUM(S19:S20))
B22: Permanent Exits | C22: =OCT!K22 | D22: =NOV!K22 | E22: =DEC!K22 | F22: =IF(COUNT(C22:E22)=0,"",SUM(C22:E22)) | G22: =JAN!K22 | H22: =FEB!K22 | I22: =MAR!K22 | J22: =IF(COUNT(G22:I22)=0,"",SUM(G22:I22)) | K22: =APR!K22 | L22: =MAY!K22 | M22: =JUN!K22 | N22: =IF(COUNT(K22:M22)=0,"",SUM(K22:M22)) | O22: =JUL!K22 | P22: =AUG!K22 | Q22: =SEP!K22 | R22: =IF(COUNT(O22:Q22)=0,"",SUM(O22:Q22)) | S22: =IF(COUNT(C22:E22,G22:I22,K22:M22,O22:Q22)=0,"",SUM(C22:E22,G22:I22,K22:M22,O22:Q22))
B23: Temporary Exits | C23: =OCT!K23 | D23: =NOV!K23 | E23: =DEC!K23 | F23: =IF(COUNT(C23:E23)=0,"",SUM(C23:E23)) | G23: =JAN!K23 | H23: =FEB!K23 | I23: =MAR!K23 | J23: =IF(COUNT(G23:I23)=0,"",SUM(G23:I23)) | K23: =APR!K23 | L23: =MAY!K23 | M23: =JUN!K23 | N23: =IF(COUNT(K23:M23)=0,"",SUM(K23:M23)) | O23: =JUL!K23 | P23: =AUG!K23 | Q23: =SEP!K23 | R23: =IF(COUNT(O23:Q23)=0,"",SUM(O23:Q23)) | S23: =IF(COUNT(C23:E23,G23:I23,K23:M23,O23:Q23)=0,"",SUM(C23:E23,G23:I23,K23:M23,O23:Q23))
B24: Total Exits | C24: =OCT!K24 | D24: =NOV!K24 | E24: =DEC!K24 | F24: =IF(COUNT(F22:F23)=0,"",SUM(F22:F23)) | G24: =JAN!K24 | H24: =FEB!K24 | I24: =MAR!K24 | J24: =IF(COUNT(J22:J23)=0,"",SUM(J22:J23)) | K24: =APR!K24 | L24: =MAY!K24 | M24: =JUN!K24 | N24: =IF(COUNT(N22:N23)=0,"",SUM(N22:N23)) | O24: =JUL!K24 | P24: =AUG!K24 | Q24: =SEP!K24 | R24: =IF(COUNT(R22:R23)=0,"",SUM(R22:R23)) | S24: =IF(COUNT(S22:S23)=0,"",SUM(S22:S23))
B25: Permanent Turnover (%) | C25: =OCT!K25 | D25: =NOV!K25 | E25: =DEC!K25 | F25: =IF(COUNT(F31,F32)<2,"",IF((F32+F31)=0,"",N(F22)/((F32+F31)/2))) | G25: =JAN!K25 | H25: =FEB!K25 | I25: =MAR!K25 | J25: =IF(COUNT(J31,J32)<2,"",IF((J32+J31)=0,"",N(J22)/((J32+J31)/2))) | K25: =APR!K25 | L25: =MAY!K25 | M25: =JUN!K25 | N25: =IF(COUNT(N31,N32)<2,"",IF((N32+N31)=0,"",N(N22)/((N32+N31)/2))) | O25: =JUL!K25 | P25: =AUG!K25 | Q25: =SEP!K25 | R25: =IF(COUNT(R31,R32)<2,"",IF((R32+R31)=0,"",N(R22)/((R32+R31)/2))) | S25: =IF(COUNT(S31,S32)<2,"",IF((S32+S31)=0,"",N(S22)/((S32+S31)/2)))
B26: Temporary Turnover (%) | C26: =OCT!K26 | D26: =NOV!K26 | E26: =DEC!K26 | F26: =IF(COUNT(F31,F32)<2,"",IF((F32+F31)=0,"",N(F23)/((F32+F31)/2))) | G26: =JAN!K26 | H26: =FEB!K26 | I26: =MAR!K26 | J26: =IF(COUNT(J31,J32)<2,"",IF((J32+J31)=0,"",N(J23)/((J32+J31)/2))) | K26: =APR!K26 | L26: =MAY!K26 | M26: =JUN!K26 | N26: =IF(COUNT(N31,N32)<2,"",IF((N32+N31)=0,"",N(N23)/((N32+N31)/2))) | O26: =JUL!K26 | P26: =AUG!K26 | Q26: =SEP!K26 | R26: =IF(COUNT(R31,R32)<2,"",IF((R32+R31)=0,"",N(R23)/((R32+R31)/2))) | S26: =IF(COUNT(S31,S32)<2,"",IF((S32+S31)=0,"",N(S23)/((S32+S31)/2)))
B27: Voluntary Terminations | C27: =OCT!K27 | D27: =NOV!K27 | E27: =DEC!K27 | F27: =IF(COUNT(C27:E27)=0,"",SUM(C27:E27)) | G27: =JAN!K27 | H27: =FEB!K27 | I27: =MAR!K27 | J27: =IF(COUNT(G27:I27)=0,"",SUM(G27:I27)) | K27: =APR!K27 | L27: =MAY!K27 | M27: =JUN!K27 | N27: =IF(COUNT(K27:M27)=0,"",SUM(K27:M27)) | O27: =JUL!K27 | P27: =AUG!K27 | Q27: =SEP!K27 | R27: =IF(COUNT(O27:Q27)=0,"",SUM(O27:Q27)) | S27: =IF(COUNT(C27:E27,G27:I27,K27:M27,O27:Q27)=0,"",SUM(C27:E27,G27:I27,K27:M27,O27:Q27))
B28: Involuntary Terminations | C28: =OCT!K28 | D28: =NOV!K28 | E28: =DEC!K28 | F28: =IF(COUNT(C28:E28)=0,"",SUM(C28:E28)) | G28: =JAN!K28 | H28: =FEB!K28 | I28: =MAR!K28 | J28: =IF(COUNT(G28:I28)=0,"",SUM(G28:I28)) | K28: =APR!K28 | L28: =MAY!K28 | M28: =JUN!K28 | N28: =IF(COUNT(K28:M28)=0,"",SUM(K28:M28)) | O28: =JUL!K28 | P28: =AUG!K28 | Q28: =SEP!K28 | R28: =IF(COUNT(O28:Q28)=0,"",SUM(O28:Q28)) | S28: =IF(COUNT(C28:E28,G28:I28,K28:M28,O28:Q28)=0,"",SUM(C28:E28,G28:I28,K28:M28,O28:Q28))
B29: Voluntary Turnover (%) | C29: =OCT!K29 | D29: =NOV!K29 | E29: =DEC!K29 | F29: =IF(COUNT(F31,F32)<2,"",IF((F32+F31)=0,"",N(F27)/((F32+F31)/2))) | G29: =JAN!K29 | H29: =FEB!K29 | I29: =MAR!K29 | J29: =IF(COUNT(J31,J32)<2,"",IF((J32+J31)=0,"",N(J27)/((J32+J31)/2))) | K29: =APR!K29 | L29: =MAY!K29 | M29: =JUN!K29 | N29: =IF(COUNT(N31,N32)<2,"",IF((N32+N31)=0,"",N(N27)/((N32+N31)/2))) | O29: =JUL!K29 | P29: =AUG!K29 | Q29: =SEP!K29 | R29: =IF(COUNT(R31,R32)<2,"",IF((R32+R31)=0,"",N(R27)/((R32+R31)/2))) | S29: =IF(COUNT(S31,S32)<2,"",IF((S32+S31)=0,"",N(S27)/((S32+S31)/2)))
B30: Involuntary Turnover (%) | C30: =OCT!K30 | D30: =NOV!K30 | E30: =DEC!K30 | F30: =IF(COUNT(F31,F32)<2,"",IF((F32+F31)=0,"",N(F28)/((F32+F31)/2))) | G30: =JAN!K30 | H30: =FEB!K30 | I30: =MAR!K30 | J30: =IF(COUNT(J31,J32)<2,"",IF((J32+J31)=0,"",N(J28)/((J32+J31)/2))) | K30: =APR!K30 | L30: =MAY!K30 | M30: =JUN!K30 | N30: =IF(COUNT(N31,N32)<2,"",IF((N32+N31)=0,"",N(N28)/((N32+N31)/2))) | O30: =JUL!K30 | P30: =AUG!K30 | Q30: =SEP!K30 | R30: =IF(COUNT(R31,R32)<2,"",IF((R32+R31)=0,"",N(R28)/((R32+R31)/2))) | S30: =IF(COUNT(S31,S32)<2,"",IF((S32+S31)=0,"",N(S28)/((S32+S31)/2)))
B31: Headcount last Month | C31: =OCT!K31 | D31: =NOV!K31 | E31: =DEC!K31 | F31: =IFERROR(AVERAGE(C31:E31),"") | G31: =JAN!K31 | H31: =FEB!K31 | I31: =MAR!K31 | J31: =IFERROR(AVERAGE(G31:I31),"") | K31: =APR!K31 | L31: =MAY!K31 | M31: =JUN!K31 | N31: =IFERROR(AVERAGE(K31:M31),"") | O31: =JUL!K31 | P31: =AUG!K31 | Q31: =SEP!K31 | R31: =IFERROR(AVERAGE(O31:Q31),"") | S31: =IFERROR(AVERAGE(C31:E31,G31:I31,K31:M31,O31:Q31),"")
B32: Headcount this Month | C32: =OCT!K32 | D32: =NOV!K32 | E32: =DEC!K32 | F32: =IFERROR(AVERAGE(C32:E32),"") | G32: =JAN!K32 | H32: =FEB!K32 | I32: =MAR!K32 | J32: =IFERROR(AVERAGE(G32:I32),"") | K32: =APR!K32 | L32: =MAY!K32 | M32: =JUN!K32 | N32: =IFERROR(AVERAGE(K32:M32),"") | O32: =JUL!K32 | P32: =AUG!K32 | Q32: =SEP!K32 | R32: =IFERROR(AVERAGE(O32:Q32),"") | S32: =IFERROR(AVERAGE(C32:E32,G32:I32,K32:M32,O32:Q32),"")
B33: Full Turnover (%) | C33: =OCT!K33 | D33: =NOV!K33 | E33: =DEC!K33 | F33: =IF(COUNT(F31,F32)<2,"",IF((F32+F31)=0,"",N(F24)/((F32+F31)/2))) | G33: =JAN!K33 | H33: =FEB!K33 | I33: =MAR!K33 | J33: =IF(COUNT(J31,J32)<2,"",IF((J32+J31)=0,"",N(J24)/((J32+J31)/2))) | K33: =APR!K33 | L33: =MAY!K33 | M33: =JUN!K33 | N33: =IF(COUNT(N31,N32)<2,"",IF((N32+N31)=0,"",N(N24)/((N32+N31)/2))) | O33: =JUL!K33 | P33: =AUG!K33 | Q33: =SEP!K33 | R33: =IF(COUNT(R31,R32)<2,"",IF((R32+R31)=0,"",N(R24)/((R32+R31)/2))) | S33: =IF(COUNT(S31,S32)<2,"",IF((S32+S31)=0,"",N(S24)/((S32+S31)/2)))
B34: Permanent Vacancies | C34: =OCT!K34 | D34: =NOV!K34 | E34: =DEC!K34 | F34: =IFERROR(AVERAGE(C34:E34),"") | G34: =JAN!K34 | H34: =FEB!K34 | I34: =MAR!K34 | J34: =IFERROR(AVERAGE(G34:I34),"") | K34: =APR!K34 | L34: =MAY!K34 | M34: =JUN!K34 | N34: =IFERROR(AVERAGE(K34:M34),"") | O34: =JUL!K34 | P34: =AUG!K34 | Q34: =SEP!K34 | R34: =IFERROR(AVERAGE(O34:Q34),"") | S34: =IFERROR(AVERAGE(C34:E34,G34:I34,K34:M34,O34:Q34),"")
B35: Temporary Vacancies | C35: =OCT!K35 | D35: =NOV!K35 | E35: =DEC!K35 | F35: =IFERROR(AVERAGE(C35:E35),"") | G35: =JAN!K35 | H35: =FEB!K35 | I35: =MAR!K35 | J35: =IFERROR(AVERAGE(G35:I35),"") | K35: =APR!K35 | L35: =MAY!K35 | M35: =JUN!K35 | N35: =IFERROR(AVERAGE(K35:M35),"") | O35: =JUL!K35 | P35: =AUG!K35 | Q35: =SEP!K35 | R35: =IFERROR(AVERAGE(O35:Q35),"") | S35: =IFERROR(AVERAGE(C35:E35,G35:I35,K35:M35,O35:Q35),"")
B36: Total Vacancies | C36: =OCT!K36 | D36: =NOV!K36 | E36: =DEC!K36 | F36: =IF(COUNT(F34:F35)=0,"",SUM(F34:F35)) | G36: =JAN!K36 | H36: =FEB!K36 | I36: =MAR!K36 | J36: =IF(COUNT(J34:J35)=0,"",SUM(J34:J35)) | K36: =APR!K36 | L36: =MAY!K36 | M36: =JUN!K36 | N36: =IF(COUNT(N34:N35)=0,"",SUM(N34:N35)) | O36: =JUL!K36 | P36: =AUG!K36 | Q36: =SEP!K36 | R36: =IF(COUNT(R34:R35)=0,"",SUM(R34:R35)) | S36: =IF(COUNT(S34:S35)=0,"",SUM(S34:S35))
B37: Authorized Positions | C37: =OCT!K37 | D37: =NOV!K37 | E37: =DEC!K37 | F37: =IF(COUNT(F5,F36)=0,"",N(F5)+N(F36)) | G37: =JAN!K37 | H37: =FEB!K37 | I37: =MAR!K37 | J37: =IF(COUNT(J5,J36)=0,"",N(J5)+N(J36)) | K37: =APR!K37 | L37: =MAY!K37 | M37: =JUN!K37 | N37: =IF(COUNT(N5,N36)=0,"",N(N5)+N(N36)) | O37: =JUL!K37 | P37: =AUG!K37 | Q37: =SEP!K37 | R37: =IF(COUNT(R5,R36)=0,"",N(R5)+N(R36)) | S37: =IF(COUNT(S5,S36)=0,"",N(S5)+N(S36))
B38: Vacancy Rate (%) | C38: =OCT!K38 | D38: =NOV!K38 | E38: =DEC!K38 | F38: =IFERROR(F36/F37,"") | G38: =JAN!K38 | H38: =FEB!K38 | I38: =MAR!K38 | J38: =IFERROR(J36/J37,"") | K38: =APR!K38 | L38: =MAY!K38 | M38: =JUN!K38 | N38: =IFERROR(N36/N37,"") | O38: =JUL!K38 | P38: =AUG!K38 | Q38: =SEP!K38 | R38: =IFERROR(R36/R37,"") | S38: =IFERROR(S36/S37,"")
B39: Permanent TimeToHire (Days) YTD | C39: =OCT!K39 | D39: =NOV!K39 | E39: =DEC!K39 | F39: =IFERROR(LOOKUP(2,1/ISNUMBER(C39:E39),C39:E39),"") | G39: =JAN!K39 | H39: =FEB!K39 | I39: =MAR!K39 | J39: =IFERROR(LOOKUP(2,1/ISNUMBER(G39:I39),G39:I39),"") | K39: =APR!K39 | L39: =MAY!K39 | M39: =JUN!K39 | N39: =IFERROR(LOOKUP(2,1/ISNUMBER(K39:M39),K39:M39),"") | O39: =JUL!K39 | P39: =AUG!K39 | Q39: =SEP!K39 | R39: =IFERROR(LOOKUP(2,1/ISNUMBER(O39:Q39),O39:Q39),"") | S39: =IFERROR(LOOKUP(2,1/ISNUMBER(C39:Q39),C39:Q39),"")
B40: Temporary TimeToHire (Days) YTD | C40: =OCT!K40 | D40: =NOV!K40 | E40: =DEC!K40 | F40: =IFERROR(LOOKUP(2,1/ISNUMBER(C40:E40),C40:E40),"") | G40: =JAN!K40 | H40: =FEB!K40 | I40: =MAR!K40 | J40: =IFERROR(LOOKUP(2,1/ISNUMBER(G40:I40),G40:I40),"") | K40: =APR!K40 | L40: =MAY!K40 | M40: =JUN!K40 | N40: =IFERROR(LOOKUP(2,1/ISNUMBER(K40:M40),K40:M40),"") | O40: =JUL!K40 | P40: =AUG!K40 | Q40: =SEP!K40 | R40: =IFERROR(LOOKUP(2,1/ISNUMBER(O40:Q40),O40:Q40),"") | S40: =IFERROR(LOOKUP(2,1/ISNUMBER(C40:Q40),C40:Q40),"")
B41: Check-ins Rate Completed (%) | C41: =OCT!K41 | D41: =NOV!K41 | E41: =DEC!K41 | F41: =IFERROR(AVERAGE(C41:E41),"") | G41: =JAN!K41 | H41: =FEB!K41 | I41: =MAR!K41 | J41: =IFERROR(AVERAGE(G41:I41),"") | K41: =APR!K41 | L41: =MAY!K41 | M41: =JUN!K41 | N41: =IFERROR(AVERAGE(K41:M41),"") | O41: =JUL!K41 | P41: =AUG!K41 | Q41: =SEP!K41 | R41: =IFERROR(AVERAGE(O41:Q41),"") | S41: =IFERROR(AVERAGE(C41:E41,G41:I41,K41:M41,O41:Q41),"")
B42: EE Objectives Completed (#) | C42: =OCT!K42 | D42: =NOV!K42 | E42: =DEC!K42 | F42: =IF(COUNT(C42:E42)=0,"",SUM(C42:E42)) | G42: =JAN!K42 | H42: =FEB!K42 | I42: =MAR!K42 | J42: =IF(COUNT(G42:I42)=0,"",SUM(G42:I42)) | K42: =APR!K42 | L42: =MAY!K42 | M42: =JUN!K42 | N42: =IF(COUNT(K42:M42)=0,"",SUM(K42:M42)) | O42: =JUL!K42 | P42: =AUG!K42 | Q42: =SEP!K42 | R42: =IF(COUNT(O42:Q42)=0,"",SUM(O42:Q42)) | S42: =IF(COUNT(C42:E42,G42:I42,K42:M42,O42:Q42)=0,"",SUM(C42:E42,G42:I42,K42:M42,O42:Q42))
B43: Non-certified Absent (Days Lost) | C43: =OCT!K43 | D43: =NOV!K43 | E43: =DEC!K43 | F43: =IF(COUNT(C43:E43)=0,"",SUM(C43:E43)) | G43: =JAN!K43 | H43: =FEB!K43 | I43: =MAR!K43 | J43: =IF(COUNT(G43:I43)=0,"",SUM(G43:I43)) | K43: =APR!K43 | L43: =MAY!K43 | M43: =JUN!K43 | N43: =IF(COUNT(K43:M43)=0,"",SUM(K43:M43)) | O43: =JUL!K43 | P43: =AUG!K43 | Q43: =SEP!K43 | R43: =IF(COUNT(O43:Q43)=0,"",SUM(O43:Q43)) | S43: =IF(COUNT(C43:E43,G43:I43,K43:M43,O43:Q43)=0,"",SUM(C43:E43,G43:I43,K43:M43,O43:Q43))
B44: Certified sick leave (Days Lost) | C44: =OCT!K44 | D44: =NOV!K44 | E44: =DEC!K44 | F44: =IF(COUNT(C44:E44)=0,"",SUM(C44:E44)) | G44: =JAN!K44 | H44: =FEB!K44 | I44: =MAR!K44 | J44: =IF(COUNT(G44:I44)=0,"",SUM(G44:I44)) | K44: =APR!K44 | L44: =MAY!K44 | M44: =JUN!K44 | N44: =IF(COUNT(K44:M44)=0,"",SUM(K44:M44)) | O44: =JUL!K44 | P44: =AUG!K44 | Q44: =SEP!K44 | R44: =IF(COUNT(O44:Q44)=0,"",SUM(O44:Q44)) | S44: =IF(COUNT(C44:E44,G44:I44,K44:M44,O44:Q44)=0,"",SUM(C44:E44,G44:I44,K44:M44,O44:Q44))
B45: Total Absences | C45: =OCT!K45 | D45: =NOV!K45 | E45: =DEC!K45 | F45: =IF(COUNT(F43:F44)=0,"",SUM(F43:F44)) | G45: =JAN!K45 | H45: =FEB!K45 | I45: =MAR!K45 | J45: =IF(COUNT(J43:J44)=0,"",SUM(J43:J44)) | K45: =APR!K45 | L45: =MAY!K45 | M45: =JUN!K45 | N45: =IF(COUNT(N43:N44)=0,"",SUM(N43:N44)) | O45: =JUL!K45 | P45: =AUG!K45 | Q45: =SEP!K45 | R45: =IF(COUNT(R43:R44)=0,"",SUM(R43:R44)) | S45: =IF(COUNT(S43:S44)=0,"",SUM(S43:S44))
B46: Absent Rate Non-Certified (%) | C46: =OCT!K46 | D46: =NOV!K46 | E46: =DEC!K46 | F46: {=IF(COUNT(C46:E46)=0,"",IFERROR(SUMPRODUCT(IFERROR(C46:E46*((C3:E3)+(C4:E4)),0))/SUMPRODUCT(IFERROR(ISNUMBER(C46:E46)*((C3:E3)+(C4:E4)),0)),""))} | G46: =JAN!K46 | H46: =FEB!K46 | I46: =MAR!K46 | J46: {=IF(COUNT(G46:I46)=0,"",IFERROR(SUMPRODUCT(IFERROR(G46:I46*((G3:I3)+(G4:I4)),0))/SUMPRODUCT(IFERROR(ISNUMBER(G46:I46)*((G3:I3)+(G4:I4)),0)),""))} | K46: =APR!K46 | L46: =MAY!K46 | M46: =JUN!K46 | N46: {=IF(COUNT(K46:M46)=0,"",IFERROR(SUMPRODUCT(IFERROR(K46:M46*((K3:M3)+(K4:M4)),0))/SUMPRODUCT(IFERROR(ISNUMBER(K46:M46)*((K3:M3)+(K4:M4)),0)),""))} | O46: =JUL!K46 | P46: =AUG!K46 | Q46: =SEP!K46 | R46: {=IF(COUNT(O46:Q46)=0,"",IFERROR(SUMPRODUCT(IFERROR(O46:Q46*((O3:Q3)+(O4:Q4)),0))/SUMPRODUCT(IFERROR(ISNUMBER(O46:Q46)*((O3:Q3)+(O4:Q4)),0)),""))} | S46: =IF(COUNT(F46,J46,N46,R46)=0,"",IFERROR((IFERROR(F46*(F3+F4),0)+IFERROR(J46*(J3+J4),0)+IFERROR(N46*(N3+N4),0)+IFERROR(R46*(R3+R4),0))/(IFERROR(ISNUMBER(F46)*(F3+F4),0)+IFERROR(ISNUMBER(J46)*(J3+J4),0)+IFERROR(ISNUMBER(N46)*(N3+N4),0)+IFERROR(ISNUMBER(R46)*(R3+R4),0)),""))
B47: Absent Rate Certified (%) | C47: =OCT!K47 | D47: =NOV!K47 | E47: =DEC!K47 | F47: {=IF(COUNT(C47:E47)=0,"",IFERROR(SUMPRODUCT(IFERROR(C47:E47*((C3:E3)+(C4:E4)),0))/SUMPRODUCT(IFERROR(ISNUMBER(C47:E47)*((C3:E3)+(C4:E4)),0)),""))} | G47: =JAN!K47 | H47: =FEB!K47 | I47: =MAR!K47 | J47: {=IF(COUNT(G47:I47)=0,"",IFERROR(SUMPRODUCT(IFERROR(G47:I47*((G3:I3)+(G4:I4)),0))/SUMPRODUCT(IFERROR(ISNUMBER(G47:I47)*((G3:I3)+(G4:I4)),0)),""))} | K47: =APR!K47 | L47: =MAY!K47 | M47: =JUN!K47 | N47: {=IF(COUNT(K47:M47)=0,"",IFERROR(SUMPRODUCT(IFERROR(K47:M47*((K3:M3)+(K4:M4)),0))/SUMPRODUCT(IFERROR(ISNUMBER(K47:M47)*((K3:M3)+(K4:M4)),0)),""))} | O47: =JUL!K47 | P47: =AUG!K47 | Q47: =SEP!K47 | R47: {=IF(COUNT(O47:Q47)=0,"",IFERROR(SUMPRODUCT(IFERROR(O47:Q47*((O3:Q3)+(O4:Q4)),0))/SUMPRODUCT(IFERROR(ISNUMBER(O47:Q47)*((O3:Q3)+(O4:Q4)),0)),""))} | S47: =IF(COUNT(F47,J47,N47,R47)=0,"",IFERROR((IFERROR(F47*(F3+F4),0)+IFERROR(J47*(J3+J4),0)+IFERROR(N47*(N3+N4),0)+IFERROR(R47*(R3+R4),0))/(IFERROR(ISNUMBER(F47)*(F3+F4),0)+IFERROR(ISNUMBER(J47)*(J3+J4),0)+IFERROR(ISNUMBER(N47)*(N3+N4),0)+IFERROR(ISNUMBER(R47)*(R3+R4),0)),""))
B48: Absent Rate Total (%) | C48: =OCT!K48 | D48: =NOV!K48 | E48: =DEC!K48 | F48: =IF(COUNT(F46:F47)=0,"",SUM(F46:F47)) | G48: =JAN!K48 | H48: =FEB!K48 | I48: =MAR!K48 | J48: =IF(COUNT(J46:J47)=0,"",SUM(J46:J47)) | K48: =APR!K48 | L48: =MAY!K48 | M48: =JUN!K48 | N48: =IF(COUNT(N46:N47)=0,"",SUM(N46:N47)) | O48: =JUL!K48 | P48: =AUG!K48 | Q48: =SEP!K48 | R48: =IF(COUNT(R46:R47)=0,"",SUM(R46:R47)) | S48: =IF(COUNT(S46:S47)=0,"",SUM(S46:S47))
B49: Weight factor | C49: =OCT!K49 | D49: =NOV!K49 | E49: =DEC!K49 | F49: =IFERROR(AVERAGE(C49:E49),"") | G49: =JAN!K49 | H49: =FEB!K49 | I49: =MAR!K49 | J49: =IFERROR(AVERAGE(G49:I49),"") | K49: =APR!K49 | L49: =MAY!K49 | M49: =JUN!K49 | N49: =IFERROR(AVERAGE(K49:M49),"") | O49: =JUL!K49 | P49: =AUG!K49 | Q49: =SEP!K49 | R49: =IFERROR(AVERAGE(O49:Q49),"") | S49: =IFERROR(AVERAGE(C49:E49,G49:I49,K49:M49,O49:Q49),"")
B50: Leadership (Hours) | C50: =OCT!K50 | D50: =NOV!K50 | E50: =DEC!K50 | F50: =IF(COUNT(C50:E50)=0,"",SUM(C50:E50)) | G50: =JAN!K50 | H50: =FEB!K50 | I50: =MAR!K50 | J50: =IF(COUNT(G50:I50)=0,"",SUM(G50:I50)) | K50: =APR!K50 | L50: =MAY!K50 | M50: =JUN!K50 | N50: =IF(COUNT(K50:M50)=0,"",SUM(K50:M50)) | O50: =JUL!K50 | P50: =AUG!K50 | Q50: =SEP!K50 | R50: =IF(COUNT(O50:Q50)=0,"",SUM(O50:Q50)) | S50: =IF(COUNT(C50:E50,G50:I50,K50:M50,O50:Q50)=0,"",SUM(C50:E50,G50:I50,K50:M50,O50:Q50))
B51: Technical (Hours) | C51: =OCT!K51 | D51: =NOV!K51 | E51: =DEC!K51 | F51: =IF(COUNT(C51:E51)=0,"",SUM(C51:E51)) | G51: =JAN!K51 | H51: =FEB!K51 | I51: =MAR!K51 | J51: =IF(COUNT(G51:I51)=0,"",SUM(G51:I51)) | K51: =APR!K51 | L51: =MAY!K51 | M51: =JUN!K51 | N51: =IF(COUNT(K51:M51)=0,"",SUM(K51:M51)) | O51: =JUL!K51 | P51: =AUG!K51 | Q51: =SEP!K51 | R51: =IF(COUNT(O51:Q51)=0,"",SUM(O51:Q51)) | S51: =IF(COUNT(C51:E51,G51:I51,K51:M51,O51:Q51)=0,"",SUM(C51:E51,G51:I51,K51:M51,O51:Q51))
B52: Professional Develop. (Hours) | C52: =OCT!K52 | D52: =NOV!K52 | E52: =DEC!K52 | F52: =IF(COUNT(C52:E52)=0,"",SUM(C52:E52)) | G52: =JAN!K52 | H52: =FEB!K52 | I52: =MAR!K52 | J52: =IF(COUNT(G52:I52)=0,"",SUM(G52:I52)) | K52: =APR!K52 | L52: =MAY!K52 | M52: =JUN!K52 | N52: =IF(COUNT(K52:M52)=0,"",SUM(K52:M52)) | O52: =JUL!K52 | P52: =AUG!K52 | Q52: =SEP!K52 | R52: =IF(COUNT(O52:Q52)=0,"",SUM(O52:Q52)) | S52: =IF(COUNT(C52:E52,G52:I52,K52:M52,O52:Q52)=0,"",SUM(C52:E52,G52:I52,K52:M52,O52:Q52))
B53: HSSE (Hours) | C53: =OCT!K53 | D53: =NOV!K53 | E53: =DEC!K53 | F53: =IF(COUNT(C53:E53)=0,"",SUM(C53:E53)) | G53: =JAN!K53 | H53: =FEB!K53 | I53: =MAR!K53 | J53: =IF(COUNT(G53:I53)=0,"",SUM(G53:I53)) | K53: =APR!K53 | L53: =MAY!K53 | M53: =JUN!K53 | N53: =IF(COUNT(K53:M53)=0,"",SUM(K53:M53)) | O53: =JUL!K53 | P53: =AUG!K53 | Q53: =SEP!K53 | R53: =IF(COUNT(O53:Q53)=0,"",SUM(O53:Q53)) | S53: =IF(COUNT(C53:E53,G53:I53,K53:M53,O53:Q53)=0,"",SUM(C53:E53,G53:I53,K53:M53,O53:Q53))
B54: Workday (Hours) | C54: =OCT!K54 | D54: =NOV!K54 | E54: =DEC!K54 | F54: =IF(COUNT(C54:E54)=0,"",SUM(C54:E54)) | G54: =JAN!K54 | H54: =FEB!K54 | I54: =MAR!K54 | J54: =IF(COUNT(G54:I54)=0,"",SUM(G54:I54)) | K54: =APR!K54 | L54: =MAY!K54 | M54: =JUN!K54 | N54: =IF(COUNT(K54:M54)=0,"",SUM(K54:M54)) | O54: =JUL!K54 | P54: =AUG!K54 | Q54: =SEP!K54 | R54: =IF(COUNT(O54:Q54)=0,"",SUM(O54:Q54)) | S54: =IF(COUNT(C54:E54,G54:I54,K54:M54,O54:Q54)=0,"",SUM(C54:E54,G54:I54,K54:M54,O54:Q54))
B55: Total Training Hours | C55: =OCT!K55 | D55: =NOV!K55 | E55: =DEC!K55 | F55: =IF(COUNT(F50:F54)=0,"",SUM(F50:F54)) | G55: =JAN!K55 | H55: =FEB!K55 | I55: =MAR!K55 | J55: =IF(COUNT(J50:J54)=0,"",SUM(J50:J54)) | K55: =APR!K55 | L55: =MAY!K55 | M55: =JUN!K55 | N55: =IF(COUNT(N50:N54)=0,"",SUM(N50:N54)) | O55: =JUL!K55 | P55: =AUG!K55 | Q55: =SEP!K55 | R55: =IF(COUNT(R50:R54)=0,"",SUM(R50:R54)) | S55: =IF(COUNT(S50:S54)=0,"",SUM(S50:S54))
B56: Total Trained (Staff) | C56: =OCT!K56 | D56: =NOV!K56 | E56: =DEC!K56 | F56: =IF(COUNT(C56:E56)=0,"",SUM(C56:E56)) | G56: =JAN!K56 | H56: =FEB!K56 | I56: =MAR!K56 | J56: =IF(COUNT(G56:I56)=0,"",SUM(G56:I56)) | K56: =APR!K56 | L56: =MAY!K56 | M56: =JUN!K56 | N56: =IF(COUNT(K56:M56)=0,"",SUM(K56:M56)) | O56: =JUL!K56 | P56: =AUG!K56 | Q56: =SEP!K56 | R56: =IF(COUNT(O56:Q56)=0,"",SUM(O56:Q56)) | S56: =IF(COUNT(C56:E56,G56:I56,K56:M56,O56:Q56)=0,"",SUM(C56:E56,G56:I56,K56:M56,O56:Q56))
B57: Training Programs (#) | C57: =OCT!K57 | D57: =NOV!K57 | E57: =DEC!K57 | F57: =IF(COUNT(C57:E57)=0,"",SUM(C57:E57)) | G57: =JAN!K57 | H57: =FEB!K57 | I57: =MAR!K57 | J57: =IF(COUNT(G57:I57)=0,"",SUM(G57:I57)) | K57: =APR!K57 | L57: =MAY!K57 | M57: =JUN!K57 | N57: =IF(COUNT(K57:M57)=0,"",SUM(K57:M57)) | O57: =JUL!K57 | P57: =AUG!K57 | Q57: =SEP!K57 | R57: =IF(COUNT(O57:Q57)=0,"",SUM(O57:Q57)) | S57: =IF(COUNT(C57:E57,G57:I57,K57:M57,O57:Q57)=0,"",SUM(C57:E57,G57:I57,K57:M57,O57:Q57))
B58: Training Cost (USD) | C58: =OCT!K58 | D58: =NOV!K58 | E58: =DEC!K58 | F58: =IF(COUNT(C58:E58)=0,"",SUM(C58:E58)) | G58: =JAN!K58 | H58: =FEB!K58 | I58: =MAR!K58 | J58: =IF(COUNT(G58:I58)=0,"",SUM(G58:I58)) | K58: =APR!K58 | L58: =MAY!K58 | M58: =JUN!K58 | N58: =IF(COUNT(K58:M58)=0,"",SUM(K58:M58)) | O58: =JUL!K58 | P58: =AUG!K58 | Q58: =SEP!K58 | R58: =IF(COUNT(O58:Q58)=0,"",SUM(O58:Q58)) | S58: =IF(COUNT(C58:E58,G58:I58,K58:M58,O58:Q58)=0,"",SUM(C58:E58,G58:I58,K58:M58,O58:Q58))
B59: Training Travel Cost (USD) | C59: =OCT!K59 | D59: =NOV!K59 | E59: =DEC!K59 | F59: =IF(COUNT(C59:E59)=0,"",SUM(C59:E59)) | G59: =JAN!K59 | H59: =FEB!K59 | I59: =MAR!K59 | J59: =IF(COUNT(G59:I59)=0,"",SUM(G59:I59)) | K59: =APR!K59 | L59: =MAY!K59 | M59: =JUN!K59 | N59: =IF(COUNT(K59:M59)=0,"",SUM(K59:M59)) | O59: =JUL!K59 | P59: =AUG!K59 | Q59: =SEP!K59 | R59: =IF(COUNT(O59:Q59)=0,"",SUM(O59:Q59)) | S59: =IF(COUNT(C59:E59,G59:I59,K59:M59,O59:Q59)=0,"",SUM(C59:E59,G59:I59,K59:M59,O59:Q59))
B60: Leadership Hours Trained (%) | C60: =OCT!K60 | D60: =NOV!K60 | E60: =DEC!K60 | F60: =IFERROR(F50/F$55,"") | G60: =JAN!K60 | H60: =FEB!K60 | I60: =MAR!K60 | J60: =IFERROR(J50/J$55,"") | K60: =APR!K60 | L60: =MAY!K60 | M60: =JUN!K60 | N60: =IFERROR(N50/N$55,"") | O60: =JUL!K60 | P60: =AUG!K60 | Q60: =SEP!K60 | R60: =IFERROR(R50/R$55,"") | S60: =IFERROR(S50/S$55,"")
B61: Technical Hours Trained (%) | C61: =OCT!K61 | D61: =NOV!K61 | E61: =DEC!K61 | F61: =IFERROR(F51/F$55,"") | G61: =JAN!K61 | H61: =FEB!K61 | I61: =MAR!K61 | J61: =IFERROR(J51/J$55,"") | K61: =APR!K61 | L61: =MAY!K61 | M61: =JUN!K61 | N61: =IFERROR(N51/N$55,"") | O61: =JUL!K61 | P61: =AUG!K61 | Q61: =SEP!K61 | R61: =IFERROR(R51/R$55,"") | S61: =IFERROR(S51/S$55,"")
B62: Profess. Dev. Hours Trained (%) | C62: =OCT!K62 | D62: =NOV!K62 | E62: =DEC!K62 | F62: =IFERROR(F52/F$55,"") | G62: =JAN!K62 | H62: =FEB!K62 | I62: =MAR!K62 | J62: =IFERROR(J52/J$55,"") | K62: =APR!K62 | L62: =MAY!K62 | M62: =JUN!K62 | N62: =IFERROR(N52/N$55,"") | O62: =JUL!K62 | P62: =AUG!K62 | Q62: =SEP!K62 | R62: =IFERROR(R52/R$55,"") | S62: =IFERROR(S52/S$55,"")
B63: HSSE Hours Trained (%) | C63: =OCT!K63 | D63: =NOV!K63 | E63: =DEC!K63 | F63: =IFERROR(F53/F$55,"") | G63: =JAN!K63 | H63: =FEB!K63 | I63: =MAR!K63 | J63: =IFERROR(J53/J$55,"") | K63: =APR!K63 | L63: =MAY!K63 | M63: =JUN!K63 | N63: =IFERROR(N53/N$55,"") | O63: =JUL!K63 | P63: =AUG!K63 | Q63: =SEP!K63 | R63: =IFERROR(R53/R$55,"") | S63: =IFERROR(S53/S$55,"")
B64: Workday Hours Trained (%) | C64: =OCT!K64 | D64: =NOV!K64 | E64: =DEC!K64 | F64: =IFERROR(F54/F$55,"") | G64: =JAN!K64 | H64: =FEB!K64 | I64: =MAR!K64 | J64: =IFERROR(J54/J$55,"") | K64: =APR!K64 | L64: =MAY!K64 | M64: =JUN!K64 | N64: =IFERROR(N54/N$55,"") | O64: =JUL!K64 | P64: =AUG!K64 | Q64: =SEP!K64 | R64: =IFERROR(R54/R$55,"") | S64: =IFERROR(S54/S$55,"")
B65: Staff Trained (%) | C65: =OCT!K65 | D65: =NOV!K65 | E65: =DEC!K65 | F65: =IFERROR(F56/SUM(C5:E5),"") | G65: =JAN!K65 | H65: =FEB!K65 | I65: =MAR!K65 | J65: =IFERROR(J56/SUM(G5:I5),"") | K65: =APR!K65 | L65: =MAY!K65 | M65: =JUN!K65 | N65: =IFERROR(N56/SUM(K5:M5),"") | O65: =JUL!K65 | P65: =AUG!K65 | Q65: =SEP!K65 | R65: =IFERROR(R56/SUM(O5:Q5),"") | S65: =IFERROR(S56/SUM(C5:E5,G5:I5,K5:M5,O5:Q5),"")
B66: Training Hours / EE | C66: =OCT!K66 | D66: =NOV!K66 | E66: =DEC!K66 | F66: =IFERROR(F55/F5,"") | G66: =JAN!K66 | H66: =FEB!K66 | I66: =MAR!K66 | J66: =IFERROR(J55/J5,"") | K66: =APR!K66 | L66: =MAY!K66 | M66: =JUN!K66 | N66: =IFERROR(N55/N5,"") | O66: =JUL!K66 | P66: =AUG!K66 | Q66: =SEP!K66 | R66: =IFERROR(R55/R5,"") | S66: =IFERROR(S55/S5,"")
B67: Training Hours / EE Trained | C67: =OCT!K67 | D67: =NOV!K67 | E67: =DEC!K67 | F67: =IFERROR(F55/F56,"") | G67: =JAN!K67 | H67: =FEB!K67 | I67: =MAR!K67 | J67: =IFERROR(J55/J56,"") | K67: =APR!K67 | L67: =MAY!K67 | M67: =JUN!K67 | N67: =IFERROR(N55/N56,"") | O67: =JUL!K67 | P67: =AUG!K67 | Q67: =SEP!K67 | R67: =IFERROR(R55/R56,"") | S67: =IFERROR(S55/S56,"")
B68: Training Invest. / EE (USD) | C68: =OCT!K68 | D68: =NOV!K68 | E68: =DEC!K68 | F68: =IF(COUNT(F58:F59)=0,"",IFERROR((N(F58)+N(F59))/F5,"")) | G68: =JAN!K68 | H68: =FEB!K68 | I68: =MAR!K68 | J68: =IF(COUNT(J58:J59)=0,"",IFERROR((N(J58)+N(J59))/J5,"")) | K68: =APR!K68 | L68: =MAY!K68 | M68: =JUN!K68 | N68: =IF(COUNT(N58:N59)=0,"",IFERROR((N(N58)+N(N59))/N5,"")) | O68: =JUL!K68 | P68: =AUG!K68 | Q68: =SEP!K68 | R68: =IF(COUNT(R58:R59)=0,"",IFERROR((N(R58)+N(R59))/R5,"")) | S68: =IF(COUNT(S58:S59)=0,"",IFERROR((N(S58)+N(S59))/S5,""))
B69: Training Invest. / EE Trained (USD) | C69: =OCT!K69 | D69: =NOV!K69 | E69: =DEC!K69 | F69: =IF(COUNT(F58:F59)=0,"",IFERROR((N(F58)+N(F59))/F56,"")) | G69: =JAN!K69 | H69: =FEB!K69 | I69: =MAR!K69 | J69: =IF(COUNT(J58:J59)=0,"",IFERROR((N(J58)+N(J59))/J56,"")) | K69: =APR!K69 | L69: =MAY!K69 | M69: =JUN!K69 | N69: =IF(COUNT(N58:N59)=0,"",IFERROR((N(N58)+N(N59))/N56,"")) | O69: =JUL!K69 | P69: =AUG!K69 | Q69: =SEP!K69 | R69: =IF(COUNT(R58:R59)=0,"",IFERROR((N(R58)+N(R59))/R56,"")) | S69: =IF(COUNT(S58:S59)=0,"",IFERROR((N(S58)+N(S59))/S56,""))
B70: Input Cells Not Submitted | C70: =OCT!K70 | D70: =NOV!K70 | E70: =DEC!K70 | F70: =SUM(C70:E70) | G70: =JAN!K70 | H70: =FEB!K70 | I70: =MAR!K70 | J70: =SUM(G70:I70) | K70: =APR!K70 | L70: =MAY!K70 | M70: =JUN!K70 | N70: =SUM(K70:M70) | O70: =JUL!K70 | P70: =AUG!K70 | Q70: =SEP!K70 | R70: =SUM(O70:Q70) | S70: =SUM(C70:E70,G70:I70,K70:M70,O70:Q70)

Sheet OCT
B1: GCG CENTRAL AMERICA | C1: 1171 | D1: 1162 | E1: 1076 | F1: 1170 | G1: 1078 | H1: 1172 | I1: 1074 | J1: 1161
A2: 202610 | B2: OCT | C2: GCG Culinary Costa Rica | D2: GCG Food Guatemala | E2: GCG Guatemala | F2: GCG Aviation Ground Honduras | G2: GCG Honduras | H2: GCG Concessions Panama | I2: GCG El Salvador | J2: GCG Food El Salvador | K2: TOTAL | L2: Total by Division | M2: =N(M11)<>0
A3: =+A2 | B3: Permanent (Regular) Headcount | K3: =IF(COUNT(C3:J3)=0,"",SUM(C3:J3)) | L3: ∑
B4: Temporary (Fix Term) Headcount | K4: =IF(COUNT(C4:J4)=0,"",SUM(C4:J4)) | L4: ∑
B5: Employee Headcount (Productivity) | C5: =IF(COUNT(C3:C4)=0,"",SUM(C3:C4)) | D5: =IF(COUNT(D3:D4)=0,"",SUM(D3:D4)) | E5: =IF(COUNT(E3:E4)=0,"",SUM(E3:E4)) | F5: =IF(COUNT(F3:F4)=0,"",SUM(F3:F4)) | G5: =IF(COUNT(G3:G4)=0,"",SUM(G3:G4)) | H5: =IF(COUNT(H3:H4)=0,"",SUM(H3:H4)) | I5: =IF(COUNT(I3:I4)=0,"",SUM(I3:I4)) | J5: =IF(COUNT(J3:J4)=0,"",SUM(J3:J4)) | K5: =IF(COUNT(K3:K4)=0,"",SUM(K3:K4)) | L5: ϝ
B6: Headcount = 1.00 | K6: =IF(COUNT(C6:J6)=0,"",SUM(C6:J6)) | L6: ∑
B7: Headcount = 0.75 | K7: =IF(COUNT(C7:J7)=0,"",SUM(C7:J7)) | L7: ∑
B8: Headcount = 0.50 | K8: =IF(COUNT(C8:J8)=0,"",SUM(C8:J8)) | L8: ∑
B9: Headcount = 0.25 | K9: =IF(COUNT(C9:J9)=0,"",SUM(C9:J9)) | L9: ∑
B10: Standard Monthly Hours (FTE basis) | K10: =IFERROR(AVERAGE(C10:J10),"") | L10: Avg
B11: Employee FTE (Finance) | C11: =IF(COUNT(C6:C9)=0,"",N(C6)+N(C7)*0.75+N(C8)*0.5+N(C9)*0.25) | D11: =IF(COUNT(D6:D9)=0,"",N(D6)+N(D7)*0.75+N(D8)*0.5+N(D9)*0.25) | E11: =IF(COUNT(E6:E9)=0,"",N(E6)+N(E7)*0.75+N(E8)*0.5+N(E9)*0.25) | F11: =IF(COUNT(F6:F9)=0,"",N(F6)+N(F7)*0.75+N(F8)*0.5+N(F9)*0.25) | G11: =IF(COUNT(G6:G9)=0,"",N(G6)+N(G7)*0.75+N(G8)*0.5+N(G9)*0.25) | H11: =IF(COUNT(H6:H9)=0,"",N(H6)+N(H7)*0.75+N(H8)*0.5+N(H9)*0.25) | I11: =IF(COUNT(I6:I9)=0,"",N(I6)+N(I7)*0.75+N(I8)*0.5+N(I9)*0.25) | J11: =IF(COUNT(J6:J9)=0,"",N(J6)+N(J7)*0.75+N(J8)*0.5+N(J9)*0.25) | K11: =IF(COUNT(K6:K9)=0,"",N(K6)+N(K7)*0.75+N(K8)*0.5+N(K9)*0.25) | L11: FTE | M11: =IF(COUNT(K5:K9)=0,"",N(K6)+N(K7)+N(K8)+N(K9)-N(K5))
B12: Subcontracted Workforce HC | K12: =IF(COUNT(C12:J12)=0,"",SUM(C12:J12)) | L12: ∑
B13: Subcontracted Productive Hours | K13: =IF(COUNT(C13:J13)=0,"",SUM(C13:J13)) | L13: ∑
B14: Subcontracted FTE | C14: =IFERROR(C13/C10,"") | D14: =IFERROR(D13/D10,"") | E14: =IFERROR(E13/E10,"") | F14: =IFERROR(F13/F10,"") | G14: =IFERROR(G13/G10,"") | H14: =IFERROR(H13/H10,"") | I14: =IFERROR(I13/I10,"") | J14: =IFERROR(J13/J10,"") | K14: =IF(COUNT(C14:J14)=0,"",SUM(C14:J14)) | L14: FTE
B15: Total Operational Workforce | C15: =IF(COUNT(C5,C12)=0,"",SUM(C5,C12)) | D15: =IF(COUNT(D5,D12)=0,"",SUM(D5,D12)) | E15: =IF(COUNT(E5,E12)=0,"",SUM(E5,E12)) | F15: =IF(COUNT(F5,F12)=0,"",SUM(F5,F12)) | G15: =IF(COUNT(G5,G12)=0,"",SUM(G5,G12)) | H15: =IF(COUNT(H5,H12)=0,"",SUM(H5,H12)) | I15: =IF(COUNT(I5,I12)=0,"",SUM(I5,I12)) | J15: =IF(COUNT(J5,J12)=0,"",SUM(J5,J12)) | K15: =IF(COUNT(K5,K12)=0,"",SUM(K5,K12)) | L15: ϝ
B16: Total Operational FTE | C16: =IF(COUNT(C11,C14)=0,"",SUM(C11,C14)) | D16: =IF(COUNT(D11,D14)=0,"",SUM(D11,D14)) | E16: =IF(COUNT(E11,E14)=0,"",SUM(E11,E14)) | F16: =IF(COUNT(F11,F14)=0,"",SUM(F11,F14)) | G16: =IF(COUNT(G11,G14)=0,"",SUM(G11,G14)) | H16: =IF(COUNT(H11,H14)=0,"",SUM(H11,H14)) | I16: =IF(COUNT(I11,I14)=0,"",SUM(I11,I14)) | J16: =IF(COUNT(J11,J14)=0,"",SUM(J11,J14)) | K16: =IF(COUNT(K11,K14)=0,"",SUM(K11,K14)) | L16: FTE
B17: Subcontracted Share of Workforce (%) | C17: =IFERROR(C12/C15,"") | D17: =IFERROR(D12/D15,"") | E17: =IFERROR(E12/E15,"") | F17: =IFERROR(F12/F15,"") | G17: =IFERROR(G12/G15,"") | H17: =IFERROR(H12/H15,"") | I17: =IFERROR(I12/I15,"") | J17: =IFERROR(J12/J15,"") | K17: =IFERROR(K12/K15,"") | L17: ϝ
B18: FTE HR Team | K18: =IF(COUNT(C18:J18)=0,"",SUM(C18:J18)) | L18: ∑
B19: Permanent Hires | K19: =IF(COUNT(C19:J19)=0,"",SUM(C19:J19)) | L19: ∑
B20: Temporary Hires | K20: =IF(COUNT(C20:J20)=0,"",SUM(C20:J20)) | L20: ∑
B21: Total Hires | C21: =IF(COUNT(C19:C20)=0,"",SUM(C19:C20)) | D21: =IF(COUNT(D19:D20)=0,"",SUM(D19:D20)) | E21: =IF(COUNT(E19:E20)=0,"",SUM(E19:E20)) | F21: =IF(COUNT(F19:F20)=0,"",SUM(F19:F20)) | G21: =IF(COUNT(G19:G20)=0,"",SUM(G19:G20)) | H21: =IF(COUNT(H19:H20)=0,"",SUM(H19:H20)) | I21: =IF(COUNT(I19:I20)=0,"",SUM(I19:I20)) | J21: =IF(COUNT(J19:J20)=0,"",SUM(J19:J20)) | K21: =IF(COUNT(K19:K20)=0,"",SUM(K19:K20)) | L21: ϝ
B22: Permanent Exits | K22: =IF(COUNT(C22:J22)=0,"",SUM(C22:J22)) | L22: ∑
B23: Temporary Exits | K23: =IF(COUNT(C23:J23)=0,"",SUM(C23:J23)) | L23: ∑
B24: Total Exits | C24: =IF(COUNT(C22:C23)=0,"",SUM(C22:C23)) | D24: =IF(COUNT(D22:D23)=0,"",SUM(D22:D23)) | E24: =IF(COUNT(E22:E23)=0,"",SUM(E22:E23)) | F24: =IF(COUNT(F22:F23)=0,"",SUM(F22:F23)) | G24: =IF(COUNT(G22:G23)=0,"",SUM(G22:G23)) | H24: =IF(COUNT(H22:H23)=0,"",SUM(H22:H23)) | I24: =IF(COUNT(I22:I23)=0,"",SUM(I22:I23)) | J24: =IF(COUNT(J22:J23)=0,"",SUM(J22:J23)) | K24: =IF(COUNT(K22:K23)=0,"",SUM(K22:K23)) | L24: ϝ
B25: Permanent Turnover (%) | C25: =IF(COUNT(C31,C32)<2,"",IF((C32+C31)=0,"",N(C22)/((C32+C31)/2))) | D25: =IF(COUNT(D31,D32)<2,"",IF((D32+D31)=0,"",N(D22)/((D32+D31)/2))) | E25: =IF(COUNT(E31,E32)<2,"",IF((E32+E31)=0,"",N(E22)/((E32+E31)/2))) | F25: =IF(COUNT(F31,F32)<2,"",IF((F32+F31)=0,"",N(F22)/((F32+F31)/2))) | G25: =IF(COUNT(G31,G32)<2,"",IF((G32+G31)=0,"",N(G22)/((G32+G31)/2))) | H25: =IF(COUNT(H31,H32)<2,"",IF((H32+H31)=0,"",N(H22)/((H32+H31)/2))) | I25: =IF(COUNT(I31,I32)<2,"",IF((I32+I31)=0,"",N(I22)/((I32+I31)/2))) | J25: =IF(COUNT(J31,J32)<2,"",IF((J32+J31)=0,"",N(J22)/((J32+J31)/2))) | K25: =IF(COUNT(K31,K32)<2,"",IF((K32+K31)=0,"",N(K22)/((K32+K31)/2))) | L25: ϝ
B26: Temporary Turnover (%) | C26: =IF(COUNT(C31,C32)<2,"",IF((C32+C31)=0,"",N(C23)/((C32+C31)/2))) | D26: =IF(COUNT(D31,D32)<2,"",IF((D32+D31)=0,"",N(D23)/((D32+D31)/2))) | E26: =IF(COUNT(E31,E32)<2,"",IF((E32+E31)=0,"",N(E23)/((E32+E31)/2))) | F26: =IF(COUNT(F31,F32)<2,"",IF((F32+F31)=0,"",N(F23)/((F32+F31)/2))) | G26: =IF(COUNT(G31,G32)<2,"",IF((G32+G31)=0,"",N(G23)/((G32+G31)/2))) | H26: =IF(COUNT(H31,H32)<2,"",IF((H32+H31)=0,"",N(H23)/((H32+H31)/2))) | I26: =IF(COUNT(I31,I32)<2,"",IF((I32+I31)=0,"",N(I23)/((I32+I31)/2))) | J26: =IF(COUNT(J31,J32)<2,"",IF((J32+J31)=0,"",N(J23)/((J32+J31)/2))) | K26: =IF(COUNT(K31,K32)<2,"",IF((K32+K31)=0,"",N(K23)/((K32+K31)/2))) | L26: ϝ
B27: Voluntary Terminations | K27: =IF(COUNT(C27:J27)=0,"",SUM(C27:J27)) | L27: ∑
B28: Involuntary Terminations | K28: =IF(COUNT(C28:J28)=0,"",SUM(C28:J28)) | L28: ∑
B29: Voluntary Turnover (%) | C29: =IF(COUNT(C31,C32)<2,"",IF((C32+C31)=0,"",N(C27)/((C32+C31)/2))) | D29: =IF(COUNT(D31,D32)<2,"",IF((D32+D31)=0,"",N(D27)/((D32+D31)/2))) | E29: =IF(COUNT(E31,E32)<2,"",IF((E32+E31)=0,"",N(E27)/((E32+E31)/2))) | F29: =IF(COUNT(F31,F32)<2,"",IF((F32+F31)=0,"",N(F27)/((F32+F31)/2))) | G29: =IF(COUNT(G31,G32)<2,"",IF((G32+G31)=0,"",N(G27)/((G32+G31)/2))) | H29: =IF(COUNT(H31,H32)<2,"",IF((H32+H31)=0,"",N(H27)/((H32+H31)/2))) | I29: =IF(COUNT(I31,I32)<2,"",IF((I32+I31)=0,"",N(I27)/((I32+I31)/2))) | J29: =IF(COUNT(J31,J32)<2,"",IF((J32+J31)=0,"",N(J27)/((J32+J31)/2))) | K29: =IF(COUNT(K31,K32)<2,"",IF((K32+K31)=0,"",N(K27)/((K32+K31)/2))) | L29: ϝ
B30: Involuntary Turnover (%) | C30: =IF(COUNT(C31,C32)<2,"",IF((C32+C31)=0,"",N(C28)/((C32+C31)/2))) | D30: =IF(COUNT(D31,D32)<2,"",IF((D32+D31)=0,"",N(D28)/((D32+D31)/2))) | E30: =IF(COUNT(E31,E32)<2,"",IF((E32+E31)=0,"",N(E28)/((E32+E31)/2))) | F30: =IF(COUNT(F31,F32)<2,"",IF((F32+F31)=0,"",N(F28)/((F32+F31)/2))) | G30: =IF(COUNT(G31,G32)<2,"",IF((G32+G31)=0,"",N(G28)/((G32+G31)/2))) | H30: =IF(COUNT(H31,H32)<2,"",IF((H32+H31)=0,"",N(H28)/((H32+H31)/2))) | I30: =IF(COUNT(I31,I32)<2,"",IF((I32+I31)=0,"",N(I28)/((I32+I31)/2))) | J30: =IF(COUNT(J31,J32)<2,"",IF((J32+J31)=0,"",N(J28)/((J32+J31)/2))) | K30: =IF(COUNT(K31,K32)<2,"",IF((K32+K31)=0,"",N(K28)/((K32+K31)/2))) | L30: ϝ
B31: Headcount last Month | K31: =IF(COUNT(C31:J31)=0,"",SUM(C31:J31)) | L31: ∑
B32: Headcount this Month | C32: =IF(C5="","",C5) | D32: =IF(D5="","",D5) | E32: =IF(E5="","",E5) | F32: =IF(F5="","",F5) | G32: =IF(G5="","",G5) | H32: =IF(H5="","",H5) | I32: =IF(I5="","",I5) | J32: =IF(J5="","",J5) | K32: =IF(COUNT(C32:J32)=0,"",SUM(C32:J32)) | L32: ∑
B33: Full Turnover (%) | C33: =IF(COUNT(C31,C32)<2,"",IF((C32+C31)=0,"",N(C24)/((C32+C31)/2))) | D33: =IF(COUNT(D31,D32)<2,"",IF((D32+D31)=0,"",N(D24)/((D32+D31)/2))) | E33: =IF(COUNT(E31,E32)<2,"",IF((E32+E31)=0,"",N(E24)/((E32+E31)/2))) | F33: =IF(COUNT(F31,F32)<2,"",IF((F32+F31)=0,"",N(F24)/((F32+F31)/2))) | G33: =IF(COUNT(G31,G32)<2,"",IF((G32+G31)=0,"",N(G24)/((G32+G31)/2))) | H33: =IF(COUNT(H31,H32)<2,"",IF((H32+H31)=0,"",N(H24)/((H32+H31)/2))) | I33: =IF(COUNT(I31,I32)<2,"",IF((I32+I31)=0,"",N(I24)/((I32+I31)/2))) | J33: =IF(COUNT(J31,J32)<2,"",IF((J32+J31)=0,"",N(J24)/((J32+J31)/2))) | K33: =IF(COUNT(K31,K32)<2,"",IF((K32+K31)=0,"",N(K24)/((K32+K31)/2))) | L33: ϝ
B34: Permanent Vacancies | K34: =IF(COUNT(C34:J34)=0,"",SUM(C34:J34)) | L34: ∑
B35: Temporary Vacancies | K35: =IF(COUNT(C35:J35)=0,"",SUM(C35:J35)) | L35: ∑
B36: Total Vacancies | C36: =IF(COUNT(C34:C35)=0,"",SUM(C34:C35)) | D36: =IF(COUNT(D34:D35)=0,"",SUM(D34:D35)) | E36: =IF(COUNT(E34:E35)=0,"",SUM(E34:E35)) | F36: =IF(COUNT(F34:F35)=0,"",SUM(F34:F35)) | G36: =IF(COUNT(G34:G35)=0,"",SUM(G34:G35)) | H36: =IF(COUNT(H34:H35)=0,"",SUM(H34:H35)) | I36: =IF(COUNT(I34:I35)=0,"",SUM(I34:I35)) | J36: =IF(COUNT(J34:J35)=0,"",SUM(J34:J35)) | K36: =IF(COUNT(K34:K35)=0,"",SUM(K34:K35)) | L36: ϝ
B37: Authorized Positions | C37: =IF(COUNT(C5,C36)=0,"",N(C5)+N(C36)) | D37: =IF(COUNT(D5,D36)=0,"",N(D5)+N(D36)) | E37: =IF(COUNT(E5,E36)=0,"",N(E5)+N(E36)) | F37: =IF(COUNT(F5,F36)=0,"",N(F5)+N(F36)) | G37: =IF(COUNT(G5,G36)=0,"",N(G5)+N(G36)) | H37: =IF(COUNT(H5,H36)=0,"",N(H5)+N(H36)) | I37: =IF(COUNT(I5,I36)=0,"",N(I5)+N(I36)) | J37: =IF(COUNT(J5,J36)=0,"",N(J5)+N(J36)) | K37: =IF(COUNT(K5,K36)=0,"",N(K5)+N(K36)) | L37: ϝ
B38: Vacancy Rate (%) | C38: =IFERROR(C36/C37,"") | D38: =IFERROR(D36/D37,"") | E38: =IFERROR(E36/E37,"") | F38: =IFERROR(F36/F37,"") | G38: =IFERROR(G36/G37,"") | H38: =IFERROR(H36/H37,"") | I38: =IFERROR(I36/I37,"") | J38: =IFERROR(J36/J37,"") | K38: =IFERROR(K36/K37,"") | L38: ϝ
B39: Permanent TimeToHire (Days) YTD | C39: =IF('(Culinary_CRI)'!$AB$4="","",'(Culinary_CRI)'!$AB$4) | D39: =IF('(Food_GTM)'!$AB$4="","",'(Food_GTM)'!$AB$4) | E39: =IF('(GCG_GTM)'!$AB$4="","",'(GCG_GTM)'!$AB$4) | F39: =IF('(Ground_HND)'!$AB$4="","",'(Ground_HND)'!$AB$4) | G39: =IF('(GCG_HND)'!$AB$4="","",'(GCG_HND)'!$AB$4) | H39: =IF('(Concess_PAN)'!$AB$4="","",'(Concess_PAN)'!$AB$4) | I39: =IF('(GCG_SLV)'!$AB$4="","",'(GCG_SLV)'!$AB$4) | J39: =IF('(Food_SLV)'!$AB$4="","",'(Food_SLV)'!$AB$4) | K39: =IFERROR(AVERAGE(C39:J39),"") | L39: Avg
B40: Temporary TimeToHire (Days) YTD | C40: =IF('(Culinary_CRI)'!$AD$4="","",'(Culinary_CRI)'!$AD$4) | D40: =IF('(Food_GTM)'!$AD$4="","",'(Food_GTM)'!$AD$4) | E40: =IF('(GCG_GTM)'!$AD$4="","",'(GCG_GTM)'!$AD$4) | F40: =IF('(Ground_HND)'!$AD$4="","",'(Ground_HND)'!$AD$4) | G40: =IF('(GCG_HND)'!$AD$4="","",'(GCG_HND)'!$AD$4) | H40: =IF('(Concess_PAN)'!$AD$4="","",'(Concess_PAN)'!$AD$4) | I40: =IF('(GCG_SLV)'!$AD$4="","",'(GCG_SLV)'!$AD$4) | J40: =IF('(Food_SLV)'!$AD$4="","",'(Food_SLV)'!$AD$4) | K40: =IFERROR(AVERAGE(C40:J40),"") | L40: Avg
B41: Check-ins Rate Completed (%) | K41: =IFERROR(AVERAGE(C41:J41),"") | L41: Avg
B42: EE Objectives Completed (#) | K42: =IF(COUNT(C42:J42)=0,"",SUM(C42:J42)) | L42: ∑
B43: Non-certified Absent (Days Lost) | K43: =IF(COUNT(C43:J43)=0,"",SUM(C43:J43)) | L43: ∑
B44: Certified sick leave (Days Lost) | K44: =IF(COUNT(C44:J44)=0,"",SUM(C44:J44)) | L44: ∑
B45: Total Absences | C45: =IF(COUNT(C43:C44)=0,"",SUM(C43:C44)) | D45: =IF(COUNT(D43:D44)=0,"",SUM(D43:D44)) | E45: =IF(COUNT(E43:E44)=0,"",SUM(E43:E44)) | F45: =IF(COUNT(F43:F44)=0,"",SUM(F43:F44)) | G45: =IF(COUNT(G43:G44)=0,"",SUM(G43:G44)) | H45: =IF(COUNT(H43:H44)=0,"",SUM(H43:H44)) | I45: =IF(COUNT(I43:I44)=0,"",SUM(I43:I44)) | J45: =IF(COUNT(J43:J44)=0,"",SUM(J43:J44)) | K45: =IF(COUNT(K43:K44)=0,"",SUM(K43:K44)) | L45: ϝ
B46: Absent Rate Non-Certified (%) | C46: =IF('(Culinary_CRI)'!$G$4="","",'(Culinary_CRI)'!$G$4) | D46: =IF('(Food_GTM)'!$G$4="","",'(Food_GTM)'!$G$4) | E46: =IF('(GCG_GTM)'!$G$4="","",'(GCG_GTM)'!$G$4) | F46: =IF('(Ground_HND)'!$G$4="","",'(Ground_HND)'!$G$4) | G46: =IF('(GCG_HND)'!$G$4="","",'(GCG_HND)'!$G$4) | H46: =IF('(Concess_PAN)'!$G$4="","",'(Concess_PAN)'!$G$4) | I46: =IF('(GCG_SLV)'!$G$4="","",'(GCG_SLV)'!$G$4) | J46: =IF('(Food_SLV)'!$G$4="","",'(Food_SLV)'!$G$4) | K46: {=IF(COUNT(C46:J46)=0,"",IFERROR(SUMPRODUCT(IFERROR(C46:J46*((C3:J3)+(C4:J4)),0))/SUMPRODUCT(IFERROR(ISNUMBER(C46:J46)*((C3:J3)+(C4:J4)),0)),""))} | L46: Weighted
B47: Absent Rate Certified (%) | C47: =IF('(Culinary_CRI)'!$O$4="","",'(Culinary_CRI)'!$O$4) | D47: =IF('(Food_GTM)'!$O$4="","",'(Food_GTM)'!$O$4) | E47: =IF('(GCG_GTM)'!$O$4="","",'(GCG_GTM)'!$O$4) | F47: =IF('(Ground_HND)'!$O$4="","",'(Ground_HND)'!$O$4) | G47: =IF('(GCG_HND)'!$O$4="","",'(GCG_HND)'!$O$4) | H47: =IF('(Concess_PAN)'!$O$4="","",'(Concess_PAN)'!$O$4) | I47: =IF('(GCG_SLV)'!$O$4="","",'(GCG_SLV)'!$O$4) | J47: =IF('(Food_SLV)'!$O$4="","",'(Food_SLV)'!$O$4) | K47: {=IF(COUNT(C47:J47)=0,"",IFERROR(SUMPRODUCT(IFERROR(C47:J47*((C3:J3)+(C4:J4)),0))/SUMPRODUCT(IFERROR(ISNUMBER(C47:J47)*((C3:J3)+(C4:J4)),0)),""))} | L47: Weighted
B48: Absent Rate Total (%) | C48: =IF(COUNT(C46:C47)=0,"",SUM(C46:C47)) | D48: =IF(COUNT(D46:D47)=0,"",SUM(D46:D47)) | E48: =IF(COUNT(E46:E47)=0,"",SUM(E46:E47)) | F48: =IF(COUNT(F46:F47)=0,"",SUM(F46:F47)) | G48: =IF(COUNT(G46:G47)=0,"",SUM(G46:G47)) | H48: =IF(COUNT(H46:H47)=0,"",SUM(H46:H47)) | I48: =IF(COUNT(I46:I47)=0,"",SUM(I46:I47)) | J48: =IF(COUNT(J46:J47)=0,"",SUM(J46:J47)) | K48: =IF(COUNT(K46:K47)=0,"",SUM(K46:K47)) | L48: Weighted
B49: Weight factor | C49: =IFERROR(C5/$K5,"") | D49: =IFERROR(D5/$K5,"") | E49: =IFERROR(E5/$K5,"") | F49: =IFERROR(F5/$K5,"") | G49: =IFERROR(G5/$K5,"") | H49: =IFERROR(H5/$K5,"") | I49: =IFERROR(I5/$K5,"") | J49: =IFERROR(J5/$K5,"") | K49: =IF(COUNT(C49:J49)=0,"",SUM(C49:J49)) | L49: Weight Factor
B50: Leadership (Hours) | K50: =IF(COUNT(C50:J50)=0,"",SUM(C50:J50)) | L50: ∑
B51: Technical (Hours) | K51: =IF(COUNT(C51:J51)=0,"",SUM(C51:J51)) | L51: ∑
B52: Professional Develop. (Hours) | K52: =IF(COUNT(C52:J52)=0,"",SUM(C52:J52)) | L52: ∑
B53: HSSE (Hours) | K53: =IF(COUNT(C53:J53)=0,"",SUM(C53:J53)) | L53: ∑
B54: Workday (Hours) | K54: =IF(COUNT(C54:J54)=0,"",SUM(C54:J54)) | L54: ∑
B55: Total Training Hours | C55: =IF(COUNT(C50:C54)=0,"",SUM(C50:C54)) | D55: =IF(COUNT(D50:D54)=0,"",SUM(D50:D54)) | E55: =IF(COUNT(E50:E54)=0,"",SUM(E50:E54)) | F55: =IF(COUNT(F50:F54)=0,"",SUM(F50:F54)) | G55: =IF(COUNT(G50:G54)=0,"",SUM(G50:G54)) | H55: =IF(COUNT(H50:H54)=0,"",SUM(H50:H54)) | I55: =IF(COUNT(I50:I54)=0,"",SUM(I50:I54)) | J55: =IF(COUNT(J50:J54)=0,"",SUM(J50:J54)) | K55: =IF(COUNT(K50:K54)=0,"",SUM(K50:K54)) | L55: ϝ
B56: Total Trained (Staff) | K56: =IF(COUNT(C56:J56)=0,"",SUM(C56:J56)) | L56: ∑
B57: Training Programs (#) | K57: =IF(COUNT(C57:J57)=0,"",SUM(C57:J57)) | L57: ∑
B58: Training Cost (USD) | K58: =IF(COUNT(C58:J58)=0,"",SUM(C58:J58)) | L58: ∑
B59: Training Travel Cost (USD) | K59: =IF(COUNT(C59:J59)=0,"",SUM(C59:J59)) | L59: ∑
B60: Leadership Hours Trained (%) | C60: =IFERROR(C50/C$55,"") | D60: =IFERROR(D50/D$55,"") | E60: =IFERROR(E50/E$55,"") | F60: =IFERROR(F50/F$55,"") | G60: =IFERROR(G50/G$55,"") | H60: =IFERROR(H50/H$55,"") | I60: =IFERROR(I50/I$55,"") | J60: =IFERROR(J50/J$55,"") | K60: =IFERROR(K50/K$55,"") | L60: ϝ
B61: Technical Hours Trained (%) | C61: =IFERROR(C51/C$55,"") | D61: =IFERROR(D51/D$55,"") | E61: =IFERROR(E51/E$55,"") | F61: =IFERROR(F51/F$55,"") | G61: =IFERROR(G51/G$55,"") | H61: =IFERROR(H51/H$55,"") | I61: =IFERROR(I51/I$55,"") | J61: =IFERROR(J51/J$55,"") | K61: =IFERROR(K51/K$55,"") | L61: ϝ
B62: Profess. Dev. Hours Trained (%) | C62: =IFERROR(C52/C$55,"") | D62: =IFERROR(D52/D$55,"") | E62: =IFERROR(E52/E$55,"") | F62: =IFERROR(F52/F$55,"") | G62: =IFERROR(G52/G$55,"") | H62: =IFERROR(H52/H$55,"") | I62: =IFERROR(I52/I$55,"") | J62: =IFERROR(J52/J$55,"") | K62: =IFERROR(K52/K$55,"") | L62: ϝ
B63: HSSE Hours Trained (%) | C63: =IFERROR(C53/C$55,"") | D63: =IFERROR(D53/D$55,"") | E63: =IFERROR(E53/E$55,"") | F63: =IFERROR(F53/F$55,"") | G63: =IFERROR(G53/G$55,"") | H63: =IFERROR(H53/H$55,"") | I63: =IFERROR(I53/I$55,"") | J63: =IFERROR(J53/J$55,"") | K63: =IFERROR(K53/K$55,"") | L63: ϝ
B64: Workday Hours Trained (%) | C64: =IFERROR(C54/C$55,"") | D64: =IFERROR(D54/D$55,"") | E64: =IFERROR(E54/E$55,"") | F64: =IFERROR(F54/F$55,"") | G64: =IFERROR(G54/G$55,"") | H64: =IFERROR(H54/H$55,"") | I64: =IFERROR(I54/I$55,"") | J64: =IFERROR(J54/J$55,"") | K64: =IFERROR(K54/K$55,"") | L64: ϝ
B65: Staff Trained (%) | C65: =IFERROR(C56/C5,"") | D65: =IFERROR(D56/D5,"") | E65: =IFERROR(E56/E5,"") | F65: =IFERROR(F56/F5,"") | G65: =IFERROR(G56/G5,"") | H65: =IFERROR(H56/H5,"") | I65: =IFERROR(I56/I5,"") | J65: =IFERROR(J56/J5,"") | K65: =IFERROR(K56/K5,"") | L65: ϝ
B66: Training Hours / EE | C66: =IFERROR(C55/C5,"") | D66: =IFERROR(D55/D5,"") | E66: =IFERROR(E55/E5,"") | F66: =IFERROR(F55/F5,"") | G66: =IFERROR(G55/G5,"") | H66: =IFERROR(H55/H5,"") | I66: =IFERROR(I55/I5,"") | J66: =IFERROR(J55/J5,"") | K66: =IFERROR(K55/K5,"") | L66: ϝ
B67: Training Hours / EE Trained | C67: =IFERROR(C55/C56,"") | D67: =IFERROR(D55/D56,"") | E67: =IFERROR(E55/E56,"") | F67: =IFERROR(F55/F56,"") | G67: =IFERROR(G55/G56,"") | H67: =IFERROR(H55/H56,"") | I67: =IFERROR(I55/I56,"") | J67: =IFERROR(J55/J56,"") | K67: =IFERROR(K55/K56,"") | L67: ϝ
B68: Training Invest. / EE (USD) | C68: =IF(COUNT(C58:C59)=0,"",IFERROR((N(C58)+N(C59))/C5,"")) | D68: =IF(COUNT(D58:D59)=0,"",IFERROR((N(D58)+N(D59))/D5,"")) | E68: =IF(COUNT(E58:E59)=0,"",IFERROR((N(E58)+N(E59))/E5,"")) | F68: =IF(COUNT(F58:F59)=0,"",IFERROR((N(F58)+N(F59))/F5,"")) | G68: =IF(COUNT(G58:G59)=0,"",IFERROR((N(G58)+N(G59))/G5,"")) | H68: =IF(COUNT(H58:H59)=0,"",IFERROR((N(H58)+N(H59))/H5,"")) | I68: =IF(COUNT(I58:I59)=0,"",IFERROR((N(I58)+N(I59))/I5,"")) | J68: =IF(COUNT(J58:J59)=0,"",IFERROR((N(J58)+N(J59))/J5,"")) | K68: =IF(COUNT(K58:K59)=0,"",IFERROR((N(K58)+N(K59))/K5,"")) | L68: ϝ
B69: Training Invest. / EE Trained (USD) | C69: =IF(COUNT(C58:C59)=0,"",IFERROR((N(C58)+N(C59))/C56,"")) | D69: =IF(COUNT(D58:D59)=0,"",IFERROR((N(D58)+N(D59))/D56,"")) | E69: =IF(COUNT(E58:E59)=0,"",IFERROR((N(E58)+N(E59))/E56,"")) | F69: =IF(COUNT(F58:F59)=0,"",IFERROR((N(F58)+N(F59))/F56,"")) | G69: =IF(COUNT(G58:G59)=0,"",IFERROR((N(G58)+N(G59))/G56,"")) | H69: =IF(COUNT(H58:H59)=0,"",IFERROR((N(H58)+N(H59))/H56,"")) | I69: =IF(COUNT(I58:I59)=0,"",IFERROR((N(I58)+N(I59))/I56,"")) | J69: =IF(COUNT(J58:J59)=0,"",IFERROR((N(J58)+N(J59))/J56,"")) | K69: =IF(COUNT(K58:K59)=0,"",IFERROR((N(K58)+N(K59))/K56,"")) | L69: ϝ
B70: Input Cells Not Submitted | C70: =COUNTBLANK(C3:C4)+COUNTBLANK(C6:C10)+COUNTBLANK(C12:C13)+COUNTBLANK(C18:C20)+COUNTBLANK(C22:C23)+COUNTBLANK(C27:C28)+COUNTBLANK(C34:C35)+COUNTBLANK(C39:C44)+COUNTBLANK(C46:C47)+COUNTBLANK(C50:C54)+COUNTBLANK(C56:C59) | D70: =COUNTBLANK(D3:D4)+COUNTBLANK(D6:D10)+COUNTBLANK(D12:D13)+COUNTBLANK(D18:D20)+COUNTBLANK(D22:D23)+COUNTBLANK(D27:D28)+COUNTBLANK(D34:D35)+COUNTBLANK(D39:D44)+COUNTBLANK(D46:D47)+COUNTBLANK(D50:D54)+COUNTBLANK(D56:D59) | E70: =COUNTBLANK(E3:E4)+COUNTBLANK(E6:E10)+COUNTBLANK(E12:E13)+COUNTBLANK(E18:E20)+COUNTBLANK(E22:E23)+COUNTBLANK(E27:E28)+COUNTBLANK(E34:E35)+COUNTBLANK(E39:E44)+COUNTBLANK(E46:E47)+COUNTBLANK(E50:E54)+COUNTBLANK(E56:E59) | F70: =COUNTBLANK(F3:F4)+COUNTBLANK(F6:F10)+COUNTBLANK(F12:F13)+COUNTBLANK(F18:F20)+COUNTBLANK(F22:F23)+COUNTBLANK(F27:F28)+COUNTBLANK(F34:F35)+COUNTBLANK(F39:F44)+COUNTBLANK(F46:F47)+COUNTBLANK(F50:F54)+COUNTBLANK(F56:F59) | G70: =COUNTBLANK(G3:G4)+COUNTBLANK(G6:G10)+COUNTBLANK(G12:G13)+COUNTBLANK(G18:G20)+COUNTBLANK(G22:G23)+COUNTBLANK(G27:G28)+COUNTBLANK(G34:G35)+COUNTBLANK(G39:G44)+COUNTBLANK(G46:G47)+COUNTBLANK(G50:G54)+COUNTBLANK(G56:G59) | H70: =COUNTBLANK(H3:H4)+COUNTBLANK(H6:H10)+COUNTBLANK(H12:H13)+COUNTBLANK(H18:H20)+COUNTBLANK(H22:H23)+COUNTBLANK(H27:H28)+COUNTBLANK(H34:H35)+COUNTBLANK(H39:H44)+COUNTBLANK(H46:H47)+COUNTBLANK(H50:H54)+COUNTBLANK(H56:H59) | I70: =COUNTBLANK(I3:I4)+COUNTBLANK(I6:I10)+COUNTBLANK(I12:I13)+COUNTBLANK(I18:I20)+COUNTBLANK(I22:I23)+COUNTBLANK(I27:I28)+COUNTBLANK(I34:I35)+COUNTBLANK(I39:I44)+COUNTBLANK(I46:I47)+COUNTBLANK(I50:I54)+COUNTBLANK(I56:I59) | J70: =COUNTBLANK(J3:J4)+COUNTBLANK(J6:J10)+COUNTBLANK(J12:J13)+COUNTBLANK(J18:J20)+COUNTBLANK(J22:J23)+COUNTBLANK(J27:J28)+COUNTBLANK(J34:J35)+COUNTBLANK(J39:J44)+COUNTBLANK(J46:J47)+COUNTBLANK(J50:J54)+COUNTBLANK(J56:J59) | K70: =SUM(C70:J70) | L70: ∑

Sheet NOV
B1: GCG CENTRAL AMERICA | C1: 1171 | D1: 1162 | E1: 1076 | F1: 1170 | G1: 1078 | H1: 1172 | I1: 1074 | J1: 1161
A2: =VALUE(TEXT(EDATE(DATE(LEFT(OCT!A2,4),RIGHT(OCT!A2,2),1),1),"yyyymm")) | B2: NOV | C2: GCG Culinary Costa Rica | D2: GCG Food Guatemala | E2: GCG Guatemala | F2: GCG Aviation Ground Honduras | G2: GCG Honduras | H2: GCG Concessions Panama | I2: GCG El Salvador | J2: GCG Food El Salvador | K2: TOTAL | L2: Total by Division | M2: =N(M11)<>0
A3: =+A2 | B3: Permanent (Regular) Headcount | K3: =IF(COUNT(C3:J3)=0,"",SUM(C3:J3)) | L3: ∑
B4: Temporary (Fix Term) Headcount | K4: =IF(COUNT(C4:J4)=0,"",SUM(C4:J4)) | L4: ∑
B5: Employee Headcount (Productivity) | C5: =IF(COUNT(C3:C4)=0,"",SUM(C3:C4)) | D5: =IF(COUNT(D3:D4)=0,"",SUM(D3:D4)) | E5: =IF(COUNT(E3:E4)=0,"",SUM(E3:E4)) | F5: =IF(COUNT(F3:F4)=0,"",SUM(F3:F4)) | G5: =IF(COUNT(G3:G4)=0,"",SUM(G3:G4)) | H5: =IF(COUNT(H3:H4)=0,"",SUM(H3:H4)) | I5: =IF(COUNT(I3:I4)=0,"",SUM(I3:I4)) | J5: =IF(COUNT(J3:J4)=0,"",SUM(J3:J4)) | K5: =IF(COUNT(K3:K4)=0,"",SUM(K3:K4)) | L5: ϝ
B6: Headcount = 1.00 | K6: =IF(COUNT(C6:J6)=0,"",SUM(C6:J6)) | L6: ∑
B7: Headcount = 0.75 | K7: =IF(COUNT(C7:J7)=0,"",SUM(C7:J7)) | L7: ∑
B8: Headcount = 0.50 | K8: =IF(COUNT(C8:J8)=0,"",SUM(C8:J8)) | L8: ∑
B9: Headcount = 0.25 | K9: =IF(COUNT(C9:J9)=0,"",SUM(C9:J9)) | L9: ∑
B10: Standard Monthly Hours (FTE basis) | K10: =IFERROR(AVERAGE(C10:J10),"") | L10: Avg
B11: Employee FTE (Finance) | C11: =IF(COUNT(C6:C9)=0,"",N(C6)+N(C7)*0.75+N(C8)*0.5+N(C9)*0.25) | D11: =IF(COUNT(D6:D9)=0,"",N(D6)+N(D7)*0.75+N(D8)*0.5+N(D9)*0.25) | E11: =IF(COUNT(E6:E9)=0,"",N(E6)+N(E7)*0.75+N(E8)*0.5+N(E9)*0.25) | F11: =IF(COUNT(F6:F9)=0,"",N(F6)+N(F7)*0.75+N(F8)*0.5+N(F9)*0.25) | G11: =IF(COUNT(G6:G9)=0,"",N(G6)+N(G7)*0.75+N(G8)*0.5+N(G9)*0.25) | H11: =IF(COUNT(H6:H9)=0,"",N(H6)+N(H7)*0.75+N(H8)*0.5+N(H9)*0.25) | I11: =IF(COUNT(I6:I9)=0,"",N(I6)+N(I7)*0.75+N(I8)*0.5+N(I9)*0.25) | J11: =IF(COUNT(J6:J9)=0,"",N(J6)+N(J7)*0.75+N(J8)*0.5+N(J9)*0.25) | K11: =IF(COUNT(K6:K9)=0,"",N(K6)+N(K7)*0.75+N(K8)*0.5+N(K9)*0.25) | L11: FTE | M11: =IF(COUNT(K5:K9)=0,"",N(K6)+N(K7)+N(K8)+N(K9)-N(K5))
B12: Subcontracted Workforce HC | K12: =IF(COUNT(C12:J12)=0,"",SUM(C12:J12)) | L12: ∑
B13: Subcontracted Productive Hours | K13: =IF(COUNT(C13:J13)=0,"",SUM(C13:J13)) | L13: ∑
B14: Subcontracted FTE | C14: =IFERROR(C13/C10,"") | D14: =IFERROR(D13/D10,"") | E14: =IFERROR(E13/E10,"") | F14: =IFERROR(F13/F10,"") | G14: =IFERROR(G13/G10,"") | H14: =IFERROR(H13/H10,"") | I14: =IFERROR(I13/I10,"") | J14: =IFERROR(J13/J10,"") | K14: =IF(COUNT(C14:J14)=0,"",SUM(C14:J14)) | L14: FTE
B15: Total Operational Workforce | C15: =IF(COUNT(C5,C12)=0,"",SUM(C5,C12)) | D15: =IF(COUNT(D5,D12)=0,"",SUM(D5,D12)) | E15: =IF(COUNT(E5,E12)=0,"",SUM(E5,E12)) | F15: =IF(COUNT(F5,F12)=0,"",SUM(F5,F12)) | G15: =IF(COUNT(G5,G12)=0,"",SUM(G5,G12)) | H15: =IF(COUNT(H5,H12)=0,"",SUM(H5,H12)) | I15: =IF(COUNT(I5,I12)=0,"",SUM(I5,I12)) | J15: =IF(COUNT(J5,J12)=0,"",SUM(J5,J12)) | K15: =IF(COUNT(K5,K12)=0,"",SUM(K5,K12)) | L15: ϝ
B16: Total Operational FTE | C16: =IF(COUNT(C11,C14)=0,"",SUM(C11,C14)) | D16: =IF(COUNT(D11,D14)=0,"",SUM(D11,D14)) | E16: =IF(COUNT(E11,E14)=0,"",SUM(E11,E14)) | F16: =IF(COUNT(F11,F14)=0,"",SUM(F11,F14)) | G16: =IF(COUNT(G11,G14)=0,"",SUM(G11,G14)) | H16: =IF(COUNT(H11,H14)=0,"",SUM(H11,H14)) | I16: =IF(COUNT(I11,I14)=0,"",SUM(I11,I14)) | J16: =IF(COUNT(J11,J14)=0,"",SUM(J11,J14)) | K16: =IF(COUNT(K11,K14)=0,"",SUM(K11,K14)) | L16: FTE
B17: Subcontracted Share of Workforce (%) | C17: =IFERROR(C12/C15,"") | D17: =IFERROR(D12/D15,"") | E17: =IFERROR(E12/E15,"") | F17: =IFERROR(F12/F15,"") | G17: =IFERROR(G12/G15,"") | H17: =IFERROR(H12/H15,"") | I17: =IFERROR(I12/I15,"") | J17: =IFERROR(J12/J15,"") | K17: =IFERROR(K12/K15,"") | L17: ϝ
B18: FTE HR Team | K18: =IF(COUNT(C18:J18)=0,"",SUM(C18:J18)) | L18: ∑
B19: Permanent Hires | K19: =IF(COUNT(C19:J19)=0,"",SUM(C19:J19)) | L19: ∑
B20: Temporary Hires | K20: =IF(COUNT(C20:J20)=0,"",SUM(C20:J20)) | L20: ∑
B21: Total Hires | C21: =IF(COUNT(C19:C20)=0,"",SUM(C19:C20)) | D21: =IF(COUNT(D19:D20)=0,"",SUM(D19:D20)) | E21: =IF(COUNT(E19:E20)=0,"",SUM(E19:E20)) | F21: =IF(COUNT(F19:F20)=0,"",SUM(F19:F20)) | G21: =IF(COUNT(G19:G20)=0,"",SUM(G19:G20)) | H21: =IF(COUNT(H19:H20)=0,"",SUM(H19:H20)) | I21: =IF(COUNT(I19:I20)=0,"",SUM(I19:I20)) | J21: =IF(COUNT(J19:J20)=0,"",SUM(J19:J20)) | K21: =IF(COUNT(K19:K20)=0,"",SUM(K19:K20)) | L21: ϝ
B22: Permanent Exits | K22: =IF(COUNT(C22:J22)=0,"",SUM(C22:J22)) | L22: ∑
B23: Temporary Exits | K23: =IF(COUNT(C23:J23)=0,"",SUM(C23:J23)) | L23: ∑
B24: Total Exits | C24: =IF(COUNT(C22:C23)=0,"",SUM(C22:C23)) | D24: =IF(COUNT(D22:D23)=0,"",SUM(D22:D23)) | E24: =IF(COUNT(E22:E23)=0,"",SUM(E22:E23)) | F24: =IF(COUNT(F22:F23)=0,"",SUM(F22:F23)) | G24: =IF(COUNT(G22:G23)=0,"",SUM(G22:G23)) | H24: =IF(COUNT(H22:H23)=0,"",SUM(H22:H23)) | I24: =IF(COUNT(I22:I23)=0,"",SUM(I22:I23)) | J24: =IF(COUNT(J22:J23)=0,"",SUM(J22:J23)) | K24: =IF(COUNT(K22:K23)=0,"",SUM(K22:K23)) | L24: ϝ
B25: Permanent Turnover (%) | C25: =IF(COUNT(C31,C32)<2,"",IF((C32+C31)=0,"",N(C22)/((C32+C31)/2))) | D25: =IF(COUNT(D31,D32)<2,"",IF((D32+D31)=0,"",N(D22)/((D32+D31)/2))) | E25: =IF(COUNT(E31,E32)<2,"",IF((E32+E31)=0,"",N(E22)/((E32+E31)/2))) | F25: =IF(COUNT(F31,F32)<2,"",IF((F32+F31)=0,"",N(F22)/((F32+F31)/2))) | G25: =IF(COUNT(G31,G32)<2,"",IF((G32+G31)=0,"",N(G22)/((G32+G31)/2))) | H25: =IF(COUNT(H31,H32)<2,"",IF((H32+H31)=0,"",N(H22)/((H32+H31)/2))) | I25: =IF(COUNT(I31,I32)<2,"",IF((I32+I31)=0,"",N(I22)/((I32+I31)/2))) | J25: =IF(COUNT(J31,J32)<2,"",IF((J32+J31)=0,"",N(J22)/((J32+J31)/2))) | K25: =IF(COUNT(K31,K32)<2,"",IF((K32+K31)=0,"",N(K22)/((K32+K31)/2))) | L25: ϝ
B26: Temporary Turnover (%) | C26: =IF(COUNT(C31,C32)<2,"",IF((C32+C31)=0,"",N(C23)/((C32+C31)/2))) | D26: =IF(COUNT(D31,D32)<2,"",IF((D32+D31)=0,"",N(D23)/((D32+D31)/2))) | E26: =IF(COUNT(E31,E32)<2,"",IF((E32+E31)=0,"",N(E23)/((E32+E31)/2))) | F26: =IF(COUNT(F31,F32)<2,"",IF((F32+F31)=0,"",N(F23)/((F32+F31)/2))) | G26: =IF(COUNT(G31,G32)<2,"",IF((G32+G31)=0,"",N(G23)/((G32+G31)/2))) | H26: =IF(COUNT(H31,H32)<2,"",IF((H32+H31)=0,"",N(H23)/((H32+H31)/2))) | I26: =IF(COUNT(I31,I32)<2,"",IF((I32+I31)=0,"",N(I23)/((I32+I31)/2))) | J26: =IF(COUNT(J31,J32)<2,"",IF((J32+J31)=0,"",N(J23)/((J32+J31)/2))) | K26: =IF(COUNT(K31,K32)<2,"",IF((K32+K31)=0,"",N(K23)/((K32+K31)/2))) | L26: ϝ
B27: Voluntary Terminations | K27: =IF(COUNT(C27:J27)=0,"",SUM(C27:J27)) | L27: ∑
B28: Involuntary Terminations | K28: =IF(COUNT(C28:J28)=0,"",SUM(C28:J28)) | L28: ∑
B29: Voluntary Turnover (%) | C29: =IF(COUNT(C31,C32)<2,"",IF((C32+C31)=0,"",N(C27)/((C32+C31)/2))) | D29: =IF(COUNT(D31,D32)<2,"",IF((D32+D31)=0,"",N(D27)/((D32+D31)/2))) | E29: =IF(COUNT(E31,E32)<2,"",IF((E32+E31)=0,"",N(E27)/((E32+E31)/2))) | F29: =IF(COUNT(F31,F32)<2,"",IF((F32+F31)=0,"",N(F27)/((F32+F31)/2))) | G29: =IF(COUNT(G31,G32)<2,"",IF((G32+G31)=0,"",N(G27)/((G32+G31)/2))) | H29: =IF(COUNT(H31,H32)<2,"",IF((H32+H31)=0,"",N(H27)/((H32+H31)/2))) | I29: =IF(COUNT(I31,I32)<2,"",IF((I32+I31)=0,"",N(I27)/((I32+I31)/2))) | J29: =IF(COUNT(J31,J32)<2,"",IF((J32+J31)=0,"",N(J27)/((J32+J31)/2))) | K29: =IF(COUNT(K31,K32)<2,"",IF((K32+K31)=0,"",N(K27)/((K32+K31)/2))) | L29: ϝ
B30: Involuntary Turnover (%) | C30: =IF(COUNT(C31,C32)<2,"",IF((C32+C31)=0,"",N(C28)/((C32+C31)/2))) | D30: =IF(COUNT(D31,D32)<2,"",IF((D32+D31)=0,"",N(D28)/((D32+D31)/2))) | E30: =IF(COUNT(E31,E32)<2,"",IF((E32+E31)=0,"",N(E28)/((E32+E31)/2))) | F30: =IF(COUNT(F31,F32)<2,"",IF((F32+F31)=0,"",N(F28)/((F32+F31)/2))) | G30: =IF(COUNT(G31,G32)<2,"",IF((G32+G31)=0,"",N(G28)/((G32+G31)/2))) | H30: =IF(COUNT(H31,H32)<2,"",IF((H32+H31)=0,"",N(H28)/((H32+H31)/2))) | I30: =IF(COUNT(I31,I32)<2,"",IF((I32+I31)=0,"",N(I28)/((I32+I31)/2))) | J30: =IF(COUNT(J31,J32)<2,"",IF((J32+J31)=0,"",N(J28)/((J32+J31)/2))) | K30: =IF(COUNT(K31,K32)<2,"",IF((K32+K31)=0,"",N(K28)/((K32+K31)/2))) | L30: ϝ
B31: Headcount last Month | C31: =IF(OCT!C5="","",OCT!C5) | D31: =IF(OCT!D5="","",OCT!D5) | E31: =IF(OCT!E5="","",OCT!E5) | F31: =IF(OCT!F5="","",OCT!F5) | G31: =IF(OCT!G5="","",OCT!G5) | H31: =IF(OCT!H5="","",OCT!H5) | I31: =IF(OCT!I5="","",OCT!I5) | J31: =IF(OCT!J5="","",OCT!J5) | K31: =IF(COUNT(C31:J31)=0,"",SUM(C31:J31)) | L31: ∑
B32: Headcount this Month | C32: =IF(C5="","",C5) | D32: =IF(D5="","",D5) | E32: =IF(E5="","",E5) | F32: =IF(F5="","",F5) | G32: =IF(G5="","",G5) | H32: =IF(H5="","",H5) | I32: =IF(I5="","",I5) | J32: =IF(J5="","",J5) | K32: =IF(COUNT(C32:J32)=0,"",SUM(C32:J32)) | L32: ∑
B33: Full Turnover (%) | C33: =IF(COUNT(C31,C32)<2,"",IF((C32+C31)=0,"",N(C24)/((C32+C31)/2))) | D33: =IF(COUNT(D31,D32)<2,"",IF((D32+D31)=0,"",N(D24)/((D32+D31)/2))) | E33: =IF(COUNT(E31,E32)<2,"",IF((E32+E31)=0,"",N(E24)/((E32+E31)/2))) | F33: =IF(COUNT(F31,F32)<2,"",IF((F32+F31)=0,"",N(F24)/((F32+F31)/2))) | G33: =IF(COUNT(G31,G32)<2,"",IF((G32+G31)=0,"",N(G24)/((G32+G31)/2))) | H33: =IF(COUNT(H31,H32)<2,"",IF((H32+H31)=0,"",N(H24)/((H32+H31)/2))) | I33: =IF(COUNT(I31,I32)<2,"",IF((I32+I31)=0,"",N(I24)/((I32+I31)/2))) | J33: =IF(COUNT(J31,J32)<2,"",IF((J32+J31)=0,"",N(J24)/((J32+J31)/2))) | K33: =IF(COUNT(K31,K32)<2,"",IF((K32+K31)=0,"",N(K24)/((K32+K31)/2))) | L33: ϝ
B34: Permanent Vacancies | K34: =IF(COUNT(C34:J34)=0,"",SUM(C34:J34)) | L34: ∑
B35: Temporary Vacancies | K35: =IF(COUNT(C35:J35)=0,"",SUM(C35:J35)) | L35: ∑
B36: Total Vacancies | C36: =IF(COUNT(C34:C35)=0,"",SUM(C34:C35)) | D36: =IF(COUNT(D34:D35)=0,"",SUM(D34:D35)) | E36: =IF(COUNT(E34:E35)=0,"",SUM(E34:E35)) | F36: =IF(COUNT(F34:F35)=0,"",SUM(F34:F35)) | G36: =IF(COUNT(G34:G35)=0,"",SUM(G34:G35)) | H36: =IF(COUNT(H34:H35)=0,"",SUM(H34:H35)) | I36: =IF(COUNT(I34:I35)=0,"",SUM(I34:I35)) | J36: =IF(COUNT(J34:J35)=0,"",SUM(J34:J35)) | K36: =IF(COUNT(K34:K35)=0,"",SUM(K34:K35)) | L36: ϝ
B37: Authorized Positions | C37: =IF(COUNT(C5,C36)=0,"",N(C5)+N(C36)) | D37: =IF(COUNT(D5,D36)=0,"",N(D5)+N(D36)) | E37: =IF(COUNT(E5,E36)=0,"",N(E5)+N(E36)) | F37: =IF(COUNT(F5,F36)=0,"",N(F5)+N(F36)) | G37: =IF(COUNT(G5,G36)=0,"",N(G5)+N(G36)) | H37: =IF(COUNT(H5,H36)=0,"",N(H5)+N(H36)) | I37: =IF(COUNT(I5,I36)=0,"",N(I5)+N(I36)) | J37: =IF(COUNT(J5,J36)=0,"",N(J5)+N(J36)) | K37: =IF(COUNT(K5,K36)=0,"",N(K5)+N(K36)) | L37: ϝ
B38: Vacancy Rate (%) | C38: =IFERROR(C36/C37,"") | D38: =IFERROR(D36/D37,"") | E38: =IFERROR(E36/E37,"") | F38: =IFERROR(F36/F37,"") | G38: =IFERROR(G36/G37,"") | H38: =IFERROR(H36/H37,"") | I38: =IFERROR(I36/I37,"") | J38: =IFERROR(J36/J37,"") | K38: =IFERROR(K36/K37,"") | L38: ϝ
B39: Permanent TimeToHire (Days) YTD | C39: =IF('(Culinary_CRI)'!$AB$5="","",'(Culinary_CRI)'!$AB$5) | D39: =IF('(Food_GTM)'!$AB$5="","",'(Food_GTM)'!$AB$5) | E39: =IF('(GCG_GTM)'!$AB$5="","",'(GCG_GTM)'!$AB$5) | F39: =IF('(Ground_HND)'!$AB$5="","",'(Ground_HND)'!$AB$5) | G39: =IF('(GCG_HND)'!$AB$5="","",'(GCG_HND)'!$AB$5) | H39: =IF('(Concess_PAN)'!$AB$5="","",'(Concess_PAN)'!$AB$5) | I39: =IF('(GCG_SLV)'!$AB$5="","",'(GCG_SLV)'!$AB$5) | J39: =IF('(Food_SLV)'!$AB$5="","",'(Food_SLV)'!$AB$5) | K39: =IFERROR(AVERAGE(C39:J39),"") | L39: Avg
B40: Temporary TimeToHire (Days) YTD | C40: =IF('(Culinary_CRI)'!$AD$5="","",'(Culinary_CRI)'!$AD$5) | D40: =IF('(Food_GTM)'!$AD$5="","",'(Food_GTM)'!$AD$5) | E40: =IF('(GCG_GTM)'!$AD$5="","",'(GCG_GTM)'!$AD$5) | F40: =IF('(Ground_HND)'!$AD$5="","",'(Ground_HND)'!$AD$5) | G40: =IF('(GCG_HND)'!$AD$5="","",'(GCG_HND)'!$AD$5) | H40: =IF('(Concess_PAN)'!$AD$5="","",'(Concess_PAN)'!$AD$5) | I40: =IF('(GCG_SLV)'!$AD$5="","",'(GCG_SLV)'!$AD$5) | J40: =IF('(Food_SLV)'!$AD$5="","",'(Food_SLV)'!$AD$5) | K40: =IFERROR(AVERAGE(C40:J40),"") | L40: Avg
B41: Check-ins Rate Completed (%) | K41: =IFERROR(AVERAGE(C41:J41),"") | L41: Avg
B42: EE Objectives Completed (#) | K42: =IF(COUNT(C42:J42)=0,"",SUM(C42:J42)) | L42: ∑
B43: Non-certified Absent (Days Lost) | K43: =IF(COUNT(C43:J43)=0,"",SUM(C43:J43)) | L43: ∑
B44: Certified sick leave (Days Lost) | K44: =IF(COUNT(C44:J44)=0,"",SUM(C44:J44)) | L44: ∑
B45: Total Absences | C45: =IF(COUNT(C43:C44)=0,"",SUM(C43:C44)) | D45: =IF(COUNT(D43:D44)=0,"",SUM(D43:D44)) | E45: =IF(COUNT(E43:E44)=0,"",SUM(E43:E44)) | F45: =IF(COUNT(F43:F44)=0,"",SUM(F43:F44)) | G45: =IF(COUNT(G43:G44)=0,"",SUM(G43:G44)) | H45: =IF(COUNT(H43:H44)=0,"",SUM(H43:H44)) | I45: =IF(COUNT(I43:I44)=0,"",SUM(I43:I44)) | J45: =IF(COUNT(J43:J44)=0,"",SUM(J43:J44)) | K45: =IF(COUNT(K43:K44)=0,"",SUM(K43:K44)) | L45: ϝ
B46: Absent Rate Non-Certified (%) | C46: =IF('(Culinary_CRI)'!$G$5="","",'(Culinary_CRI)'!$G$5) | D46: =IF('(Food_GTM)'!$G$5="","",'(Food_GTM)'!$G$5) | E46: =IF('(GCG_GTM)'!$G$5="","",'(GCG_GTM)'!$G$5) | F46: =IF('(Ground_HND)'!$G$5="","",'(Ground_HND)'!$G$5) | G46: =IF('(GCG_HND)'!$G$5="","",'(GCG_HND)'!$G$5) | H46: =IF('(Concess_PAN)'!$G$5="","",'(Concess_PAN)'!$G$5) | I46: =IF('(GCG_SLV)'!$G$5="","",'(GCG_SLV)'!$G$5) | J46: =IF('(Food_SLV)'!$G$5="","",'(Food_SLV)'!$G$5) | K46: {=IF(COUNT(C46:J46)=0,"",IFERROR(SUMPRODUCT(IFERROR(C46:J46*((C3:J3)+(C4:J4)),0))/SUMPRODUCT(IFERROR(ISNUMBER(C46:J46)*((C3:J3)+(C4:J4)),0)),""))} | L46: Weighted
B47: Absent Rate Certified (%) | C47: =IF('(Culinary_CRI)'!$O$5="","",'(Culinary_CRI)'!$O$5) | D47: =IF('(Food_GTM)'!$O$5="","",'(Food_GTM)'!$O$5) | E47: =IF('(GCG_GTM)'!$O$5="","",'(GCG_GTM)'!$O$5) | F47: =IF('(Ground_HND)'!$O$5="","",'(Ground_HND)'!$O$5) | G47: =IF('(GCG_HND)'!$O$5="","",'(GCG_HND)'!$O$5) | H47: =IF('(Concess_PAN)'!$O$5="","",'(Concess_PAN)'!$O$5) | I47: =IF('(GCG_SLV)'!$O$5="","",'(GCG_SLV)'!$O$5) | J47: =IF('(Food_SLV)'!$O$5="","",'(Food_SLV)'!$O$5) | K47: {=IF(COUNT(C47:J47)=0,"",IFERROR(SUMPRODUCT(IFERROR(C47:J47*((C3:J3)+(C4:J4)),0))/SUMPRODUCT(IFERROR(ISNUMBER(C47:J47)*((C3:J3)+(C4:J4)),0)),""))} | L47: Weighted
B48: Absent Rate Total (%) | C48: =IF(COUNT(C46:C47)=0,"",SUM(C46:C47)) | D48: =IF(COUNT(D46:D47)=0,"",SUM(D46:D47)) | E48: =IF(COUNT(E46:E47)=0,"",SUM(E46:E47)) | F48: =IF(COUNT(F46:F47)=0,"",SUM(F46:F47)) | G48: =IF(COUNT(G46:G47)=0,"",SUM(G46:G47)) | H48: =IF(COUNT(H46:H47)=0,"",SUM(H46:H47)) | I48: =IF(COUNT(I46:I47)=0,"",SUM(I46:I47)) | J48: =IF(COUNT(J46:J47)=0,"",SUM(J46:J47)) | K48: =IF(COUNT(K46:K47)=0,"",SUM(K46:K47)) | L48: Weighted
B49: Weight factor | C49: =IFERROR(C5/$K5,"") | D49: =IFERROR(D5/$K5,"") | E49: =IFERROR(E5/$K5,"") | F49: =IFERROR(F5/$K5,"") | G49: =IFERROR(G5/$K5,"") | H49: =IFERROR(H5/$K5,"") | I49: =IFERROR(I5/$K5,"") | J49: =IFERROR(J5/$K5,"") | K49: =IF(COUNT(C49:J49)=0,"",SUM(C49:J49)) | L49: Weight Factor
B50: Leadership (Hours) | K50: =IF(COUNT(C50:J50)=0,"",SUM(C50:J50)) | L50: ∑
B51: Technical (Hours) | K51: =IF(COUNT(C51:J51)=0,"",SUM(C51:J51)) | L51: ∑
B52: Professional Develop. (Hours) | K52: =IF(COUNT(C52:J52)=0,"",SUM(C52:J52)) | L52: ∑
B53: HSSE (Hours) | K53: =IF(COUNT(C53:J53)=0,"",SUM(C53:J53)) | L53: ∑
B54: Workday (Hours) | K54: =IF(COUNT(C54:J54)=0,"",SUM(C54:J54)) | L54: ∑
B55: Total Training Hours | C55: =IF(COUNT(C50:C54)=0,"",SUM(C50:C54)) | D55: =IF(COUNT(D50:D54)=0,"",SUM(D50:D54)) | E55: =IF(COUNT(E50:E54)=0,"",SUM(E50:E54)) | F55: =IF(COUNT(F50:F54)=0,"",SUM(F50:F54)) | G55: =IF(COUNT(G50:G54)=0,"",SUM(G50:G54)) | H55: =IF(COUNT(H50:H54)=0,"",SUM(H50:H54)) | I55: =IF(COUNT(I50:I54)=0,"",SUM(I50:I54)) | J55: =IF(COUNT(J50:J54)=0,"",SUM(J50:J54)) | K55: =IF(COUNT(K50:K54)=0,"",SUM(K50:K54)) | L55: ϝ
B56: Total Trained (Staff) | K56: =IF(COUNT(C56:J56)=0,"",SUM(C56:J56)) | L56: ∑
B57: Training Programs (#) | K57: =IF(COUNT(C57:J57)=0,"",SUM(C57:J57)) | L57: ∑
B58: Training Cost (USD) | K58: =IF(COUNT(C58:J58)=0,"",SUM(C58:J58)) | L58: ∑
B59: Training Travel Cost (USD) | K59: =IF(COUNT(C59:J59)=0,"",SUM(C59:J59)) | L59: ∑
B60: Leadership Hours Trained (%) | C60: =IFERROR(C50/C$55,"") | D60: =IFERROR(D50/D$55,"") | E60: =IFERROR(E50/E$55,"") | F60: =IFERROR(F50/F$55,"") | G60: =IFERROR(G50/G$55,"") | H60: =IFERROR(H50/H$55,"") | I60: =IFERROR(I50/I$55,"") | J60: =IFERROR(J50/J$55,"") | K60: =IFERROR(K50/K$55,"") | L60: ϝ
B61: Technical Hours Trained (%) | C61: =IFERROR(C51/C$55,"") | D61: =IFERROR(D51/D$55,"") | E61: =IFERROR(E51/E$55,"") | F61: =IFERROR(F51/F$55,"") | G61: =IFERROR(G51/G$55,"") | H61: =IFERROR(H51/H$55,"") | I61: =IFERROR(I51/I$55,"") | J61: =IFERROR(J51/J$55,"") | K61: =IFERROR(K51/K$55,"") | L61: ϝ
B62: Profess. Dev. Hours Trained (%) | C62: =IFERROR(C52/C$55,"") | D62: =IFERROR(D52/D$55,"") | E62: =IFERROR(E52/E$55,"") | F62: =IFERROR(F52/F$55,"") | G62: =IFERROR(G52/G$55,"") | H62: =IFERROR(H52/H$55,"") | I62: =IFERROR(I52/I$55,"") | J62: =IFERROR(J52/J$55,"") | K62: =IFERROR(K52/K$55,"") | L62: ϝ
B63: HSSE Hours Trained (%) | C63: =IFERROR(C53/C$55,"") | D63: =IFERROR(D53/D$55,"") | E63: =IFERROR(E53/E$55,"") | F63: =IFERROR(F53/F$55,"") | G63: =IFERROR(G53/G$55,"") | H63: =IFERROR(H53/H$55,"") | I63: =IFERROR(I53/I$55,"") | J63: =IFERROR(J53/J$55,"") | K63: =IFERROR(K53/K$55,"") | L63: ϝ
B64: Workday Hours Trained (%) | C64: =IFERROR(C54/C$55,"") | D64: =IFERROR(D54/D$55,"") | E64: =IFERROR(E54/E$55,"") | F64: =IFERROR(F54/F$55,"") | G64: =IFERROR(G54/G$55,"") | H64: =IFERROR(H54/H$55,"") | I64: =IFERROR(I54/I$55,"") | J64: =IFERROR(J54/J$55,"") | K64: =IFERROR(K54/K$55,"") | L64: ϝ
B65: Staff Trained (%) | C65: =IFERROR(C56/C5,"") | D65: =IFERROR(D56/D5,"") | E65: =IFERROR(E56/E5,"") | F65: =IFERROR(F56/F5,"") | G65: =IFERROR(G56/G5,"") | H65: =IFERROR(H56/H5,"") | I65: =IFERROR(I56/I5,"") | J65: =IFERROR(J56/J5,"") | K65: =IFERROR(K56/K5,"") | L65: ϝ
B66: Training Hours / EE | C66: =IFERROR(C55/C5,"") | D66: =IFERROR(D55/D5,"") | E66: =IFERROR(E55/E5,"") | F66: =IFERROR(F55/F5,"") | G66: =IFERROR(G55/G5,"") | H66: =IFERROR(H55/H5,"") | I66: =IFERROR(I55/I5,"") | J66: =IFERROR(J55/J5,"") | K66: =IFERROR(K55/K5,"") | L66: ϝ
B67: Training Hours / EE Trained | C67: =IFERROR(C55/C56,"") | D67: =IFERROR(D55/D56,"") | E67: =IFERROR(E55/E56,"") | F67: =IFERROR(F55/F56,"") | G67: =IFERROR(G55/G56,"") | H67: =IFERROR(H55/H56,"") | I67: =IFERROR(I55/I56,"") | J67: =IFERROR(J55/J56,"") | K67: =IFERROR(K55/K56,"") | L67: ϝ
B68: Training Invest. / EE (USD) | C68: =IF(COUNT(C58:C59)=0,"",IFERROR((N(C58)+N(C59))/C5,"")) | D68: =IF(COUNT(D58:D59)=0,"",IFERROR((N(D58)+N(D59))/D5,"")) | E68: =IF(COUNT(E58:E59)=0,"",IFERROR((N(E58)+N(E59))/E5,"")) | F68: =IF(COUNT(F58:F59)=0,"",IFERROR((N(F58)+N(F59))/F5,"")) | G68: =IF(COUNT(G58:G59)=0,"",IFERROR((N(G58)+N(G59))/G5,"")) | H68: =IF(COUNT(H58:H59)=0,"",IFERROR((N(H58)+N(H59))/H5,"")) | I68: =IF(COUNT(I58:I59)=0,"",IFERROR((N(I58)+N(I59))/I5,"")) | J68: =IF(COUNT(J58:J59)=0,"",IFERROR((N(J58)+N(J59))/J5,"")) | K68: =IF(COUNT(K58:K59)=0,"",IFERROR((N(K58)+N(K59))/K5,"")) | L68: ϝ
B69: Training Invest. / EE Trained (USD) | C69: =IF(COUNT(C58:C59)=0,"",IFERROR((N(C58)+N(C59))/C56,"")) | D69: =IF(COUNT(D58:D59)=0,"",IFERROR((N(D58)+N(D59))/D56,"")) | E69: =IF(COUNT(E58:E59)=0,"",IFERROR((N(E58)+N(E59))/E56,"")) | F69: =IF(COUNT(F58:F59)=0,"",IFERROR((N(F58)+N(F59))/F56,"")) | G69: =IF(COUNT(G58:G59)=0,"",IFERROR((N(G58)+N(G59))/G56,"")) | H69: =IF(COUNT(H58:H59)=0,"",IFERROR((N(H58)+N(H59))/H56,"")) | I69: =IF(COUNT(I58:I59)=0,"",IFERROR((N(I58)+N(I59))/I56,"")) | J69: =IF(COUNT(J58:J59)=0,"",IFERROR((N(J58)+N(J59))/J56,"")) | K69: =IF(COUNT(K58:K59)=0,"",IFERROR((N(K58)+N(K59))/K56,"")) | L69: ϝ
B70: Input Cells Not Submitted | C70: =COUNTBLANK(C3:C4)+COUNTBLANK(C6:C10)+COUNTBLANK(C12:C13)+COUNTBLANK(C18:C20)+COUNTBLANK(C22:C23)+COUNTBLANK(C27:C28)+COUNTBLANK(C34:C35)+COUNTBLANK(C39:C44)+COUNTBLANK(C46:C47)+COUNTBLANK(C50:C54)+COUNTBLANK(C56:C59) | D70: =COUNTBLANK(D3:D4)+COUNTBLANK(D6:D10)+COUNTBLANK(D12:D13)+COUNTBLANK(D18:D20)+COUNTBLANK(D22:D23)+COUNTBLANK(D27:D28)+COUNTBLANK(D34:D35)+COUNTBLANK(D39:D44)+COUNTBLANK(D46:D47)+COUNTBLANK(D50:D54)+COUNTBLANK(D56:D59) | E70: =COUNTBLANK(E3:E4)+COUNTBLANK(E6:E10)+COUNTBLANK(E12:E13)+COUNTBLANK(E18:E20)+COUNTBLANK(E22:E23)+COUNTBLANK(E27:E28)+COUNTBLANK(E34:E35)+COUNTBLANK(E39:E44)+COUNTBLANK(E46:E47)+COUNTBLANK(E50:E54)+COUNTBLANK(E56:E59) | F70: =COUNTBLANK(F3:F4)+COUNTBLANK(F6:F10)+COUNTBLANK(F12:F13)+COUNTBLANK(F18:F20)+COUNTBLANK(F22:F23)+COUNTBLANK(F27:F28)+COUNTBLANK(F34:F35)+COUNTBLANK(F39:F44)+COUNTBLANK(F46:F47)+COUNTBLANK(F50:F54)+COUNTBLANK(F56:F59) | G70: =COUNTBLANK(G3:G4)+COUNTBLANK(G6:G10)+COUNTBLANK(G12:G13)+COUNTBLANK(G18:G20)+COUNTBLANK(G22:G23)+COUNTBLANK(G27:G28)+COUNTBLANK(G34:G35)+COUNTBLANK(G39:G44)+COUNTBLANK(G46:G47)+COUNTBLANK(G50:G54)+COUNTBLANK(G56:G59) | H70: =COUNTBLANK(H3:H4)+COUNTBLANK(H6:H10)+COUNTBLANK(H12:H13)+COUNTBLANK(H18:H20)+COUNTBLANK(H22:H23)+COUNTBLANK(H27:H28)+COUNTBLANK(H34:H35)+COUNTBLANK(H39:H44)+COUNTBLANK(H46:H47)+COUNTBLANK(H50:H54)+COUNTBLANK(H56:H59) | I70: =COUNTBLANK(I3:I4)+COUNTBLANK(I6:I10)+COUNTBLANK(I12:I13)+COUNTBLANK(I18:I20)+COUNTBLANK(I22:I23)+COUNTBLANK(I27:I28)+COUNTBLANK(I34:I35)+COUNTBLANK(I39:I44)+COUNTBLANK(I46:I47)+COUNTBLANK(I50:I54)+COUNTBLANK(I56:I59) | J70: =COUNTBLANK(J3:J4)+COUNTBLANK(J6:J10)+COUNTBLANK(J12:J13)+COUNTBLANK(J18:J20)+COUNTBLANK(J22:J23)+COUNTBLANK(J27:J28)+COUNTBLANK(J34:J35)+COUNTBLANK(J39:J44)+COUNTBLANK(J46:J47)+COUNTBLANK(J50:J54)+COUNTBLANK(J56:J59) | K70: =SUM(C70:J70) | L70: ∑

Sheet DEC
B1: GCG CENTRAL AMERICA | C1: 1171 | D1: 1162 | E1: 1076 | F1: 1170 | G1: 1078 | H1: 1172 | I1: 1074 | J1: 1161
A2: =VALUE(TEXT(EDATE(DATE(LEFT(NOV!A2,4),RIGHT(NOV!A2,2),1),1),"yyyymm")) | B2: DEC | C2: GCG Culinary Costa Rica | D2: GCG Food Guatemala | E2: GCG Guatemala | F2: GCG Aviation Ground Honduras | G2: GCG Honduras | H2: GCG Concessions Panama | I2: GCG El Salvador | J2: GCG Food El Salvador | K2: TOTAL | L2: Total by Division | M2: =N(M11)<>0
A3: =+A2 | B3: Permanent (Regular) Headcount | K3: =IF(COUNT(C3:J3)=0,"",SUM(C3:J3)) | L3: ∑
B4: Temporary (Fix Term) Headcount | K4: =IF(COUNT(C4:J4)=0,"",SUM(C4:J4)) | L4: ∑
B5: Employee Headcount (Productivity) | C5: =IF(COUNT(C3:C4)=0,"",SUM(C3:C4)) | D5: =IF(COUNT(D3:D4)=0,"",SUM(D3:D4)) | E5: =IF(COUNT(E3:E4)=0,"",SUM(E3:E4)) | F5: =IF(COUNT(F3:F4)=0,"",SUM(F3:F4)) | G5: =IF(COUNT(G3:G4)=0,"",SUM(G3:G4)) | H5: =IF(COUNT(H3:H4)=0,"",SUM(H3:H4)) | I5: =IF(COUNT(I3:I4)=0,"",SUM(I3:I4)) | J5: =IF(COUNT(J3:J4)=0,"",SUM(J3:J4)) | K5: =IF(COUNT(K3:K4)=0,"",SUM(K3:K4)) | L5: ϝ
B6: Headcount = 1.00 | K6: =IF(COUNT(C6:J6)=0,"",SUM(C6:J6)) | L6: ∑
B7: Headcount = 0.75 | K7: =IF(COUNT(C7:J7)=0,"",SUM(C7:J7)) | L7: ∑
B8: Headcount = 0.50 | K8: =IF(COUNT(C8:J8)=0,"",SUM(C8:J8)) | L8: ∑
B9: Headcount = 0.25 | K9: =IF(COUNT(C9:J9)=0,"",SUM(C9:J9)) | L9: ∑
B10: Standard Monthly Hours (FTE basis) | K10: =IFERROR(AVERAGE(C10:J10),"") | L10: Avg
B11: Employee FTE (Finance) | C11: =IF(COUNT(C6:C9)=0,"",N(C6)+N(C7)*0.75+N(C8)*0.5+N(C9)*0.25) | D11: =IF(COUNT(D6:D9)=0,"",N(D6)+N(D7)*0.75+N(D8)*0.5+N(D9)*0.25) | E11: =IF(COUNT(E6:E9)=0,"",N(E6)+N(E7)*0.75+N(E8)*0.5+N(E9)*0.25) | F11: =IF(COUNT(F6:F9)=0,"",N(F6)+N(F7)*0.75+N(F8)*0.5+N(F9)*0.25) | G11: =IF(COUNT(G6:G9)=0,"",N(G6)+N(G7)*0.75+N(G8)*0.5+N(G9)*0.25) | H11: =IF(COUNT(H6:H9)=0,"",N(H6)+N(H7)*0.75+N(H8)*0.5+N(H9)*0.25) | I11: =IF(COUNT(I6:I9)=0,"",N(I6)+N(I7)*0.75+N(I8)*0.5+N(I9)*0.25) | J11: =IF(COUNT(J6:J9)=0,"",N(J6)+N(J7)*0.75+N(J8)*0.5+N(J9)*0.25) | K11: =IF(COUNT(K6:K9)=0,"",N(K6)+N(K7)*0.75+N(K8)*0.5+N(K9)*0.25) | L11: FTE | M11: =IF(COUNT(K5:K9)=0,"",N(K6)+N(K7)+N(K8)+N(K9)-N(K5))
B12: Subcontracted Workforce HC | K12: =IF(COUNT(C12:J12)=0,"",SUM(C12:J12)) | L12: ∑
B13: Subcontracted Productive Hours | K13: =IF(COUNT(C13:J13)=0,"",SUM(C13:J13)) | L13: ∑
B14: Subcontracted FTE | C14: =IFERROR(C13/C10,"") | D14: =IFERROR(D13/D10,"") | E14: =IFERROR(E13/E10,"") | F14: =IFERROR(F13/F10,"") | G14: =IFERROR(G13/G10,"") | H14: =IFERROR(H13/H10,"") | I14: =IFERROR(I13/I10,"") | J14: =IFERROR(J13/J10,"") | K14: =IF(COUNT(C14:J14)=0,"",SUM(C14:J14)) | L14: FTE
B15: Total Operational Workforce | C15: =IF(COUNT(C5,C12)=0,"",SUM(C5,C12)) | D15: =IF(COUNT(D5,D12)=0,"",SUM(D5,D12)) | E15: =IF(COUNT(E5,E12)=0,"",SUM(E5,E12)) | F15: =IF(COUNT(F5,F12)=0,"",SUM(F5,F12)) | G15: =IF(COUNT(G5,G12)=0,"",SUM(G5,G12)) | H15: =IF(COUNT(H5,H12)=0,"",SUM(H5,H12)) | I15: =IF(COUNT(I5,I12)=0,"",SUM(I5,I12)) | J15: =IF(COUNT(J5,J12)=0,"",SUM(J5,J12)) | K15: =IF(COUNT(K5,K12)=0,"",SUM(K5,K12)) | L15: ϝ
B16: Total Operational FTE | C16: =IF(COUNT(C11,C14)=0,"",SUM(C11,C14)) | D16: =IF(COUNT(D11,D14)=0,"",SUM(D11,D14)) | E16: =IF(COUNT(E11,E14)=0,"",SUM(E11,E14)) | F16: =IF(COUNT(F11,F14)=0,"",SUM(F11,F14)) | G16: =IF(COUNT(G11,G14)=0,"",SUM(G11,G14)) | H16: =IF(COUNT(H11,H14)=0,"",SUM(H11,H14)) | I16: =IF(COUNT(I11,I14)=0,"",SUM(I11,I14)) | J16: =IF(COUNT(J11,J14)=0,"",SUM(J11,J14)) | K16: =IF(COUNT(K11,K14)=0,"",SUM(K11,K14)) | L16: FTE
B17: Subcontracted Share of Workforce (%) | C17: =IFERROR(C12/C15,"") | D17: =IFERROR(D12/D15,"") | E17: =IFERROR(E12/E15,"") | F17: =IFERROR(F12/F15,"") | G17: =IFERROR(G12/G15,"") | H17: =IFERROR(H12/H15,"") | I17: =IFERROR(I12/I15,"") | J17: =IFERROR(J12/J15,"") | K17: =IFERROR(K12/K15,"") | L17: ϝ
B18: FTE HR Team | K18: =IF(COUNT(C18:J18)=0,"",SUM(C18:J18)) | L18: ∑
B19: Permanent Hires | K19: =IF(COUNT(C19:J19)=0,"",SUM(C19:J19)) | L19: ∑
B20: Temporary Hires | K20: =IF(COUNT(C20:J20)=0,"",SUM(C20:J20)) | L20: ∑
B21: Total Hires | C21: =IF(COUNT(C19:C20)=0,"",SUM(C19:C20)) | D21: =IF(COUNT(D19:D20)=0,"",SUM(D19:D20)) | E21: =IF(COUNT(E19:E20)=0,"",SUM(E19:E20)) | F21: =IF(COUNT(F19:F20)=0,"",SUM(F19:F20)) | G21: =IF(COUNT(G19:G20)=0,"",SUM(G19:G20)) | H21: =IF(COUNT(H19:H20)=0,"",SUM(H19:H20)) | I21: =IF(COUNT(I19:I20)=0,"",SUM(I19:I20)) | J21: =IF(COUNT(J19:J20)=0,"",SUM(J19:J20)) | K21: =IF(COUNT(K19:K20)=0,"",SUM(K19:K20)) | L21: ϝ
B22: Permanent Exits | K22: =IF(COUNT(C22:J22)=0,"",SUM(C22:J22)) | L22: ∑
B23: Temporary Exits | K23: =IF(COUNT(C23:J23)=0,"",SUM(C23:J23)) | L23: ∑
B24: Total Exits | C24: =IF(COUNT(C22:C23)=0,"",SUM(C22:C23)) | D24: =IF(COUNT(D22:D23)=0,"",SUM(D22:D23)) | E24: =IF(COUNT(E22:E23)=0,"",SUM(E22:E23)) | F24: =IF(COUNT(F22:F23)=0,"",SUM(F22:F23)) | G24: =IF(COUNT(G22:G23)=0,"",SUM(G22:G23)) | H24: =IF(COUNT(H22:H23)=0,"",SUM(H22:H23)) | I24: =IF(COUNT(I22:I23)=0,"",SUM(I22:I23)) | J24: =IF(COUNT(J22:J23)=0,"",SUM(J22:J23)) | K24: =IF(COUNT(K22:K23)=0,"",SUM(K22:K23)) | L24: ϝ
B25: Permanent Turnover (%) | C25: =IF(COUNT(C31,C32)<2,"",IF((C32+C31)=0,"",N(C22)/((C32+C31)/2))) | D25: =IF(COUNT(D31,D32)<2,"",IF((D32+D31)=0,"",N(D22)/((D32+D31)/2))) | E25: =IF(COUNT(E31,E32)<2,"",IF((E32+E31)=0,"",N(E22)/((E32+E31)/2))) | F25: =IF(COUNT(F31,F32)<2,"",IF((F32+F31)=0,"",N(F22)/((F32+F31)/2))) | G25: =IF(COUNT(G31,G32)<2,"",IF((G32+G31)=0,"",N(G22)/((G32+G31)/2))) | H25: =IF(COUNT(H31,H32)<2,"",IF((H32+H31)=0,"",N(H22)/((H32+H31)/2))) | I25: =IF(COUNT(I31,I32)<2,"",IF((I32+I31)=0,"",N(I22)/((I32+I31)/2))) | J25: =IF(COUNT(J31,J32)<2,"",IF((J32+J31)=0,"",N(J22)/((J32+J31)/2))) | K25: =IF(COUNT(K31,K32)<2,"",IF((K32+K31)=0,"",N(K22)/((K32+K31)/2))) | L25: ϝ
B26: Temporary Turnover (%) | C26: =IF(COUNT(C31,C32)<2,"",IF((C32+C31)=0,"",N(C23)/((C32+C31)/2))) | D26: =IF(COUNT(D31,D32)<2,"",IF((D32+D31)=0,"",N(D23)/((D32+D31)/2))) | E26: =IF(COUNT(E31,E32)<2,"",IF((E32+E31)=0,"",N(E23)/((E32+E31)/2))) | F26: =IF(COUNT(F31,F32)<2,"",IF((F32+F31)=0,"",N(F23)/((F32+F31)/2))) | G26: =IF(COUNT(G31,G32)<2,"",IF((G32+G31)=0,"",N(G23)/((G32+G31)/2))) | H26: =IF(COUNT(H31,H32)<2,"",IF((H32+H31)=0,"",N(H23)/((H32+H31)/2))) | I26: =IF(COUNT(I31,I32)<2,"",IF((I32+I31)=0,"",N(I23)/((I32+I31)/2))) | J26: =IF(COUNT(J31,J32)<2,"",IF((J32+J31)=0,"",N(J23)/((J32+J31)/2))) | K26: =IF(COUNT(K31,K32)<2,"",IF((K32+K31)=0,"",N(K23)/((K32+K31)/2))) | L26: ϝ
B27: Voluntary Terminations | K27: =IF(COUNT(C27:J27)=0,"",SUM(C27:J27)) | L27: ∑
B28: Involuntary Terminations | K28: =IF(COUNT(C28:J28)=0,"",SUM(C28:J28)) | L28: ∑
B29: Voluntary Turnover (%) | C29: =IF(COUNT(C31,C32)<2,"",IF((C32+C31)=0,"",N(C27)/((C32+C31)/2))) | D29: =IF(COUNT(D31,D32)<2,"",IF((D32+D31)=0,"",N(D27)/((D32+D31)/2))) | E29: =IF(COUNT(E31,E32)<2,"",IF((E32+E31)=0,"",N(E27)/((E32+E31)/2))) | F29: =IF(COUNT(F31,F32)<2,"",IF((F32+F31)=0,"",N(F27)/((F32+F31)/2))) | G29: =IF(COUNT(G31,G32)<2,"",IF((G32+G31)=0,"",N(G27)/((G32+G31)/2))) | H29: =IF(COUNT(H31,H32)<2,"",IF((H32+H31)=0,"",N(H27)/((H32+H31)/2))) | I29: =IF(COUNT(I31,I32)<2,"",IF((I32+I31)=0,"",N(I27)/((I32+I31)/2))) | J29: =IF(COUNT(J31,J32)<2,"",IF((J32+J31)=0,"",N(J27)/((J32+J31)/2))) | K29: =IF(COUNT(K31,K32)<2,"",IF((K32+K31)=0,"",N(K27)/((K32+K31)/2))) | L29: ϝ
B30: Involuntary Turnover (%) | C30: =IF(COUNT(C31,C32)<2,"",IF((C32+C31)=0,"",N(C28)/((C32+C31)/2))) | D30: =IF(COUNT(D31,D32)<2,"",IF((D32+D31)=0,"",N(D28)/((D32+D31)/2))) | E30: =IF(COUNT(E31,E32)<2,"",IF((E32+E31)=0,"",N(E28)/((E32+E31)/2))) | F30: =IF(COUNT(F31,F32)<2,"",IF((F32+F31)=0,"",N(F28)/((F32+F31)/2))) | G30: =IF(COUNT(G31,G32)<2,"",IF((G32+G31)=0,"",N(G28)/((G32+G31)/2))) | H30: =IF(COUNT(H31,H32)<2,"",IF((H32+H31)=0,"",N(H28)/((H32+H31)/2))) | I30: =IF(COUNT(I31,I32)<2,"",IF((I32+I31)=0,"",N(I28)/((I32+I31)/2))) | J30: =IF(COUNT(J31,J32)<2,"",IF((J32+J31)=0,"",N(J28)/((J32+J31)/2))) | K30: =IF(COUNT(K31,K32)<2,"",IF((K32+K31)=0,"",N(K28)/((K32+K31)/2))) | L30: ϝ
B31: Headcount last Month | C31: =IF(NOV!C5="","",NOV!C5) | D31: =IF(NOV!D5="","",NOV!D5) | E31: =IF(NOV!E5="","",NOV!E5) | F31: =IF(NOV!F5="","",NOV!F5) | G31: =IF(NOV!G5="","",NOV!G5) | H31: =IF(NOV!H5="","",NOV!H5) | I31: =IF(NOV!I5="","",NOV!I5) | J31: =IF(NOV!J5="","",NOV!J5) | K31: =IF(COUNT(C31:J31)=0,"",SUM(C31:J31)) | L31: ∑
B32: Headcount this Month | C32: =IF(C5="","",C5) | D32: =IF(D5="","",D5) | E32: =IF(E5="","",E5) | F32: =IF(F5="","",F5) | G32: =IF(G5="","",G5) | H32: =IF(H5="","",H5) | I32: =IF(I5="","",I5) | J32: =IF(J5="","",J5) | K32: =IF(COUNT(C32:J32)=0,"",SUM(C32:J32)) | L32: ∑
B33: Full Turnover (%) | C33: =IF(COUNT(C31,C32)<2,"",IF((C32+C31)=0,"",N(C24)/((C32+C31)/2))) | D33: =IF(COUNT(D31,D32)<2,"",IF((D32+D31)=0,"",N(D24)/((D32+D31)/2))) | E33: =IF(COUNT(E31,E32)<2,"",IF((E32+E31)=0,"",N(E24)/((E32+E31)/2))) | F33: =IF(COUNT(F31,F32)<2,"",IF((F32+F31)=0,"",N(F24)/((F32+F31)/2))) | G33: =IF(COUNT(G31,G32)<2,"",IF((G32+G31)=0,"",N(G24)/((G32+G31)/2))) | H33: =IF(COUNT(H31,H32)<2,"",IF((H32+H31)=0,"",N(H24)/((H32+H31)/2))) | I33: =IF(COUNT(I31,I32)<2,"",IF((I32+I31)=0,"",N(I24)/((I32+I31)/2))) | J33: =IF(COUNT(J31,J32)<2,"",IF((J32+J31)=0,"",N(J24)/((J32+J31)/2))) | K33: =IF(COUNT(K31,K32)<2,"",IF((K32+K31)=0,"",N(K24)/((K32+K31)/2))) | L33: ϝ
B34: Permanent Vacancies | K34: =IF(COUNT(C34:J34)=0,"",SUM(C34:J34)) | L34: ∑
B35: Temporary Vacancies | K35: =IF(COUNT(C35:J35)=0,"",SUM(C35:J35)) | L35: ∑
B36: Total Vacancies | C36: =IF(COUNT(C34:C35)=0,"",SUM(C34:C35)) | D36: =IF(COUNT(D34:D35)=0,"",SUM(D34:D35)) | E36: =IF(COUNT(E34:E35)=0,"",SUM(E34:E35)) | F36: =IF(COUNT(F34:F35)=0,"",SUM(F34:F35)) | G36: =IF(COUNT(G34:G35)=0,"",SUM(G34:G35)) | H36: =IF(COUNT(H34:H35)=0,"",SUM(H34:H35)) | I36: =IF(COUNT(I34:I35)=0,"",SUM(I34:I35)) | J36: =IF(COUNT(J34:J35)=0,"",SUM(J34:J35)) | K36: =IF(COUNT(K34:K35)=0,"",SUM(K34:K35)) | L36: ϝ
B37: Authorized Positions | C37: =IF(COUNT(C5,C36)=0,"",N(C5)+N(C36)) | D37: =IF(COUNT(D5,D36)=0,"",N(D5)+N(D36)) | E37: =IF(COUNT(E5,E36)=0,"",N(E5)+N(E36)) | F37: =IF(COUNT(F5,F36)=0,"",N(F5)+N(F36)) | G37: =IF(COUNT(G5,G36)=0,"",N(G5)+N(G36)) | H37: =IF(COUNT(H5,H36)=0,"",N(H5)+N(H36)) | I37: =IF(COUNT(I5,I36)=0,"",N(I5)+N(I36)) | J37: =IF(COUNT(J5,J36)=0,"",N(J5)+N(J36)) | K37: =IF(COUNT(K5,K36)=0,"",N(K5)+N(K36)) | L37: ϝ
B38: Vacancy Rate (%) | C38: =IFERROR(C36/C37,"") | D38: =IFERROR(D36/D37,"") | E38: =IFERROR(E36/E37,"") | F38: =IFERROR(F36/F37,"") | G38: =IFERROR(G36/G37,"") | H38: =IFERROR(H36/H37,"") | I38: =IFERROR(I36/I37,"") | J38: =IFERROR(J36/J37,"") | K38: =IFERROR(K36/K37,"") | L38: ϝ
B39: Permanent TimeToHire (Days) YTD | C39: =IF('(Culinary_CRI)'!$AB$6="","",'(Culinary_CRI)'!$AB$6) | D39: =IF('(Food_GTM)'!$AB$6="","",'(Food_GTM)'!$AB$6) | E39: =IF('(GCG_GTM)'!$AB$6="","",'(GCG_GTM)'!$AB$6) | F39: =IF('(Ground_HND)'!$AB$6="","",'(Ground_HND)'!$AB$6) | G39: =IF('(GCG_HND)'!$AB$6="","",'(GCG_HND)'!$AB$6) | H39: =IF('(Concess_PAN)'!$AB$6="","",'(Concess_PAN)'!$AB$6) | I39: =IF('(GCG_SLV)'!$AB$6="","",'(GCG_SLV)'!$AB$6) | J39: =IF('(Food_SLV)'!$AB$6="","",'(Food_SLV)'!$AB$6) | K39: =IFERROR(AVERAGE(C39:J39),"") | L39: Avg
B40: Temporary TimeToHire (Days) YTD | C40: =IF('(Culinary_CRI)'!$AD$6="","",'(Culinary_CRI)'!$AD$6) | D40: =IF('(Food_GTM)'!$AD$6="","",'(Food_GTM)'!$AD$6) | E40: =IF('(GCG_GTM)'!$AD$6="","",'(GCG_GTM)'!$AD$6) | F40: =IF('(Ground_HND)'!$AD$6="","",'(Ground_HND)'!$AD$6) | G40: =IF('(GCG_HND)'!$AD$6="","",'(GCG_HND)'!$AD$6) | H40: =IF('(Concess_PAN)'!$AD$6="","",'(Concess_PAN)'!$AD$6) | I40: =IF('(GCG_SLV)'!$AD$6="","",'(GCG_SLV)'!$AD$6) | J40: =IF('(Food_SLV)'!$AD$6="","",'(Food_SLV)'!$AD$6) | K40: =IFERROR(AVERAGE(C40:J40),"") | L40: Avg
B41: Check-ins Rate Completed (%) | K41: =IFERROR(AVERAGE(C41:J41),"") | L41: Avg
B42: EE Objectives Completed (#) | K42: =IF(COUNT(C42:J42)=0,"",SUM(C42:J42)) | L42: ∑
B43: Non-certified Absent (Days Lost) | K43: =IF(COUNT(C43:J43)=0,"",SUM(C43:J43)) | L43: ∑
B44: Certified sick leave (Days Lost) | K44: =IF(COUNT(C44:J44)=0,"",SUM(C44:J44)) | L44: ∑
B45: Total Absences | C45: =IF(COUNT(C43:C44)=0,"",SUM(C43:C44)) | D45: =IF(COUNT(D43:D44)=0,"",SUM(D43:D44)) | E45: =IF(COUNT(E43:E44)=0,"",SUM(E43:E44)) | F45: =IF(COUNT(F43:F44)=0,"",SUM(F43:F44)) | G45: =IF(COUNT(G43:G44)=0,"",SUM(G43:G44)) | H45: =IF(COUNT(H43:H44)=0,"",SUM(H43:H44)) | I45: =IF(COUNT(I43:I44)=0,"",SUM(I43:I44)) | J45: =IF(COUNT(J43:J44)=0,"",SUM(J43:J44)) | K45: =IF(COUNT(K43:K44)=0,"",SUM(K43:K44)) | L45: ϝ
B46: Absent Rate Non-Certified (%) | C46: =IF('(Culinary_CRI)'!$G$6="","",'(Culinary_CRI)'!$G$6) | D46: =IF('(Food_GTM)'!$G$6="","",'(Food_GTM)'!$G$6) | E46: =IF('(GCG_GTM)'!$G$6="","",'(GCG_GTM)'!$G$6) | F46: =IF('(Ground_HND)'!$G$6="","",'(Ground_HND)'!$G$6) | G46: =IF('(GCG_HND)'!$G$6="","",'(GCG_HND)'!$G$6) | H46: =IF('(Concess_PAN)'!$G$6="","",'(Concess_PAN)'!$G$6) | I46: =IF('(GCG_SLV)'!$G$6="","",'(GCG_SLV)'!$G$6) | J46: =IF('(Food_SLV)'!$G$6="","",'(Food_SLV)'!$G$6) | K46: {=IF(COUNT(C46:J46)=0,"",IFERROR(SUMPRODUCT(IFERROR(C46:J46*((C3:J3)+(C4:J4)),0))/SUMPRODUCT(IFERROR(ISNUMBER(C46:J46)*((C3:J3)+(C4:J4)),0)),""))} | L46: Weighted
B47: Absent Rate Certified (%) | C47: =IF('(Culinary_CRI)'!$O$6="","",'(Culinary_CRI)'!$O$6) | D47: =IF('(Food_GTM)'!$O$6="","",'(Food_GTM)'!$O$6) | E47: =IF('(GCG_GTM)'!$O$6="","",'(GCG_GTM)'!$O$6) | F47: =IF('(Ground_HND)'!$O$6="","",'(Ground_HND)'!$O$6) | G47: =IF('(GCG_HND)'!$O$6="","",'(GCG_HND)'!$O$6) | H47: =IF('(Concess_PAN)'!$O$6="","",'(Concess_PAN)'!$O$6) | I47: =IF('(GCG_SLV)'!$O$6="","",'(GCG_SLV)'!$O$6) | J47: =IF('(Food_SLV)'!$O$6="","",'(Food_SLV)'!$O$6) | K47: {=IF(COUNT(C47:J47)=0,"",IFERROR(SUMPRODUCT(IFERROR(C47:J47*((C3:J3)+(C4:J4)),0))/SUMPRODUCT(IFERROR(ISNUMBER(C47:J47)*((C3:J3)+(C4:J4)),0)),""))} | L47: Weighted
B48: Absent Rate Total (%) | C48: =IF(COUNT(C46:C47)=0,"",SUM(C46:C47)) | D48: =IF(COUNT(D46:D47)=0,"",SUM(D46:D47)) | E48: =IF(COUNT(E46:E47)=0,"",SUM(E46:E47)) | F48: =IF(COUNT(F46:F47)=0,"",SUM(F46:F47)) | G48: =IF(COUNT(G46:G47)=0,"",SUM(G46:G47)) | H48: =IF(COUNT(H46:H47)=0,"",SUM(H46:H47)) | I48: =IF(COUNT(I46:I47)=0,"",SUM(I46:I47)) | J48: =IF(COUNT(J46:J47)=0,"",SUM(J46:J47)) | K48: =IF(COUNT(K46:K47)=0,"",SUM(K46:K47)) | L48: Weighted
B49: Weight factor | C49: =IFERROR(C5/$K5,"") | D49: =IFERROR(D5/$K5,"") | E49: =IFERROR(E5/$K5,"") | F49: =IFERROR(F5/$K5,"") | G49: =IFERROR(G5/$K5,"") | H49: =IFERROR(H5/$K5,"") | I49: =IFERROR(I5/$K5,"") | J49: =IFERROR(J5/$K5,"") | K49: =IF(COUNT(C49:J49)=0,"",SUM(C49:J49)) | L49: Weight Factor
B50: Leadership (Hours) | K50: =IF(COUNT(C50:J50)=0,"",SUM(C50:J50)) | L50: ∑
B51: Technical (Hours) | K51: =IF(COUNT(C51:J51)=0,"",SUM(C51:J51)) | L51: ∑
B52: Professional Develop. (Hours) | K52: =IF(COUNT(C52:J52)=0,"",SUM(C52:J52)) | L52: ∑
B53: HSSE (Hours) | K53: =IF(COUNT(C53:J53)=0,"",SUM(C53:J53)) | L53: ∑
B54: Workday (Hours) | K54: =IF(COUNT(C54:J54)=0,"",SUM(C54:J54)) | L54: ∑
B55: Total Training Hours | C55: =IF(COUNT(C50:C54)=0,"",SUM(C50:C54)) | D55: =IF(COUNT(D50:D54)=0,"",SUM(D50:D54)) | E55: =IF(COUNT(E50:E54)=0,"",SUM(E50:E54)) | F55: =IF(COUNT(F50:F54)=0,"",SUM(F50:F54)) | G55: =IF(COUNT(G50:G54)=0,"",SUM(G50:G54)) | H55: =IF(COUNT(H50:H54)=0,"",SUM(H50:H54)) | I55: =IF(COUNT(I50:I54)=0,"",SUM(I50:I54)) | J55: =IF(COUNT(J50:J54)=0,"",SUM(J50:J54)) | K55: =IF(COUNT(K50:K54)=0,"",SUM(K50:K54)) | L55: ϝ
B56: Total Trained (Staff) | K56: =IF(COUNT(C56:J56)=0,"",SUM(C56:J56)) | L56: ∑
B57: Training Programs (#) | K57: =IF(COUNT(C57:J57)=0,"",SUM(C57:J57)) | L57: ∑
B58: Training Cost (USD) | K58: =IF(COUNT(C58:J58)=0,"",SUM(C58:J58)) | L58: ∑
B59: Training Travel Cost (USD) | K59: =IF(COUNT(C59:J59)=0,"",SUM(C59:J59)) | L59: ∑
B60: Leadership Hours Trained (%) | C60: =IFERROR(C50/C$55,"") | D60: =IFERROR(D50/D$55,"") | E60: =IFERROR(E50/E$55,"") | F60: =IFERROR(F50/F$55,"") | G60: =IFERROR(G50/G$55,"") | H60: =IFERROR(H50/H$55,"") | I60: =IFERROR(I50/I$55,"") | J60: =IFERROR(J50/J$55,"") | K60: =IFERROR(K50/K$55,"") | L60: ϝ
B61: Technical Hours Trained (%) | C61: =IFERROR(C51/C$55,"") | D61: =IFERROR(D51/D$55,"") | E61: =IFERROR(E51/E$55,"") | F61: =IFERROR(F51/F$55,"") | G61: =IFERROR(G51/G$55,"") | H61: =IFERROR(H51/H$55,"") | I61: =IFERROR(I51/I$55,"") | J61: =IFERROR(J51/J$55,"") | K61: =IFERROR(K51/K$55,"") | L61: ϝ
B62: Profess. Dev. Hours Trained (%) | C62: =IFERROR(C52/C$55,"") | D62: =IFERROR(D52/D$55,"") | E62: =IFERROR(E52/E$55,"") | F62: =IFERROR(F52/F$55,"") | G62: =IFERROR(G52/G$55,"") | H62: =IFERROR(H52/H$55,"") | I62: =IFERROR(I52/I$55,"") | J62: =IFERROR(J52/J$55,"") | K62: =IFERROR(K52/K$55,"") | L62: ϝ
B63: HSSE Hours Trained (%) | C63: =IFERROR(C53/C$55,"") | D63: =IFERROR(D53/D$55,"") | E63: =IFERROR(E53/E$55,"") | F63: =IFERROR(F53/F$55,"") | G63: =IFERROR(G53/G$55,"") | H63: =IFERROR(H53/H$55,"") | I63: =IFERROR(I53/I$55,"") | J63: =IFERROR(J53/J$55,"") | K63: =IFERROR(K53/K$55,"") | L63: ϝ
B64: Workday Hours Trained (%) | C64: =IFERROR(C54/C$55,"") | D64: =IFERROR(D54/D$55,"") | E64: =IFERROR(E54/E$55,"") | F64: =IFERROR(F54/F$55,"") | G64: =IFERROR(G54/G$55,"") | H64: =IFERROR(H54/H$55,"") | I64: =IFERROR(I54/I$55,"") | J64: =IFERROR(J54/J$55,"") | K64: =IFERROR(K54/K$55,"") | L64: ϝ
B65: Staff Trained (%) | C65: =IFERROR(C56/C5,"") | D65: =IFERROR(D56/D5,"") | E65: =IFERROR(E56/E5,"") | F65: =IFERROR(F56/F5,"") | G65: =IFERROR(G56/G5,"") | H65: =IFERROR(H56/H5,"") | I65: =IFERROR(I56/I5,"") | J65: =IFERROR(J56/J5,"") | K65: =IFERROR(K56/K5,"") | L65: ϝ
B66: Training Hours / EE | C66: =IFERROR(C55/C5,"") | D66: =IFERROR(D55/D5,"") | E66: =IFERROR(E55/E5,"") | F66: =IFERROR(F55/F5,"") | G66: =IFERROR(G55/G5,"") | H66: =IFERROR(H55/H5,"") | I66: =IFERROR(I55/I5,"") | J66: =IFERROR(J55/J5,"") | K66: =IFERROR(K55/K5,"") | L66: ϝ
B67: Training Hours / EE Trained | C67: =IFERROR(C55/C56,"") | D67: =IFERROR(D55/D56,"") | E67: =IFERROR(E55/E56,"") | F67: =IFERROR(F55/F56,"") | G67: =IFERROR(G55/G56,"") | H67: =IFERROR(H55/H56,"") | I67: =IFERROR(I55/I56,"") | J67: =IFERROR(J55/J56,"") | K67: =IFERROR(K55/K56,"") | L67: ϝ
B68: Training Invest. / EE (USD) | C68: =IF(COUNT(C58:C59)=0,"",IFERROR((N(C58)+N(C59))/C5,"")) | D68: =IF(COUNT(D58:D59)=0,"",IFERROR((N(D58)+N(D59))/D5,"")) | E68: =IF(COUNT(E58:E59)=0,"",IFERROR((N(E58)+N(E59))/E5,"")) | F68: =IF(COUNT(F58:F59)=0,"",IFERROR((N(F58)+N(F59))/F5,"")) | G68: =IF(COUNT(G58:G59)=0,"",IFERROR((N(G58)+N(G59))/G5,"")) | H68: =IF(COUNT(H58:H59)=0,"",IFERROR((N(H58)+N(H59))/H5,"")) | I68: =IF(COUNT(I58:I59)=0,"",IFERROR((N(I58)+N(I59))/I5,"")) | J68: =IF(COUNT(J58:J59)=0,"",IFERROR((N(J58)+N(J59))/J5,"")) | K68: =IF(COUNT(K58:K59)=0,"",IFERROR((N(K58)+N(K59))/K5,"")) | L68: ϝ
B69: Training Invest. / EE Trained (USD) | C69: =IF(COUNT(C58:C59)=0,"",IFERROR((N(C58)+N(C59))/C56,"")) | D69: =IF(COUNT(D58:D59)=0,"",IFERROR((N(D58)+N(D59))/D56,"")) | E69: =IF(COUNT(E58:E59)=0,"",IFERROR((N(E58)+N(E59))/E56,"")) | F69: =IF(COUNT(F58:F59)=0,"",IFERROR((N(F58)+N(F59))/F56,"")) | G69: =IF(COUNT(G58:G59)=0,"",IFERROR((N(G58)+N(G59))/G56,"")) | H69: =IF(COUNT(H58:H59)=0,"",IFERROR((N(H58)+N(H59))/H56,"")) | I69: =IF(COUNT(I58:I59)=0,"",IFERROR((N(I58)+N(I59))/I56,"")) | J69: =IF(COUNT(J58:J59)=0,"",IFERROR((N(J58)+N(J59))/J56,"")) | K69: =IF(COUNT(K58:K59)=0,"",IFERROR((N(K58)+N(K59))/K56,"")) | L69: ϝ
B70: Input Cells Not Submitted | C70: =COUNTBLANK(C3:C4)+COUNTBLANK(C6:C10)+COUNTBLANK(C12:C13)+COUNTBLANK(C18:C20)+COUNTBLANK(C22:C23)+COUNTBLANK(C27:C28)+COUNTBLANK(C34:C35)+COUNTBLANK(C39:C44)+COUNTBLANK(C46:C47)+COUNTBLANK(C50:C54)+COUNTBLANK(C56:C59) | D70: =COUNTBLANK(D3:D4)+COUNTBLANK(D6:D10)+COUNTBLANK(D12:D13)+COUNTBLANK(D18:D20)+COUNTBLANK(D22:D23)+COUNTBLANK(D27:D28)+COUNTBLANK(D34:D35)+COUNTBLANK(D39:D44)+COUNTBLANK(D46:D47)+COUNTBLANK(D50:D54)+COUNTBLANK(D56:D59) | E70: =COUNTBLANK(E3:E4)+COUNTBLANK(E6:E10)+COUNTBLANK(E12:E13)+COUNTBLANK(E18:E20)+COUNTBLANK(E22:E23)+COUNTBLANK(E27:E28)+COUNTBLANK(E34:E35)+COUNTBLANK(E39:E44)+COUNTBLANK(E46:E47)+COUNTBLANK(E50:E54)+COUNTBLANK(E56:E59) | F70: =COUNTBLANK(F3:F4)+COUNTBLANK(F6:F10)+COUNTBLANK(F12:F13)+COUNTBLANK(F18:F20)+COUNTBLANK(F22:F23)+COUNTBLANK(F27:F28)+COUNTBLANK(F34:F35)+COUNTBLANK(F39:F44)+COUNTBLANK(F46:F47)+COUNTBLANK(F50:F54)+COUNTBLANK(F56:F59) | G70: =COUNTBLANK(G3:G4)+COUNTBLANK(G6:G10)+COUNTBLANK(G12:G13)+COUNTBLANK(G18:G20)+COUNTBLANK(G22:G23)+COUNTBLANK(G27:G28)+COUNTBLANK(G34:G35)+COUNTBLANK(G39:G44)+COUNTBLANK(G46:G47)+COUNTBLANK(G50:G54)+COUNTBLANK(G56:G59) | H70: =COUNTBLANK(H3:H4)+COUNTBLANK(H6:H10)+COUNTBLANK(H12:H13)+COUNTBLANK(H18:H20)+COUNTBLANK(H22:H23)+COUNTBLANK(H27:H28)+COUNTBLANK(H34:H35)+COUNTBLANK(H39:H44)+COUNTBLANK(H46:H47)+COUNTBLANK(H50:H54)+COUNTBLANK(H56:H59) | I70: =COUNTBLANK(I3:I4)+COUNTBLANK(I6:I10)+COUNTBLANK(I12:I13)+COUNTBLANK(I18:I20)+COUNTBLANK(I22:I23)+COUNTBLANK(I27:I28)+COUNTBLANK(I34:I35)+COUNTBLANK(I39:I44)+COUNTBLANK(I46:I47)+COUNTBLANK(I50:I54)+COUNTBLANK(I56:I59) | J70: =COUNTBLANK(J3:J4)+COUNTBLANK(J6:J10)+COUNTBLANK(J12:J13)+COUNTBLANK(J18:J20)+COUNTBLANK(J22:J23)+COUNTBLANK(J27:J28)+COUNTBLANK(J34:J35)+COUNTBLANK(J39:J44)+COUNTBLANK(J46:J47)+COUNTBLANK(J50:J54)+COUNTBLANK(J56:J59) | K70: =SUM(C70:J70) | L70: ∑

Sheet JAN
B1: GCG CENTRAL AMERICA | C1: 1171 | D1: 1162 | E1: 1076 | F1: 1170 | G1: 1078 | H1: 1172 | I1: 1074 | J1: 1161
A2: =VALUE(TEXT(EDATE(DATE(LEFT(DEC!A2,4),RIGHT(DEC!A2,2),1),1),"yyyymm")) | B2: JAN | C2: GCG Culinary Costa Rica | D2: GCG Food Guatemala | E2: GCG Guatemala | F2: GCG Aviation Ground Honduras | G2: GCG Honduras | H2: GCG Concessions Panama | I2: GCG El Salvador | J2: GCG Food El Salvador | K2: TOTAL | L2: Total by Division | M2: =N(M11)<>0
A3: =+A2 | B3: Permanent (Regular) Headcount | K3: =IF(COUNT(C3:J3)=0,"",SUM(C3:J3)) | L3: ∑
B4: Temporary (Fix Term) Headcount | K4: =IF(COUNT(C4:J4)=0,"",SUM(C4:J4)) | L4: ∑
B5: Employee Headcount (Productivity) | C5: =IF(COUNT(C3:C4)=0,"",SUM(C3:C4)) | D5: =IF(COUNT(D3:D4)=0,"",SUM(D3:D4)) | E5: =IF(COUNT(E3:E4)=0,"",SUM(E3:E4)) | F5: =IF(COUNT(F3:F4)=0,"",SUM(F3:F4)) | G5: =IF(COUNT(G3:G4)=0,"",SUM(G3:G4)) | H5: =IF(COUNT(H3:H4)=0,"",SUM(H3:H4)) | I5: =IF(COUNT(I3:I4)=0,"",SUM(I3:I4)) | J5: =IF(COUNT(J3:J4)=0,"",SUM(J3:J4)) | K5: =IF(COUNT(K3:K4)=0,"",SUM(K3:K4)) | L5: ϝ
B6: Headcount = 1.00 | K6: =IF(COUNT(C6:J6)=0,"",SUM(C6:J6)) | L6: ∑
B7: Headcount = 0.75 | K7: =IF(COUNT(C7:J7)=0,"",SUM(C7:J7)) | L7: ∑
B8: Headcount = 0.50 | K8: =IF(COUNT(C8:J8)=0,"",SUM(C8:J8)) | L8: ∑
B9: Headcount = 0.25 | K9: =IF(COUNT(C9:J9)=0,"",SUM(C9:J9)) | L9: ∑
B10: Standard Monthly Hours (FTE basis) | K10: =IFERROR(AVERAGE(C10:J10),"") | L10: Avg
B11: Employee FTE (Finance) | C11: =IF(COUNT(C6:C9)=0,"",N(C6)+N(C7)*0.75+N(C8)*0.5+N(C9)*0.25) | D11: =IF(COUNT(D6:D9)=0,"",N(D6)+N(D7)*0.75+N(D8)*0.5+N(D9)*0.25) | E11: =IF(COUNT(E6:E9)=0,"",N(E6)+N(E7)*0.75+N(E8)*0.5+N(E9)*0.25) | F11: =IF(COUNT(F6:F9)=0,"",N(F6)+N(F7)*0.75+N(F8)*0.5+N(F9)*0.25) | G11: =IF(COUNT(G6:G9)=0,"",N(G6)+N(G7)*0.75+N(G8)*0.5+N(G9)*0.25) | H11: =IF(COUNT(H6:H9)=0,"",N(H6)+N(H7)*0.75+N(H8)*0.5+N(H9)*0.25) | I11: =IF(COUNT(I6:I9)=0,"",N(I6)+N(I7)*0.75+N(I8)*0.5+N(I9)*0.25) | J11: =IF(COUNT(J6:J9)=0,"",N(J6)+N(J7)*0.75+N(J8)*0.5+N(J9)*0.25) | K11: =IF(COUNT(K6:K9)=0,"",N(K6)+N(K7)*0.75+N(K8)*0.5+N(K9)*0.25) | L11: FTE | M11: =IF(COUNT(K5:K9)=0,"",N(K6)+N(K7)+N(K8)+N(K9)-N(K5))
B12: Subcontracted Workforce HC | K12: =IF(COUNT(C12:J12)=0,"",SUM(C12:J12)) | L12: ∑
B13: Subcontracted Productive Hours | K13: =IF(COUNT(C13:J13)=0,"",SUM(C13:J13)) | L13: ∑
B14: Subcontracted FTE | C14: =IFERROR(C13/C10,"") | D14: =IFERROR(D13/D10,"") | E14: =IFERROR(E13/E10,"") | F14: =IFERROR(F13/F10,"") | G14: =IFERROR(G13/G10,"") | H14: =IFERROR(H13/H10,"") | I14: =IFERROR(I13/I10,"") | J14: =IFERROR(J13/J10,"") | K14: =IF(COUNT(C14:J14)=0,"",SUM(C14:J14)) | L14: FTE
B15: Total Operational Workforce | C15: =IF(COUNT(C5,C12)=0,"",SUM(C5,C12)) | D15: =IF(COUNT(D5,D12)=0,"",SUM(D5,D12)) | E15: =IF(COUNT(E5,E12)=0,"",SUM(E5,E12)) | F15: =IF(COUNT(F5,F12)=0,"",SUM(F5,F12)) | G15: =IF(COUNT(G5,G12)=0,"",SUM(G5,G12)) | H15: =IF(COUNT(H5,H12)=0,"",SUM(H5,H12)) | I15: =IF(COUNT(I5,I12)=0,"",SUM(I5,I12)) | J15: =IF(COUNT(J5,J12)=0,"",SUM(J5,J12)) | K15: =IF(COUNT(K5,K12)=0,"",SUM(K5,K12)) | L15: ϝ
B16: Total Operational FTE | C16: =IF(COUNT(C11,C14)=0,"",SUM(C11,C14)) | D16: =IF(COUNT(D11,D14)=0,"",SUM(D11,D14)) | E16: =IF(COUNT(E11,E14)=0,"",SUM(E11,E14)) | F16: =IF(COUNT(F11,F14)=0,"",SUM(F11,F14)) | G16: =IF(COUNT(G11,G14)=0,"",SUM(G11,G14)) | H16: =IF(COUNT(H11,H14)=0,"",SUM(H11,H14)) | I16: =IF(COUNT(I11,I14)=0,"",SUM(I11,I14)) | J16: =IF(COUNT(J11,J14)=0,"",SUM(J11,J14)) | K16: =IF(COUNT(K11,K14)=0,"",SUM(K11,K14)) | L16: FTE
B17: Subcontracted Share of Workforce (%) | C17: =IFERROR(C12/C15,"") | D17: =IFERROR(D12/D15,"") | E17: =IFERROR(E12/E15,"") | F17: =IFERROR(F12/F15,"") | G17: =IFERROR(G12/G15,"") | H17: =IFERROR(H12/H15,"") | I17: =IFERROR(I12/I15,"") | J17: =IFERROR(J12/J15,"") | K17: =IFERROR(K12/K15,"") | L17: ϝ
B18: FTE HR Team | K18: =IF(COUNT(C18:J18)=0,"",SUM(C18:J18)) | L18: ∑
B19: Permanent Hires | K19: =IF(COUNT(C19:J19)=0,"",SUM(C19:J19)) | L19: ∑
B20: Temporary Hires | K20: =IF(COUNT(C20:J20)=0,"",SUM(C20:J20)) | L20: ∑
B21: Total Hires | C21: =IF(COUNT(C19:C20)=0,"",SUM(C19:C20)) | D21: =IF(COUNT(D19:D20)=0,"",SUM(D19:D20)) | E21: =IF(COUNT(E19:E20)=0,"",SUM(E19:E20)) | F21: =IF(COUNT(F19:F20)=0,"",SUM(F19:F20)) | G21: =IF(COUNT(G19:G20)=0,"",SUM(G19:G20)) | H21: =IF(COUNT(H19:H20)=0,"",SUM(H19:H20)) | I21: =IF(COUNT(I19:I20)=0,"",SUM(I19:I20)) | J21: =IF(COUNT(J19:J20)=0,"",SUM(J19:J20)) | K21: =IF(COUNT(K19:K20)=0,"",SUM(K19:K20)) | L21: ϝ
B22: Permanent Exits | K22: =IF(COUNT(C22:J22)=0,"",SUM(C22:J22)) | L22: ∑
B23: Temporary Exits | K23: =IF(COUNT(C23:J23)=0,"",SUM(C23:J23)) | L23: ∑
B24: Total Exits | C24: =IF(COUNT(C22:C23)=0,"",SUM(C22:C23)) | D24: =IF(COUNT(D22:D23)=0,"",SUM(D22:D23)) | E24: =IF(COUNT(E22:E23)=0,"",SUM(E22:E23)) | F24: =IF(COUNT(F22:F23)=0,"",SUM(F22:F23)) | G24: =IF(COUNT(G22:G23)=0,"",SUM(G22:G23)) | H24: =IF(COUNT(H22:H23)=0,"",SUM(H22:H23)) | I24: =IF(COUNT(I22:I23)=0,"",SUM(I22:I23)) | J24: =IF(COUNT(J22:J23)=0,"",SUM(J22:J23)) | K24: =IF(COUNT(K22:K23)=0,"",SUM(K22:K23)) | L24: ϝ
B25: Permanent Turnover (%) | C25: =IF(COUNT(C31,C32)<2,"",IF((C32+C31)=0,"",N(C22)/((C32+C31)/2))) | D25: =IF(COUNT(D31,D32)<2,"",IF((D32+D31)=0,"",N(D22)/((D32+D31)/2))) | E25: =IF(COUNT(E31,E32)<2,"",IF((E32+E31)=0,"",N(E22)/((E32+E31)/2))) | F25: =IF(COUNT(F31,F32)<2,"",IF((F32+F31)=0,"",N(F22)/((F32+F31)/2))) | G25: =IF(COUNT(G31,G32)<2,"",IF((G32+G31)=0,"",N(G22)/((G32+G31)/2))) | H25: =IF(COUNT(H31,H32)<2,"",IF((H32+H31)=0,"",N(H22)/((H32+H31)/2))) | I25: =IF(COUNT(I31,I32)<2,"",IF((I32+I31)=0,"",N(I22)/((I32+I31)/2))) | J25: =IF(COUNT(J31,J32)<2,"",IF((J32+J31)=0,"",N(J22)/((J32+J31)/2))) | K25: =IF(COUNT(K31,K32)<2,"",IF((K32+K31)=0,"",N(K22)/((K32+K31)/2))) | L25: ϝ
B26: Temporary Turnover (%) | C26: =IF(COUNT(C31,C32)<2,"",IF((C32+C31)=0,"",N(C23)/((C32+C31)/2))) | D26: =IF(COUNT(D31,D32)<2,"",IF((D32+D31)=0,"",N(D23)/((D32+D31)/2))) | E26: =IF(COUNT(E31,E32)<2,"",IF((E32+E31)=0,"",N(E23)/((E32+E31)/2))) | F26: =IF(COUNT(F31,F32)<2,"",IF((F32+F31)=0,"",N(F23)/((F32+F31)/2))) | G26: =IF(COUNT(G31,G32)<2,"",IF((G32+G31)=0,"",N(G23)/((G32+G31)/2))) | H26: =IF(COUNT(H31,H32)<2,"",IF((H32+H31)=0,"",N(H23)/((H32+H31)/2))) | I26: =IF(COUNT(I31,I32)<2,"",IF((I32+I31)=0,"",N(I23)/((I32+I31)/2))) | J26: =IF(COUNT(J31,J32)<2,"",IF((J32+J31)=0,"",N(J23)/((J32+J31)/2))) | K26: =IF(COUNT(K31,K32)<2,"",IF((K32+K31)=0,"",N(K23)/((K32+K31)/2))) | L26: ϝ
B27: Voluntary Terminations | K27: =IF(COUNT(C27:J27)=0,"",SUM(C27:J27)) | L27: ∑
B28: Involuntary Terminations | K28: =IF(COUNT(C28:J28)=0,"",SUM(C28:J28)) | L28: ∑
B29: Voluntary Turnover (%) | C29: =IF(COUNT(C31,C32)<2,"",IF((C32+C31)=0,"",N(C27)/((C32+C31)/2))) | D29: =IF(COUNT(D31,D32)<2,"",IF((D32+D31)=0,"",N(D27)/((D32+D31)/2))) | E29: =IF(COUNT(E31,E32)<2,"",IF((E32+E31)=0,"",N(E27)/((E32+E31)/2))) | F29: =IF(COUNT(F31,F32)<2,"",IF((F32+F31)=0,"",N(F27)/((F32+F31)/2))) | G29: =IF(COUNT(G31,G32)<2,"",IF((G32+G31)=0,"",N(G27)/((G32+G31)/2))) | H29: =IF(COUNT(H31,H32)<2,"",IF((H32+H31)=0,"",N(H27)/((H32+H31)/2))) | I29: =IF(COUNT(I31,I32)<2,"",IF((I32+I31)=0,"",N(I27)/((I32+I31)/2))) | J29: =IF(COUNT(J31,J32)<2,"",IF((J32+J31)=0,"",N(J27)/((J32+J31)/2))) | K29: =IF(COUNT(K31,K32)<2,"",IF((K32+K31)=0,"",N(K27)/((K32+K31)/2))) | L29: ϝ
B30: Involuntary Turnover (%) | C30: =IF(COUNT(C31,C32)<2,"",IF((C32+C31)=0,"",N(C28)/((C32+C31)/2))) | D30: =IF(COUNT(D31,D32)<2,"",IF((D32+D31)=0,"",N(D28)/((D32+D31)/2))) | E30: =IF(COUNT(E31,E32)<2,"",IF((E32+E31)=0,"",N(E28)/((E32+E31)/2))) | F30: =IF(COUNT(F31,F32)<2,"",IF((F32+F31)=0,"",N(F28)/((F32+F31)/2))) | G30: =IF(COUNT(G31,G32)<2,"",IF((G32+G31)=0,"",N(G28)/((G32+G31)/2))) | H30: =IF(COUNT(H31,H32)<2,"",IF((H32+H31)=0,"",N(H28)/((H32+H31)/2))) | I30: =IF(COUNT(I31,I32)<2,"",IF((I32+I31)=0,"",N(I28)/((I32+I31)/2))) | J30: =IF(COUNT(J31,J32)<2,"",IF((J32+J31)=0,"",N(J28)/((J32+J31)/2))) | K30: =IF(COUNT(K31,K32)<2,"",IF((K32+K31)=0,"",N(K28)/((K32+K31)/2))) | L30: ϝ
B31: Headcount last Month | C31: =IF(DEC!C5="","",DEC!C5) | D31: =IF(DEC!D5="","",DEC!D5) | E31: =IF(DEC!E5="","",DEC!E5) | F31: =IF(DEC!F5="","",DEC!F5) | G31: =IF(DEC!G5="","",DEC!G5) | H31: =IF(DEC!H5="","",DEC!H5) | I31: =IF(DEC!I5="","",DEC!I5) | J31: =IF(DEC!J5="","",DEC!J5) | K31: =IF(COUNT(C31:J31)=0,"",SUM(C31:J31)) | L31: ∑
B32: Headcount this Month | C32: =IF(C5="","",C5) | D32: =IF(D5="","",D5) | E32: =IF(E5="","",E5) | F32: =IF(F5="","",F5) | G32: =IF(G5="","",G5) | H32: =IF(H5="","",H5) | I32: =IF(I5="","",I5) | J32: =IF(J5="","",J5) | K32: =IF(COUNT(C32:J32)=0,"",SUM(C32:J32)) | L32: ∑
B33: Full Turnover (%) | C33: =IF(COUNT(C31,C32)<2,"",IF((C32+C31)=0,"",N(C24)/((C32+C31)/2))) | D33: =IF(COUNT(D31,D32)<2,"",IF((D32+D31)=0,"",N(D24)/((D32+D31)/2))) | E33: =IF(COUNT(E31,E32)<2,"",IF((E32+E31)=0,"",N(E24)/((E32+E31)/2))) | F33: =IF(COUNT(F31,F32)<2,"",IF((F32+F31)=0,"",N(F24)/((F32+F31)/2))) | G33: =IF(COUNT(G31,G32)<2,"",IF((G32+G31)=0,"",N(G24)/((G32+G31)/2))) | H33: =IF(COUNT(H31,H32)<2,"",IF((H32+H31)=0,"",N(H24)/((H32+H31)/2))) | I33: =IF(COUNT(I31,I32)<2,"",IF((I32+I31)=0,"",N(I24)/((I32+I31)/2))) | J33: =IF(COUNT(J31,J32)<2,"",IF((J32+J31)=0,"",N(J24)/((J32+J31)/2))) | K33: =IF(COUNT(K31,K32)<2,"",IF((K32+K31)=0,"",N(K24)/((K32+K31)/2))) | L33: ϝ
B34: Permanent Vacancies | K34: =IF(COUNT(C34:J34)=0,"",SUM(C34:J34)) | L34: ∑
B35: Temporary Vacancies | K35: =IF(COUNT(C35:J35)=0,"",SUM(C35:J35)) | L35: ∑
B36: Total Vacancies | C36: =IF(COUNT(C34:C35)=0,"",SUM(C34:C35)) | D36: =IF(COUNT(D34:D35)=0,"",SUM(D34:D35)) | E36: =IF(COUNT(E34:E35)=0,"",SUM(E34:E35)) | F36: =IF(COUNT(F34:F35)=0,"",SUM(F34:F35)) | G36: =IF(COUNT(G34:G35)=0,"",SUM(G34:G35)) | H36: =IF(COUNT(H34:H35)=0,"",SUM(H34:H35)) | I36: =IF(COUNT(I34:I35)=0,"",SUM(I34:I35)) | J36: =IF(COUNT(J34:J35)=0,"",SUM(J34:J35)) | K36: =IF(COUNT(K34:K35)=0,"",SUM(K34:K35)) | L36: ϝ
B37: Authorized Positions | C37: =IF(COUNT(C5,C36)=0,"",N(C5)+N(C36)) | D37: =IF(COUNT(D5,D36)=0,"",N(D5)+N(D36)) | E37: =IF(COUNT(E5,E36)=0,"",N(E5)+N(E36)) | F37: =IF(COUNT(F5,F36)=0,"",N(F5)+N(F36)) | G37: =IF(COUNT(G5,G36)=0,"",N(G5)+N(G36)) | H37: =IF(COUNT(H5,H36)=0,"",N(H5)+N(H36)) | I37: =IF(COUNT(I5,I36)=0,"",N(I5)+N(I36)) | J37: =IF(COUNT(J5,J36)=0,"",N(J5)+N(J36)) | K37: =IF(COUNT(K5,K36)=0,"",N(K5)+N(K36)) | L37: ϝ
B38: Vacancy Rate (%) | C38: =IFERROR(C36/C37,"") | D38: =IFERROR(D36/D37,"") | E38: =IFERROR(E36/E37,"") | F38: =IFERROR(F36/F37,"") | G38: =IFERROR(G36/G37,"") | H38: =IFERROR(H36/H37,"") | I38: =IFERROR(I36/I37,"") | J38: =IFERROR(J36/J37,"") | K38: =IFERROR(K36/K37,"") | L38: ϝ
B39: Permanent TimeToHire (Days) YTD | C39: =IF('(Culinary_CRI)'!$AB$7="","",'(Culinary_CRI)'!$AB$7) | D39: =IF('(Food_GTM)'!$AB$7="","",'(Food_GTM)'!$AB$7) | E39: =IF('(GCG_GTM)'!$AB$7="","",'(GCG_GTM)'!$AB$7) | F39: =IF('(Ground_HND)'!$AB$7="","",'(Ground_HND)'!$AB$7) | G39: =IF('(GCG_HND)'!$AB$7="","",'(GCG_HND)'!$AB$7) | H39: =IF('(Concess_PAN)'!$AB$7="","",'(Concess_PAN)'!$AB$7) | I39: =IF('(GCG_SLV)'!$AB$7="","",'(GCG_SLV)'!$AB$7) | J39: =IF('(Food_SLV)'!$AB$7="","",'(Food_SLV)'!$AB$7) | K39: =IFERROR(AVERAGE(C39:J39),"") | L39: Avg
B40: Temporary TimeToHire (Days) YTD | C40: =IF('(Culinary_CRI)'!$AD$7="","",'(Culinary_CRI)'!$AD$7) | D40: =IF('(Food_GTM)'!$AD$7="","",'(Food_GTM)'!$AD$7) | E40: =IF('(GCG_GTM)'!$AD$7="","",'(GCG_GTM)'!$AD$7) | F40: =IF('(Ground_HND)'!$AD$7="","",'(Ground_HND)'!$AD$7) | G40: =IF('(GCG_HND)'!$AD$7="","",'(GCG_HND)'!$AD$7) | H40: =IF('(Concess_PAN)'!$AD$7="","",'(Concess_PAN)'!$AD$7) | I40: =IF('(GCG_SLV)'!$AD$7="","",'(GCG_SLV)'!$AD$7) | J40: =IF('(Food_SLV)'!$AD$7="","",'(Food_SLV)'!$AD$7) | K40: =IFERROR(AVERAGE(C40:J40),"") | L40: Avg
B41: Check-ins Rate Completed (%) | K41: =IFERROR(AVERAGE(C41:J41),"") | L41: Avg
B42: EE Objectives Completed (#) | K42: =IF(COUNT(C42:J42)=0,"",SUM(C42:J42)) | L42: ∑
B43: Non-certified Absent (Days Lost) | K43: =IF(COUNT(C43:J43)=0,"",SUM(C43:J43)) | L43: ∑
B44: Certified sick leave (Days Lost) | K44: =IF(COUNT(C44:J44)=0,"",SUM(C44:J44)) | L44: ∑
B45: Total Absences | C45: =IF(COUNT(C43:C44)=0,"",SUM(C43:C44)) | D45: =IF(COUNT(D43:D44)=0,"",SUM(D43:D44)) | E45: =IF(COUNT(E43:E44)=0,"",SUM(E43:E44)) | F45: =IF(COUNT(F43:F44)=0,"",SUM(F43:F44)) | G45: =IF(COUNT(G43:G44)=0,"",SUM(G43:G44)) | H45: =IF(COUNT(H43:H44)=0,"",SUM(H43:H44)) | I45: =IF(COUNT(I43:I44)=0,"",SUM(I43:I44)) | J45: =IF(COUNT(J43:J44)=0,"",SUM(J43:J44)) | K45: =IF(COUNT(K43:K44)=0,"",SUM(K43:K44)) | L45: ϝ
B46: Absent Rate Non-Certified (%) | C46: =IF('(Culinary_CRI)'!$G$7="","",'(Culinary_CRI)'!$G$7) | D46: =IF('(Food_GTM)'!$G$7="","",'(Food_GTM)'!$G$7) | E46: =IF('(GCG_GTM)'!$G$7="","",'(GCG_GTM)'!$G$7) | F46: =IF('(Ground_HND)'!$G$7="","",'(Ground_HND)'!$G$7) | G46: =IF('(GCG_HND)'!$G$7="","",'(GCG_HND)'!$G$7) | H46: =IF('(Concess_PAN)'!$G$7="","",'(Concess_PAN)'!$G$7) | I46: =IF('(GCG_SLV)'!$G$7="","",'(GCG_SLV)'!$G$7) | J46: =IF('(Food_SLV)'!$G$7="","",'(Food_SLV)'!$G$7) | K46: {=IF(COUNT(C46:J46)=0,"",IFERROR(SUMPRODUCT(IFERROR(C46:J46*((C3:J3)+(C4:J4)),0))/SUMPRODUCT(IFERROR(ISNUMBER(C46:J46)*((C3:J3)+(C4:J4)),0)),""))} | L46: Weighted
B47: Absent Rate Certified (%) | C47: =IF('(Culinary_CRI)'!$O$7="","",'(Culinary_CRI)'!$O$7) | D47: =IF('(Food_GTM)'!$O$7="","",'(Food_GTM)'!$O$7) | E47: =IF('(GCG_GTM)'!$O$7="","",'(GCG_GTM)'!$O$7) | F47: =IF('(Ground_HND)'!$O$7="","",'(Ground_HND)'!$O$7) | G47: =IF('(GCG_HND)'!$O$7="","",'(GCG_HND)'!$O$7) | H47: =IF('(Concess_PAN)'!$O$7="","",'(Concess_PAN)'!$O$7) | I47: =IF('(GCG_SLV)'!$O$7="","",'(GCG_SLV)'!$O$7) | J47: =IF('(Food_SLV)'!$O$7="","",'(Food_SLV)'!$O$7) | K47: {=IF(COUNT(C47:J47)=0,"",IFERROR(SUMPRODUCT(IFERROR(C47:J47*((C3:J3)+(C4:J4)),0))/SUMPRODUCT(IFERROR(ISNUMBER(C47:J47)*((C3:J3)+(C4:J4)),0)),""))} | L47: Weighted
B48: Absent Rate Total (%) | C48: =IF(COUNT(C46:C47)=0,"",SUM(C46:C47)) | D48: =IF(COUNT(D46:D47)=0,"",SUM(D46:D47)) | E48: =IF(COUNT(E46:E47)=0,"",SUM(E46:E47)) | F48: =IF(COUNT(F46:F47)=0,"",SUM(F46:F47)) | G48: =IF(COUNT(G46:G47)=0,"",SUM(G46:G47)) | H48: =IF(COUNT(H46:H47)=0,"",SUM(H46:H47)) | I48: =IF(COUNT(I46:I47)=0,"",SUM(I46:I47)) | J48: =IF(COUNT(J46:J47)=0,"",SUM(J46:J47)) | K48: =IF(COUNT(K46:K47)=0,"",SUM(K46:K47)) | L48: Weighted
B49: Weight factor | C49: =IFERROR(C5/$K5,"") | D49: =IFERROR(D5/$K5,"") | E49: =IFERROR(E5/$K5,"") | F49: =IFERROR(F5/$K5,"") | G49: =IFERROR(G5/$K5,"") | H49: =IFERROR(H5/$K5,"") | I49: =IFERROR(I5/$K5,"") | J49: =IFERROR(J5/$K5,"") | K49: =IF(COUNT(C49:J49)=0,"",SUM(C49:J49)) | L49: Weight Factor
B50: Leadership (Hours) | K50: =IF(COUNT(C50:J50)=0,"",SUM(C50:J50)) | L50: ∑
B51: Technical (Hours) | K51: =IF(COUNT(C51:J51)=0,"",SUM(C51:J51)) | L51: ∑
B52: Professional Develop. (Hours) | K52: =IF(COUNT(C52:J52)=0,"",SUM(C52:J52)) | L52: ∑
B53: HSSE (Hours) | K53: =IF(COUNT(C53:J53)=0,"",SUM(C53:J53)) | L53: ∑
B54: Workday (Hours) | K54: =IF(COUNT(C54:J54)=0,"",SUM(C54:J54)) | L54: ∑
B55: Total Training Hours | C55: =IF(COUNT(C50:C54)=0,"",SUM(C50:C54)) | D55: =IF(COUNT(D50:D54)=0,"",SUM(D50:D54)) | E55: =IF(COUNT(E50:E54)=0,"",SUM(E50:E54)) | F55: =IF(COUNT(F50:F54)=0,"",SUM(F50:F54)) | G55: =IF(COUNT(G50:G54)=0,"",SUM(G50:G54)) | H55: =IF(COUNT(H50:H54)=0,"",SUM(H50:H54)) | I55: =IF(COUNT(I50:I54)=0,"",SUM(I50:I54)) | J55: =IF(COUNT(J50:J54)=0,"",SUM(J50:J54)) | K55: =IF(COUNT(K50:K54)=0,"",SUM(K50:K54)) | L55: ϝ
B56: Total Trained (Staff) | K56: =IF(COUNT(C56:J56)=0,"",SUM(C56:J56)) | L56: ∑
B57: Training Programs (#) | K57: =IF(COUNT(C57:J57)=0,"",SUM(C57:J57)) | L57: ∑
B58: Training Cost (USD) | K58: =IF(COUNT(C58:J58)=0,"",SUM(C58:J58)) | L58: ∑
B59: Training Travel Cost (USD) | K59: =IF(COUNT(C59:J59)=0,"",SUM(C59:J59)) | L59: ∑
B60: Leadership Hours Trained (%) | C60: =IFERROR(C50/C$55,"") | D60: =IFERROR(D50/D$55,"") | E60: =IFERROR(E50/E$55,"") | F60: =IFERROR(F50/F$55,"") | G60: =IFERROR(G50/G$55,"") | H60: =IFERROR(H50/H$55,"") | I60: =IFERROR(I50/I$55,"") | J60: =IFERROR(J50/J$55,"") | K60: =IFERROR(K50/K$55,"") | L60: ϝ
B61: Technical Hours Trained (%) | C61: =IFERROR(C51/C$55,"") | D61: =IFERROR(D51/D$55,"") | E61: =IFERROR(E51/E$55,"") | F61: =IFERROR(F51/F$55,"") | G61: =IFERROR(G51/G$55,"") | H61: =IFERROR(H51/H$55,"") | I61: =IFERROR(I51/I$55,"") | J61: =IFERROR(J51/J$55,"") | K61: =IFERROR(K51/K$55,"") | L61: ϝ
B62: Profess. Dev. Hours Trained (%) | C62: =IFERROR(C52/C$55,"") | D62: =IFERROR(D52/D$55,"") | E62: =IFERROR(E52/E$55,"") | F62: =IFERROR(F52/F$55,"") | G62: =IFERROR(G52/G$55,"") | H62: =IFERROR(H52/H$55,"") | I62: =IFERROR(I52/I$55,"") | J62: =IFERROR(J52/J$55,"") | K62: =IFERROR(K52/K$55,"") | L62: ϝ
B63: HSSE Hours Trained (%) | C63: =IFERROR(C53/C$55,"") | D63: =IFERROR(D53/D$55,"") | E63: =IFERROR(E53/E$55,"") | F63: =IFERROR(F53/F$55,"") | G63: =IFERROR(G53/G$55,"") | H63: =IFERROR(H53/H$55,"") | I63: =IFERROR(I53/I$55,"") | J63: =IFERROR(J53/J$55,"") | K63: =IFERROR(K53/K$55,"") | L63: ϝ
B64: Workday Hours Trained (%) | C64: =IFERROR(C54/C$55,"") | D64: =IFERROR(D54/D$55,"") | E64: =IFERROR(E54/E$55,"") | F64: =IFERROR(F54/F$55,"") | G64: =IFERROR(G54/G$55,"") | H64: =IFERROR(H54/H$55,"") | I64: =IFERROR(I54/I$55,"") | J64: =IFERROR(J54/J$55,"") | K64: =IFERROR(K54/K$55,"") | L64: ϝ
B65: Staff Trained (%) | C65: =IFERROR(C56/C5,"") | D65: =IFERROR(D56/D5,"") | E65: =IFERROR(E56/E5,"") | F65: =IFERROR(F56/F5,"") | G65: =IFERROR(G56/G5,"") | H65: =IFERROR(H56/H5,"") | I65: =IFERROR(I56/I5,"") | J65: =IFERROR(J56/J5,"") | K65: =IFERROR(K56/K5,"") | L65: ϝ
B66: Training Hours / EE | C66: =IFERROR(C55/C5,"") | D66: =IFERROR(D55/D5,"") | E66: =IFERROR(E55/E5,"") | F66: =IFERROR(F55/F5,"") | G66: =IFERROR(G55/G5,"") | H66: =IFERROR(H55/H5,"") | I66: =IFERROR(I55/I5,"") | J66: =IFERROR(J55/J5,"") | K66: =IFERROR(K55/K5,"") | L66: ϝ
B67: Training Hours / EE Trained | C67: =IFERROR(C55/C56,"") | D67: =IFERROR(D55/D56,"") | E67: =IFERROR(E55/E56,"") | F67: =IFERROR(F55/F56,"") | G67: =IFERROR(G55/G56,"") | H67: =IFERROR(H55/H56,"") | I67: =IFERROR(I55/I56,"") | J67: =IFERROR(J55/J56,"") | K67: =IFERROR(K55/K56,"") | L67: ϝ
B68: Training Invest. / EE (USD) | C68: =IF(COUNT(C58:C59)=0,"",IFERROR((N(C58)+N(C59))/C5,"")) | D68: =IF(COUNT(D58:D59)=0,"",IFERROR((N(D58)+N(D59))/D5,"")) | E68: =IF(COUNT(E58:E59)=0,"",IFERROR((N(E58)+N(E59))/E5,"")) | F68: =IF(COUNT(F58:F59)=0,"",IFERROR((N(F58)+N(F59))/F5,"")) | G68: =IF(COUNT(G58:G59)=0,"",IFERROR((N(G58)+N(G59))/G5,"")) | H68: =IF(COUNT(H58:H59)=0,"",IFERROR((N(H58)+N(H59))/H5,"")) | I68: =IF(COUNT(I58:I59)=0,"",IFERROR((N(I58)+N(I59))/I5,"")) | J68: =IF(COUNT(J58:J59)=0,"",IFERROR((N(J58)+N(J59))/J5,"")) | K68: =IF(COUNT(K58:K59)=0,"",IFERROR((N(K58)+N(K59))/K5,"")) | L68: ϝ
B69: Training Invest. / EE Trained (USD) | C69: =IF(COUNT(C58:C59)=0,"",IFERROR((N(C58)+N(C59))/C56,"")) | D69: =IF(COUNT(D58:D59)=0,"",IFERROR((N(D58)+N(D59))/D56,"")) | E69: =IF(COUNT(E58:E59)=0,"",IFERROR((N(E58)+N(E59))/E56,"")) | F69: =IF(COUNT(F58:F59)=0,"",IFERROR((N(F58)+N(F59))/F56,"")) | G69: =IF(COUNT(G58:G59)=0,"",IFERROR((N(G58)+N(G59))/G56,"")) | H69: =IF(COUNT(H58:H59)=0,"",IFERROR((N(H58)+N(H59))/H56,"")) | I69: =IF(COUNT(I58:I59)=0,"",IFERROR((N(I58)+N(I59))/I56,"")) | J69: =IF(COUNT(J58:J59)=0,"",IFERROR((N(J58)+N(J59))/J56,"")) | K69: =IF(COUNT(K58:K59)=0,"",IFERROR((N(K58)+N(K59))/K56,"")) | L69: ϝ
B70: Input Cells Not Submitted | C70: =COUNTBLANK(C3:C4)+COUNTBLANK(C6:C10)+COUNTBLANK(C12:C13)+COUNTBLANK(C18:C20)+COUNTBLANK(C22:C23)+COUNTBLANK(C27:C28)+COUNTBLANK(C34:C35)+COUNTBLANK(C39:C44)+COUNTBLANK(C46:C47)+COUNTBLANK(C50:C54)+COUNTBLANK(C56:C59) | D70: =COUNTBLANK(D3:D4)+COUNTBLANK(D6:D10)+COUNTBLANK(D12:D13)+COUNTBLANK(D18:D20)+COUNTBLANK(D22:D23)+COUNTBLANK(D27:D28)+COUNTBLANK(D34:D35)+COUNTBLANK(D39:D44)+COUNTBLANK(D46:D47)+COUNTBLANK(D50:D54)+COUNTBLANK(D56:D59) | E70: =COUNTBLANK(E3:E4)+COUNTBLANK(E6:E10)+COUNTBLANK(E12:E13)+COUNTBLANK(E18:E20)+COUNTBLANK(E22:E23)+COUNTBLANK(E27:E28)+COUNTBLANK(E34:E35)+COUNTBLANK(E39:E44)+COUNTBLANK(E46:E47)+COUNTBLANK(E50:E54)+COUNTBLANK(E56:E59) | F70: =COUNTBLANK(F3:F4)+COUNTBLANK(F6:F10)+COUNTBLANK(F12:F13)+COUNTBLANK(F18:F20)+COUNTBLANK(F22:F23)+COUNTBLANK(F27:F28)+COUNTBLANK(F34:F35)+COUNTBLANK(F39:F44)+COUNTBLANK(F46:F47)+COUNTBLANK(F50:F54)+COUNTBLANK(F56:F59) | G70: =COUNTBLANK(G3:G4)+COUNTBLANK(G6:G10)+COUNTBLANK(G12:G13)+COUNTBLANK(G18:G20)+COUNTBLANK(G22:G23)+COUNTBLANK(G27:G28)+COUNTBLANK(G34:G35)+COUNTBLANK(G39:G44)+COUNTBLANK(G46:G47)+COUNTBLANK(G50:G54)+COUNTBLANK(G56:G59) | H70: =COUNTBLANK(H3:H4)+COUNTBLANK(H6:H10)+COUNTBLANK(H12:H13)+COUNTBLANK(H18:H20)+COUNTBLANK(H22:H23)+COUNTBLANK(H27:H28)+COUNTBLANK(H34:H35)+COUNTBLANK(H39:H44)+COUNTBLANK(H46:H47)+COUNTBLANK(H50:H54)+COUNTBLANK(H56:H59) | I70: =COUNTBLANK(I3:I4)+COUNTBLANK(I6:I10)+COUNTBLANK(I12:I13)+COUNTBLANK(I18:I20)+COUNTBLANK(I22:I23)+COUNTBLANK(I27:I28)+COUNTBLANK(I34:I35)+COUNTBLANK(I39:I44)+COUNTBLANK(I46:I47)+COUNTBLANK(I50:I54)+COUNTBLANK(I56:I59) | J70: =COUNTBLANK(J3:J4)+COUNTBLANK(J6:J10)+COUNTBLANK(J12:J13)+COUNTBLANK(J18:J20)+COUNTBLANK(J22:J23)+COUNTBLANK(J27:J28)+COUNTBLANK(J34:J35)+COUNTBLANK(J39:J44)+COUNTBLANK(J46:J47)+COUNTBLANK(J50:J54)+COUNTBLANK(J56:J59) | K70: =SUM(C70:J70) | L70: ∑

Sheet FEB
B1: GCG CENTRAL AMERICA | C1: 1171 | D1: 1162 | E1: 1076 | F1: 1170 | G1: 1078 | H1: 1172 | I1: 1074 | J1: 1161
A2: =VALUE(TEXT(EDATE(DATE(LEFT(JAN!A2,4),RIGHT(JAN!A2,2),1),1),"yyyymm")) | B2: FEB | C2: GCG Culinary Costa Rica | D2: GCG Food Guatemala | E2: GCG Guatemala | F2: GCG Aviation Ground Honduras | G2: GCG Honduras | H2: GCG Concessions Panama | I2: GCG El Salvador | J2: GCG Food El Salvador | K2: TOTAL | L2: Total by Division | M2: =N(M11)<>0
A3: =+A2 | B3: Permanent (Regular) Headcount | K3: =IF(COUNT(C3:J3)=0,"",SUM(C3:J3)) | L3: ∑
B4: Temporary (Fix Term) Headcount | K4: =IF(COUNT(C4:J4)=0,"",SUM(C4:J4)) | L4: ∑
B5: Employee Headcount (Productivity) | C5: =IF(COUNT(C3:C4)=0,"",SUM(C3:C4)) | D5: =IF(COUNT(D3:D4)=0,"",SUM(D3:D4)) | E5: =IF(COUNT(E3:E4)=0,"",SUM(E3:E4)) | F5: =IF(COUNT(F3:F4)=0,"",SUM(F3:F4)) | G5: =IF(COUNT(G3:G4)=0,"",SUM(G3:G4)) | H5: =IF(COUNT(H3:H4)=0,"",SUM(H3:H4)) | I5: =IF(COUNT(I3:I4)=0,"",SUM(I3:I4)) | J5: =IF(COUNT(J3:J4)=0,"",SUM(J3:J4)) | K5: =IF(COUNT(K3:K4)=0,"",SUM(K3:K4)) | L5: ϝ
B6: Headcount = 1.00 | K6: =IF(COUNT(C6:J6)=0,"",SUM(C6:J6)) | L6: ∑
B7: Headcount = 0.75 | K7: =IF(COUNT(C7:J7)=0,"",SUM(C7:J7)) | L7: ∑
B8: Headcount = 0.50 | K8: =IF(COUNT(C8:J8)=0,"",SUM(C8:J8)) | L8: ∑
B9: Headcount = 0.25 | K9: =IF(COUNT(C9:J9)=0,"",SUM(C9:J9)) | L9: ∑
B10: Standard Monthly Hours (FTE basis) | K10: =IFERROR(AVERAGE(C10:J10),"") | L10: Avg
B11: Employee FTE (Finance) | C11: =IF(COUNT(C6:C9)=0,"",N(C6)+N(C7)*0.75+N(C8)*0.5+N(C9)*0.25) | D11: =IF(COUNT(D6:D9)=0,"",N(D6)+N(D7)*0.75+N(D8)*0.5+N(D9)*0.25) | E11: =IF(COUNT(E6:E9)=0,"",N(E6)+N(E7)*0.75+N(E8)*0.5+N(E9)*0.25) | F11: =IF(COUNT(F6:F9)=0,"",N(F6)+N(F7)*0.75+N(F8)*0.5+N(F9)*0.25) | G11: =IF(COUNT(G6:G9)=0,"",N(G6)+N(G7)*0.75+N(G8)*0.5+N(G9)*0.25) | H11: =IF(COUNT(H6:H9)=0,"",N(H6)+N(H7)*0.75+N(H8)*0.5+N(H9)*0.25) | I11: =IF(COUNT(I6:I9)=0,"",N(I6)+N(I7)*0.75+N(I8)*0.5+N(I9)*0.25) | J11: =IF(COUNT(J6:J9)=0,"",N(J6)+N(J7)*0.75+N(J8)*0.5+N(J9)*0.25) | K11: =IF(COUNT(K6:K9)=0,"",N(K6)+N(K7)*0.75+N(K8)*0.5+N(K9)*0.25) | L11: FTE | M11: =IF(COUNT(K5:K9)=0,"",N(K6)+N(K7)+N(K8)+N(K9)-N(K5))
B12: Subcontracted Workforce HC | K12: =IF(COUNT(C12:J12)=0,"",SUM(C12:J12)) | L12: ∑
B13: Subcontracted Productive Hours | K13: =IF(COUNT(C13:J13)=0,"",SUM(C13:J13)) | L13: ∑
B14: Subcontracted FTE | C14: =IFERROR(C13/C10,"") | D14: =IFERROR(D13/D10,"") | E14: =IFERROR(E13/E10,"") | F14: =IFERROR(F13/F10,"") | G14: =IFERROR(G13/G10,"") | H14: =IFERROR(H13/H10,"") | I14: =IFERROR(I13/I10,"") | J14: =IFERROR(J13/J10,"") | K14: =IF(COUNT(C14:J14)=0,"",SUM(C14:J14)) | L14: FTE
B15: Total Operational Workforce | C15: =IF(COUNT(C5,C12)=0,"",SUM(C5,C12)) | D15: =IF(COUNT(D5,D12)=0,"",SUM(D5,D12)) | E15: =IF(COUNT(E5,E12)=0,"",SUM(E5,E12)) | F15: =IF(COUNT(F5,F12)=0,"",SUM(F5,F12)) | G15: =IF(COUNT(G5,G12)=0,"",SUM(G5,G12)) | H15: =IF(COUNT(H5,H12)=0,"",SUM(H5,H12)) | I15: =IF(COUNT(I5,I12)=0,"",SUM(I5,I12)) | J15: =IF(COUNT(J5,J12)=0,"",SUM(J5,J12)) | K15: =IF(COUNT(K5,K12)=0,"",SUM(K5,K12)) | L15: ϝ
B16: Total Operational FTE | C16: =IF(COUNT(C11,C14)=0,"",SUM(C11,C14)) | D16: =IF(COUNT(D11,D14)=0,"",SUM(D11,D14)) | E16: =IF(COUNT(E11,E14)=0,"",SUM(E11,E14)) | F16: =IF(COUNT(F11,F14)=0,"",SUM(F11,F14)) | G16: =IF(COUNT(G11,G14)=0,"",SUM(G11,G14)) | H16: =IF(COUNT(H11,H14)=0,"",SUM(H11,H14)) | I16: =IF(COUNT(I11,I14)=0,"",SUM(I11,I14)) | J16: =IF(COUNT(J11,J14)=0,"",SUM(J11,J14)) | K16: =IF(COUNT(K11,K14)=0,"",SUM(K11,K14)) | L16: FTE
B17: Subcontracted Share of Workforce (%) | C17: =IFERROR(C12/C15,"") | D17: =IFERROR(D12/D15,"") | E17: =IFERROR(E12/E15,"") | F17: =IFERROR(F12/F15,"") | G17: =IFERROR(G12/G15,"") | H17: =IFERROR(H12/H15,"") | I17: =IFERROR(I12/I15,"") | J17: =IFERROR(J12/J15,"") | K17: =IFERROR(K12/K15,"") | L17: ϝ
B18: FTE HR Team | K18: =IF(COUNT(C18:J18)=0,"",SUM(C18:J18)) | L18: ∑
B19: Permanent Hires | K19: =IF(COUNT(C19:J19)=0,"",SUM(C19:J19)) | L19: ∑
B20: Temporary Hires | K20: =IF(COUNT(C20:J20)=0,"",SUM(C20:J20)) | L20: ∑
B21: Total Hires | C21: =IF(COUNT(C19:C20)=0,"",SUM(C19:C20)) | D21: =IF(COUNT(D19:D20)=0,"",SUM(D19:D20)) | E21: =IF(COUNT(E19:E20)=0,"",SUM(E19:E20)) | F21: =IF(COUNT(F19:F20)=0,"",SUM(F19:F20)) | G21: =IF(COUNT(G19:G20)=0,"",SUM(G19:G20)) | H21: =IF(COUNT(H19:H20)=0,"",SUM(H19:H20)) | I21: =IF(COUNT(I19:I20)=0,"",SUM(I19:I20)) | J21: =IF(COUNT(J19:J20)=0,"",SUM(J19:J20)) | K21: =IF(COUNT(K19:K20)=0,"",SUM(K19:K20)) | L21: ϝ
B22: Permanent Exits | K22: =IF(COUNT(C22:J22)=0,"",SUM(C22:J22)) | L22: ∑
B23: Temporary Exits | K23: =IF(COUNT(C23:J23)=0,"",SUM(C23:J23)) | L23: ∑
B24: Total Exits | C24: =IF(COUNT(C22:C23)=0,"",SUM(C22:C23)) | D24: =IF(COUNT(D22:D23)=0,"",SUM(D22:D23)) | E24: =IF(COUNT(E22:E23)=0,"",SUM(E22:E23)) | F24: =IF(COUNT(F22:F23)=0,"",SUM(F22:F23)) | G24: =IF(COUNT(G22:G23)=0,"",SUM(G22:G23)) | H24: =IF(COUNT(H22:H23)=0,"",SUM(H22:H23)) | I24: =IF(COUNT(I22:I23)=0,"",SUM(I22:I23)) | J24: =IF(COUNT(J22:J23)=0,"",SUM(J22:J23)) | K24: =IF(COUNT(K22:K23)=0,"",SUM(K22:K23)) | L24: ϝ
B25: Permanent Turnover (%) | C25: =IF(COUNT(C31,C32)<2,"",IF((C32+C31)=0,"",N(C22)/((C32+C31)/2))) | D25: =IF(COUNT(D31,D32)<2,"",IF((D32+D31)=0,"",N(D22)/((D32+D31)/2))) | E25: =IF(COUNT(E31,E32)<2,"",IF((E32+E31)=0,"",N(E22)/((E32+E31)/2))) | F25: =IF(COUNT(F31,F32)<2,"",IF((F32+F31)=0,"",N(F22)/((F32+F31)/2))) | G25: =IF(COUNT(G31,G32)<2,"",IF((G32+G31)=0,"",N(G22)/((G32+G31)/2))) | H25: =IF(COUNT(H31,H32)<2,"",IF((H32+H31)=0,"",N(H22)/((H32+H31)/2))) | I25: =IF(COUNT(I31,I32)<2,"",IF((I32+I31)=0,"",N(I22)/((I32+I31)/2))) | J25: =IF(COUNT(J31,J32)<2,"",IF((J32+J31)=0,"",N(J22)/((J32+J31)/2))) | K25: =IF(COUNT(K31,K32)<2,"",IF((K32+K31)=0,"",N(K22)/((K32+K31)/2))) | L25: ϝ
B26: Temporary Turnover (%) | C26: =IF(COUNT(C31,C32)<2,"",IF((C32+C31)=0,"",N(C23)/((C32+C31)/2))) | D26: =IF(COUNT(D31,D32)<2,"",IF((D32+D31)=0,"",N(D23)/((D32+D31)/2))) | E26: =IF(COUNT(E31,E32)<2,"",IF((E32+E31)=0,"",N(E23)/((E32+E31)/2))) | F26: =IF(COUNT(F31,F32)<2,"",IF((F32+F31)=0,"",N(F23)/((F32+F31)/2))) | G26: =IF(COUNT(G31,G32)<2,"",IF((G32+G31)=0,"",N(G23)/((G32+G31)/2))) | H26: =IF(COUNT(H31,H32)<2,"",IF((H32+H31)=0,"",N(H23)/((H32+H31)/2))) | I26: =IF(COUNT(I31,I32)<2,"",IF((I32+I31)=0,"",N(I23)/((I32+I31)/2))) | J26: =IF(COUNT(J31,J32)<2,"",IF((J32+J31)=0,"",N(J23)/((J32+J31)/2))) | K26: =IF(COUNT(K31,K32)<2,"",IF((K32+K31)=0,"",N(K23)/((K32+K31)/2))) | L26: ϝ
B27: Voluntary Terminations | K27: =IF(COUNT(C27:J27)=0,"",SUM(C27:J27)) | L27: ∑
B28: Involuntary Terminations | K28: =IF(COUNT(C28:J28)=0,"",SUM(C28:J28)) | L28: ∑
B29: Voluntary Turnover (%) | C29: =IF(COUNT(C31,C32)<2,"",IF((C32+C31)=0,"",N(C27)/((C32+C31)/2))) | D29: =IF(COUNT(D31,D32)<2,"",IF((D32+D31)=0,"",N(D27)/((D32+D31)/2))) | E29: =IF(COUNT(E31,E32)<2,"",IF((E32+E31)=0,"",N(E27)/((E32+E31)/2))) | F29: =IF(COUNT(F31,F32)<2,"",IF((F32+F31)=0,"",N(F27)/((F32+F31)/2))) | G29: =IF(COUNT(G31,G32)<2,"",IF((G32+G31)=0,"",N(G27)/((G32+G31)/2))) | H29: =IF(COUNT(H31,H32)<2,"",IF((H32+H31)=0,"",N(H27)/((H32+H31)/2))) | I29: =IF(COUNT(I31,I32)<2,"",IF((I32+I31)=0,"",N(I27)/((I32+I31)/2))) | J29: =IF(COUNT(J31,J32)<2,"",IF((J32+J31)=0,"",N(J27)/((J32+J31)/2))) | K29: =IF(COUNT(K31,K32)<2,"",IF((K32+K31)=0,"",N(K27)/((K32+K31)/2))) | L29: ϝ
B30: Involuntary Turnover (%) | C30: =IF(COUNT(C31,C32)<2,"",IF((C32+C31)=0,"",N(C28)/((C32+C31)/2))) | D30: =IF(COUNT(D31,D32)<2,"",IF((D32+D31)=0,"",N(D28)/((D32+D31)/2))) | E30: =IF(COUNT(E31,E32)<2,"",IF((E32+E31)=0,"",N(E28)/((E32+E31)/2))) | F30: =IF(COUNT(F31,F32)<2,"",IF((F32+F31)=0,"",N(F28)/((F32+F31)/2))) | G30: =IF(COUNT(G31,G32)<2,"",IF((G32+G31)=0,"",N(G28)/((G32+G31)/2))) | H30: =IF(COUNT(H31,H32)<2,"",IF((H32+H31)=0,"",N(H28)/((H32+H31)/2))) | I30: =IF(COUNT(I31,I32)<2,"",IF((I32+I31)=0,"",N(I28)/((I32+I31)/2))) | J30: =IF(COUNT(J31,J32)<2,"",IF((J32+J31)=0,"",N(J28)/((J32+J31)/2))) | K30: =IF(COUNT(K31,K32)<2,"",IF((K32+K31)=0,"",N(K28)/((K32+K31)/2))) | L30: ϝ
B31: Headcount last Month | C31: =IF(JAN!C5="","",JAN!C5) | D31: =IF(JAN!D5="","",JAN!D5) | E31: =IF(JAN!E5="","",JAN!E5) | F31: =IF(JAN!F5="","",JAN!F5) | G31: =IF(JAN!G5="","",JAN!G5) | H31: =IF(JAN!H5="","",JAN!H5) | I31: =IF(JAN!I5="","",JAN!I5) | J31: =IF(JAN!J5="","",JAN!J5) | K31: =IF(COUNT(C31:J31)=0,"",SUM(C31:J31)) | L31: ∑
B32: Headcount this Month | C32: =IF(C5="","",C5) | D32: =IF(D5="","",D5) | E32: =IF(E5="","",E5) | F32: =IF(F5="","",F5) | G32: =IF(G5="","",G5) | H32: =IF(H5="","",H5) | I32: =IF(I5="","",I5) | J32: =IF(J5="","",J5) | K32: =IF(COUNT(C32:J32)=0,"",SUM(C32:J32)) | L32: ∑
B33: Full Turnover (%) | C33: =IF(COUNT(C31,C32)<2,"",IF((C32+C31)=0,"",N(C24)/((C32+C31)/2))) | D33: =IF(COUNT(D31,D32)<2,"",IF((D32+D31)=0,"",N(D24)/((D32+D31)/2))) | E33: =IF(COUNT(E31,E32)<2,"",IF((E32+E31)=0,"",N(E24)/((E32+E31)/2))) | F33: =IF(COUNT(F31,F32)<2,"",IF((F32+F31)=0,"",N(F24)/((F32+F31)/2))) | G33: =IF(COUNT(G31,G32)<2,"",IF((G32+G31)=0,"",N(G24)/((G32+G31)/2))) | H33: =IF(COUNT(H31,H32)<2,"",IF((H32+H31)=0,"",N(H24)/((H32+H31)/2))) | I33: =IF(COUNT(I31,I32)<2,"",IF((I32+I31)=0,"",N(I24)/((I32+I31)/2))) | J33: =IF(COUNT(J31,J32)<2,"",IF((J32+J31)=0,"",N(J24)/((J32+J31)/2))) | K33: =IF(COUNT(K31,K32)<2,"",IF((K32+K31)=0,"",N(K24)/((K32+K31)/2))) | L33: ϝ
B34: Permanent Vacancies | K34: =IF(COUNT(C34:J34)=0,"",SUM(C34:J34)) | L34: ∑
B35: Temporary Vacancies | K35: =IF(COUNT(C35:J35)=0,"",SUM(C35:J35)) | L35: ∑
B36: Total Vacancies | C36: =IF(COUNT(C34:C35)=0,"",SUM(C34:C35)) | D36: =IF(COUNT(D34:D35)=0,"",SUM(D34:D35)) | E36: =IF(COUNT(E34:E35)=0,"",SUM(E34:E35)) | F36: =IF(COUNT(F34:F35)=0,"",SUM(F34:F35)) | G36: =IF(COUNT(G34:G35)=0,"",SUM(G34:G35)) | H36: =IF(COUNT(H34:H35)=0,"",SUM(H34:H35)) | I36: =IF(COUNT(I34:I35)=0,"",SUM(I34:I35)) | J36: =IF(COUNT(J34:J35)=0,"",SUM(J34:J35)) | K36: =IF(COUNT(K34:K35)=0,"",SUM(K34:K35)) | L36: ϝ
B37: Authorized Positions | C37: =IF(COUNT(C5,C36)=0,"",N(C5)+N(C36)) | D37: =IF(COUNT(D5,D36)=0,"",N(D5)+N(D36)) | E37: =IF(COUNT(E5,E36)=0,"",N(E5)+N(E36)) | F37: =IF(COUNT(F5,F36)=0,"",N(F5)+N(F36)) | G37: =IF(COUNT(G5,G36)=0,"",N(G5)+N(G36)) | H37: =IF(COUNT(H5,H36)=0,"",N(H5)+N(H36)) | I37: =IF(COUNT(I5,I36)=0,"",N(I5)+N(I36)) | J37: =IF(COUNT(J5,J36)=0,"",N(J5)+N(J36)) | K37: =IF(COUNT(K5,K36)=0,"",N(K5)+N(K36)) | L37: ϝ
B38: Vacancy Rate (%) | C38: =IFERROR(C36/C37,"") | D38: =IFERROR(D36/D37,"") | E38: =IFERROR(E36/E37,"") | F38: =IFERROR(F36/F37,"") | G38: =IFERROR(G36/G37,"") | H38: =IFERROR(H36/H37,"") | I38: =IFERROR(I36/I37,"") | J38: =IFERROR(J36/J37,"") | K38: =IFERROR(K36/K37,"") | L38: ϝ
B39: Permanent TimeToHire (Days) YTD | C39: =IF('(Culinary_CRI)'!$AB$8="","",'(Culinary_CRI)'!$AB$8) | D39: =IF('(Food_GTM)'!$AB$8="","",'(Food_GTM)'!$AB$8) | E39: =IF('(GCG_GTM)'!$AB$8="","",'(GCG_GTM)'!$AB$8) | F39: =IF('(Ground_HND)'!$AB$8="","",'(Ground_HND)'!$AB$8) | G39: =IF('(GCG_HND)'!$AB$8="","",'(GCG_HND)'!$AB$8) | H39: =IF('(Concess_PAN)'!$AB$8="","",'(Concess_PAN)'!$AB$8) | I39: =IF('(GCG_SLV)'!$AB$8="","",'(GCG_SLV)'!$AB$8) | J39: =IF('(Food_SLV)'!$AB$8="","",'(Food_SLV)'!$AB$8) | K39: =IFERROR(AVERAGE(C39:J39),"") | L39: Avg
B40: Temporary TimeToHire (Days) YTD | C40: =IF('(Culinary_CRI)'!$AD$8="","",'(Culinary_CRI)'!$AD$8) | D40: =IF('(Food_GTM)'!$AD$8="","",'(Food_GTM)'!$AD$8) | E40: =IF('(GCG_GTM)'!$AD$8="","",'(GCG_GTM)'!$AD$8) | F40: =IF('(Ground_HND)'!$AD$8="","",'(Ground_HND)'!$AD$8) | G40: =IF('(GCG_HND)'!$AD$8="","",'(GCG_HND)'!$AD$8) | H40: =IF('(Concess_PAN)'!$AD$8="","",'(Concess_PAN)'!$AD$8) | I40: =IF('(GCG_SLV)'!$AD$8="","",'(GCG_SLV)'!$AD$8) | J40: =IF('(Food_SLV)'!$AD$8="","",'(Food_SLV)'!$AD$8) | K40: =IFERROR(AVERAGE(C40:J40),"") | L40: Avg
B41: Check-ins Rate Completed (%) | K41: =IFERROR(AVERAGE(C41:J41),"") | L41: Avg
B42: EE Objectives Completed (#) | K42: =IF(COUNT(C42:J42)=0,"",SUM(C42:J42)) | L42: ∑
B43: Non-certified Absent (Days Lost) | K43: =IF(COUNT(C43:J43)=0,"",SUM(C43:J43)) | L43: ∑
B44: Certified sick leave (Days Lost) | K44: =IF(COUNT(C44:J44)=0,"",SUM(C44:J44)) | L44: ∑
B45: Total Absences | C45: =IF(COUNT(C43:C44)=0,"",SUM(C43:C44)) | D45: =IF(COUNT(D43:D44)=0,"",SUM(D43:D44)) | E45: =IF(COUNT(E43:E44)=0,"",SUM(E43:E44)) | F45: =IF(COUNT(F43:F44)=0,"",SUM(F43:F44)) | G45: =IF(COUNT(G43:G44)=0,"",SUM(G43:G44)) | H45: =IF(COUNT(H43:H44)=0,"",SUM(H43:H44)) | I45: =IF(COUNT(I43:I44)=0,"",SUM(I43:I44)) | J45: =IF(COUNT(J43:J44)=0,"",SUM(J43:J44)) | K45: =IF(COUNT(K43:K44)=0,"",SUM(K43:K44)) | L45: ϝ
B46: Absent Rate Non-Certified (%) | C46: =IF('(Culinary_CRI)'!$G$8="","",'(Culinary_CRI)'!$G$8) | D46: =IF('(Food_GTM)'!$G$8="","",'(Food_GTM)'!$G$8) | E46: =IF('(GCG_GTM)'!$G$8="","",'(GCG_GTM)'!$G$8) | F46: =IF('(Ground_HND)'!$G$8="","",'(Ground_HND)'!$G$8) | G46: =IF('(GCG_HND)'!$G$8="","",'(GCG_HND)'!$G$8) | H46: =IF('(Concess_PAN)'!$G$8="","",'(Concess_PAN)'!$G$8) | I46: =IF('(GCG_SLV)'!$G$8="","",'(GCG_SLV)'!$G$8) | J46: =IF('(Food_SLV)'!$G$8="","",'(Food_SLV)'!$G$8) | K46: {=IF(COUNT(C46:J46)=0,"",IFERROR(SUMPRODUCT(IFERROR(C46:J46*((C3:J3)+(C4:J4)),0))/SUMPRODUCT(IFERROR(ISNUMBER(C46:J46)*((C3:J3)+(C4:J4)),0)),""))} | L46: Weighted
B47: Absent Rate Certified (%) | C47: =IF('(Culinary_CRI)'!$O$8="","",'(Culinary_CRI)'!$O$8) | D47: =IF('(Food_GTM)'!$O$8="","",'(Food_GTM)'!$O$8) | E47: =IF('(GCG_GTM)'!$O$8="","",'(GCG_GTM)'!$O$8) | F47: =IF('(Ground_HND)'!$O$8="","",'(Ground_HND)'!$O$8) | G47: =IF('(GCG_HND)'!$O$8="","",'(GCG_HND)'!$O$8) | H47: =IF('(Concess_PAN)'!$O$8="","",'(Concess_PAN)'!$O$8) | I47: =IF('(GCG_SLV)'!$O$8="","",'(GCG_SLV)'!$O$8) | J47: =IF('(Food_SLV)'!$O$8="","",'(Food_SLV)'!$O$8) | K47: {=IF(COUNT(C47:J47)=0,"",IFERROR(SUMPRODUCT(IFERROR(C47:J47*((C3:J3)+(C4:J4)),0))/SUMPRODUCT(IFERROR(ISNUMBER(C47:J47)*((C3:J3)+(C4:J4)),0)),""))} | L47: Weighted
B48: Absent Rate Total (%) | C48: =IF(COUNT(C46:C47)=0,"",SUM(C46:C47)) | D48: =IF(COUNT(D46:D47)=0,"",SUM(D46:D47)) | E48: =IF(COUNT(E46:E47)=0,"",SUM(E46:E47)) | F48: =IF(COUNT(F46:F47)=0,"",SUM(F46:F47)) | G48: =IF(COUNT(G46:G47)=0,"",SUM(G46:G47)) | H48: =IF(COUNT(H46:H47)=0,"",SUM(H46:H47)) | I48: =IF(COUNT(I46:I47)=0,"",SUM(I46:I47)) | J48: =IF(COUNT(J46:J47)=0,"",SUM(J46:J47)) | K48: =IF(COUNT(K46:K47)=0,"",SUM(K46:K47)) | L48: Weighted
B49: Weight factor | C49: =IFERROR(C5/$K5,"") | D49: =IFERROR(D5/$K5,"") | E49: =IFERROR(E5/$K5,"") | F49: =IFERROR(F5/$K5,"") | G49: =IFERROR(G5/$K5,"") | H49: =IFERROR(H5/$K5,"") | I49: =IFERROR(I5/$K5,"") | J49: =IFERROR(J5/$K5,"") | K49: =IF(COUNT(C49:J49)=0,"",SUM(C49:J49)) | L49: Weight Factor
B50: Leadership (Hours) | K50: =IF(COUNT(C50:J50)=0,"",SUM(C50:J50)) | L50: ∑
B51: Technical (Hours) | K51: =IF(COUNT(C51:J51)=0,"",SUM(C51:J51)) | L51: ∑
B52: Professional Develop. (Hours) | K52: =IF(COUNT(C52:J52)=0,"",SUM(C52:J52)) | L52: ∑
B53: HSSE (Hours) | K53: =IF(COUNT(C53:J53)=0,"",SUM(C53:J53)) | L53: ∑
B54: Workday (Hours) | K54: =IF(COUNT(C54:J54)=0,"",SUM(C54:J54)) | L54: ∑
B55: Total Training Hours | C55: =IF(COUNT(C50:C54)=0,"",SUM(C50:C54)) | D55: =IF(COUNT(D50:D54)=0,"",SUM(D50:D54)) | E55: =IF(COUNT(E50:E54)=0,"",SUM(E50:E54)) | F55: =IF(COUNT(F50:F54)=0,"",SUM(F50:F54)) | G55: =IF(COUNT(G50:G54)=0,"",SUM(G50:G54)) | H55: =IF(COUNT(H50:H54)=0,"",SUM(H50:H54)) | I55: =IF(COUNT(I50:I54)=0,"",SUM(I50:I54)) | J55: =IF(COUNT(J50:J54)=0,"",SUM(J50:J54)) | K55: =IF(COUNT(K50:K54)=0,"",SUM(K50:K54)) | L55: ϝ
B56: Total Trained (Staff) | K56: =IF(COUNT(C56:J56)=0,"",SUM(C56:J56)) | L56: ∑
B57: Training Programs (#) | K57: =IF(COUNT(C57:J57)=0,"",SUM(C57:J57)) | L57: ∑
B58: Training Cost (USD) | K58: =IF(COUNT(C58:J58)=0,"",SUM(C58:J58)) | L58: ∑
B59: Training Travel Cost (USD) | K59: =IF(COUNT(C59:J59)=0,"",SUM(C59:J59)) | L59: ∑
B60: Leadership Hours Trained (%) | C60: =IFERROR(C50/C$55,"") | D60: =IFERROR(D50/D$55,"") | E60: =IFERROR(E50/E$55,"") | F60: =IFERROR(F50/F$55,"") | G60: =IFERROR(G50/G$55,"") | H60: =IFERROR(H50/H$55,"") | I60: =IFERROR(I50/I$55,"") | J60: =IFERROR(J50/J$55,"") | K60: =IFERROR(K50/K$55,"") | L60: ϝ
B61: Technical Hours Trained (%) | C61: =IFERROR(C51/C$55,"") | D61: =IFERROR(D51/D$55,"") | E61: =IFERROR(E51/E$55,"") | F61: =IFERROR(F51/F$55,"") | G61: =IFERROR(G51/G$55,"") | H61: =IFERROR(H51/H$55,"") | I61: =IFERROR(I51/I$55,"") | J61: =IFERROR(J51/J$55,"") | K61: =IFERROR(K51/K$55,"") | L61: ϝ
B62: Profess. Dev. Hours Trained (%) | C62: =IFERROR(C52/C$55,"") | D62: =IFERROR(D52/D$55,"") | E62: =IFERROR(E52/E$55,"") | F62: =IFERROR(F52/F$55,"") | G62: =IFERROR(G52/G$55,"") | H62: =IFERROR(H52/H$55,"") | I62: =IFERROR(I52/I$55,"") | J62: =IFERROR(J52/J$55,"") | K62: =IFERROR(K52/K$55,"") | L62: ϝ
B63: HSSE Hours Trained (%) | C63: =IFERROR(C53/C$55,"") | D63: =IFERROR(D53/D$55,"") | E63: =IFERROR(E53/E$55,"") | F63: =IFERROR(F53/F$55,"") | G63: =IFERROR(G53/G$55,"") | H63: =IFERROR(H53/H$55,"") | I63: =IFERROR(I53/I$55,"") | J63: =IFERROR(J53/J$55,"") | K63: =IFERROR(K53/K$55,"") | L63: ϝ
B64: Workday Hours Trained (%) | C64: =IFERROR(C54/C$55,"") | D64: =IFERROR(D54/D$55,"") | E64: =IFERROR(E54/E$55,"") | F64: =IFERROR(F54/F$55,"") | G64: =IFERROR(G54/G$55,"") | H64: =IFERROR(H54/H$55,"") | I64: =IFERROR(I54/I$55,"") | J64: =IFERROR(J54/J$55,"") | K64: =IFERROR(K54/K$55,"") | L64: ϝ
B65: Staff Trained (%) | C65: =IFERROR(C56/C5,"") | D65: =IFERROR(D56/D5,"") | E65: =IFERROR(E56/E5,"") | F65: =IFERROR(F56/F5,"") | G65: =IFERROR(G56/G5,"") | H65: =IFERROR(H56/H5,"") | I65: =IFERROR(I56/I5,"") | J65: =IFERROR(J56/J5,"") | K65: =IFERROR(K56/K5,"") | L65: ϝ
B66: Training Hours / EE | C66: =IFERROR(C55/C5,"") | D66: =IFERROR(D55/D5,"") | E66: =IFERROR(E55/E5,"") | F66: =IFERROR(F55/F5,"") | G66: =IFERROR(G55/G5,"") | H66: =IFERROR(H55/H5,"") | I66: =IFERROR(I55/I5,"") | J66: =IFERROR(J55/J5,"") | K66: =IFERROR(K55/K5,"") | L66: ϝ
B67: Training Hours / EE Trained | C67: =IFERROR(C55/C56,"") | D67: =IFERROR(D55/D56,"") | E67: =IFERROR(E55/E56,"") | F67: =IFERROR(F55/F56,"") | G67: =IFERROR(G55/G56,"") | H67: =IFERROR(H55/H56,"") | I67: =IFERROR(I55/I56,"") | J67: =IFERROR(J55/J56,"") | K67: =IFERROR(K55/K56,"") | L67: ϝ
B68: Training Invest. / EE (USD) | C68: =IF(COUNT(C58:C59)=0,"",IFERROR((N(C58)+N(C59))/C5,"")) | D68: =IF(COUNT(D58:D59)=0,"",IFERROR((N(D58)+N(D59))/D5,"")) | E68: =IF(COUNT(E58:E59)=0,"",IFERROR((N(E58)+N(E59))/E5,"")) | F68: =IF(COUNT(F58:F59)=0,"",IFERROR((N(F58)+N(F59))/F5,"")) | G68: =IF(COUNT(G58:G59)=0,"",IFERROR((N(G58)+N(G59))/G5,"")) | H68: =IF(COUNT(H58:H59)=0,"",IFERROR((N(H58)+N(H59))/H5,"")) | I68: =IF(COUNT(I58:I59)=0,"",IFERROR((N(I58)+N(I59))/I5,"")) | J68: =IF(COUNT(J58:J59)=0,"",IFERROR((N(J58)+N(J59))/J5,"")) | K68: =IF(COUNT(K58:K59)=0,"",IFERROR((N(K58)+N(K59))/K5,"")) | L68: ϝ
B69: Training Invest. / EE Trained (USD) | C69: =IF(COUNT(C58:C59)=0,"",IFERROR((N(C58)+N(C59))/C56,"")) | D69: =IF(COUNT(D58:D59)=0,"",IFERROR((N(D58)+N(D59))/D56,"")) | E69: =IF(COUNT(E58:E59)=0,"",IFERROR((N(E58)+N(E59))/E56,"")) | F69: =IF(COUNT(F58:F59)=0,"",IFERROR((N(F58)+N(F59))/F56,"")) | G69: =IF(COUNT(G58:G59)=0,"",IFERROR((N(G58)+N(G59))/G56,"")) | H69: =IF(COUNT(H58:H59)=0,"",IFERROR((N(H58)+N(H59))/H56,"")) | I69: =IF(COUNT(I58:I59)=0,"",IFERROR((N(I58)+N(I59))/I56,"")) | J69: =IF(COUNT(J58:J59)=0,"",IFERROR((N(J58)+N(J59))/J56,"")) | K69: =IF(COUNT(K58:K59)=0,"",IFERROR((N(K58)+N(K59))/K56,"")) | L69: ϝ
B70: Input Cells Not Submitted | C70: =COUNTBLANK(C3:C4)+COUNTBLANK(C6:C10)+COUNTBLANK(C12:C13)+COUNTBLANK(C18:C20)+COUNTBLANK(C22:C23)+COUNTBLANK(C27:C28)+COUNTBLANK(C34:C35)+COUNTBLANK(C39:C44)+COUNTBLANK(C46:C47)+COUNTBLANK(C50:C54)+COUNTBLANK(C56:C59) | D70: =COUNTBLANK(D3:D4)+COUNTBLANK(D6:D10)+COUNTBLANK(D12:D13)+COUNTBLANK(D18:D20)+COUNTBLANK(D22:D23)+COUNTBLANK(D27:D28)+COUNTBLANK(D34:D35)+COUNTBLANK(D39:D44)+COUNTBLANK(D46:D47)+COUNTBLANK(D50:D54)+COUNTBLANK(D56:D59) | E70: =COUNTBLANK(E3:E4)+COUNTBLANK(E6:E10)+COUNTBLANK(E12:E13)+COUNTBLANK(E18:E20)+COUNTBLANK(E22:E23)+COUNTBLANK(E27:E28)+COUNTBLANK(E34:E35)+COUNTBLANK(E39:E44)+COUNTBLANK(E46:E47)+COUNTBLANK(E50:E54)+COUNTBLANK(E56:E59) | F70: =COUNTBLANK(F3:F4)+COUNTBLANK(F6:F10)+COUNTBLANK(F12:F13)+COUNTBLANK(F18:F20)+COUNTBLANK(F22:F23)+COUNTBLANK(F27:F28)+COUNTBLANK(F34:F35)+COUNTBLANK(F39:F44)+COUNTBLANK(F46:F47)+COUNTBLANK(F50:F54)+COUNTBLANK(F56:F59) | G70: =COUNTBLANK(G3:G4)+COUNTBLANK(G6:G10)+COUNTBLANK(G12:G13)+COUNTBLANK(G18:G20)+COUNTBLANK(G22:G23)+COUNTBLANK(G27:G28)+COUNTBLANK(G34:G35)+COUNTBLANK(G39:G44)+COUNTBLANK(G46:G47)+COUNTBLANK(G50:G54)+COUNTBLANK(G56:G59) | H70: =COUNTBLANK(H3:H4)+COUNTBLANK(H6:H10)+COUNTBLANK(H12:H13)+COUNTBLANK(H18:H20)+COUNTBLANK(H22:H23)+COUNTBLANK(H27:H28)+COUNTBLANK(H34:H35)+COUNTBLANK(H39:H44)+COUNTBLANK(H46:H47)+COUNTBLANK(H50:H54)+COUNTBLANK(H56:H59) | I70: =COUNTBLANK(I3:I4)+COUNTBLANK(I6:I10)+COUNTBLANK(I12:I13)+COUNTBLANK(I18:I20)+COUNTBLANK(I22:I23)+COUNTBLANK(I27:I28)+COUNTBLANK(I34:I35)+COUNTBLANK(I39:I44)+COUNTBLANK(I46:I47)+COUNTBLANK(I50:I54)+COUNTBLANK(I56:I59) | J70: =COUNTBLANK(J3:J4)+COUNTBLANK(J6:J10)+COUNTBLANK(J12:J13)+COUNTBLANK(J18:J20)+COUNTBLANK(J22:J23)+COUNTBLANK(J27:J28)+COUNTBLANK(J34:J35)+COUNTBLANK(J39:J44)+COUNTBLANK(J46:J47)+COUNTBLANK(J50:J54)+COUNTBLANK(J56:J59) | K70: =SUM(C70:J70) | L70: ∑

Sheet MAR
B1: GCG CENTRAL AMERICA | C1: 1171 | D1: 1162 | E1: 1076 | F1: 1170 | G1: 1078 | H1: 1172 | I1: 1074 | J1: 1161
A2: =VALUE(TEXT(EDATE(DATE(LEFT(FEB!A2,4),RIGHT(FEB!A2,2),1),1),"yyyymm")) | B2: MAR | C2: GCG Culinary Costa Rica | D2: GCG Food Guatemala | E2: GCG Guatemala | F2: GCG Aviation Ground Honduras | G2: GCG Honduras | H2: GCG Concessions Panama | I2: GCG El Salvador | J2: GCG Food El Salvador | K2: TOTAL | L2: Total by Division | M2: =N(M11)<>0
A3: =+A2 | B3: Permanent (Regular) Headcount | K3: =IF(COUNT(C3:J3)=0,"",SUM(C3:J3)) | L3: ∑
B4: Temporary (Fix Term) Headcount | K4: =IF(COUNT(C4:J4)=0,"",SUM(C4:J4)) | L4: ∑
B5: Employee Headcount (Productivity) | C5: =IF(COUNT(C3:C4)=0,"",SUM(C3:C4)) | D5: =IF(COUNT(D3:D4)=0,"",SUM(D3:D4)) | E5: =IF(COUNT(E3:E4)=0,"",SUM(E3:E4)) | F5: =IF(COUNT(F3:F4)=0,"",SUM(F3:F4)) | G5: =IF(COUNT(G3:G4)=0,"",SUM(G3:G4)) | H5: =IF(COUNT(H3:H4)=0,"",SUM(H3:H4)) | I5: =IF(COUNT(I3:I4)=0,"",SUM(I3:I4)) | J5: =IF(COUNT(J3:J4)=0,"",SUM(J3:J4)) | K5: =IF(COUNT(K3:K4)=0,"",SUM(K3:K4)) | L5: ϝ
B6: Headcount = 1.00 | K6: =IF(COUNT(C6:J6)=0,"",SUM(C6:J6)) | L6: ∑
B7: Headcount = 0.75 | K7: =IF(COUNT(C7:J7)=0,"",SUM(C7:J7)) | L7: ∑
B8: Headcount = 0.50 | K8: =IF(COUNT(C8:J8)=0,"",SUM(C8:J8)) | L8: ∑
B9: Headcount = 0.25 | K9: =IF(COUNT(C9:J9)=0,"",SUM(C9:J9)) | L9: ∑
B10: Standard Monthly Hours (FTE basis) | K10: =IFERROR(AVERAGE(C10:J10),"") | L10: Avg
B11: Employee FTE (Finance) | C11: =IF(COUNT(C6:C9)=0,"",N(C6)+N(C7)*0.75+N(C8)*0.5+N(C9)*0.25) | D11: =IF(COUNT(D6:D9)=0,"",N(D6)+N(D7)*0.75+N(D8)*0.5+N(D9)*0.25) | E11: =IF(COUNT(E6:E9)=0,"",N(E6)+N(E7)*0.75+N(E8)*0.5+N(E9)*0.25) | F11: =IF(COUNT(F6:F9)=0,"",N(F6)+N(F7)*0.75+N(F8)*0.5+N(F9)*0.25) | G11: =IF(COUNT(G6:G9)=0,"",N(G6)+N(G7)*0.75+N(G8)*0.5+N(G9)*0.25) | H11: =IF(COUNT(H6:H9)=0,"",N(H6)+N(H7)*0.75+N(H8)*0.5+N(H9)*0.25) | I11: =IF(COUNT(I6:I9)=0,"",N(I6)+N(I7)*0.75+N(I8)*0.5+N(I9)*0.25) | J11: =IF(COUNT(J6:J9)=0,"",N(J6)+N(J7)*0.75+N(J8)*0.5+N(J9)*0.25) | K11: =IF(COUNT(K6:K9)=0,"",N(K6)+N(K7)*0.75+N(K8)*0.5+N(K9)*0.25) | L11: FTE | M11: =IF(COUNT(K5:K9)=0,"",N(K6)+N(K7)+N(K8)+N(K9)-N(K5))
B12: Subcontracted Workforce HC | K12: =IF(COUNT(C12:J12)=0,"",SUM(C12:J12)) | L12: ∑
B13: Subcontracted Productive Hours | K13: =IF(COUNT(C13:J13)=0,"",SUM(C13:J13)) | L13: ∑
B14: Subcontracted FTE | C14: =IFERROR(C13/C10,"") | D14: =IFERROR(D13/D10,"") | E14: =IFERROR(E13/E10,"") | F14: =IFERROR(F13/F10,"") | G14: =IFERROR(G13/G10,"") | H14: =IFERROR(H13/H10,"") | I14: =IFERROR(I13/I10,"") | J14: =IFERROR(J13/J10,"") | K14: =IF(COUNT(C14:J14)=0,"",SUM(C14:J14)) | L14: FTE
B15: Total Operational Workforce | C15: =IF(COUNT(C5,C12)=0,"",SUM(C5,C12)) | D15: =IF(COUNT(D5,D12)=0,"",SUM(D5,D12)) | E15: =IF(COUNT(E5,E12)=0,"",SUM(E5,E12)) | F15: =IF(COUNT(F5,F12)=0,"",SUM(F5,F12)) | G15: =IF(COUNT(G5,G12)=0,"",SUM(G5,G12)) | H15: =IF(COUNT(H5,H12)=0,"",SUM(H5,H12)) | I15: =IF(COUNT(I5,I12)=0,"",SUM(I5,I12)) | J15: =IF(COUNT(J5,J12)=0,"",SUM(J5,J12)) | K15: =IF(COUNT(K5,K12)=0,"",SUM(K5,K12)) | L15: ϝ
B16: Total Operational FTE | C16: =IF(COUNT(C11,C14)=0,"",SUM(C11,C14)) | D16: =IF(COUNT(D11,D14)=0,"",SUM(D11,D14)) | E16: =IF(COUNT(E11,E14)=0,"",SUM(E11,E14)) | F16: =IF(COUNT(F11,F14)=0,"",SUM(F11,F14)) | G16: =IF(COUNT(G11,G14)=0,"",SUM(G11,G14)) | H16: =IF(COUNT(H11,H14)=0,"",SUM(H11,H14)) | I16: =IF(COUNT(I11,I14)=0,"",SUM(I11,I14)) | J16: =IF(COUNT(J11,J14)=0,"",SUM(J11,J14)) | K16: =IF(COUNT(K11,K14)=0,"",SUM(K11,K14)) | L16: FTE
B17: Subcontracted Share of Workforce (%) | C17: =IFERROR(C12/C15,"") | D17: =IFERROR(D12/D15,"") | E17: =IFERROR(E12/E15,"") | F17: =IFERROR(F12/F15,"") | G17: =IFERROR(G12/G15,"") | H17: =IFERROR(H12/H15,"") | I17: =IFERROR(I12/I15,"") | J17: =IFERROR(J12/J15,"") | K17: =IFERROR(K12/K15,"") | L17: ϝ
B18: FTE HR Team | K18: =IF(COUNT(C18:J18)=0,"",SUM(C18:J18)) | L18: ∑
B19: Permanent Hires | K19: =IF(COUNT(C19:J19)=0,"",SUM(C19:J19)) | L19: ∑
B20: Temporary Hires | K20: =IF(COUNT(C20:J20)=0,"",SUM(C20:J20)) | L20: ∑
B21: Total Hires | C21: =IF(COUNT(C19:C20)=0,"",SUM(C19:C20)) | D21: =IF(COUNT(D19:D20)=0,"",SUM(D19:D20)) | E21: =IF(COUNT(E19:E20)=0,"",SUM(E19:E20)) | F21: =IF(COUNT(F19:F20)=0,"",SUM(F19:F20)) | G21: =IF(COUNT(G19:G20)=0,"",SUM(G19:G20)) | H21: =IF(COUNT(H19:H20)=0,"",SUM(H19:H20)) | I21: =IF(COUNT(I19:I20)=0,"",SUM(I19:I20)) | J21: =IF(COUNT(J19:J20)=0,"",SUM(J19:J20)) | K21: =IF(COUNT(K19:K20)=0,"",SUM(K19:K20)) | L21: ϝ
B22: Permanent Exits | K22: =IF(COUNT(C22:J22)=0,"",SUM(C22:J22)) | L22: ∑
B23: Temporary Exits | K23: =IF(COUNT(C23:J23)=0,"",SUM(C23:J23)) | L23: ∑
B24: Total Exits | C24: =IF(COUNT(C22:C23)=0,"",SUM(C22:C23)) | D24: =IF(COUNT(D22:D23)=0,"",SUM(D22:D23)) | E24: =IF(COUNT(E22:E23)=0,"",SUM(E22:E23)) | F24: =IF(COUNT(F22:F23)=0,"",SUM(F22:F23)) | G24: =IF(COUNT(G22:G23)=0,"",SUM(G22:G23)) | H24: =IF(COUNT(H22:H23)=0,"",SUM(H22:H23)) | I24: =IF(COUNT(I22:I23)=0,"",SUM(I22:I23)) | J24: =IF(COUNT(J22:J23)=0,"",SUM(J22:J23)) | K24: =IF(COUNT(K22:K23)=0,"",SUM(K22:K23)) | L24: ϝ
B25: Permanent Turnover (%) | C25: =IF(COUNT(C31,C32)<2,"",IF((C32+C31)=0,"",N(C22)/((C32+C31)/2))) | D25: =IF(COUNT(D31,D32)<2,"",IF((D32+D31)=0,"",N(D22)/((D32+D31)/2))) | E25: =IF(COUNT(E31,E32)<2,"",IF((E32+E31)=0,"",N(E22)/((E32+E31)/2))) | F25: =IF(COUNT(F31,F32)<2,"",IF((F32+F31)=0,"",N(F22)/((F32+F31)/2))) | G25: =IF(COUNT(G31,G32)<2,"",IF((G32+G31)=0,"",N(G22)/((G32+G31)/2))) | H25: =IF(COUNT(H31,H32)<2,"",IF((H32+H31)=0,"",N(H22)/((H32+H31)/2))) | I25: =IF(COUNT(I31,I32)<2,"",IF((I32+I31)=0,"",N(I22)/((I32+I31)/2))) | J25: =IF(COUNT(J31,J32)<2,"",IF((J32+J31)=0,"",N(J22)/((J32+J31)/2))) | K25: =IF(COUNT(K31,K32)<2,"",IF((K32+K31)=0,"",N(K22)/((K32+K31)/2))) | L25: ϝ
B26: Temporary Turnover (%) | C26: =IF(COUNT(C31,C32)<2,"",IF((C32+C31)=0,"",N(C23)/((C32+C31)/2))) | D26: =IF(COUNT(D31,D32)<2,"",IF((D32+D31)=0,"",N(D23)/((D32+D31)/2))) | E26: =IF(COUNT(E31,E32)<2,"",IF((E32+E31)=0,"",N(E23)/((E32+E31)/2))) | F26: =IF(COUNT(F31,F32)<2,"",IF((F32+F31)=0,"",N(F23)/((F32+F31)/2))) | G26: =IF(COUNT(G31,G32)<2,"",IF((G32+G31)=0,"",N(G23)/((G32+G31)/2))) | H26: =IF(COUNT(H31,H32)<2,"",IF((H32+H31)=0,"",N(H23)/((H32+H31)/2))) | I26: =IF(COUNT(I31,I32)<2,"",IF((I32+I31)=0,"",N(I23)/((I32+I31)/2))) | J26: =IF(COUNT(J31,J32)<2,"",IF((J32+J31)=0,"",N(J23)/((J32+J31)/2))) | K26: =IF(COUNT(K31,K32)<2,"",IF((K32+K31)=0,"",N(K23)/((K32+K31)/2))) | L26: ϝ
B27: Voluntary Terminations | K27: =IF(COUNT(C27:J27)=0,"",SUM(C27:J27)) | L27: ∑
B28: Involuntary Terminations | K28: =IF(COUNT(C28:J28)=0,"",SUM(C28:J28)) | L28: ∑
B29: Voluntary Turnover (%) | C29: =IF(COUNT(C31,C32)<2,"",IF((C32+C31)=0,"",N(C27)/((C32+C31)/2))) | D29: =IF(COUNT(D31,D32)<2,"",IF((D32+D31)=0,"",N(D27)/((D32+D31)/2))) | E29: =IF(COUNT(E31,E32)<2,"",IF((E32+E31)=0,"",N(E27)/((E32+E31)/2))) | F29: =IF(COUNT(F31,F32)<2,"",IF((F32+F31)=0,"",N(F27)/((F32+F31)/2))) | G29: =IF(COUNT(G31,G32)<2,"",IF((G32+G31)=0,"",N(G27)/((G32+G31)/2))) | H29: =IF(COUNT(H31,H32)<2,"",IF((H32+H31)=0,"",N(H27)/((H32+H31)/2))) | I29: =IF(COUNT(I31,I32)<2,"",IF((I32+I31)=0,"",N(I27)/((I32+I31)/2))) | J29: =IF(COUNT(J31,J32)<2,"",IF((J32+J31)=0,"",N(J27)/((J32+J31)/2))) | K29: =IF(COUNT(K31,K32)<2,"",IF((K32+K31)=0,"",N(K27)/((K32+K31)/2))) | L29: ϝ
B30: Involuntary Turnover (%) | C30: =IF(COUNT(C31,C32)<2,"",IF((C32+C31)=0,"",N(C28)/((C32+C31)/2))) | D30: =IF(COUNT(D31,D32)<2,"",IF((D32+D31)=0,"",N(D28)/((D32+D31)/2))) | E30: =IF(COUNT(E31,E32)<2,"",IF((E32+E31)=0,"",N(E28)/((E32+E31)/2))) | F30: =IF(COUNT(F31,F32)<2,"",IF((F32+F31)=0,"",N(F28)/((F32+F31)/2))) | G30: =IF(COUNT(G31,G32)<2,"",IF((G32+G31)=0,"",N(G28)/((G32+G31)/2))) | H30: =IF(COUNT(H31,H32)<2,"",IF((H32+H31)=0,"",N(H28)/((H32+H31)/2))) | I30: =IF(COUNT(I31,I32)<2,"",IF((I32+I31)=0,"",N(I28)/((I32+I31)/2))) | J30: =IF(COUNT(J31,J32)<2,"",IF((J32+J31)=0,"",N(J28)/((J32+J31)/2))) | K30: =IF(COUNT(K31,K32)<2,"",IF((K32+K31)=0,"",N(K28)/((K32+K31)/2))) | L30: ϝ
B31: Headcount last Month | C31: =IF(FEB!C5="","",FEB!C5) | D31: =IF(FEB!D5="","",FEB!D5) | E31: =IF(FEB!E5="","",FEB!E5) | F31: =IF(FEB!F5="","",FEB!F5) | G31: =IF(FEB!G5="","",FEB!G5) | H31: =IF(FEB!H5="","",FEB!H5) | I31: =IF(FEB!I5="","",FEB!I5) | J31: =IF(FEB!J5="","",FEB!J5) | K31: =IF(COUNT(C31:J31)=0,"",SUM(C31:J31)) | L31: ∑
B32: Headcount this Month | C32: =IF(C5="","",C5) | D32: =IF(D5="","",D5) | E32: =IF(E5="","",E5) | F32: =IF(F5="","",F5) | G32: =IF(G5="","",G5) | H32: =IF(H5="","",H5) | I32: =IF(I5="","",I5) | J32: =IF(J5="","",J5) | K32: =IF(COUNT(C32:J32)=0,"",SUM(C32:J32)) | L32: ∑
B33: Full Turnover (%) | C33: =IF(COUNT(C31,C32)<2,"",IF((C32+C31)=0,"",N(C24)/((C32+C31)/2))) | D33: =IF(COUNT(D31,D32)<2,"",IF((D32+D31)=0,"",N(D24)/((D32+D31)/2))) | E33: =IF(COUNT(E31,E32)<2,"",IF((E32+E31)=0,"",N(E24)/((E32+E31)/2))) | F33: =IF(COUNT(F31,F32)<2,"",IF((F32+F31)=0,"",N(F24)/((F32+F31)/2))) | G33: =IF(COUNT(G31,G32)<2,"",IF((G32+G31)=0,"",N(G24)/((G32+G31)/2))) | H33: =IF(COUNT(H31,H32)<2,"",IF((H32+H31)=0,"",N(H24)/((H32+H31)/2))) | I33: =IF(COUNT(I31,I32)<2,"",IF((I32+I31)=0,"",N(I24)/((I32+I31)/2))) | J33: =IF(COUNT(J31,J32)<2,"",IF((J32+J31)=0,"",N(J24)/((J32+J31)/2))) | K33: =IF(COUNT(K31,K32)<2,"",IF((K32+K31)=0,"",N(K24)/((K32+K31)/2))) | L33: ϝ
B34: Permanent Vacancies | K34: =IF(COUNT(C34:J34)=0,"",SUM(C34:J34)) | L34: ∑
B35: Temporary Vacancies | K35: =IF(COUNT(C35:J35)=0,"",SUM(C35:J35)) | L35: ∑
B36: Total Vacancies | C36: =IF(COUNT(C34:C35)=0,"",SUM(C34:C35)) | D36: =IF(COUNT(D34:D35)=0,"",SUM(D34:D35)) | E36: =IF(COUNT(E34:E35)=0,"",SUM(E34:E35)) | F36: =IF(COUNT(F34:F35)=0,"",SUM(F34:F35)) | G36: =IF(COUNT(G34:G35)=0,"",SUM(G34:G35)) | H36: =IF(COUNT(H34:H35)=0,"",SUM(H34:H35)) | I36: =IF(COUNT(I34:I35)=0,"",SUM(I34:I35)) | J36: =IF(COUNT(J34:J35)=0,"",SUM(J34:J35)) | K36: =IF(COUNT(K34:K35)=0,"",SUM(K34:K35)) | L36: ϝ
B37: Authorized Positions | C37: =IF(COUNT(C5,C36)=0,"",N(C5)+N(C36)) | D37: =IF(COUNT(D5,D36)=0,"",N(D5)+N(D36)) | E37: =IF(COUNT(E5,E36)=0,"",N(E5)+N(E36)) | F37: =IF(COUNT(F5,F36)=0,"",N(F5)+N(F36)) | G37: =IF(COUNT(G5,G36)=0,"",N(G5)+N(G36)) | H37: =IF(COUNT(H5,H36)=0,"",N(H5)+N(H36)) | I37: =IF(COUNT(I5,I36)=0,"",N(I5)+N(I36)) | J37: =IF(COUNT(J5,J36)=0,"",N(J5)+N(J36)) | K37: =IF(COUNT(K5,K36)=0,"",N(K5)+N(K36)) | L37: ϝ
B38: Vacancy Rate (%) | C38: =IFERROR(C36/C37,"") | D38: =IFERROR(D36/D37,"") | E38: =IFERROR(E36/E37,"") | F38: =IFERROR(F36/F37,"") | G38: =IFERROR(G36/G37,"") | H38: =IFERROR(H36/H37,"") | I38: =IFERROR(I36/I37,"") | J38: =IFERROR(J36/J37,"") | K38: =IFERROR(K36/K37,"") | L38: ϝ
B39: Permanent TimeToHire (Days) YTD | C39: =IF('(Culinary_CRI)'!$AB$9="","",'(Culinary_CRI)'!$AB$9) | D39: =IF('(Food_GTM)'!$AB$9="","",'(Food_GTM)'!$AB$9) | E39: =IF('(GCG_GTM)'!$AB$9="","",'(GCG_GTM)'!$AB$9) | F39: =IF('(Ground_HND)'!$AB$9="","",'(Ground_HND)'!$AB$9) | G39: =IF('(GCG_HND)'!$AB$9="","",'(GCG_HND)'!$AB$9) | H39: =IF('(Concess_PAN)'!$AB$9="","",'(Concess_PAN)'!$AB$9) | I39: =IF('(GCG_SLV)'!$AB$9="","",'(GCG_SLV)'!$AB$9) | J39: =IF('(Food_SLV)'!$AB$9="","",'(Food_SLV)'!$AB$9) | K39: =IFERROR(AVERAGE(C39:J39),"") | L39: Avg
B40: Temporary TimeToHire (Days) YTD | C40: =IF('(Culinary_CRI)'!$AD$9="","",'(Culinary_CRI)'!$AD$9) | D40: =IF('(Food_GTM)'!$AD$9="","",'(Food_GTM)'!$AD$9) | E40: =IF('(GCG_GTM)'!$AD$9="","",'(GCG_GTM)'!$AD$9) | F40: =IF('(Ground_HND)'!$AD$9="","",'(Ground_HND)'!$AD$9) | G40: =IF('(GCG_HND)'!$AD$9="","",'(GCG_HND)'!$AD$9) | H40: =IF('(Concess_PAN)'!$AD$9="","",'(Concess_PAN)'!$AD$9) | I40: =IF('(GCG_SLV)'!$AD$9="","",'(GCG_SLV)'!$AD$9) | J40: =IF('(Food_SLV)'!$AD$9="","",'(Food_SLV)'!$AD$9) | K40: =IFERROR(AVERAGE(C40:J40),"") | L40: Avg
B41: Check-ins Rate Completed (%) | K41: =IFERROR(AVERAGE(C41:J41),"") | L41: Avg
B42: EE Objectives Completed (#) | K42: =IF(COUNT(C42:J42)=0,"",SUM(C42:J42)) | L42: ∑
B43: Non-certified Absent (Days Lost) | K43: =IF(COUNT(C43:J43)=0,"",SUM(C43:J43)) | L43: ∑
B44: Certified sick leave (Days Lost) | K44: =IF(COUNT(C44:J44)=0,"",SUM(C44:J44)) | L44: ∑
B45: Total Absences | C45: =IF(COUNT(C43:C44)=0,"",SUM(C43:C44)) | D45: =IF(COUNT(D43:D44)=0,"",SUM(D43:D44)) | E45: =IF(COUNT(E43:E44)=0,"",SUM(E43:E44)) | F45: =IF(COUNT(F43:F44)=0,"",SUM(F43:F44)) | G45: =IF(COUNT(G43:G44)=0,"",SUM(G43:G44)) | H45: =IF(COUNT(H43:H44)=0,"",SUM(H43:H44)) | I45: =IF(COUNT(I43:I44)=0,"",SUM(I43:I44)) | J45: =IF(COUNT(J43:J44)=0,"",SUM(J43:J44)) | K45: =IF(COUNT(K43:K44)=0,"",SUM(K43:K44)) | L45: ϝ
B46: Absent Rate Non-Certified (%) | C46: =IF('(Culinary_CRI)'!$G$9="","",'(Culinary_CRI)'!$G$9) | D46: =IF('(Food_GTM)'!$G$9="","",'(Food_GTM)'!$G$9) | E46: =IF('(GCG_GTM)'!$G$9="","",'(GCG_GTM)'!$G$9) | F46: =IF('(Ground_HND)'!$G$9="","",'(Ground_HND)'!$G$9) | G46: =IF('(GCG_HND)'!$G$9="","",'(GCG_HND)'!$G$9) | H46: =IF('(Concess_PAN)'!$G$9="","",'(Concess_PAN)'!$G$9) | I46: =IF('(GCG_SLV)'!$G$9="","",'(GCG_SLV)'!$G$9) | J46: =IF('(Food_SLV)'!$G$9="","",'(Food_SLV)'!$G$9) | K46: {=IF(COUNT(C46:J46)=0,"",IFERROR(SUMPRODUCT(IFERROR(C46:J46*((C3:J3)+(C4:J4)),0))/SUMPRODUCT(IFERROR(ISNUMBER(C46:J46)*((C3:J3)+(C4:J4)),0)),""))} | L46: Weighted
B47: Absent Rate Certified (%) | C47: =IF('(Culinary_CRI)'!$O$9="","",'(Culinary_CRI)'!$O$9) | D47: =IF('(Food_GTM)'!$O$9="","",'(Food_GTM)'!$O$9) | E47: =IF('(GCG_GTM)'!$O$9="","",'(GCG_GTM)'!$O$9) | F47: =IF('(Ground_HND)'!$O$9="","",'(Ground_HND)'!$O$9) | G47: =IF('(GCG_HND)'!$O$9="","",'(GCG_HND)'!$O$9) | H47: =IF('(Concess_PAN)'!$O$9="","",'(Concess_PAN)'!$O$9) | I47: =IF('(GCG_SLV)'!$O$9="","",'(GCG_SLV)'!$O$9) | J47: =IF('(Food_SLV)'!$O$9="","",'(Food_SLV)'!$O$9) | K47: {=IF(COUNT(C47:J47)=0,"",IFERROR(SUMPRODUCT(IFERROR(C47:J47*((C3:J3)+(C4:J4)),0))/SUMPRODUCT(IFERROR(ISNUMBER(C47:J47)*((C3:J3)+(C4:J4)),0)),""))} | L47: Weighted
B48: Absent Rate Total (%) | C48: =IF(COUNT(C46:C47)=0,"",SUM(C46:C47)) | D48: =IF(COUNT(D46:D47)=0,"",SUM(D46:D47)) | E48: =IF(COUNT(E46:E47)=0,"",SUM(E46:E47)) | F48: =IF(COUNT(F46:F47)=0,"",SUM(F46:F47)) | G48: =IF(COUNT(G46:G47)=0,"",SUM(G46:G47)) | H48: =IF(COUNT(H46:H47)=0,"",SUM(H46:H47)) | I48: =IF(COUNT(I46:I47)=0,"",SUM(I46:I47)) | J48: =IF(COUNT(J46:J47)=0,"",SUM(J46:J47)) | K48: =IF(COUNT(K46:K47)=0,"",SUM(K46:K47)) | L48: Weighted
B49: Weight factor | C49: =IFERROR(C5/$K5,"") | D49: =IFERROR(D5/$K5,"") | E49: =IFERROR(E5/$K5,"") | F49: =IFERROR(F5/$K5,"") | G49: =IFERROR(G5/$K5,"") | H49: =IFERROR(H5/$K5,"") | I49: =IFERROR(I5/$K5,"") | J49: =IFERROR(J5/$K5,"") | K49: =IF(COUNT(C49:J49)=0,"",SUM(C49:J49)) | L49: Weight Factor
B50: Leadership (Hours) | K50: =IF(COUNT(C50:J50)=0,"",SUM(C50:J50)) | L50: ∑
B51: Technical (Hours) | K51: =IF(COUNT(C51:J51)=0,"",SUM(C51:J51)) | L51: ∑
B52: Professional Develop. (Hours) | K52: =IF(COUNT(C52:J52)=0,"",SUM(C52:J52)) | L52: ∑
B53: HSSE (Hours) | K53: =IF(COUNT(C53:J53)=0,"",SUM(C53:J53)) | L53: ∑
B54: Workday (Hours) | K54: =IF(COUNT(C54:J54)=0,"",SUM(C54:J54)) | L54: ∑
B55: Total Training Hours | C55: =IF(COUNT(C50:C54)=0,"",SUM(C50:C54)) | D55: =IF(COUNT(D50:D54)=0,"",SUM(D50:D54)) | E55: =IF(COUNT(E50:E54)=0,"",SUM(E50:E54)) | F55: =IF(COUNT(F50:F54)=0,"",SUM(F50:F54)) | G55: =IF(COUNT(G50:G54)=0,"",SUM(G50:G54)) | H55: =IF(COUNT(H50:H54)=0,"",SUM(H50:H54)) | I55: =IF(COUNT(I50:I54)=0,"",SUM(I50:I54)) | J55: =IF(COUNT(J50:J54)=0,"",SUM(J50:J54)) | K55: =IF(COUNT(K50:K54)=0,"",SUM(K50:K54)) | L55: ϝ
B56: Total Trained (Staff) | K56: =IF(COUNT(C56:J56)=0,"",SUM(C56:J56)) | L56: ∑
B57: Training Programs (#) | K57: =IF(COUNT(C57:J57)=0,"",SUM(C57:J57)) | L57: ∑
B58: Training Cost (USD) | K58: =IF(COUNT(C58:J58)=0,"",SUM(C58:J58)) | L58: ∑
B59: Training Travel Cost (USD) | K59: =IF(COUNT(C59:J59)=0,"",SUM(C59:J59)) | L59: ∑
B60: Leadership Hours Trained (%) | C60: =IFERROR(C50/C$55,"") | D60: =IFERROR(D50/D$55,"") | E60: =IFERROR(E50/E$55,"") | F60: =IFERROR(F50/F$55,"") | G60: =IFERROR(G50/G$55,"") | H60: =IFERROR(H50/H$55,"") | I60: =IFERROR(I50/I$55,"") | J60: =IFERROR(J50/J$55,"") | K60: =IFERROR(K50/K$55,"") | L60: ϝ
B61: Technical Hours Trained (%) | C61: =IFERROR(C51/C$55,"") | D61: =IFERROR(D51/D$55,"") | E61: =IFERROR(E51/E$55,"") | F61: =IFERROR(F51/F$55,"") | G61: =IFERROR(G51/G$55,"") | H61: =IFERROR(H51/H$55,"") | I61: =IFERROR(I51/I$55,"") | J61: =IFERROR(J51/J$55,"") | K61: =IFERROR(K51/K$55,"") | L61: ϝ
B62: Profess. Dev. Hours Trained (%) | C62: =IFERROR(C52/C$55,"") | D62: =IFERROR(D52/D$55,"") | E62: =IFERROR(E52/E$55,"") | F62: =IFERROR(F52/F$55,"") | G62: =IFERROR(G52/G$55,"") | H62: =IFERROR(H52/H$55,"") | I62: =IFERROR(I52/I$55,"") | J62: =IFERROR(J52/J$55,"") | K62: =IFERROR(K52/K$55,"") | L62: ϝ
B63: HSSE Hours Trained (%) | C63: =IFERROR(C53/C$55,"") | D63: =IFERROR(D53/D$55,"") | E63: =IFERROR(E53/E$55,"") | F63: =IFERROR(F53/F$55,"") | G63: =IFERROR(G53/G$55,"") | H63: =IFERROR(H53/H$55,"") | I63: =IFERROR(I53/I$55,"") | J63: =IFERROR(J53/J$55,"") | K63: =IFERROR(K53/K$55,"") | L63: ϝ
B64: Workday Hours Trained (%) | C64: =IFERROR(C54/C$55,"") | D64: =IFERROR(D54/D$55,"") | E64: =IFERROR(E54/E$55,"") | F64: =IFERROR(F54/F$55,"") | G64: =IFERROR(G54/G$55,"") | H64: =IFERROR(H54/H$55,"") | I64: =IFERROR(I54/I$55,"") | J64: =IFERROR(J54/J$55,"") | K64: =IFERROR(K54/K$55,"") | L64: ϝ
B65: Staff Trained (%) | C65: =IFERROR(C56/C5,"") | D65: =IFERROR(D56/D5,"") | E65: =IFERROR(E56/E5,"") | F65: =IFERROR(F56/F5,"") | G65: =IFERROR(G56/G5,"") | H65: =IFERROR(H56/H5,"") | I65: =IFERROR(I56/I5,"") | J65: =IFERROR(J56/J5,"") | K65: =IFERROR(K56/K5,"") | L65: ϝ
B66: Training Hours / EE | C66: =IFERROR(C55/C5,"") | D66: =IFERROR(D55/D5,"") | E66: =IFERROR(E55/E5,"") | F66: =IFERROR(F55/F5,"") | G66: =IFERROR(G55/G5,"") | H66: =IFERROR(H55/H5,"") | I66: =IFERROR(I55/I5,"") | J66: =IFERROR(J55/J5,"") | K66: =IFERROR(K55/K5,"") | L66: ϝ
B67: Training Hours / EE Trained | C67: =IFERROR(C55/C56,"") | D67: =IFERROR(D55/D56,"") | E67: =IFERROR(E55/E56,"") | F67: =IFERROR(F55/F56,"") | G67: =IFERROR(G55/G56,"") | H67: =IFERROR(H55/H56,"") | I67: =IFERROR(I55/I56,"") | J67: =IFERROR(J55/J56,"") | K67: =IFERROR(K55/K56,"") | L67: ϝ
B68: Training Invest. / EE (USD) | C68: =IF(COUNT(C58:C59)=0,"",IFERROR((N(C58)+N(C59))/C5,"")) | D68: =IF(COUNT(D58:D59)=0,"",IFERROR((N(D58)+N(D59))/D5,"")) | E68: =IF(COUNT(E58:E59)=0,"",IFERROR((N(E58)+N(E59))/E5,"")) | F68: =IF(COUNT(F58:F59)=0,"",IFERROR((N(F58)+N(F59))/F5,"")) | G68: =IF(COUNT(G58:G59)=0,"",IFERROR((N(G58)+N(G59))/G5,"")) | H68: =IF(COUNT(H58:H59)=0,"",IFERROR((N(H58)+N(H59))/H5,"")) | I68: =IF(COUNT(I58:I59)=0,"",IFERROR((N(I58)+N(I59))/I5,"")) | J68: =IF(COUNT(J58:J59)=0,"",IFERROR((N(J58)+N(J59))/J5,"")) | K68: =IF(COUNT(K58:K59)=0,"",IFERROR((N(K58)+N(K59))/K5,"")) | L68: ϝ
B69: Training Invest. / EE Trained (USD) | C69: =IF(COUNT(C58:C59)=0,"",IFERROR((N(C58)+N(C59))/C56,"")) | D69: =IF(COUNT(D58:D59)=0,"",IFERROR((N(D58)+N(D59))/D56,"")) | E69: =IF(COUNT(E58:E59)=0,"",IFERROR((N(E58)+N(E59))/E56,"")) | F69: =IF(COUNT(F58:F59)=0,"",IFERROR((N(F58)+N(F59))/F56,"")) | G69: =IF(COUNT(G58:G59)=0,"",IFERROR((N(G58)+N(G59))/G56,"")) | H69: =IF(COUNT(H58:H59)=0,"",IFERROR((N(H58)+N(H59))/H56,"")) | I69: =IF(COUNT(I58:I59)=0,"",IFERROR((N(I58)+N(I59))/I56,"")) | J69: =IF(COUNT(J58:J59)=0,"",IFERROR((N(J58)+N(J59))/J56,"")) | K69: =IF(COUNT(K58:K59)=0,"",IFERROR((N(K58)+N(K59))/K56,"")) | L69: ϝ
B70: Input Cells Not Submitted | C70: =COUNTBLANK(C3:C4)+COUNTBLANK(C6:C10)+COUNTBLANK(C12:C13)+COUNTBLANK(C18:C20)+COUNTBLANK(C22:C23)+COUNTBLANK(C27:C28)+COUNTBLANK(C34:C35)+COUNTBLANK(C39:C44)+COUNTBLANK(C46:C47)+COUNTBLANK(C50:C54)+COUNTBLANK(C56:C59) | D70: =COUNTBLANK(D3:D4)+COUNTBLANK(D6:D10)+COUNTBLANK(D12:D13)+COUNTBLANK(D18:D20)+COUNTBLANK(D22:D23)+COUNTBLANK(D27:D28)+COUNTBLANK(D34:D35)+COUNTBLANK(D39:D44)+COUNTBLANK(D46:D47)+COUNTBLANK(D50:D54)+COUNTBLANK(D56:D59) | E70: =COUNTBLANK(E3:E4)+COUNTBLANK(E6:E10)+COUNTBLANK(E12:E13)+COUNTBLANK(E18:E20)+COUNTBLANK(E22:E23)+COUNTBLANK(E27:E28)+COUNTBLANK(E34:E35)+COUNTBLANK(E39:E44)+COUNTBLANK(E46:E47)+COUNTBLANK(E50:E54)+COUNTBLANK(E56:E59) | F70: =COUNTBLANK(F3:F4)+COUNTBLANK(F6:F10)+COUNTBLANK(F12:F13)+COUNTBLANK(F18:F20)+COUNTBLANK(F22:F23)+COUNTBLANK(F27:F28)+COUNTBLANK(F34:F35)+COUNTBLANK(F39:F44)+COUNTBLANK(F46:F47)+COUNTBLANK(F50:F54)+COUNTBLANK(F56:F59) | G70: =COUNTBLANK(G3:G4)+COUNTBLANK(G6:G10)+COUNTBLANK(G12:G13)+COUNTBLANK(G18:G20)+COUNTBLANK(G22:G23)+COUNTBLANK(G27:G28)+COUNTBLANK(G34:G35)+COUNTBLANK(G39:G44)+COUNTBLANK(G46:G47)+COUNTBLANK(G50:G54)+COUNTBLANK(G56:G59) | H70: =COUNTBLANK(H3:H4)+COUNTBLANK(H6:H10)+COUNTBLANK(H12:H13)+COUNTBLANK(H18:H20)+COUNTBLANK(H22:H23)+COUNTBLANK(H27:H28)+COUNTBLANK(H34:H35)+COUNTBLANK(H39:H44)+COUNTBLANK(H46:H47)+COUNTBLANK(H50:H54)+COUNTBLANK(H56:H59) | I70: =COUNTBLANK(I3:I4)+COUNTBLANK(I6:I10)+COUNTBLANK(I12:I13)+COUNTBLANK(I18:I20)+COUNTBLANK(I22:I23)+COUNTBLANK(I27:I28)+COUNTBLANK(I34:I35)+COUNTBLANK(I39:I44)+COUNTBLANK(I46:I47)+COUNTBLANK(I50:I54)+COUNTBLANK(I56:I59) | J70: =COUNTBLANK(J3:J4)+COUNTBLANK(J6:J10)+COUNTBLANK(J12:J13)+COUNTBLANK(J18:J20)+COUNTBLANK(J22:J23)+COUNTBLANK(J27:J28)+COUNTBLANK(J34:J35)+COUNTBLANK(J39:J44)+COUNTBLANK(J46:J47)+COUNTBLANK(J50:J54)+COUNTBLANK(J56:J59) | K70: =SUM(C70:J70) | L70: ∑

Sheet APR
B1: GCG CENTRAL AMERICA | C1: 1171 | D1: 1162 | E1: 1076 | F1: 1170 | G1: 1078 | H1: 1172 | I1: 1074 | J1: 1161
A2: =VALUE(TEXT(EDATE(DATE(LEFT(MAR!A2,4),RIGHT(MAR!A2,2),1),1),"yyyymm")) | B2: APR | C2: GCG Culinary Costa Rica | D2: GCG Food Guatemala | E2: GCG Guatemala | F2: GCG Aviation Ground Honduras | G2: GCG Honduras | H2: GCG Concessions Panama | I2: GCG El Salvador | J2: GCG Food El Salvador | K2: TOTAL | L2: Total by Division | M2: =N(M11)<>0
A3: =+A2 | B3: Permanent (Regular) Headcount | K3: =IF(COUNT(C3:J3)=0,"",SUM(C3:J3)) | L3: ∑
B4: Temporary (Fix Term) Headcount | K4: =IF(COUNT(C4:J4)=0,"",SUM(C4:J4)) | L4: ∑
B5: Employee Headcount (Productivity) | C5: =IF(COUNT(C3:C4)=0,"",SUM(C3:C4)) | D5: =IF(COUNT(D3:D4)=0,"",SUM(D3:D4)) | E5: =IF(COUNT(E3:E4)=0,"",SUM(E3:E4)) | F5: =IF(COUNT(F3:F4)=0,"",SUM(F3:F4)) | G5: =IF(COUNT(G3:G4)=0,"",SUM(G3:G4)) | H5: =IF(COUNT(H3:H4)=0,"",SUM(H3:H4)) | I5: =IF(COUNT(I3:I4)=0,"",SUM(I3:I4)) | J5: =IF(COUNT(J3:J4)=0,"",SUM(J3:J4)) | K5: =IF(COUNT(K3:K4)=0,"",SUM(K3:K4)) | L5: ϝ
B6: Headcount = 1.00 | K6: =IF(COUNT(C6:J6)=0,"",SUM(C6:J6)) | L6: ∑
B7: Headcount = 0.75 | K7: =IF(COUNT(C7:J7)=0,"",SUM(C7:J7)) | L7: ∑
B8: Headcount = 0.50 | K8: =IF(COUNT(C8:J8)=0,"",SUM(C8:J8)) | L8: ∑
B9: Headcount = 0.25 | K9: =IF(COUNT(C9:J9)=0,"",SUM(C9:J9)) | L9: ∑
B10: Standard Monthly Hours (FTE basis) | K10: =IFERROR(AVERAGE(C10:J10),"") | L10: Avg
B11: Employee FTE (Finance) | C11: =IF(COUNT(C6:C9)=0,"",N(C6)+N(C7)*0.75+N(C8)*0.5+N(C9)*0.25) | D11: =IF(COUNT(D6:D9)=0,"",N(D6)+N(D7)*0.75+N(D8)*0.5+N(D9)*0.25) | E11: =IF(COUNT(E6:E9)=0,"",N(E6)+N(E7)*0.75+N(E8)*0.5+N(E9)*0.25) | F11: =IF(COUNT(F6:F9)=0,"",N(F6)+N(F7)*0.75+N(F8)*0.5+N(F9)*0.25) | G11: =IF(COUNT(G6:G9)=0,"",N(G6)+N(G7)*0.75+N(G8)*0.5+N(G9)*0.25) | H11: =IF(COUNT(H6:H9)=0,"",N(H6)+N(H7)*0.75+N(H8)*0.5+N(H9)*0.25) | I11: =IF(COUNT(I6:I9)=0,"",N(I6)+N(I7)*0.75+N(I8)*0.5+N(I9)*0.25) | J11: =IF(COUNT(J6:J9)=0,"",N(J6)+N(J7)*0.75+N(J8)*0.5+N(J9)*0.25) | K11: =IF(COUNT(K6:K9)=0,"",N(K6)+N(K7)*0.75+N(K8)*0.5+N(K9)*0.25) | L11: FTE | M11: =IF(COUNT(K5:K9)=0,"",N(K6)+N(K7)+N(K8)+N(K9)-N(K5))
B12: Subcontracted Workforce HC | K12: =IF(COUNT(C12:J12)=0,"",SUM(C12:J12)) | L12: ∑
B13: Subcontracted Productive Hours | K13: =IF(COUNT(C13:J13)=0,"",SUM(C13:J13)) | L13: ∑
B14: Subcontracted FTE | C14: =IFERROR(C13/C10,"") | D14: =IFERROR(D13/D10,"") | E14: =IFERROR(E13/E10,"") | F14: =IFERROR(F13/F10,"") | G14: =IFERROR(G13/G10,"") | H14: =IFERROR(H13/H10,"") | I14: =IFERROR(I13/I10,"") | J14: =IFERROR(J13/J10,"") | K14: =IF(COUNT(C14:J14)=0,"",SUM(C14:J14)) | L14: FTE
B15: Total Operational Workforce | C15: =IF(COUNT(C5,C12)=0,"",SUM(C5,C12)) | D15: =IF(COUNT(D5,D12)=0,"",SUM(D5,D12)) | E15: =IF(COUNT(E5,E12)=0,"",SUM(E5,E12)) | F15: =IF(COUNT(F5,F12)=0,"",SUM(F5,F12)) | G15: =IF(COUNT(G5,G12)=0,"",SUM(G5,G12)) | H15: =IF(COUNT(H5,H12)=0,"",SUM(H5,H12)) | I15: =IF(COUNT(I5,I12)=0,"",SUM(I5,I12)) | J15: =IF(COUNT(J5,J12)=0,"",SUM(J5,J12)) | K15: =IF(COUNT(K5,K12)=0,"",SUM(K5,K12)) | L15: ϝ
B16: Total Operational FTE | C16: =IF(COUNT(C11,C14)=0,"",SUM(C11,C14)) | D16: =IF(COUNT(D11,D14)=0,"",SUM(D11,D14)) | E16: =IF(COUNT(E11,E14)=0,"",SUM(E11,E14)) | F16: =IF(COUNT(F11,F14)=0,"",SUM(F11,F14)) | G16: =IF(COUNT(G11,G14)=0,"",SUM(G11,G14)) | H16: =IF(COUNT(H11,H14)=0,"",SUM(H11,H14)) | I16: =IF(COUNT(I11,I14)=0,"",SUM(I11,I14)) | J16: =IF(COUNT(J11,J14)=0,"",SUM(J11,J14)) | K16: =IF(COUNT(K11,K14)=0,"",SUM(K11,K14)) | L16: FTE
B17: Subcontracted Share of Workforce (%) | C17: =IFERROR(C12/C15,"") | D17: =IFERROR(D12/D15,"") | E17: =IFERROR(E12/E15,"") | F17: =IFERROR(F12/F15,"") | G17: =IFERROR(G12/G15,"") | H17: =IFERROR(H12/H15,"") | I17: =IFERROR(I12/I15,"") | J17: =IFERROR(J12/J15,"") | K17: =IFERROR(K12/K15,"") | L17: ϝ
B18: FTE HR Team | K18: =IF(COUNT(C18:J18)=0,"",SUM(C18:J18)) | L18: ∑
B19: Permanent Hires | K19: =IF(COUNT(C19:J19)=0,"",SUM(C19:J19)) | L19: ∑
B20: Temporary Hires | K20: =IF(COUNT(C20:J20)=0,"",SUM(C20:J20)) | L20: ∑
B21: Total Hires | C21: =IF(COUNT(C19:C20)=0,"",SUM(C19:C20)) | D21: =IF(COUNT(D19:D20)=0,"",SUM(D19:D20)) | E21: =IF(COUNT(E19:E20)=0,"",SUM(E19:E20)) | F21: =IF(COUNT(F19:F20)=0,"",SUM(F19:F20)) | G21: =IF(COUNT(G19:G20)=0,"",SUM(G19:G20)) | H21: =IF(COUNT(H19:H20)=0,"",SUM(H19:H20)) | I21: =IF(COUNT(I19:I20)=0,"",SUM(I19:I20)) | J21: =IF(COUNT(J19:J20)=0,"",SUM(J19:J20)) | K21: =IF(COUNT(K19:K20)=0,"",SUM(K19:K20)) | L21: ϝ
B22: Permanent Exits | K22: =IF(COUNT(C22:J22)=0,"",SUM(C22:J22)) | L22: ∑
B23: Temporary Exits | K23: =IF(COUNT(C23:J23)=0,"",SUM(C23:J23)) | L23: ∑
B24: Total Exits | C24: =IF(COUNT(C22:C23)=0,"",SUM(C22:C23)) | D24: =IF(COUNT(D22:D23)=0,"",SUM(D22:D23)) | E24: =IF(COUNT(E22:E23)=0,"",SUM(E22:E23)) | F24: =IF(COUNT(F22:F23)=0,"",SUM(F22:F23)) | G24: =IF(COUNT(G22:G23)=0,"",SUM(G22:G23)) | H24: =IF(COUNT(H22:H23)=0,"",SUM(H22:H23)) | I24: =IF(COUNT(I22:I23)=0,"",SUM(I22:I23)) | J24: =IF(COUNT(J22:J23)=0,"",SUM(J22:J23)) | K24: =IF(COUNT(K22:K23)=0,"",SUM(K22:K23)) | L24: ϝ
B25: Permanent Turnover (%) | C25: =IF(COUNT(C31,C32)<2,"",IF((C32+C31)=0,"",N(C22)/((C32+C31)/2))) | D25: =IF(COUNT(D31,D32)<2,"",IF((D32+D31)=0,"",N(D22)/((D32+D31)/2))) | E25: =IF(COUNT(E31,E32)<2,"",IF((E32+E31)=0,"",N(E22)/((E32+E31)/2))) | F25: =IF(COUNT(F31,F32)<2,"",IF((F32+F31)=0,"",N(F22)/((F32+F31)/2))) | G25: =IF(COUNT(G31,G32)<2,"",IF((G32+G31)=0,"",N(G22)/((G32+G31)/2))) | H25: =IF(COUNT(H31,H32)<2,"",IF((H32+H31)=0,"",N(H22)/((H32+H31)/2))) | I25: =IF(COUNT(I31,I32)<2,"",IF((I32+I31)=0,"",N(I22)/((I32+I31)/2))) | J25: =IF(COUNT(J31,J32)<2,"",IF((J32+J31)=0,"",N(J22)/((J32+J31)/2))) | K25: =IF(COUNT(K31,K32)<2,"",IF((K32+K31)=0,"",N(K22)/((K32+K31)/2))) | L25: ϝ
B26: Temporary Turnover (%) | C26: =IF(COUNT(C31,C32)<2,"",IF((C32+C31)=0,"",N(C23)/((C32+C31)/2))) | D26: =IF(COUNT(D31,D32)<2,"",IF((D32+D31)=0,"",N(D23)/((D32+D31)/2))) | E26: =IF(COUNT(E31,E32)<2,"",IF((E32+E31)=0,"",N(E23)/((E32+E31)/2))) | F26: =IF(COUNT(F31,F32)<2,"",IF((F32+F31)=0,"",N(F23)/((F32+F31)/2))) | G26: =IF(COUNT(G31,G32)<2,"",IF((G32+G31)=0,"",N(G23)/((G32+G31)/2))) | H26: =IF(COUNT(H31,H32)<2,"",IF((H32+H31)=0,"",N(H23)/((H32+H31)/2))) | I26: =IF(COUNT(I31,I32)<2,"",IF((I32+I31)=0,"",N(I23)/((I32+I31)/2))) | J26: =IF(COUNT(J31,J32)<2,"",IF((J32+J31)=0,"",N(J23)/((J32+J31)/2))) | K26: =IF(COUNT(K31,K32)<2,"",IF((K32+K31)=0,"",N(K23)/((K32+K31)/2))) | L26: ϝ
B27: Voluntary Terminations | K27: =IF(COUNT(C27:J27)=0,"",SUM(C27:J27)) | L27: ∑
B28: Involuntary Terminations | K28: =IF(COUNT(C28:J28)=0,"",SUM(C28:J28)) | L28: ∑
B29: Voluntary Turnover (%) | C29: =IF(COUNT(C31,C32)<2,"",IF((C32+C31)=0,"",N(C27)/((C32+C31)/2))) | D29: =IF(COUNT(D31,D32)<2,"",IF((D32+D31)=0,"",N(D27)/((D32+D31)/2))) | E29: =IF(COUNT(E31,E32)<2,"",IF((E32+E31)=0,"",N(E27)/((E32+E31)/2))) | F29: =IF(COUNT(F31,F32)<2,"",IF((F32+F31)=0,"",N(F27)/((F32+F31)/2))) | G29: =IF(COUNT(G31,G32)<2,"",IF((G32+G31)=0,"",N(G27)/((G32+G31)/2))) | H29: =IF(COUNT(H31,H32)<2,"",IF((H32+H31)=0,"",N(H27)/((H32+H31)/2))) | I29: =IF(COUNT(I31,I32)<2,"",IF((I32+I31)=0,"",N(I27)/((I32+I31)/2))) | J29: =IF(COUNT(J31,J32)<2,"",IF((J32+J31)=0,"",N(J27)/((J32+J31)/2))) | K29: =IF(COUNT(K31,K32)<2,"",IF((K32+K31)=0,"",N(K27)/((K32+K31)/2))) | L29: ϝ
B30: Involuntary Turnover (%) | C30: =IF(COUNT(C31,C32)<2,"",IF((C32+C31)=0,"",N(C28)/((C32+C31)/2))) | D30: =IF(COUNT(D31,D32)<2,"",IF((D32+D31)=0,"",N(D28)/((D32+D31)/2))) | E30: =IF(COUNT(E31,E32)<2,"",IF((E32+E31)=0,"",N(E28)/((E32+E31)/2))) | F30: =IF(COUNT(F31,F32)<2,"",IF((F32+F31)=0,"",N(F28)/((F32+F31)/2))) | G30: =IF(COUNT(G31,G32)<2,"",IF((G32+G31)=0,"",N(G28)/((G32+G31)/2))) | H30: =IF(COUNT(H31,H32)<2,"",IF((H32+H31)=0,"",N(H28)/((H32+H31)/2))) | I30: =IF(COUNT(I31,I32)<2,"",IF((I32+I31)=0,"",N(I28)/((I32+I31)/2))) | J30: =IF(COUNT(J31,J32)<2,"",IF((J32+J31)=0,"",N(J28)/((J32+J31)/2))) | K30: =IF(COUNT(K31,K32)<2,"",IF((K32+K31)=0,"",N(K28)/((K32+K31)/2))) | L30: ϝ
B31: Headcount last Month | C31: =IF(MAR!C5="","",MAR!C5) | D31: =IF(MAR!D5="","",MAR!D5) | E31: =IF(MAR!E5="","",MAR!E5) | F31: =IF(MAR!F5="","",MAR!F5) | G31: =IF(MAR!G5="","",MAR!G5) | H31: =IF(MAR!H5="","",MAR!H5) | I31: =IF(MAR!I5="","",MAR!I5) | J31: =IF(MAR!J5="","",MAR!J5) | K31: =IF(COUNT(C31:J31)=0,"",SUM(C31:J31)) | L31: ∑
B32: Headcount this Month | C32: =IF(C5="","",C5) | D32: =IF(D5="","",D5) | E32: =IF(E5="","",E5) | F32: =IF(F5="","",F5) | G32: =IF(G5="","",G5) | H32: =IF(H5="","",H5) | I32: =IF(I5="","",I5) | J32: =IF(J5="","",J5) | K32: =IF(COUNT(C32:J32)=0,"",SUM(C32:J32)) | L32: ∑
B33: Full Turnover (%) | C33: =IF(COUNT(C31,C32)<2,"",IF((C32+C31)=0,"",N(C24)/((C32+C31)/2))) | D33: =IF(COUNT(D31,D32)<2,"",IF((D32+D31)=0,"",N(D24)/((D32+D31)/2))) | E33: =IF(COUNT(E31,E32)<2,"",IF((E32+E31)=0,"",N(E24)/((E32+E31)/2))) | F33: =IF(COUNT(F31,F32)<2,"",IF((F32+F31)=0,"",N(F24)/((F32+F31)/2))) | G33: =IF(COUNT(G31,G32)<2,"",IF((G32+G31)=0,"",N(G24)/((G32+G31)/2))) | H33: =IF(COUNT(H31,H32)<2,"",IF((H32+H31)=0,"",N(H24)/((H32+H31)/2))) | I33: =IF(COUNT(I31,I32)<2,"",IF((I32+I31)=0,"",N(I24)/((I32+I31)/2))) | J33: =IF(COUNT(J31,J32)<2,"",IF((J32+J31)=0,"",N(J24)/((J32+J31)/2))) | K33: =IF(COUNT(K31,K32)<2,"",IF((K32+K31)=0,"",N(K24)/((K32+K31)/2))) | L33: ϝ
B34: Permanent Vacancies | K34: =IF(COUNT(C34:J34)=0,"",SUM(C34:J34)) | L34: ∑
B35: Temporary Vacancies | K35: =IF(COUNT(C35:J35)=0,"",SUM(C35:J35)) | L35: ∑
B36: Total Vacancies | C36: =IF(COUNT(C34:C35)=0,"",SUM(C34:C35)) | D36: =IF(COUNT(D34:D35)=0,"",SUM(D34:D35)) | E36: =IF(COUNT(E34:E35)=0,"",SUM(E34:E35)) | F36: =IF(COUNT(F34:F35)=0,"",SUM(F34:F35)) | G36: =IF(COUNT(G34:G35)=0,"",SUM(G34:G35)) | H36: =IF(COUNT(H34:H35)=0,"",SUM(H34:H35)) | I36: =IF(COUNT(I34:I35)=0,"",SUM(I34:I35)) | J36: =IF(COUNT(J34:J35)=0,"",SUM(J34:J35)) | K36: =IF(COUNT(K34:K35)=0,"",SUM(K34:K35)) | L36: ϝ
B37: Authorized Positions | C37: =IF(COUNT(C5,C36)=0,"",N(C5)+N(C36)) | D37: =IF(COUNT(D5,D36)=0,"",N(D5)+N(D36)) | E37: =IF(COUNT(E5,E36)=0,"",N(E5)+N(E36)) | F37: =IF(COUNT(F5,F36)=0,"",N(F5)+N(F36)) | G37: =IF(COUNT(G5,G36)=0,"",N(G5)+N(G36)) | H37: =IF(COUNT(H5,H36)=0,"",N(H5)+N(H36)) | I37: =IF(COUNT(I5,I36)=0,"",N(I5)+N(I36)) | J37: =IF(COUNT(J5,J36)=0,"",N(J5)+N(J36)) | K37: =IF(COUNT(K5,K36)=0,"",N(K5)+N(K36)) | L37: ϝ
B38: Vacancy Rate (%) | C38: =IFERROR(C36/C37,"") | D38: =IFERROR(D36/D37,"") | E38: =IFERROR(E36/E37,"") | F38: =IFERROR(F36/F37,"") | G38: =IFERROR(G36/G37,"") | H38: =IFERROR(H36/H37,"") | I38: =IFERROR(I36/I37,"") | J38: =IFERROR(J36/J37,"") | K38: =IFERROR(K36/K37,"") | L38: ϝ
B39: Permanent TimeToHire (Days) YTD | C39: =IF('(Culinary_CRI)'!$AB$10="","",'(Culinary_CRI)'!$AB$10) | D39: =IF('(Food_GTM)'!$AB$10="","",'(Food_GTM)'!$AB$10) | E39: =IF('(GCG_GTM)'!$AB$10="","",'(GCG_GTM)'!$AB$10) | F39: =IF('(Ground_HND)'!$AB$10="","",'(Ground_HND)'!$AB$10) | G39: =IF('(GCG_HND)'!$AB$10="","",'(GCG_HND)'!$AB$10) | H39: =IF('(Concess_PAN)'!$AB$10="","",'(Concess_PAN)'!$AB$10) | I39: =IF('(GCG_SLV)'!$AB$10="","",'(GCG_SLV)'!$AB$10) | J39: =IF('(Food_SLV)'!$AB$10="","",'(Food_SLV)'!$AB$10) | K39: =IFERROR(AVERAGE(C39:J39),"") | L39: Avg
B40: Temporary TimeToHire (Days) YTD | C40: =IF('(Culinary_CRI)'!$AD$10="","",'(Culinary_CRI)'!$AD$10) | D40: =IF('(Food_GTM)'!$AD$10="","",'(Food_GTM)'!$AD$10) | E40: =IF('(GCG_GTM)'!$AD$10="","",'(GCG_GTM)'!$AD$10) | F40: =IF('(Ground_HND)'!$AD$10="","",'(Ground_HND)'!$AD$10) | G40: =IF('(GCG_HND)'!$AD$10="","",'(GCG_HND)'!$AD$10) | H40: =IF('(Concess_PAN)'!$AD$10="","",'(Concess_PAN)'!$AD$10) | I40: =IF('(GCG_SLV)'!$AD$10="","",'(GCG_SLV)'!$AD$10) | J40: =IF('(Food_SLV)'!$AD$10="","",'(Food_SLV)'!$AD$10) | K40: =IFERROR(AVERAGE(C40:J40),"") | L40: Avg
B41: Check-ins Rate Completed (%) | K41: =IFERROR(AVERAGE(C41:J41),"") | L41: Avg
B42: EE Objectives Completed (#) | K42: =IF(COUNT(C42:J42)=0,"",SUM(C42:J42)) | L42: ∑
B43: Non-certified Absent (Days Lost) | K43: =IF(COUNT(C43:J43)=0,"",SUM(C43:J43)) | L43: ∑
B44: Certified sick leave (Days Lost) | K44: =IF(COUNT(C44:J44)=0,"",SUM(C44:J44)) | L44: ∑
B45: Total Absences | C45: =IF(COUNT(C43:C44)=0,"",SUM(C43:C44)) | D45: =IF(COUNT(D43:D44)=0,"",SUM(D43:D44)) | E45: =IF(COUNT(E43:E44)=0,"",SUM(E43:E44)) | F45: =IF(COUNT(F43:F44)=0,"",SUM(F43:F44)) | G45: =IF(COUNT(G43:G44)=0,"",SUM(G43:G44)) | H45: =IF(COUNT(H43:H44)=0,"",SUM(H43:H44)) | I45: =IF(COUNT(I43:I44)=0,"",SUM(I43:I44)) | J45: =IF(COUNT(J43:J44)=0,"",SUM(J43:J44)) | K45: =IF(COUNT(K43:K44)=0,"",SUM(K43:K44)) | L45: ϝ
B46: Absent Rate Non-Certified (%) | C46: =IF('(Culinary_CRI)'!$G$10="","",'(Culinary_CRI)'!$G$10) | D46: =IF('(Food_GTM)'!$G$10="","",'(Food_GTM)'!$G$10) | E46: =IF('(GCG_GTM)'!$G$10="","",'(GCG_GTM)'!$G$10) | F46: =IF('(Ground_HND)'!$G$10="","",'(Ground_HND)'!$G$10) | G46: =IF('(GCG_HND)'!$G$10="","",'(GCG_HND)'!$G$10) | H46: =IF('(Concess_PAN)'!$G$10="","",'(Concess_PAN)'!$G$10) | I46: =IF('(GCG_SLV)'!$G$10="","",'(GCG_SLV)'!$G$10) | J46: =IF('(Food_SLV)'!$G$10="","",'(Food_SLV)'!$G$10) | K46: {=IF(COUNT(C46:J46)=0,"",IFERROR(SUMPRODUCT(IFERROR(C46:J46*((C3:J3)+(C4:J4)),0))/SUMPRODUCT(IFERROR(ISNUMBER(C46:J46)*((C3:J3)+(C4:J4)),0)),""))} | L46: Weighted
B47: Absent Rate Certified (%) | C47: =IF('(Culinary_CRI)'!$O$10="","",'(Culinary_CRI)'!$O$10) | D47: =IF('(Food_GTM)'!$O$10="","",'(Food_GTM)'!$O$10) | E47: =IF('(GCG_GTM)'!$O$10="","",'(GCG_GTM)'!$O$10) | F47: =IF('(Ground_HND)'!$O$10="","",'(Ground_HND)'!$O$10) | G47: =IF('(GCG_HND)'!$O$10="","",'(GCG_HND)'!$O$10) | H47: =IF('(Concess_PAN)'!$O$10="","",'(Concess_PAN)'!$O$10) | I47: =IF('(GCG_SLV)'!$O$10="","",'(GCG_SLV)'!$O$10) | J47: =IF('(Food_SLV)'!$O$10="","",'(Food_SLV)'!$O$10) | K47: {=IF(COUNT(C47:J47)=0,"",IFERROR(SUMPRODUCT(IFERROR(C47:J47*((C3:J3)+(C4:J4)),0))/SUMPRODUCT(IFERROR(ISNUMBER(C47:J47)*((C3:J3)+(C4:J4)),0)),""))} | L47: Weighted
B48: Absent Rate Total (%) | C48: =IF(COUNT(C46:C47)=0,"",SUM(C46:C47)) | D48: =IF(COUNT(D46:D47)=0,"",SUM(D46:D47)) | E48: =IF(COUNT(E46:E47)=0,"",SUM(E46:E47)) | F48: =IF(COUNT(F46:F47)=0,"",SUM(F46:F47)) | G48: =IF(COUNT(G46:G47)=0,"",SUM(G46:G47)) | H48: =IF(COUNT(H46:H47)=0,"",SUM(H46:H47)) | I48: =IF(COUNT(I46:I47)=0,"",SUM(I46:I47)) | J48: =IF(COUNT(J46:J47)=0,"",SUM(J46:J47)) | K48: =IF(COUNT(K46:K47)=0,"",SUM(K46:K47)) | L48: Weighted
B49: Weight factor | C49: =IFERROR(C5/$K5,"") | D49: =IFERROR(D5/$K5,"") | E49: =IFERROR(E5/$K5,"") | F49: =IFERROR(F5/$K5,"") | G49: =IFERROR(G5/$K5,"") | H49: =IFERROR(H5/$K5,"") | I49: =IFERROR(I5/$K5,"") | J49: =IFERROR(J5/$K5,"") | K49: =IF(COUNT(C49:J49)=0,"",SUM(C49:J49)) | L49: Weight Factor
B50: Leadership (Hours) | K50: =IF(COUNT(C50:J50)=0,"",SUM(C50:J50)) | L50: ∑
B51: Technical (Hours) | K51: =IF(COUNT(C51:J51)=0,"",SUM(C51:J51)) | L51: ∑
B52: Professional Develop. (Hours) | K52: =IF(COUNT(C52:J52)=0,"",SUM(C52:J52)) | L52: ∑
B53: HSSE (Hours) | K53: =IF(COUNT(C53:J53)=0,"",SUM(C53:J53)) | L53: ∑
B54: Workday (Hours) | K54: =IF(COUNT(C54:J54)=0,"",SUM(C54:J54)) | L54: ∑
B55: Total Training Hours | C55: =IF(COUNT(C50:C54)=0,"",SUM(C50:C54)) | D55: =IF(COUNT(D50:D54)=0,"",SUM(D50:D54)) | E55: =IF(COUNT(E50:E54)=0,"",SUM(E50:E54)) | F55: =IF(COUNT(F50:F54)=0,"",SUM(F50:F54)) | G55: =IF(COUNT(G50:G54)=0,"",SUM(G50:G54)) | H55: =IF(COUNT(H50:H54)=0,"",SUM(H50:H54)) | I55: =IF(COUNT(I50:I54)=0,"",SUM(I50:I54)) | J55: =IF(COUNT(J50:J54)=0,"",SUM(J50:J54)) | K55: =IF(COUNT(K50:K54)=0,"",SUM(K50:K54)) | L55: ϝ
B56: Total Trained (Staff) | K56: =IF(COUNT(C56:J56)=0,"",SUM(C56:J56)) | L56: ∑
B57: Training Programs (#) | K57: =IF(COUNT(C57:J57)=0,"",SUM(C57:J57)) | L57: ∑
B58: Training Cost (USD) | K58: =IF(COUNT(C58:J58)=0,"",SUM(C58:J58)) | L58: ∑
B59: Training Travel Cost (USD) | K59: =IF(COUNT(C59:J59)=0,"",SUM(C59:J59)) | L59: ∑
B60: Leadership Hours Trained (%) | C60: =IFERROR(C50/C$55,"") | D60: =IFERROR(D50/D$55,"") | E60: =IFERROR(E50/E$55,"") | F60: =IFERROR(F50/F$55,"") | G60: =IFERROR(G50/G$55,"") | H60: =IFERROR(H50/H$55,"") | I60: =IFERROR(I50/I$55,"") | J60: =IFERROR(J50/J$55,"") | K60: =IFERROR(K50/K$55,"") | L60: ϝ
B61: Technical Hours Trained (%) | C61: =IFERROR(C51/C$55,"") | D61: =IFERROR(D51/D$55,"") | E61: =IFERROR(E51/E$55,"") | F61: =IFERROR(F51/F$55,"") | G61: =IFERROR(G51/G$55,"") | H61: =IFERROR(H51/H$55,"") | I61: =IFERROR(I51/I$55,"") | J61: =IFERROR(J51/J$55,"") | K61: =IFERROR(K51/K$55,"") | L61: ϝ
B62: Profess. Dev. Hours Trained (%) | C62: =IFERROR(C52/C$55,"") | D62: =IFERROR(D52/D$55,"") | E62: =IFERROR(E52/E$55,"") | F62: =IFERROR(F52/F$55,"") | G62: =IFERROR(G52/G$55,"") | H62: =IFERROR(H52/H$55,"") | I62: =IFERROR(I52/I$55,"") | J62: =IFERROR(J52/J$55,"") | K62: =IFERROR(K52/K$55,"") | L62: ϝ
B63: HSSE Hours Trained (%) | C63: =IFERROR(C53/C$55,"") | D63: =IFERROR(D53/D$55,"") | E63: =IFERROR(E53/E$55,"") | F63: =IFERROR(F53/F$55,"") | G63: =IFERROR(G53/G$55,"") | H63: =IFERROR(H53/H$55,"") | I63: =IFERROR(I53/I$55,"") | J63: =IFERROR(J53/J$55,"") | K63: =IFERROR(K53/K$55,"") | L63: ϝ
B64: Workday Hours Trained (%) | C64: =IFERROR(C54/C$55,"") | D64: =IFERROR(D54/D$55,"") | E64: =IFERROR(E54/E$55,"") | F64: =IFERROR(F54/F$55,"") | G64: =IFERROR(G54/G$55,"") | H64: =IFERROR(H54/H$55,"") | I64: =IFERROR(I54/I$55,"") | J64: =IFERROR(J54/J$55,"") | K64: =IFERROR(K54/K$55,"") | L64: ϝ
B65: Staff Trained (%) | C65: =IFERROR(C56/C5,"") | D65: =IFERROR(D56/D5,"") | E65: =IFERROR(E56/E5,"") | F65: =IFERROR(F56/F5,"") | G65: =IFERROR(G56/G5,"") | H65: =IFERROR(H56/H5,"") | I65: =IFERROR(I56/I5,"") | J65: =IFERROR(J56/J5,"") | K65: =IFERROR(K56/K5,"") | L65: ϝ
B66: Training Hours / EE | C66: =IFERROR(C55/C5,"") | D66: =IFERROR(D55/D5,"") | E66: =IFERROR(E55/E5,"") | F66: =IFERROR(F55/F5,"") | G66: =IFERROR(G55/G5,"") | H66: =IFERROR(H55/H5,"") | I66: =IFERROR(I55/I5,"") | J66: =IFERROR(J55/J5,"") | K66: =IFERROR(K55/K5,"") | L66: ϝ
B67: Training Hours / EE Trained | C67: =IFERROR(C55/C56,"") | D67: =IFERROR(D55/D56,"") | E67: =IFERROR(E55/E56,"") | F67: =IFERROR(F55/F56,"") | G67: =IFERROR(G55/G56,"") | H67: =IFERROR(H55/H56,"") | I67: =IFERROR(I55/I56,"") | J67: =IFERROR(J55/J56,"") | K67: =IFERROR(K55/K56,"") | L67: ϝ
B68: Training Invest. / EE (USD) | C68: =IF(COUNT(C58:C59)=0,"",IFERROR((N(C58)+N(C59))/C5,"")) | D68: =IF(COUNT(D58:D59)=0,"",IFERROR((N(D58)+N(D59))/D5,"")) | E68: =IF(COUNT(E58:E59)=0,"",IFERROR((N(E58)+N(E59))/E5,"")) | F68: =IF(COUNT(F58:F59)=0,"",IFERROR((N(F58)+N(F59))/F5,"")) | G68: =IF(COUNT(G58:G59)=0,"",IFERROR((N(G58)+N(G59))/G5,"")) | H68: =IF(COUNT(H58:H59)=0,"",IFERROR((N(H58)+N(H59))/H5,"")) | I68: =IF(COUNT(I58:I59)=0,"",IFERROR((N(I58)+N(I59))/I5,"")) | J68: =IF(COUNT(J58:J59)=0,"",IFERROR((N(J58)+N(J59))/J5,"")) | K68: =IF(COUNT(K58:K59)=0,"",IFERROR((N(K58)+N(K59))/K5,"")) | L68: ϝ
B69: Training Invest. / EE Trained (USD) | C69: =IF(COUNT(C58:C59)=0,"",IFERROR((N(C58)+N(C59))/C56,"")) | D69: =IF(COUNT(D58:D59)=0,"",IFERROR((N(D58)+N(D59))/D56,"")) | E69: =IF(COUNT(E58:E59)=0,"",IFERROR((N(E58)+N(E59))/E56,"")) | F69: =IF(COUNT(F58:F59)=0,"",IFERROR((N(F58)+N(F59))/F56,"")) | G69: =IF(COUNT(G58:G59)=0,"",IFERROR((N(G58)+N(G59))/G56,"")) | H69: =IF(COUNT(H58:H59)=0,"",IFERROR((N(H58)+N(H59))/H56,"")) | I69: =IF(COUNT(I58:I59)=0,"",IFERROR((N(I58)+N(I59))/I56,"")) | J69: =IF(COUNT(J58:J59)=0,"",IFERROR((N(J58)+N(J59))/J56,"")) | K69: =IF(COUNT(K58:K59)=0,"",IFERROR((N(K58)+N(K59))/K56,"")) | L69: ϝ
B70: Input Cells Not Submitted | C70: =COUNTBLANK(C3:C4)+COUNTBLANK(C6:C10)+COUNTBLANK(C12:C13)+COUNTBLANK(C18:C20)+COUNTBLANK(C22:C23)+COUNTBLANK(C27:C28)+COUNTBLANK(C34:C35)+COUNTBLANK(C39:C44)+COUNTBLANK(C46:C47)+COUNTBLANK(C50:C54)+COUNTBLANK(C56:C59) | D70: =COUNTBLANK(D3:D4)+COUNTBLANK(D6:D10)+COUNTBLANK(D12:D13)+COUNTBLANK(D18:D20)+COUNTBLANK(D22:D23)+COUNTBLANK(D27:D28)+COUNTBLANK(D34:D35)+COUNTBLANK(D39:D44)+COUNTBLANK(D46:D47)+COUNTBLANK(D50:D54)+COUNTBLANK(D56:D59) | E70: =COUNTBLANK(E3:E4)+COUNTBLANK(E6:E10)+COUNTBLANK(E12:E13)+COUNTBLANK(E18:E20)+COUNTBLANK(E22:E23)+COUNTBLANK(E27:E28)+COUNTBLANK(E34:E35)+COUNTBLANK(E39:E44)+COUNTBLANK(E46:E47)+COUNTBLANK(E50:E54)+COUNTBLANK(E56:E59) | F70: =COUNTBLANK(F3:F4)+COUNTBLANK(F6:F10)+COUNTBLANK(F12:F13)+COUNTBLANK(F18:F20)+COUNTBLANK(F22:F23)+COUNTBLANK(F27:F28)+COUNTBLANK(F34:F35)+COUNTBLANK(F39:F44)+COUNTBLANK(F46:F47)+COUNTBLANK(F50:F54)+COUNTBLANK(F56:F59) | G70: =COUNTBLANK(G3:G4)+COUNTBLANK(G6:G10)+COUNTBLANK(G12:G13)+COUNTBLANK(G18:G20)+COUNTBLANK(G22:G23)+COUNTBLANK(G27:G28)+COUNTBLANK(G34:G35)+COUNTBLANK(G39:G44)+COUNTBLANK(G46:G47)+COUNTBLANK(G50:G54)+COUNTBLANK(G56:G59) | H70: =COUNTBLANK(H3:H4)+COUNTBLANK(H6:H10)+COUNTBLANK(H12:H13)+COUNTBLANK(H18:H20)+COUNTBLANK(H22:H23)+COUNTBLANK(H27:H28)+COUNTBLANK(H34:H35)+COUNTBLANK(H39:H44)+COUNTBLANK(H46:H47)+COUNTBLANK(H50:H54)+COUNTBLANK(H56:H59) | I70: =COUNTBLANK(I3:I4)+COUNTBLANK(I6:I10)+COUNTBLANK(I12:I13)+COUNTBLANK(I18:I20)+COUNTBLANK(I22:I23)+COUNTBLANK(I27:I28)+COUNTBLANK(I34:I35)+COUNTBLANK(I39:I44)+COUNTBLANK(I46:I47)+COUNTBLANK(I50:I54)+COUNTBLANK(I56:I59) | J70: =COUNTBLANK(J3:J4)+COUNTBLANK(J6:J10)+COUNTBLANK(J12:J13)+COUNTBLANK(J18:J20)+COUNTBLANK(J22:J23)+COUNTBLANK(J27:J28)+COUNTBLANK(J34:J35)+COUNTBLANK(J39:J44)+COUNTBLANK(J46:J47)+COUNTBLANK(J50:J54)+COUNTBLANK(J56:J59) | K70: =SUM(C70:J70) | L70: ∑

Sheet MAY
B1: GCG CENTRAL AMERICA | C1: 1171 | D1: 1162 | E1: 1076 | F1: 1170 | G1: 1078 | H1: 1172 | I1: 1074 | J1: 1161
A2: =VALUE(TEXT(EDATE(DATE(LEFT(APR!A2,4),RIGHT(APR!A2,2),1),1),"yyyymm")) | B2: MAY | C2: GCG Culinary Costa Rica | D2: GCG Food Guatemala | E2: GCG Guatemala | F2: GCG Aviation Ground Honduras | G2: GCG Honduras | H2: GCG Concessions Panama | I2: GCG El Salvador | J2: GCG Food El Salvador | K2: TOTAL | L2: Total by Division | M2: =N(M11)<>0
A3: =+A2 | B3: Permanent (Regular) Headcount | K3: =IF(COUNT(C3:J3)=0,"",SUM(C3:J3)) | L3: ∑
B4: Temporary (Fix Term) Headcount | K4: =IF(COUNT(C4:J4)=0,"",SUM(C4:J4)) | L4: ∑
B5: Employee Headcount (Productivity) | C5: =IF(COUNT(C3:C4)=0,"",SUM(C3:C4)) | D5: =IF(COUNT(D3:D4)=0,"",SUM(D3:D4)) | E5: =IF(COUNT(E3:E4)=0,"",SUM(E3:E4)) | F5: =IF(COUNT(F3:F4)=0,"",SUM(F3:F4)) | G5: =IF(COUNT(G3:G4)=0,"",SUM(G3:G4)) | H5: =IF(COUNT(H3:H4)=0,"",SUM(H3:H4)) | I5: =IF(COUNT(I3:I4)=0,"",SUM(I3:I4)) | J5: =IF(COUNT(J3:J4)=0,"",SUM(J3:J4)) | K5: =IF(COUNT(K3:K4)=0,"",SUM(K3:K4)) | L5: ϝ
B6: Headcount = 1.00 | K6: =IF(COUNT(C6:J6)=0,"",SUM(C6:J6)) | L6: ∑
B7: Headcount = 0.75 | K7: =IF(COUNT(C7:J7)=0,"",SUM(C7:J7)) | L7: ∑
B8: Headcount = 0.50 | K8: =IF(COUNT(C8:J8)=0,"",SUM(C8:J8)) | L8: ∑
B9: Headcount = 0.25 | K9: =IF(COUNT(C9:J9)=0,"",SUM(C9:J9)) | L9: ∑
B10: Standard Monthly Hours (FTE basis) | K10: =IFERROR(AVERAGE(C10:J10),"") | L10: Avg
B11: Employee FTE (Finance) | C11: =IF(COUNT(C6:C9)=0,"",N(C6)+N(C7)*0.75+N(C8)*0.5+N(C9)*0.25) | D11: =IF(COUNT(D6:D9)=0,"",N(D6)+N(D7)*0.75+N(D8)*0.5+N(D9)*0.25) | E11: =IF(COUNT(E6:E9)=0,"",N(E6)+N(E7)*0.75+N(E8)*0.5+N(E9)*0.25) | F11: =IF(COUNT(F6:F9)=0,"",N(F6)+N(F7)*0.75+N(F8)*0.5+N(F9)*0.25) | G11: =IF(COUNT(G6:G9)=0,"",N(G6)+N(G7)*0.75+N(G8)*0.5+N(G9)*0.25) | H11: =IF(COUNT(H6:H9)=0,"",N(H6)+N(H7)*0.75+N(H8)*0.5+N(H9)*0.25) | I11: =IF(COUNT(I6:I9)=0,"",N(I6)+N(I7)*0.75+N(I8)*0.5+N(I9)*0.25) | J11: =IF(COUNT(J6:J9)=0,"",N(J6)+N(J7)*0.75+N(J8)*0.5+N(J9)*0.25) | K11: =IF(COUNT(K6:K9)=0,"",N(K6)+N(K7)*0.75+N(K8)*0.5+N(K9)*0.25) | L11: FTE | M11: =IF(COUNT(K5:K9)=0,"",N(K6)+N(K7)+N(K8)+N(K9)-N(K5))
B12: Subcontracted Workforce HC | K12: =IF(COUNT(C12:J12)=0,"",SUM(C12:J12)) | L12: ∑
B13: Subcontracted Productive Hours | K13: =IF(COUNT(C13:J13)=0,"",SUM(C13:J13)) | L13: ∑
B14: Subcontracted FTE | C14: =IFERROR(C13/C10,"") | D14: =IFERROR(D13/D10,"") | E14: =IFERROR(E13/E10,"") | F14: =IFERROR(F13/F10,"") | G14: =IFERROR(G13/G10,"") | H14: =IFERROR(H13/H10,"") | I14: =IFERROR(I13/I10,"") | J14: =IFERROR(J13/J10,"") | K14: =IF(COUNT(C14:J14)=0,"",SUM(C14:J14)) | L14: FTE
B15: Total Operational Workforce | C15: =IF(COUNT(C5,C12)=0,"",SUM(C5,C12)) | D15: =IF(COUNT(D5,D12)=0,"",SUM(D5,D12)) | E15: =IF(COUNT(E5,E12)=0,"",SUM(E5,E12)) | F15: =IF(COUNT(F5,F12)=0,"",SUM(F5,F12)) | G15: =IF(COUNT(G5,G12)=0,"",SUM(G5,G12)) | H15: =IF(COUNT(H5,H12)=0,"",SUM(H5,H12)) | I15: =IF(COUNT(I5,I12)=0,"",SUM(I5,I12)) | J15: =IF(COUNT(J5,J12)=0,"",SUM(J5,J12)) | K15: =IF(COUNT(K5,K12)=0,"",SUM(K5,K12)) | L15: ϝ
B16: Total Operational FTE | C16: =IF(COUNT(C11,C14)=0,"",SUM(C11,C14)) | D16: =IF(COUNT(D11,D14)=0,"",SUM(D11,D14)) | E16: =IF(COUNT(E11,E14)=0,"",SUM(E11,E14)) | F16: =IF(COUNT(F11,F14)=0,"",SUM(F11,F14)) | G16: =IF(COUNT(G11,G14)=0,"",SUM(G11,G14)) | H16: =IF(COUNT(H11,H14)=0,"",SUM(H11,H14)) | I16: =IF(COUNT(I11,I14)=0,"",SUM(I11,I14)) | J16: =IF(COUNT(J11,J14)=0,"",SUM(J11,J14)) | K16: =IF(COUNT(K11,K14)=0,"",SUM(K11,K14)) | L16: FTE
B17: Subcontracted Share of Workforce (%) | C17: =IFERROR(C12/C15,"") | D17: =IFERROR(D12/D15,"") | E17: =IFERROR(E12/E15,"") | F17: =IFERROR(F12/F15,"") | G17: =IFERROR(G12/G15,"") | H17: =IFERROR(H12/H15,"") | I17: =IFERROR(I12/I15,"") | J17: =IFERROR(J12/J15,"") | K17: =IFERROR(K12/K15,"") | L17: ϝ
B18: FTE HR Team | K18: =IF(COUNT(C18:J18)=0,"",SUM(C18:J18)) | L18: ∑
B19: Permanent Hires | K19: =IF(COUNT(C19:J19)=0,"",SUM(C19:J19)) | L19: ∑
B20: Temporary Hires | K20: =IF(COUNT(C20:J20)=0,"",SUM(C20:J20)) | L20: ∑
B21: Total Hires | C21: =IF(COUNT(C19:C20)=0,"",SUM(C19:C20)) | D21: =IF(COUNT(D19:D20)=0,"",SUM(D19:D20)) | E21: =IF(COUNT(E19:E20)=0,"",SUM(E19:E20)) | F21: =IF(COUNT(F19:F20)=0,"",SUM(F19:F20)) | G21: =IF(COUNT(G19:G20)=0,"",SUM(G19:G20)) | H21: =IF(COUNT(H19:H20)=0,"",SUM(H19:H20)) | I21: =IF(COUNT(I19:I20)=0,"",SUM(I19:I20)) | J21: =IF(COUNT(J19:J20)=0,"",SUM(J19:J20)) | K21: =IF(COUNT(K19:K20)=0,"",SUM(K19:K20)) | L21: ϝ
B22: Permanent Exits | K22: =IF(COUNT(C22:J22)=0,"",SUM(C22:J22)) | L22: ∑
B23: Temporary Exits | K23: =IF(COUNT(C23:J23)=0,"",SUM(C23:J23)) | L23: ∑
B24: Total Exits | C24: =IF(COUNT(C22:C23)=0,"",SUM(C22:C23)) | D24: =IF(COUNT(D22:D23)=0,"",SUM(D22:D23)) | E24: =IF(COUNT(E22:E23)=0,"",SUM(E22:E23)) | F24: =IF(COUNT(F22:F23)=0,"",SUM(F22:F23)) | G24: =IF(COUNT(G22:G23)=0,"",SUM(G22:G23)) | H24: =IF(COUNT(H22:H23)=0,"",SUM(H22:H23)) | I24: =IF(COUNT(I22:I23)=0,"",SUM(I22:I23)) | J24: =IF(COUNT(J22:J23)=0,"",SUM(J22:J23)) | K24: =IF(COUNT(K22:K23)=0,"",SUM(K22:K23)) | L24: ϝ
B25: Permanent Turnover (%) | C25: =IF(COUNT(C31,C32)<2,"",IF((C32+C31)=0,"",N(C22)/((C32+C31)/2))) | D25: =IF(COUNT(D31,D32)<2,"",IF((D32+D31)=0,"",N(D22)/((D32+D31)/2))) | E25: =IF(COUNT(E31,E32)<2,"",IF((E32+E31)=0,"",N(E22)/((E32+E31)/2))) | F25: =IF(COUNT(F31,F32)<2,"",IF((F32+F31)=0,"",N(F22)/((F32+F31)/2))) | G25: =IF(COUNT(G31,G32)<2,"",IF((G32+G31)=0,"",N(G22)/((G32+G31)/2))) | H25: =IF(COUNT(H31,H32)<2,"",IF((H32+H31)=0,"",N(H22)/((H32+H31)/2))) | I25: =IF(COUNT(I31,I32)<2,"",IF((I32+I31)=0,"",N(I22)/((I32+I31)/2))) | J25: =IF(COUNT(J31,J32)<2,"",IF((J32+J31)=0,"",N(J22)/((J32+J31)/2))) | K25: =IF(COUNT(K31,K32)<2,"",IF((K32+K31)=0,"",N(K22)/((K32+K31)/2))) | L25: ϝ
B26: Temporary Turnover (%) | C26: =IF(COUNT(C31,C32)<2,"",IF((C32+C31)=0,"",N(C23)/((C32+C31)/2))) | D26: =IF(COUNT(D31,D32)<2,"",IF((D32+D31)=0,"",N(D23)/((D32+D31)/2))) | E26: =IF(COUNT(E31,E32)<2,"",IF((E32+E31)=0,"",N(E23)/((E32+E31)/2))) | F26: =IF(COUNT(F31,F32)<2,"",IF((F32+F31)=0,"",N(F23)/((F32+F31)/2))) | G26: =IF(COUNT(G31,G32)<2,"",IF((G32+G31)=0,"",N(G23)/((G32+G31)/2))) | H26: =IF(COUNT(H31,H32)<2,"",IF((H32+H31)=0,"",N(H23)/((H32+H31)/2))) | I26: =IF(COUNT(I31,I32)<2,"",IF((I32+I31)=0,"",N(I23)/((I32+I31)/2))) | J26: =IF(COUNT(J31,J32)<2,"",IF((J32+J31)=0,"",N(J23)/((J32+J31)/2))) | K26: =IF(COUNT(K31,K32)<2,"",IF((K32+K31)=0,"",N(K23)/((K32+K31)/2))) | L26: ϝ
B27: Voluntary Terminations | K27: =IF(COUNT(C27:J27)=0,"",SUM(C27:J27)) | L27: ∑
B28: Involuntary Terminations | K28: =IF(COUNT(C28:J28)=0,"",SUM(C28:J28)) | L28: ∑
B29: Voluntary Turnover (%) | C29: =IF(COUNT(C31,C32)<2,"",IF((C32+C31)=0,"",N(C27)/((C32+C31)/2))) | D29: =IF(COUNT(D31,D32)<2,"",IF((D32+D31)=0,"",N(D27)/((D32+D31)/2))) | E29: =IF(COUNT(E31,E32)<2,"",IF((E32+E31)=0,"",N(E27)/((E32+E31)/2))) | F29: =IF(COUNT(F31,F32)<2,"",IF((F32+F31)=0,"",N(F27)/((F32+F31)/2))) | G29: =IF(COUNT(G31,G32)<2,"",IF((G32+G31)=0,"",N(G27)/((G32+G31)/2))) | H29: =IF(COUNT(H31,H32)<2,"",IF((H32+H31)=0,"",N(H27)/((H32+H31)/2))) | I29: =IF(COUNT(I31,I32)<2,"",IF((I32+I31)=0,"",N(I27)/((I32+I31)/2))) | J29: =IF(COUNT(J31,J32)<2,"",IF((J32+J31)=0,"",N(J27)/((J32+J31)/2))) | K29: =IF(COUNT(K31,K32)<2,"",IF((K32+K31)=0,"",N(K27)/((K32+K31)/2))) | L29: ϝ
B30: Involuntary Turnover (%) | C30: =IF(COUNT(C31,C32)<2,"",IF((C32+C31)=0,"",N(C28)/((C32+C31)/2))) | D30: =IF(COUNT(D31,D32)<2,"",IF((D32+D31)=0,"",N(D28)/((D32+D31)/2))) | E30: =IF(COUNT(E31,E32)<2,"",IF((E32+E31)=0,"",N(E28)/((E32+E31)/2))) | F30: =IF(COUNT(F31,F32)<2,"",IF((F32+F31)=0,"",N(F28)/((F32+F31)/2))) | G30: =IF(COUNT(G31,G32)<2,"",IF((G32+G31)=0,"",N(G28)/((G32+G31)/2))) | H30: =IF(COUNT(H31,H32)<2,"",IF((H32+H31)=0,"",N(H28)/((H32+H31)/2))) | I30: =IF(COUNT(I31,I32)<2,"",IF((I32+I31)=0,"",N(I28)/((I32+I31)/2))) | J30: =IF(COUNT(J31,J32)<2,"",IF((J32+J31)=0,"",N(J28)/((J32+J31)/2))) | K30: =IF(COUNT(K31,K32)<2,"",IF((K32+K31)=0,"",N(K28)/((K32+K31)/2))) | L30: ϝ
B31: Headcount last Month | C31: =IF(APR!C5="","",APR!C5) | D31: =IF(APR!D5="","",APR!D5) | E31: =IF(APR!E5="","",APR!E5) | F31: =IF(APR!F5="","",APR!F5) | G31: =IF(APR!G5="","",APR!G5) | H31: =IF(APR!H5="","",APR!H5) | I31: =IF(APR!I5="","",APR!I5) | J31: =IF(APR!J5="","",APR!J5) | K31: =IF(COUNT(C31:J31)=0,"",SUM(C31:J31)) | L31: ∑
B32: Headcount this Month | C32: =IF(C5="","",C5) | D32: =IF(D5="","",D5) | E32: =IF(E5="","",E5) | F32: =IF(F5="","",F5) | G32: =IF(G5="","",G5) | H32: =IF(H5="","",H5) | I32: =IF(I5="","",I5) | J32: =IF(J5="","",J5) | K32: =IF(COUNT(C32:J32)=0,"",SUM(C32:J32)) | L32: ∑
B33: Full Turnover (%) | C33: =IF(COUNT(C31,C32)<2,"",IF((C32+C31)=0,"",N(C24)/((C32+C31)/2))) | D33: =IF(COUNT(D31,D32)<2,"",IF((D32+D31)=0,"",N(D24)/((D32+D31)/2))) | E33: =IF(COUNT(E31,E32)<2,"",IF((E32+E31)=0,"",N(E24)/((E32+E31)/2))) | F33: =IF(COUNT(F31,F32)<2,"",IF((F32+F31)=0,"",N(F24)/((F32+F31)/2))) | G33: =IF(COUNT(G31,G32)<2,"",IF((G32+G31)=0,"",N(G24)/((G32+G31)/2))) | H33: =IF(COUNT(H31,H32)<2,"",IF((H32+H31)=0,"",N(H24)/((H32+H31)/2))) | I33: =IF(COUNT(I31,I32)<2,"",IF((I32+I31)=0,"",N(I24)/((I32+I31)/2))) | J33: =IF(COUNT(J31,J32)<2,"",IF((J32+J31)=0,"",N(J24)/((J32+J31)/2))) | K33: =IF(COUNT(K31,K32)<2,"",IF((K32+K31)=0,"",N(K24)/((K32+K31)/2))) | L33: ϝ
B34: Permanent Vacancies | K34: =IF(COUNT(C34:J34)=0,"",SUM(C34:J34)) | L34: ∑
B35: Temporary Vacancies | K35: =IF(COUNT(C35:J35)=0,"",SUM(C35:J35)) | L35: ∑
B36: Total Vacancies | C36: =IF(COUNT(C34:C35)=0,"",SUM(C34:C35)) | D36: =IF(COUNT(D34:D35)=0,"",SUM(D34:D35)) | E36: =IF(COUNT(E34:E35)=0,"",SUM(E34:E35)) | F36: =IF(COUNT(F34:F35)=0,"",SUM(F34:F35)) | G36: =IF(COUNT(G34:G35)=0,"",SUM(G34:G35)) | H36: =IF(COUNT(H34:H35)=0,"",SUM(H34:H35)) | I36: =IF(COUNT(I34:I35)=0,"",SUM(I34:I35)) | J36: =IF(COUNT(J34:J35)=0,"",SUM(J34:J35)) | K36: =IF(COUNT(K34:K35)=0,"",SUM(K34:K35)) | L36: ϝ
B37: Authorized Positions | C37: =IF(COUNT(C5,C36)=0,"",N(C5)+N(C36)) | D37: =IF(COUNT(D5,D36)=0,"",N(D5)+N(D36)) | E37: =IF(COUNT(E5,E36)=0,"",N(E5)+N(E36)) | F37: =IF(COUNT(F5,F36)=0,"",N(F5)+N(F36)) | G37: =IF(COUNT(G5,G36)=0,"",N(G5)+N(G36)) | H37: =IF(COUNT(H5,H36)=0,"",N(H5)+N(H36)) | I37: =IF(COUNT(I5,I36)=0,"",N(I5)+N(I36)) | J37: =IF(COUNT(J5,J36)=0,"",N(J5)+N(J36)) | K37: =IF(COUNT(K5,K36)=0,"",N(K5)+N(K36)) | L37: ϝ
B38: Vacancy Rate (%) | C38: =IFERROR(C36/C37,"") | D38: =IFERROR(D36/D37,"") | E38: =IFERROR(E36/E37,"") | F38: =IFERROR(F36/F37,"") | G38: =IFERROR(G36/G37,"") | H38: =IFERROR(H36/H37,"") | I38: =IFERROR(I36/I37,"") | J38: =IFERROR(J36/J37,"") | K38: =IFERROR(K36/K37,"") | L38: ϝ
B39: Permanent TimeToHire (Days) YTD | C39: =IF('(Culinary_CRI)'!$AB$11="","",'(Culinary_CRI)'!$AB$11) | D39: =IF('(Food_GTM)'!$AB$11="","",'(Food_GTM)'!$AB$11) | E39: =IF('(GCG_GTM)'!$AB$11="","",'(GCG_GTM)'!$AB$11) | F39: =IF('(Ground_HND)'!$AB$11="","",'(Ground_HND)'!$AB$11) | G39: =IF('(GCG_HND)'!$AB$11="","",'(GCG_HND)'!$AB$11) | H39: =IF('(Concess_PAN)'!$AB$11="","",'(Concess_PAN)'!$AB$11) | I39: =IF('(GCG_SLV)'!$AB$11="","",'(GCG_SLV)'!$AB$11) | J39: =IF('(Food_SLV)'!$AB$11="","",'(Food_SLV)'!$AB$11) | K39: =IFERROR(AVERAGE(C39:J39),"") | L39: Avg
B40: Temporary TimeToHire (Days) YTD | C40: =IF('(Culinary_CRI)'!$AD$11="","",'(Culinary_CRI)'!$AD$11) | D40: =IF('(Food_GTM)'!$AD$11="","",'(Food_GTM)'!$AD$11) | E40: =IF('(GCG_GTM)'!$AD$11="","",'(GCG_GTM)'!$AD$11) | F40: =IF('(Ground_HND)'!$AD$11="","",'(Ground_HND)'!$AD$11) | G40: =IF('(GCG_HND)'!$AD$11="","",'(GCG_HND)'!$AD$11) | H40: =IF('(Concess_PAN)'!$AD$11="","",'(Concess_PAN)'!$AD$11) | I40: =IF('(GCG_SLV)'!$AD$11="","",'(GCG_SLV)'!$AD$11) | J40: =IF('(Food_SLV)'!$AD$11="","",'(Food_SLV)'!$AD$11) | K40: =IFERROR(AVERAGE(C40:J40),"") | L40: Avg
B41: Check-ins Rate Completed (%) | K41: =IFERROR(AVERAGE(C41:J41),"") | L41: Avg
B42: EE Objectives Completed (#) | K42: =IF(COUNT(C42:J42)=0,"",SUM(C42:J42)) | L42: ∑
B43: Non-certified Absent (Days Lost) | K43: =IF(COUNT(C43:J43)=0,"",SUM(C43:J43)) | L43: ∑
B44: Certified sick leave (Days Lost) | K44: =IF(COUNT(C44:J44)=0,"",SUM(C44:J44)) | L44: ∑
B45: Total Absences | C45: =IF(COUNT(C43:C44)=0,"",SUM(C43:C44)) | D45: =IF(COUNT(D43:D44)=0,"",SUM(D43:D44)) | E45: =IF(COUNT(E43:E44)=0,"",SUM(E43:E44)) | F45: =IF(COUNT(F43:F44)=0,"",SUM(F43:F44)) | G45: =IF(COUNT(G43:G44)=0,"",SUM(G43:G44)) | H45: =IF(COUNT(H43:H44)=0,"",SUM(H43:H44)) | I45: =IF(COUNT(I43:I44)=0,"",SUM(I43:I44)) | J45: =IF(COUNT(J43:J44)=0,"",SUM(J43:J44)) | K45: =IF(COUNT(K43:K44)=0,"",SUM(K43:K44)) | L45: ϝ
B46: Absent Rate Non-Certified (%) | C46: =IF('(Culinary_CRI)'!$G$11="","",'(Culinary_CRI)'!$G$11) | D46: =IF('(Food_GTM)'!$G$11="","",'(Food_GTM)'!$G$11) | E46: =IF('(GCG_GTM)'!$G$11="","",'(GCG_GTM)'!$G$11) | F46: =IF('(Ground_HND)'!$G$11="","",'(Ground_HND)'!$G$11) | G46: =IF('(GCG_HND)'!$G$11="","",'(GCG_HND)'!$G$11) | H46: =IF('(Concess_PAN)'!$G$11="","",'(Concess_PAN)'!$G$11) | I46: =IF('(GCG_SLV)'!$G$11="","",'(GCG_SLV)'!$G$11) | J46: =IF('(Food_SLV)'!$G$11="","",'(Food_SLV)'!$G$11) | K46: {=IF(COUNT(C46:J46)=0,"",IFERROR(SUMPRODUCT(IFERROR(C46:J46*((C3:J3)+(C4:J4)),0))/SUMPRODUCT(IFERROR(ISNUMBER(C46:J46)*((C3:J3)+(C4:J4)),0)),""))} | L46: Weighted
B47: Absent Rate Certified (%) | C47: =IF('(Culinary_CRI)'!$O$11="","",'(Culinary_CRI)'!$O$11) | D47: =IF('(Food_GTM)'!$O$11="","",'(Food_GTM)'!$O$11) | E47: =IF('(GCG_GTM)'!$O$11="","",'(GCG_GTM)'!$O$11) | F47: =IF('(Ground_HND)'!$O$11="","",'(Ground_HND)'!$O$11) | G47: =IF('(GCG_HND)'!$O$11="","",'(GCG_HND)'!$O$11) | H47: =IF('(Concess_PAN)'!$O$11="","",'(Concess_PAN)'!$O$11) | I47: =IF('(GCG_SLV)'!$O$11="","",'(GCG_SLV)'!$O$11) | J47: =IF('(Food_SLV)'!$O$11="","",'(Food_SLV)'!$O$11) | K47: {=IF(COUNT(C47:J47)=0,"",IFERROR(SUMPRODUCT(IFERROR(C47:J47*((C3:J3)+(C4:J4)),0))/SUMPRODUCT(IFERROR(ISNUMBER(C47:J47)*((C3:J3)+(C4:J4)),0)),""))} | L47: Weighted
B48: Absent Rate Total (%) | C48: =IF(COUNT(C46:C47)=0,"",SUM(C46:C47)) | D48: =IF(COUNT(D46:D47)=0,"",SUM(D46:D47)) | E48: =IF(COUNT(E46:E47)=0,"",SUM(E46:E47)) | F48: =IF(COUNT(F46:F47)=0,"",SUM(F46:F47)) | G48: =IF(COUNT(G46:G47)=0,"",SUM(G46:G47)) | H48: =IF(COUNT(H46:H47)=0,"",SUM(H46:H47)) | I48: =IF(COUNT(I46:I47)=0,"",SUM(I46:I47)) | J48: =IF(COUNT(J46:J47)=0,"",SUM(J46:J47)) | K48: =IF(COUNT(K46:K47)=0,"",SUM(K46:K47)) | L48: Weighted
B49: Weight factor | C49: =IFERROR(C5/$K5,"") | D49: =IFERROR(D5/$K5,"") | E49: =IFERROR(E5/$K5,"") | F49: =IFERROR(F5/$K5,"") | G49: =IFERROR(G5/$K5,"") | H49: =IFERROR(H5/$K5,"") | I49: =IFERROR(I5/$K5,"") | J49: =IFERROR(J5/$K5,"") | K49: =IF(COUNT(C49:J49)=0,"",SUM(C49:J49)) | L49: Weight Factor
B50: Leadership (Hours) | K50: =IF(COUNT(C50:J50)=0,"",SUM(C50:J50)) | L50: ∑
B51: Technical (Hours) | K51: =IF(COUNT(C51:J51)=0,"",SUM(C51:J51)) | L51: ∑
B52: Professional Develop. (Hours) | K52: =IF(COUNT(C52:J52)=0,"",SUM(C52:J52)) | L52: ∑
B53: HSSE (Hours) | K53: =IF(COUNT(C53:J53)=0,"",SUM(C53:J53)) | L53: ∑
B54: Workday (Hours) | K54: =IF(COUNT(C54:J54)=0,"",SUM(C54:J54)) | L54: ∑
B55: Total Training Hours | C55: =IF(COUNT(C50:C54)=0,"",SUM(C50:C54)) | D55: =IF(COUNT(D50:D54)=0,"",SUM(D50:D54)) | E55: =IF(COUNT(E50:E54)=0,"",SUM(E50:E54)) | F55: =IF(COUNT(F50:F54)=0,"",SUM(F50:F54)) | G55: =IF(COUNT(G50:G54)=0,"",SUM(G50:G54)) | H55: =IF(COUNT(H50:H54)=0,"",SUM(H50:H54)) | I55: =IF(COUNT(I50:I54)=0,"",SUM(I50:I54)) | J55: =IF(COUNT(J50:J54)=0,"",SUM(J50:J54)) | K55: =IF(COUNT(K50:K54)=0,"",SUM(K50:K54)) | L55: ϝ
B56: Total Trained (Staff) | K56: =IF(COUNT(C56:J56)=0,"",SUM(C56:J56)) | L56: ∑
B57: Training Programs (#) | K57: =IF(COUNT(C57:J57)=0,"",SUM(C57:J57)) | L57: ∑
B58: Training Cost (USD) | K58: =IF(COUNT(C58:J58)=0,"",SUM(C58:J58)) | L58: ∑
B59: Training Travel Cost (USD) | K59: =IF(COUNT(C59:J59)=0,"",SUM(C59:J59)) | L59: ∑
B60: Leadership Hours Trained (%) | C60: =IFERROR(C50/C$55,"") | D60: =IFERROR(D50/D$55,"") | E60: =IFERROR(E50/E$55,"") | F60: =IFERROR(F50/F$55,"") | G60: =IFERROR(G50/G$55,"") | H60: =IFERROR(H50/H$55,"") | I60: =IFERROR(I50/I$55,"") | J60: =IFERROR(J50/J$55,"") | K60: =IFERROR(K50/K$55,"") | L60: ϝ
B61: Technical Hours Trained (%) | C61: =IFERROR(C51/C$55,"") | D61: =IFERROR(D51/D$55,"") | E61: =IFERROR(E51/E$55,"") | F61: =IFERROR(F51/F$55,"") | G61: =IFERROR(G51/G$55,"") | H61: =IFERROR(H51/H$55,"") | I61: =IFERROR(I51/I$55,"") | J61: =IFERROR(J51/J$55,"") | K61: =IFERROR(K51/K$55,"") | L61: ϝ
B62: Profess. Dev. Hours Trained (%) | C62: =IFERROR(C52/C$55,"") | D62: =IFERROR(D52/D$55,"") | E62: =IFERROR(E52/E$55,"") | F62: =IFERROR(F52/F$55,"") | G62: =IFERROR(G52/G$55,"") | H62: =IFERROR(H52/H$55,"") | I62: =IFERROR(I52/I$55,"") | J62: =IFERROR(J52/J$55,"") | K62: =IFERROR(K52/K$55,"") | L62: ϝ
B63: HSSE Hours Trained (%) | C63: =IFERROR(C53/C$55,"") | D63: =IFERROR(D53/D$55,"") | E63: =IFERROR(E53/E$55,"") | F63: =IFERROR(F53/F$55,"") | G63: =IFERROR(G53/G$55,"") | H63: =IFERROR(H53/H$55,"") | I63: =IFERROR(I53/I$55,"") | J63: =IFERROR(J53/J$55,"") | K63: =IFERROR(K53/K$55,"") | L63: ϝ
B64: Workday Hours Trained (%) | C64: =IFERROR(C54/C$55,"") | D64: =IFERROR(D54/D$55,"") | E64: =IFERROR(E54/E$55,"") | F64: =IFERROR(F54/F$55,"") | G64: =IFERROR(G54/G$55,"") | H64: =IFERROR(H54/H$55,"") | I64: =IFERROR(I54/I$55,"") | J64: =IFERROR(J54/J$55,"") | K64: =IFERROR(K54/K$55,"") | L64: ϝ
B65: Staff Trained (%) | C65: =IFERROR(C56/C5,"") | D65: =IFERROR(D56/D5,"") | E65: =IFERROR(E56/E5,"") | F65: =IFERROR(F56/F5,"") | G65: =IFERROR(G56/G5,"") | H65: =IFERROR(H56/H5,"") | I65: =IFERROR(I56/I5,"") | J65: =IFERROR(J56/J5,"") | K65: =IFERROR(K56/K5,"") | L65: ϝ
B66: Training Hours / EE | C66: =IFERROR(C55/C5,"") | D66: =IFERROR(D55/D5,"") | E66: =IFERROR(E55/E5,"") | F66: =IFERROR(F55/F5,"") | G66: =IFERROR(G55/G5,"") | H66: =IFERROR(H55/H5,"") | I66: =IFERROR(I55/I5,"") | J66: =IFERROR(J55/J5,"") | K66: =IFERROR(K55/K5,"") | L66: ϝ
B67: Training Hours / EE Trained | C67: =IFERROR(C55/C56,"") | D67: =IFERROR(D55/D56,"") | E67: =IFERROR(E55/E56,"") | F67: =IFERROR(F55/F56,"") | G67: =IFERROR(G55/G56,"") | H67: =IFERROR(H55/H56,"") | I67: =IFERROR(I55/I56,"") | J67: =IFERROR(J55/J56,"") | K67: =IFERROR(K55/K56,"") | L67: ϝ
B68: Training Invest. / EE (USD) | C68: =IF(COUNT(C58:C59)=0,"",IFERROR((N(C58)+N(C59))/C5,"")) | D68: =IF(COUNT(D58:D59)=0,"",IFERROR((N(D58)+N(D59))/D5,"")) | E68: =IF(COUNT(E58:E59)=0,"",IFERROR((N(E58)+N(E59))/E5,"")) | F68: =IF(COUNT(F58:F59)=0,"",IFERROR((N(F58)+N(F59))/F5,"")) | G68: =IF(COUNT(G58:G59)=0,"",IFERROR((N(G58)+N(G59))/G5,"")) | H68: =IF(COUNT(H58:H59)=0,"",IFERROR((N(H58)+N(H59))/H5,"")) | I68: =IF(COUNT(I58:I59)=0,"",IFERROR((N(I58)+N(I59))/I5,"")) | J68: =IF(COUNT(J58:J59)=0,"",IFERROR((N(J58)+N(J59))/J5,"")) | K68: =IF(COUNT(K58:K59)=0,"",IFERROR((N(K58)+N(K59))/K5,"")) | L68: ϝ
B69: Training Invest. / EE Trained (USD) | C69: =IF(COUNT(C58:C59)=0,"",IFERROR((N(C58)+N(C59))/C56,"")) | D69: =IF(COUNT(D58:D59)=0,"",IFERROR((N(D58)+N(D59))/D56,"")) | E69: =IF(COUNT(E58:E59)=0,"",IFERROR((N(E58)+N(E59))/E56,"")) | F69: =IF(COUNT(F58:F59)=0,"",IFERROR((N(F58)+N(F59))/F56,"")) | G69: =IF(COUNT(G58:G59)=0,"",IFERROR((N(G58)+N(G59))/G56,"")) | H69: =IF(COUNT(H58:H59)=0,"",IFERROR((N(H58)+N(H59))/H56,"")) | I69: =IF(COUNT(I58:I59)=0,"",IFERROR((N(I58)+N(I59))/I56,"")) | J69: =IF(COUNT(J58:J59)=0,"",IFERROR((N(J58)+N(J59))/J56,"")) | K69: =IF(COUNT(K58:K59)=0,"",IFERROR((N(K58)+N(K59))/K56,"")) | L69: ϝ
