Workbook

Sheet Quarter
B1: GCG SOUTH CARIBBEAN
A2: FY2027 | B2: Quarter | C2: OCT | D2: NOV | E2: DEC | F2: ∑Q1 | G2: JAN | H2: FEB | I2: MAR | J2: ∑Q2 | K2: APR | L2: MAY | M2: JUN | N2: ∑Q3 | O2: JUL | P2: AUG | Q2: SEP | R2: ∑Q4 | S2: FY2027
B3: Permanent (Regular) Headcount | C3: =OCT!M3 | D3: =NOV!M3 | E3: =DEC!M3 | F3: =IFERROR(AVERAGE(C3:E3),"") | G3: =JAN!M3 | H3: =FEB!M3 | I3: =MAR!M3 | J3: =IFERROR(AVERAGE(G3:I3),"") | K3: =APR!M3 | L3: =MAY!M3 | M3: =JUN!M3 | N3: =IFERROR(AVERAGE(K3:M3),"") | O3: =JUL!M3 | P3: =AUG!M3 | Q3: =SEP!M3 | R3: =IFERROR(AVERAGE(O3:Q3),"") | S3: =IFERROR(AVERAGE(C3:E3,G3:I3,K3:M3,O3:Q3),"")
B4: Temporary (Fix Term) Headcount | C4: =OCT!M4 | D4: =NOV!M4 | E4: =DEC!M4 | F4: =IFERROR(AVERAGE(C4:E4),"") | G4: =JAN!M4 | H4: =FEB!M4 | I4: =MAR!M4 | J4: =IFERROR(AVERAGE(G4:I4),"") | K4: =APR!M4 | L4: =MAY!M4 | M4: =JUN!M4 | N4: =IFERROR(AVERAGE(K4:M4),"") | O4: =JUL!M4 | P4: =AUG!M4 | Q4: =SEP!M4 | R4: =IFERROR(AVERAGE(O4:Q4),"") | S4: =IFERROR(AVERAGE(C4:E4,G4:I4,K4:M4,O4:Q4),"")
B5: Employee Headcount (Productivity) | C5: =OCT!M5 | D5: =NOV!M5 | E5: =DEC!M5 | F5: =IF(COUNT(F3:F4)=0,"",SUM(F3:F4)) | G5: =JAN!M5 | H5: =FEB!M5 | I5: =MAR!M5 | J5: =IF(COUNT(J3:J4)=0,"",SUM(J3:J4)) | K5: =APR!M5 | L5: =MAY!M5 | M5: =JUN!M5 | N5: =IF(COUNT(N3:N4)=0,"",SUM(N3:N4)) | O5: =JUL!M5 | P5: =AUG!M5 | Q5: =SEP!M5 | R5: =IF(COUNT(R3:R4)=0,"",SUM(R3:R4)) | S5: =IF(COUNT(S3:S4)=0,"",SUM(S3:S4))
B6: Headcount = 1.00 | C6: =OCT!M6 | D6: =NOV!M6 | E6: =DEC!M6 | F6: =IFERROR(AVERAGE(C6:E6),"") | G6: =JAN!M6 | H6: =FEB!M6 | I6: =MAR!M6 | J6: =IFERROR(AVERAGE(G6:I6),"") | K6: =APR!M6 | L6: =MAY!M6 | M6: =JUN!M6 | N6: =IFERROR(AVERAGE(K6:M6),"") | O6: =JUL!M6 | P6: =AUG!M6 | Q6: =SEP!M6 | R6: =IFERROR(AVERAGE(O6:Q6),"") | S6: =IFERROR(AVERAGE(C6:E6,G6:I6,K6:M6,O6:Q6),"")
B7: Headcount = 0.75 | C7: =OCT!M7 | D7: =NOV!M7 | E7: =DEC!M7 | F7: =IFERROR(AVERAGE(C7:E7),"") | G7: =JAN!M7 | H7: =FEB!M7 | I7: =MAR!M7 | J7: =IFERROR(AVERAGE(G7:I7),"") | K7: =APR!M7 | L7: =MAY!M7 | M7: =JUN!M7 | N7: =IFERROR(AVERAGE(K7:M7),"") | O7: =JUL!M7 | P7: =AUG!M7 | Q7: =SEP!M7 | R7: =IFERROR(AVERAGE(O7:Q7),"") | S7: =IFERROR(AVERAGE(C7:E7,G7:I7,K7:M7,O7:Q7),"")
B8: Headcount = 0.50 | C8: =OCT!M8 | D8: =NOV!M8 | E8: =DEC!M8 | F8: =IFERROR(AVERAGE(C8:E8),"") | G8: =JAN!M8 | H8: =FEB!M8 | I8: =MAR!M8 | J8: =IFERROR(AVERAGE(G8:I8),"") | K8: =APR!M8 | L8: =MAY!M8 | M8: =JUN!M8 | N8: =IFERROR(AVERAGE(K8:M8),"") | O8: =JUL!M8 | P8: =AUG!M8 | Q8: =SEP!M8 | R8: =IFERROR(AVERAGE(O8:Q8),"") | S8: =IFERROR(AVERAGE(C8:E8,G8:I8,K8:M8,O8:Q8),"")
B9: Headcount = 0.25 | C9: =OCT!M9 | D9: =NOV!M9 | E9: =DEC!M9 | F9: =IFERROR(AVERAGE(C9:E9),"") | G9: =JAN!M9 | H9: =FEB!M9 | I9: =MAR!M9 | J9: =IFERROR(AVERAGE(G9:I9),"") | K9: =APR!M9 | L9: =MAY!M9 | M9: =JUN!M9 | N9: =IFERROR(AVERAGE(K9:M9),"") | O9: =JUL!M9 | P9: =AUG!M9 | Q9: =SEP!M9 | R9: =IFERROR(AVERAGE(O9:Q9),"") | S9: =IFERROR(AVERAGE(C9:E9,G9:I9,K9:M9,O9:Q9),"")
B10: Standard Monthly Hours (FTE basis) | C10: =OCT!M10 | D10: =NOV!M10 | E10: =DEC!M10 | F10: =IFERROR(AVERAGE(C10:E10),"") | G10: =JAN!M10 | H10: =FEB!M10 | I10: =MAR!M10 | J10: =IFERROR(AVERAGE(G10:I10),"") | K10: =APR!M10 | L10: =MAY!M10 | M10: =JUN!M10 | N10: =IFERROR(AVERAGE(K10:M10),"") | O10: =JUL!M10 | P10: =AUG!M10 | Q10: =SEP!M10 | R10: =IFERROR(AVERAGE(O10:Q10),"") | S10: =IFERROR(AVERAGE(C10:E10,G10:I10,K10:M10,O10:Q10),"")
B11: Employee FTE (Finance) | C11: =OCT!M11 | D11: =NOV!M11 | E11: =DEC!M11 | F11: =IF(COUNT(F6:F9)=0,"",N(F6)+N(F7)*0.75+N(F8)*0.5+N(F9)*0.25) | G11: =JAN!M11 | H11: =FEB!M11 | I11: =MAR!M11 | J11: =IF(COUNT(J6:J9)=0,"",N(J6)+N(J7)*0.75+N(J8)*0.5+N(J9)*0.25) | K11: =APR!M11 | L11: =MAY!M11 | M11: =JUN!M11 | N11: =IF(COUNT(N6:N9)=0,"",N(N6)+N(N7)*0.75+N(N8)*0.5+N(N9)*0.25) | O11: =JUL!M11 | P11: =AUG!M11 | Q11: =SEP!M11 | R11: =IF(COUNT(R6:R9)=0,"",N(R6)+N(R7)*0.75+N(R8)*0.5+N(R9)*0.25) | S11: =IF(COUNT(S6:S9)=0,"",N(S6)+N(S7)*0.75+N(S8)*0.5+N(S9)*0.25)
B12: Subcontracted Workforce HC | C12: =OCT!M12 | D12: =NOV!M12 | E12: =DEC!M12 | F12: =IFERROR(AVERAGE(C12:E12),"") | G12: =JAN!M12 | H12: =FEB!M12 | I12: =MAR!M12 | J12: =IFERROR(AVERAGE(G12:I12),"") | K12: =APR!M12 | L12: =MAY!M12 | M12: =JUN!M12 | N12: =IFERROR(AVERAGE(K12:M12),"") | O12: =JUL!M12 | P12: =AUG!M12 | Q12: =SEP!M12 | R12: =IFERROR(AVERAGE(O12:Q12),"") | S12: =IFERROR(AVERAGE(C12:E12,G12:I12,K12:M12,O12:Q12),"")
B13: Subcontracted Productive Hours | C13: =OCT!M13 | D13: =NOV!M13 | E13: =DEC!M13 | F13: =IFERROR(AVERAGE(C13:E13),"") | G13: =JAN!M13 | H13: =FEB!M13 | I13: =MAR!M13 | J13: =IFERROR(AVERAGE(G13:I13),"") | K13: =APR!M13 | L13: =MAY!M13 | M13: =JUN!M13 | N13: =IFERROR(AVERAGE(K13:M13),"") | O13: =JUL!M13 | P13: =AUG!M13 | Q13: =SEP!M13 | R13: =IFERROR(AVERAGE(O13:Q13),"") | S13: =IFERROR(AVERAGE(C13:E13,G13:I13,K13:M13,O13:Q13),"")
B14: Subcontracted FTE | C14: =OCT!M14 | D14: =NOV!M14 | E14: =DEC!M14 | F14: =IFERROR(F13/F10,"") | G14: =JAN!M14 | H14: =FEB!M14 | I14: =MAR!M14 | J14: =IFERROR(J13/J10,"") | K14: =APR!M14 | L14: =MAY!M14 | M14: =JUN!M14 | N14: =IFERROR(N13/N10,"") | O14: =JUL!M14 | P14: =AUG!M14 | Q14: =SEP!M14 | R14: =IFERROR(R13/R10,"") | S14: =IFERROR(S13/S10,"")
B15: Total Operational Workforce | C15: =OCT!M15 | D15: =NOV!M15 | E15: =DEC!M15 | F15: =IF(COUNT(F5,F12)=0,"",SUM(F5,F12)) | G15: =JAN!M15 | H15: =FEB!M15 | I15: =MAR!M15 | J15: =IF(COUNT(J5,J12)=0,"",SUM(J5,J12)) | K15: =APR!M15 | L15: =MAY!M15 | M15: =JUN!M15 | N15: =IF(COUNT(N5,N12)=0,"",SUM(N5,N12)) | O15: =JUL!M15 | P15: =AUG!M15 | Q15: =SEP!M15 | R15: =IF(COUNT(R5,R12)=0,"",SUM(R5,R12)) | S15: =IF(COUNT(S5,S12)=0,"",SUM(S5,S12))
B16: Total Operational FTE | C16: =OCT!M16 | D16: =NOV!M16 | E16: =DEC!M16 | F16: =IF(COUNT(F11,F14)=0,"",SUM(F11,F14)) | G16: =JAN!M16 | H16: =FEB!M16 | I16: =MAR!M16 | J16: =IF(COUNT(J11,J14)=0,"",SUM(J11,J14)) | K16: =APR!M16 | L16: =MAY!M16 | M16: =JUN!M16 | N16: =IF(COUNT(N11,N14)=0,"",SUM(N11,N14)) | O16: =JUL!M16 | P16: =AUG!M16 | Q16: =SEP!M16 | R16: =IF(COUNT(R11,R14)=0,"",SUM(R11,R14)) | S16: =IF(COUNT(S11,S14)=0,"",SUM(S11,S14))
B17: Subcontracted Share of Workforce (%) | C17: =OCT!M17 | D17: =NOV!M17 | E17: =DEC!M17 | F17: =IFERROR(F12/F15,"") | G17: =JAN!M17 | H17: =FEB!M17 | I17: =MAR!M17 | J17: =IFERROR(J12/J15,"") | K17: =APR!M17 | L17: =MAY!M17 | M17: =JUN!M17 | N17: =IFERROR(N12/N15,"") | O17: =JUL!M17 | P17: =AUG!M17 | Q17: =SEP!M17 | R17: =IFERROR(R12/R15,"") | S17: =IFERROR(S12/S15,"")
B18: FTE HR Team | C18: =OCT!M18 | D18: =NOV!M18 | E18: =DEC!M18 | F18: =IFERROR(AVERAGE(C18:E18),"") | G18: =JAN!M18 | H18: =FEB!M18 | I18: =MAR!M18 | J18: =IFERROR(AVERAGE(G18:I18),"") | K18: =APR!M18 | L18: =MAY!M18 | M18: =JUN!M18 | N18: =IFERROR(AVERAGE(K18:M18),"") | O18: =JUL!M18 | P18: =AUG!M18 | Q18: =SEP!M18 | R18: =IFERROR(AVERAGE(O18:Q18),"") | S18: =IFERROR(AVERAGE(C18:E18,G18:I18,K18:M18,O18:Q18),"")
B19: Permanent Hires | C19: =OCT!M19 | D19: =NOV!M19 | E19: =DEC!M19 | F19: =IF(COUNT(C19:E19)=0,"",SUM(C19:E19)) | G19: =JAN!M19 | H19: =FEB!M19 | I19: =MAR!M19 | J19: =IF(COUNT(G19:I19)=0,"",SUM(G19:I19)) | K19: =APR!M19 | L19: =MAY!M19 | M19: =JUN!M19 | N19: =IF(COUNT(K19:M19)=0,"",SUM(K19:M19)) | O19: =JUL!M19 | P19: =AUG!M19 | Q19: =SEP!M19 | R19: =IF(COUNT(O19:Q19)=0,"",SUM(O19:Q19)) | S19: =IF(COUNT(C19:E19,G19:I19,K19:M19,O19:Q19)=0,"",SUM(C19:E19,G19:I19,K19:M19,O19:Q19))
B20: Temporary Hires | C20: =OCT!M20 | D20: =NOV!M20 | E20: =DEC!M20 | F20: =IF(COUNT(C20:E20)=0,"",SUM(C20:E20)) | G20: =JAN!M20 | H20: =FEB!M20 | I20: =MAR!M20 | J20: =IF(COUNT(G20:I20)=0,"",SUM(G20:I20)) | K20: =APR!M20 | L20: =MAY!M20 | M20: =JUN!M20 | N20: =IF(COUNT(K20:M20)=0,"",SUM(K20:M20)) | O20: =JUL!M20 | P20: =AUG!M20 | Q20: =SEP!M20 | R20: =IF(COUNT(O20:Q20)=0,"",SUM(O20:Q20)) | S20: =IF(COUNT(C20:E20,G20:I20,K20:M20,O20:Q20)=0,"",SUM(C20:E20,G20:I20,K20:M20,O20:Q20))
B21: Total Hires | C21: =OCT!M21 | D21: =NOV!M21 | E21: =DEC!M21 | F21: =IF(COUNT(F19:F20)=0,"",SUM(F19:F20)) | G21: =JAN!M21 | H21: =FEB!M21 | I21: =MAR!M21 | J21: =IF(COUNT(J19:J20)=0,"",SUM(J19:J20)) | K21: =APR!M21 | L21: =MAY!M21 | M21: =JUN!M21 | N21: =IF(COUNT(N19:N20)=0,"",SUM(N19:N20)) | O21: =JUL!M21 | P21: =AUG!M21 | Q21: =SEP!M21 | R21: =IF(COUNT(R19:R20)=0,"",SUM(R19:R20)) | S21: =IF(COUNT(S19:S20)=0,"",SUM(S19:S20))
B22: Permanent Exits | C22: =OCT!M22 | D22: =NOV!M22 | E22: =DEC!M22 | F22: =IF(COUNT(C22:E22)=0,"",SUM(C22:E22)) | G22: =JAN!M22 | H22: =FEB!M22 | I22: =MAR!M22 | J22: =IF(COUNT(G22:I22)=0,"",SUM(G22:I22)) | K22: =APR!M22 | L22: =MAY!M22 | M22: =JUN!M22 | N22: =IF(COUNT(K22:M22)=0,"",SUM(K22:M22)) | O22: =JUL!M22 | P22: =AUG!M22 | Q22: =SEP!M22 | R22: =IF(COUNT(O22:Q22)=0,"",SUM(O22:Q22)) | S22: =IF(COUNT(C22:E22,G22:I22,K22:M22,O22:Q22)=0,"",SUM(C22:E22,G22:I22,K22:M22,O22:Q22))
B23: Temporary Exits | C23: =OCT!M23 | D23: =NOV!M23 | E23: =DEC!M23 | F23: =IF(COUNT(C23:E23)=0,"",SUM(C23:E23)) | G23: =JAN!M23 | H23: =FEB!M23 | I23: =MAR!M23 | J23: =IF(COUNT(G23:I23)=0,"",SUM(G23:I23)) | K23: =APR!M23 | L23: =MAY!M23 | M23: =JUN!M23 | N23: =IF(COUNT(K23:M23)=0,"",SUM(K23:M23)) | O23: =JUL!M23 | P23: =AUG!M23 | Q23: =SEP!M23 | R23: =IF(COUNT(O23:Q23)=0,"",SUM(O23:Q23)) | S23: =IF(COUNT(C23:E23,G23:I23,K23:M23,O23:Q23)=0,"",SUM(C23:E23,G23:I23,K23:M23,O23:Q23))
B24: Total Exits | C24: =OCT!M24 | D24: =NOV!M24 | E24: =DEC!M24 | F24: =IF(COUNT(F22:F23)=0,"",SUM(F22:F23)) | G24: =JAN!M24 | H24: =FEB!M24 | I24: =MAR!M24 | J24: =IF(COUNT(J22:J23)=0,"",SUM(J22:J23)) | K24: =APR!M24 | L24: =MAY!M24 | M24: =JUN!M24 | N24: =IF(COUNT(N22:N23)=0,"",SUM(N22:N23)) | O24: =JUL!M24 | P24: =AUG!M24 | Q24: =SEP!M24 | R24: =IF(COUNT(R22:R23)=0,"",SUM(R22:R23)) | S24: =IF(COUNT(S22:S23)=0,"",SUM(S22:S23))
B25: Permanent Turnover (%) | C25: =OCT!M25 | D25: =NOV!M25 | E25: =DEC!M25 | F25: =IF(COUNT(F31,F32)<2,"",IF((F32+F31)=0,"",N(F22)/((F32+F31)/2))) | G25: =JAN!M25 | H25: =FEB!M25 | I25: =MAR!M25 | J25: =IF(COUNT(J31,J32)<2,"",IF((J32+J31)=0,"",N(J22)/((J32+J31)/2))) | K25: =APR!M25 | L25: =MAY!M25 | M25: =JUN!M25 | N25: =IF(COUNT(N31,N32)<2,"",IF((N32+N31)=0,"",N(N22)/((N32+N31)/2))) | O25: =JUL!M25 | P25: =AUG!M25 | Q25: =SEP!M25 | R25: =IF(COUNT(R31,R32)<2,"",IF((R32+R31)=0,"",N(R22)/((R32+R31)/2))) | S25: =IF(COUNT(S31,S32)<2,"",IF((S32+S31)=0,"",N(S22)/((S32+S31)/2)))
B26: Temporary Turnover (%) | C26: =OCT!M26 | D26: =NOV!M26 | E26: =DEC!M26 | F26: =IF(COUNT(F31,F32)<2,"",IF((F32+F31)=0,"",N(F23)/((F32+F31)/2))) | G26: =JAN!M26 | H26: =FEB!M26 | I26: =MAR!M26 | J26: =IF(COUNT(J31,J32)<2,"",IF((J32+J31)=0,"",N(J23)/((J32+J31)/2))) | K26: =APR!M26 | L26: =MAY!M26 | M26: =JUN!M26 | N26: =IF(COUNT(N31,N32)<2,"",IF((N32+N31)=0,"",N(N23)/((N32+N31)/2))) | O26: =JUL!M26 | P26: =AUG!M26 | Q26: =SEP!M26 | R26: =IF(COUNT(R31,R32)<2,"",IF((R32+R31)=0,"",N(R23)/((R32+R31)/2))) | S26: =IF(COUNT(S31,S32)<2,"",IF((S32+S31)=0,"",N(S23)/((S32+S31)/2)))
B27: Voluntary Terminations | C27: =OCT!M27 | D27: =NOV!M27 | E27: =DEC!M27 | F27: =IF(COUNT(C27:E27)=0,"",SUM(C27:E27)) | G27: =JAN!M27 | H27: =FEB!M27 | I27: =MAR!M27 | J27: =IF(COUNT(G27:I27)=0,"",SUM(G27:I27)) | K27: =APR!M27 | L27: =MAY!M27 | M27: =JUN!M27 | N27: =IF(COUNT(K27:M27)=0,"",SUM(K27:M27)) | O27: =JUL!M27 | P27: =AUG!M27 | Q27: =SEP!M27 | R27: =IF(COUNT(O27:Q27)=0,"",SUM(O27:Q27)) | S27: =IF(COUNT(C27:E27,G27:I27,K27:M27,O27:Q27)=0,"",SUM(C27:E27,G27:I27,K27:M27,O27:Q27))
B28: Involuntary Terminations | C28: =OCT!M28 | D28: =NOV!M28 | E28: =DEC!M28 | F28: =IF(COUNT(C28:E28)=0,"",SUM(C28:E28)) | G28: =JAN!M28 | H28: =FEB!M28 | I28: =MAR!M28 | J28: =IF(COUNT(G28:I28)=0,"",SUM(G28:I28)) | K28: =APR!M28 | L28: =MAY!M28 | M28: =JUN!M28 | N28: =IF(COUNT(K28:M28)=0,"",SUM(K28:M28)) | O28: =JUL!M28 | P28: =AUG!M28 | Q28: =SEP!M28 | R28: =IF(COUNT(O28:Q28)=0,"",SUM(O28:Q28)) | S28: =IF(COUNT(C28:E28,G28:I28,K28:M28,O28:Q28)=0,"",SUM(C28:E28,G28:I28,K28:M28,O28:Q28))
B29: Voluntary Turnover (%) | C29: =OCT!M29 | D29: =NOV!M29 | E29: =DEC!M29 | F29: =IF(COUNT(F31,F32)<2,"",IF((F32+F31)=0,"",N(F27)/((F32+F31)/2))) | G29: =JAN!M29 | H29: =FEB!M29 | I29: =MAR!M29 | J29: =IF(COUNT(J31,J32)<2,"",IF((J32+J31)=0,"",N(J27)/((J32+J31)/2))) | K29: =APR!M29 | L29: =MAY!M29 | M29: =JUN!M29 | N29: =IF(COUNT(N31,N32)<2,"",IF((N32+N31)=0,"",N(N27)/((N32+N31)/2))) | O29: =JUL!M29 | P29: =AUG!M29 | Q29: =SEP!M29 | R29: =IF(COUNT(R31,R32)<2,"",IF((R32+R31)=0,"",N(R27)/((R32+R31)/2))) | S29: =IF(COUNT(S31,S32)<2,"",IF((S32+S31)=0,"",N(S27)/((S32+S31)/2)))
B30: Involuntary Turnover (%) | C30: =OCT!M30 | D30: =NOV!M30 | E30: =DEC!M30 | F30: =IF(COUNT(F31,F32)<2,"",IF((F32+F31)=0,"",N(F28)/((F32+F31)/2))) | G30: =JAN!M30 | H30: =FEB!M30 | I30: =MAR!M30 | J30: =IF(COUNT(J31,J32)<2,"",IF((J32+J31)=0,"",N(J28)/((J32+J31)/2))) | K30: =APR!M30 | L30: =MAY!M30 | M30: =JUN!M30 | N30: =IF(COUNT(N31,N32)<2,"",IF((N32+N31)=0,"",N(N28)/((N32+N31)/2))) | O30: =JUL!M30 | P30: =AUG!M30 | Q30: =SEP!M30 | R30: =IF(COUNT(R31,R32)<2,"",IF((R32+R31)=0,"",N(R28)/((R32+R31)/2))) | S30: =IF(COUNT(S31,S32)<2,"",IF((S32+S31)=0,"",N(S28)/((S32+S31)/2)))
B31: Headcount last Month | C31: =OCT!M31 | D31: =NOV!M31 | E31: =DEC!M31 | F31: =IFERROR(AVERAGE(C31:E31),"") | G31: =JAN!M31 | H31: =FEB!M31 | I31: =MAR!M31 | J31: =IFERROR(AVERAGE(G31:I31),"") | K31: =APR!M31 | L31: =MAY!M31 | M31: =JUN!M31 | N31: =IFERROR(AVERAGE(K31:M31),"") | O31: =JUL!M31 | P31: =AUG!M31 | Q31: =SEP!M31 | R31: =IFERROR(AVERAGE(O31:Q31),"") | S31: =IFERROR(AVERAGE(C31:E31,G31:I31,K31:M31,O31:Q31),"")
B32: Headcount this Month | C32: =OCT!M32 | D32: =NOV!M32 | E32: =DEC!M32 | F32: =IFERROR(AVERAGE(C32:E32),"") | G32: =JAN!M32 | H32: =FEB!M32 | I32: =MAR!M32 | J32: =IFERROR(AVERAGE(G32:I32),"") | K32: =APR!M32 | L32: =MAY!M32 | M32: =JUN!M32 | N32: =IFERROR(AVERAGE(K32:M32),"") | O32: =JUL!M32 | P32: =AUG!M32 | Q32: =SEP!M32 | R32: =IFERROR(AVERAGE(O32:Q32),"") | S32: =IFERROR(AVERAGE(C32:E32,G32:I32,K32:M32,O32:Q32),"")
B33: Full Turnover (%) | C33: =OCT!M33 | D33: =NOV!M33 | E33: =DEC!M33 | F33: =IF(COUNT(F31,F32)<2,"",IF((F32+F31)=0,"",N(F24)/((F32+F31)/2))) | G33: =JAN!M33 | H33: =FEB!M33 | I33: =MAR!M33 | J33: =IF(COUNT(J31,J32)<2,"",IF((J32+J31)=0,"",N(J24)/((J32+J31)/2))) | K33: =APR!M33 | L33: =MAY!M33 | M33: =JUN!M33 | N33: =IF(COUNT(N31,N32)<2,"",IF((N32+N31)=0,"",N(N24)/((N32+N31)/2))) | O33: =JUL!M33 | P33: =AUG!M33 | Q33: =SEP!M33 | R33: =IF(COUNT(R31,R32)<2,"",IF((R32+R31)=0,"",N(R24)/((R32+R31)/2))) | S33: =IF(COUNT(S31,S32)<2,"",IF((S32+S31)=0,"",N(S24)/((S32+S31)/2)))
B34: Permanent Vacancies | C34: =OCT!M34 | D34: =NOV!M34 | E34: =DEC!M34 | F34: =IFERROR(AVERAGE(C34:E34),"") | G34: =JAN!M34 | H34: =FEB!M34 | I34: =MAR!M34 | J34: =IFERROR(AVERAGE(G34:I34),"") | K34: =APR!M34 | L34: =MAY!M34 | M34: =JUN!M34 | N34: =IFERROR(AVERAGE(K34:M34),"") | O34: =JUL!M34 | P34: =AUG!M34 | Q34: =SEP!M34 | R34: =IFERROR(AVERAGE(O34:Q34),"") | S34: =IFERROR(AVERAGE(C34:E34,G34:I34,K34:M34,O34:Q34),"")
B35: Temporary Vacancies | C35: =OCT!M35 | D35: =NOV!M35 | E35: =DEC!M35 | F35: =IFERROR(AVERAGE(C35:E35),"") | G35: =JAN!M35 | H35: =FEB!M35 | I35: =MAR!M35 | J35: =IFERROR(AVERAGE(G35:I35),"") | K35: =APR!M35 | L35: =MAY!M35 | M35: =JUN!M35 | N35: =IFERROR(AVERAGE(K35:M35),"") | O35: =JUL!M35 | P35: =AUG!M35 | Q35: =SEP!M35 | R35: =IFERROR(AVERAGE(O35:Q35),"") | S35: =IFERROR(AVERAGE(C35:E35,G35:I35,K35:M35,O35:Q35),"")
B36: Total Vacancies | C36: =OCT!M36 | D36: =NOV!M36 | E36: =DEC!M36 | F36: =IF(COUNT(F34:F35)=0,"",SUM(F34:F35)) | G36: =JAN!M36 | H36: =FEB!M36 | I36: =MAR!M36 | J36: =IF(COUNT(J34:J35)=0,"",SUM(J34:J35)) | K36: =APR!M36 | L36: =MAY!M36 | M36: =JUN!M36 | N36: =IF(COUNT(N34:N35)=0,"",SUM(N34:N35)) | O36: =JUL!M36 | P36: =AUG!M36 | Q36: =SEP!M36 | R36: =IF(COUNT(R34:R35)=0,"",SUM(R34:R35)) | S36: =IF(COUNT(S34:S35)=0,"",SUM(S34:S35))
B37: Authorized Positions | C37: =OCT!M37 | D37: =NOV!M37 | E37: =DEC!M37 | F37: =IF(COUNT(F5,F36)=0,"",N(F5)+N(F36)) | G37: =JAN!M37 | H37: =FEB!M37 | I37: =MAR!M37 | J37: =IF(COUNT(J5,J36)=0,"",N(J5)+N(J36)) | K37: =APR!M37 | L37: =MAY!M37 | M37: =JUN!M37 | N37: =IF(COUNT(N5,N36)=0,"",N(N5)+N(N36)) | O37: =JUL!M37 | P37: =AUG!M37 | Q37: =SEP!M37 | R37: =IF(COUNT(R5,R36)=0,"",N(R5)+N(R36)) | S37: =IF(COUNT(S5,S36)=0,"",N(S5)+N(S36))
B38: Vacancy Rate (%) | C38: =OCT!M38 | D38: =NOV!M38 | E38: =DEC!M38 | F38: =IFERROR(F36/F37,"") | G38: =JAN!M38 | H38: =FEB!M38 | I38: =MAR!M38 | J38: =IFERROR(J36/J37,"") | K38: =APR!M38 | L38: =MAY!M38 | M38: =JUN!M38 | N38: =IFERROR(N36/N37,"") | O38: =JUL!M38 | P38: =AUG!M38 | Q38: =SEP!M38 | R38: =IFERROR(R36/R37,"") | S38: =IFERROR(S36/S37,"")
B39: Permanent TimeToHire (Days) YTD | C39: =OCT!M39 | D39: =NOV!M39 | E39: =DEC!M39 | F39: =IFERROR(LOOKUP(2,1/ISNUMBER(C39:E39),C39:E39),"") | G39: =JAN!M39 | H39: =FEB!M39 | I39: =MAR!M39 | J39: =IFERROR(LOOKUP(2,1/ISNUMBER(G39:I39),G39:I39),"") | K39: =APR!M39 | L39: =MAY!M39 | M39: =JUN!M39 | N39: =IFERROR(LOOKUP(2,1/ISNUMBER(K39:M39),K39:M39),"") | O39: =JUL!M39 | P39: =AUG!M39 | Q39: =SEP!M39 | R39: =IFERROR(LOOKUP(2,1/ISNUMBER(O39:Q39),O39:Q39),"") | S39: =IFERROR(LOOKUP(2,1/ISNUMBER(C39:Q39),C39:Q39),"")
B40: Temporary TimeToHire (Days) YTD | C40: =OCT!M40 | D40: =NOV!M40 | E40: =DEC!M40 | F40: =IFERROR(LOOKUP(2,1/ISNUMBER(C40:E40),C40:E40),"") | G40: =JAN!M40 | H40: =FEB!M40 | I40: =MAR!M40 | J40: =IFERROR(LOOKUP(2,1/ISNUMBER(G40:I40),G40:I40),"") | K40: =APR!M40 | L40: =MAY!M40 | M40: =JUN!M40 | N40: =IFERROR(LOOKUP(2,1/ISNUMBER(K40:M40),K40:M40),"") | O40: =JUL!M40 | P40: =AUG!M40 | Q40: =SEP!M40 | R40: =IFERROR(LOOKUP(2,1/ISNUMBER(O40:Q40),O40:Q40),"") | S40: =IFERROR(LOOKUP(2,1/ISNUMBER(C40:Q40),C40:Q40),"")
B41: Check-ins Rate Completed (%) | C41: =OCT!M41 | D41: =NOV!M41 | E41: =DEC!M41 | F41: =IFERROR(AVERAGE(C41:E41),"") | G41: =JAN!M41 | H41: =FEB!M41 | I41: =MAR!M41 | J41: =IFERROR(AVERAGE(G41:I41),"") | K41: =APR!M41 | L41: =MAY!M41 | M41: =JUN!M41 | N41: =IFERROR(AVERAGE(K41:M41),"") | O41: =JUL!M41 | P41: =AUG!M41 | Q41: =SEP!M41 | R41: =IFERROR(AVERAGE(O41:Q41),"") | S41: =IFERROR(AVERAGE(C41:E41,G41:I41,K41:M41,O41:Q41),"")
B42: EE Objectives Completed (#) | C42: =OCT!M42 | D42: =NOV!M42 | E42: =DEC!M42 | F42: =IF(COUNT(C42:E42)=0,"",SUM(C42:E42)) | G42: =JAN!M42 | H42: =FEB!M42 | I42: =MAR!M42 | J42: =IF(COUNT(G42:I42)=0,"",SUM(G42:I42)) | K42: =APR!M42 | L42: =MAY!M42 | M42: =JUN!M42 | N42: =IF(COUNT(K42:M42)=0,"",SUM(K42:M42)) | O42: =JUL!M42 | P42: =AUG!M42 | Q42: =SEP!M42 | R42: =IF(COUNT(O42:Q42)=0,"",SUM(O42:Q42)) | S42: =IF(COUNT(C42:E42,G42:I42,K42:M42,O42:Q42)=0,"",SUM(C42:E42,G42:I42,K42:M42,O42:Q42))
B43: Non-certified Absent (Days Lost) | C43: =OCT!M43 | D43: =NOV!M43 | E43: =DEC!M43 | F43: =IF(COUNT(C43:E43)=0,"",SUM(C43:E43)) | G43: =JAN!M43 | H43: =FEB!M43 | I43: =MAR!M43 | J43: =IF(COUNT(G43:I43)=0,"",SUM(G43:I43)) | K43: =APR!M43 | L43: =MAY!M43 | M43: =JUN!M43 | N43: =IF(COUNT(K43:M43)=0,"",SUM(K43:M43)) | O43: =JUL!M43 | P43: =AUG!M43 | Q43: =SEP!M43 | R43: =IF(COUNT(O43:Q43)=0,"",SUM(O43:Q43)) | S43: =IF(COUNT(C43:E43,G43:I43,K43:M43,O43:Q43)=0,"",SUM(C43:E43,G43:I43,K43:M43,O43:Q43))
B44: Certified sick leave (Days Lost) | C44: =OCT!M44 | D44: =NOV!M44 | E44: =DEC!M44 | F44: =IF(COUNT(C44:E44)=0,"",SUM(C44:E44)) | G44: =JAN!M44 | H44: =FEB!M44 | I44: =MAR!M44 | J44: =IF(COUNT(G44:I44)=0,"",SUM(G44:I44)) | K44: =APR!M44 | L44: =MAY!M44 | M44: =JUN!M44 | N44: =IF(COUNT(K44:M44)=0,"",SUM(K44:M44)) | O44: =JUL!M44 | P44: =AUG!M44 | Q44: =SEP!M44 | R44: =IF(COUNT(O44:Q44)=0,"",SUM(O44:Q44)) | S44: =IF(COUNT(C44:E44,G44:I44,K44:M44,O44:Q44)=0,"",SUM(C44:E44,G44:I44,K44:M44,O44:Q44))
B45: Total Absences | C45: =OCT!M45 | D45: =NOV!M45 | E45: =DEC!M45 | F45: =IF(COUNT(F43:F44)=0,"",SUM(F43:F44)) | G45: =JAN!M45 | H45: =FEB!M45 | I45: =MAR!M45 | J45: =IF(COUNT(J43:J44)=0,"",SUM(J43:J44)) | K45: =APR!M45 | L45: =MAY!M45 | M45: =JUN!M45 | N45: =IF(COUNT(N43:N44)=0,"",SUM(N43:N44)) | O45: =JUL!M45 | P45: =AUG!M45 | Q45: =SEP!M45 | R45: =IF(COUNT(R43:R44)=0,"",SUM(R43:R44)) | S45: =IF(COUNT(S43:S44)=0,"",SUM(S43:S44))
B46: Absent Rate Non-Certified (%) | C46: =OCT!M46 | D46: =NOV!M46 | E46: =DEC!M46 | F46: {=IF(COUNT(C46:E46)=0,"",IFERROR(SUMPRODUCT(IFERROR(C46:E46*((C3:E3)+(C4:E4)),0))/SUMPRODUCT(IFERROR(ISNUMBER(C46:E46)*((C3:E3)+(C4:E4)),0)),""))} | G46: =JAN!M46 | H46: =FEB!M46 | I46: =MAR!M46 | J46: {=IF(COUNT(G46:I46)=0,"",IFERROR(SUMPRODUCT(IFERROR(G46:I46*((G3:I3)+(G4:I4)),0))/SUMPRODUCT(IFERROR(ISNUMBER(G46:I46)*((G3:I3)+(G4:I4)),0)),""))} | K46: =APR!M46 | L46: =MAY!M46 | M46: =JUN!M46 | N46: {=IF(COUNT(K46:M46)=0,"",IFERROR(SUMPRODUCT(IFERROR(K46:M46*((K3:M3)+(K4:M4)),0))/SUMPRODUCT(IFERROR(ISNUMBER(K46:M46)*((K3:M3)+(K4:M4)),0)),""))} | O46: =JUL!M46 | P46: =AUG!M46 | Q46: =SEP!M46 | R46: {=IF(COUNT(O46:Q46)=0,"",IFERROR(SUMPRODUCT(IFERROR(O46:Q46*((O3:Q3)+(O4:Q4)),0))/SUMPRODUCT(IFERROR(ISNUMBER(O46:Q46)*((O3:Q3)+(O4:Q4)),0)),""))} | S46: =IF(COUNT(F46,J46,N46,R46)=0,"",IFERROR((IFERROR(F46*(F3+F4),0)+IFERROR(J46*(J3+J4),0)+IFERROR(N46*(N3+N4),0)+IFERROR(R46*(R3+R4),0))/(IFERROR(ISNUMBER(F46)*(F3+F4),0)+IFERROR(ISNUMBER(J46)*(J3+J4),0)+IFERROR(ISNUMBER(N46)*(N3+N4),0)+IFERROR(ISNUMBER(R46)*(R3+R4),0)),""))
B47: Absent Rate Certified (%) | C47: =OCT!M47 | D47: =NOV!M47 | E47: =DEC!M47 | F47: {=IF(COUNT(C47:E47)=0,"",IFERROR(SUMPRODUCT(IFERROR(C47:E47*((C3:E3)+(C4:E4)),0))/SUMPRODUCT(IFERROR(ISNUMBER(C47:E47)*((C3:E3)+(C4:E4)),0)),""))} | G47: =JAN!M47 | H47: =FEB!M47 | I47: =MAR!M47 | J47: {=IF(COUNT(G47:I47)=0,"",IFERROR(SUMPRODUCT(IFERROR(G47:I47*((G3:I3)+(G4:I4)),0))/SUMPRODUCT(IFERROR(ISNUMBER(G47:I47)*((G3:I3)+(G4:I4)),0)),""))} | K47: =APR!M47 | L47: =MAY!M47 | M47: =JUN!M47 | N47: {=IF(COUNT(K47:M47)=0,"",IFERROR(SUMPRODUCT(IFERROR(K47:M47*((K3:M3)+(K4:M4)),0))/SUMPRODUCT(IFERROR(ISNUMBER(K47:M47)*((K3:M3)+(K4:M4)),0)),""))} | O47: =JUL!M47 | P47: =AUG!M47 | Q47: =SEP!M47 | R47: {=IF(COUNT(O47:Q47)=0,"",IFERROR(SUMPRODUCT(IFERROR(O47:Q47*((O3:Q3)+(O4:Q4)),0))/SUMPRODUCT(IFERROR(ISNUMBER(O47:Q47)*((O3:Q3)+(O4:Q4)),0)),""))} | S47: =IF(COUNT(F47,J47,N47,R47)=0,"",IFERROR((IFERROR(F47*(F3+F4),0)+IFERROR(J47*(J3+J4),0)+IFERROR(N47*(N3+N4),0)+IFERROR(R47*(R3+R4),0))/(IFERROR(ISNUMBER(F47)*(F3+F4),0)+IFERROR(ISNUMBER(J47)*(J3+J4),0)+IFERROR(ISNUMBER(N47)*(N3+N4),0)+IFERROR(ISNUMBER(R47)*(R3+R4),0)),""))
B48: Absent Rate Total (%) | C48: =OCT!M48 | D48: =NOV!M48 | E48: =DEC!M48 | F48: =IF(COUNT(F46:F47)=0,"",SUM(F46:F47)) | G48: =JAN!M48 | H48: =FEB!M48 | I48: =MAR!M48 | J48: =IF(COUNT(J46:J47)=0,"",SUM(J46:J47)) | K48: =APR!M48 | L48: =MAY!M48 | M48: =JUN!M48 | N48: =IF(COUNT(N46:N47)=0,"",SUM(N46:N47)) | O48: =JUL!M48 | P48: =AUG!M48 | Q48: =SEP!M48 | R48: =IF(COUNT(R46:R47)=0,"",SUM(R46:R47)) | S48: =IF(COUNT(S46:S47)=0,"",SUM(S46:S47))
B49: Weight factor | C49: =OCT!M49 | D49: =NOV!M49 | E49: =DEC!M49 | F49: =IFERROR(AVERAGE(C49:E49),"") | G49: =JAN!M49 | H49: =FEB!M49 | I49: =MAR!M49 | J49: =IFERROR(AVERAGE(G49:I49),"") | K49: =APR!M49 | L49: =MAY!M49 | M49: =JUN!M49 | N49: =IFERROR(AVERAGE(K49:M49),"") | O49: =JUL!M49 | P49: =AUG!M49 | Q49: =SEP!M49 | R49: =IFERROR(AVERAGE(O49:Q49),"") | S49: =IFERROR(AVERAGE(C49:E49,G49:I49,K49:M49,O49:Q49),"")
B50: Leadership (Hours) | C50: =OCT!M50 | D50: =NOV!M50 | E50: =DEC!M50 | F50: =IF(COUNT(C50:E50)=0,"",SUM(C50:E50)) | G50: =JAN!M50 | H50: =FEB!M50 | I50: =MAR!M50 | J50: =IF(COUNT(G50:I50)=0,"",SUM(G50:I50)) | K50: =APR!M50 | L50: =MAY!M50 | M50: =JUN!M50 | N50: =IF(COUNT(K50:M50)=0,"",SUM(K50:M50)) | O50: =JUL!M50 | P50: =AUG!M50 | Q50: =SEP!M50 | R50: =IF(COUNT(O50:Q50)=0,"",SUM(O50:Q50)) | S50: =IF(COUNT(C50:E50,G50:I50,K50:M50,O50:Q50)=0,"",SUM(C50:E50,G50:I50,K50:M50,O50:Q50))
B51: Technical (Hours) | C51: =OCT!M51 | D51: =NOV!M51 | E51: =DEC!M51 | F51: =IF(COUNT(C51:E51)=0,"",SUM(C51:E51)) | G51: =JAN!M51 | H51: =FEB!M51 | I51: =MAR!M51 | J51: =IF(COUNT(G51:I51)=0,"",SUM(G51:I51)) | K51: =APR!M51 | L51: =MAY!M51 | M51: =JUN!M51 | N51: =IF(COUNT(K51:M51)=0,"",SUM(K51:M51)) | O51: =JUL!M51 | P51: =AUG!M51 | Q51: =SEP!M51 | R51: =IF(COUNT(O51:Q51)=0,"",SUM(O51:Q51)) | S51: =IF(COUNT(C51:E51,G51:I51,K51:M51,O51:Q51)=0,"",SUM(C51:E51,G51:I51,K51:M51,O51:Q51))
B52: Professional Develop. (Hours) | C52: =OCT!M52 | D52: =NOV!M52 | E52: =DEC!M52 | F52: =IF(COUNT(C52:E52)=0,"",SUM(C52:E52)) | G52: =JAN!M52 | H52: =FEB!M52 | I52: =MAR!M52 | J52: =IF(COUNT(G52:I52)=0,"",SUM(G52:I52)) | K52: =APR!M52 | L52: =MAY!M52 | M52: =JUN!M52 | N52: =IF(COUNT(K52:M52)=0,"",SUM(K52:M52)) | O52: =JUL!M52 | P52: =AUG!M52 | Q52: =SEP!M52 | R52: =IF(COUNT(O52:Q52)=0,"",SUM(O52:Q52)) | S52: =IF(COUNT(C52:E52,G52:I52,K52:M52,O52:Q52)=0,"",SUM(C52:E52,G52:I52,K52:M52,O52:Q52))
B53: HSSE (Hours) | C53: =OCT!M53 | D53: =NOV!M53 | E53: =DEC!M53 | F53: =IF(COUNT(C53:E53)=0,"",SUM(C53:E53)) | G53: =JAN!M53 | H53: =FEB!M53 | I53: =MAR!M53 | J53: =IF(COUNT(G53:I53)=0,"",SUM(G53:I53)) | K53: =APR!M53 | L53: =MAY!M53 | M53: =JUN!M53 | N53: =IF(COUNT(K53:M53)=0,"",SUM(K53:M53)) | O53: =JUL!M53 | P53: =AUG!M53 | Q53: =SEP!M53 | R53: =IF(COUNT(O53:Q53)=0,"",SUM(O53:Q53)) | S53: =IF(COUNT(C53:E53,G53:I53,K53:M53,O53:Q53)=0,"",SUM(C53:E53,G53:I53,K53:M53,O53:Q53))
B54: Workday (Hours) | C54: =OCT!M54 | D54: =NOV!M54 | E54: =DEC!M54 | F54: =IF(COUNT(C54:E54)=0,"",SUM(C54:E54)) | G54: =JAN!M54 | H54: =FEB!M54 | I54: =MAR!M54 | J54: =IF(COUNT(G54:I54)=0,"",SUM(G54:I54)) | K54: =APR!M54 | L54: =MAY!M54 | M54: =JUN!M54 | N54: =IF(COUNT(K54:M54)=0,"",SUM(K54:M54)) | O54: =JUL!M54 | P54: =AUG!M54 | Q54: =SEP!M54 | R54: =IF(COUNT(O54:Q54)=0,"",SUM(O54:Q54)) | S54: =IF(COUNT(C54:E54,G54:I54,K54:M54,O54:Q54)=0,"",SUM(C54:E54,G54:I54,K54:M54,O54:Q54))
B55: Total Training Hours | C55: =OCT!M55 | D55: =NOV!M55 | E55: =DEC!M55 | F55: =IF(COUNT(F50:F54)=0,"",SUM(F50:F54)) | G55: =JAN!M55 | H55: =FEB!M55 | I55: =MAR!M55 | J55: =IF(COUNT(J50:J54)=0,"",SUM(J50:J54)) | K55: =APR!M55 | L55: =MAY!M55 | M55: =JUN!M55 | N55: =IF(COUNT(N50:N54)=0,"",SUM(N50:N54)) | O55: =JUL!M55 | P55: =AUG!M55 | Q55: =SEP!M55 | R55: =IF(COUNT(R50:R54)=0,"",SUM(R50:R54)) | S55: =IF(COUNT(S50:S54)=0,"",SUM(S50:S54))
B56: Total Trained (Staff) | C56: =OCT!M56 | D56: =NOV!M56 | E56: =DEC!M56 | F56: =IF(COUNT(C56:E56)=0,"",SUM(C56:E56)) | G56: =JAN!M56 | H56: =FEB!M56 | I56: =MAR!M56 | J56: =IF(COUNT(G56:I56)=0,"",SUM(G56:I56)) | K56: =APR!M56 | L56: =MAY!M56 | M56: =JUN!M56 | N56: =IF(COUNT(K56:M56)=0,"",SUM(K56:M56)) | O56: =JUL!M56 | P56: =AUG!M56 | Q56: =SEP!M56 | R56: =IF(COUNT(O56:Q56)=0,"",SUM(O56:Q56)) | S56: =IF(COUNT(C56:E56,G56:I56,K56:M56,O56:Q56)=0,"",SUM(C56:E56,G56:I56,K56:M56,O56:Q56))
B57: Training Programs (#) | C57: =OCT!M57 | D57: =NOV!M57 | E57: =DEC!M57 | F57: =IF(COUNT(C57:E57)=0,"",SUM(C57:E57)) | G57: =JAN!M57 | H57: =FEB!M57 | I57: =MAR!M57 | J57: =IF(COUNT(G57:I57)=0,"",SUM(G57:I57)) | K57: =APR!M57 | L57: =MAY!M57 | M57: =JUN!M57 | N57: =IF(COUNT(K57:M57)=0,"",SUM(K57:M57)) | O57: =JUL!M57 | P57: =AUG!M57 | Q57: =SEP!M57 | R57: =IF(COUNT(O57:Q57)=0,"",SUM(O57:Q57)) | S57: =IF(COUNT(C57:E57,G57:I57,K57:M57,O57:Q57)=0,"",SUM(C57:E57,G57:I57,K57:M57,O57:Q57))
B58: Training Cost (USD) | C58: =OCT!M58 | D58: =NOV!M58 | E58: =DEC!M58 | F58: =IF(COUNT(C58:E58)=0,"",SUM(C58:E58)) | G58: =JAN!M58 | H58: =FEB!M58 | I58: =MAR!M58 | J58: =IF(COUNT(G58:I58)=0,"",SUM(G58:I58)) | K58: =APR!M58 | L58: =MAY!M58 | M58: =JUN!M58 | N58: =IF(COUNT(K58:M58)=0,"",SUM(K58:M58)) | O58: =JUL!M58 | P58: =AUG!M58 | Q58: =SEP!M58 | R58: =IF(COUNT(O58:Q58)=0,"",SUM(O58:Q58)) | S58: =IF(COUNT(C58:E58,G58:I58,K58:M58,O58:Q58)=0,"",SUM(C58:E58,G58:I58,K58:M58,O58:Q58))
B59: Training Travel Cost (USD) | C59: =OCT!M59 | D59: =NOV!M59 | E59: =DEC!M59 | F59: =IF(COUNT(C59:E59)=0,"",SUM(C59:E59)) | G59: =JAN!M59 | H59: =FEB!M59 | I59: =MAR!M59 | J59: =IF(COUNT(G59:I59)=0,"",SUM(G59:I59)) | K59: =APR!M59 | L59: =MAY!M59 | M59: =JUN!M59 | N59: =IF(COUNT(K59:M59)=0,"",SUM(K59:M59)) | O59: =JUL!M59 | P59: =AUG!M59 | Q59: =SEP!M59 | R59: =IF(COUNT(O59:Q59)=0,"",SUM(O59:Q59)) | S59: =IF(COUNT(C59:E59,G59:I59,K59:M59,O59:Q59)=0,"",SUM(C59:E59,G59:I59,K59:M59,O59:Q59))
B60: Leadership Hours Trained (%) | C60: =OCT!M60 | D60: =NOV!M60 | E60: =DEC!M60 | F60: =IFERROR(F50/F$55,"") | G60: =JAN!M60 | H60: =FEB!M60 | I60: =MAR!M60 | J60: =IFERROR(J50/J$55,"") | K60: =APR!M60 | L60: =MAY!M60 | M60: =JUN!M60 | N60: =IFERROR(N50/N$55,"") | O60: =JUL!M60 | P60: =AUG!M60 | Q60: =SEP!M60 | R60: =IFERROR(R50/R$55,"") | S60: =IFERROR(S50/S$55,"")
B61: Technical Hours Trained (%) | C61: =OCT!M61 | D61: =NOV!M61 | E61: =DEC!M61 | F61: =IFERROR(F51/F$55,"") | G61: =JAN!M61 | H61: =FEB!M61 | I61: =MAR!M61 | J61: =IFERROR(J51/J$55,"") | K61: =APR!M61 | L61: =MAY!M61 | M61: =JUN!M61 | N61: =IFERROR(N51/N$55,"") | O61: =JUL!M61 | P61: =AUG!M61 | Q61: =SEP!M61 | R61: =IFERROR(R51/R$55,"") | S61: =IFERROR(S51/S$55,"")
B62: Profess. Dev. Hours Trained (%) | C62: =OCT!M62 | D62: =NOV!M62 | E62: =DEC!M62 | F62: =IFERROR(F52/F$55,"") | G62: =JAN!M62 | H62: =FEB!M62 | I62: =MAR!M62 | J62: =IFERROR(J52/J$55,"") | K62: =APR!M62 | L62: =MAY!M62 | M62: =JUN!M62 | N62: =IFERROR(N52/N$55,"") | O62: =JUL!M62 | P62: =AUG!M62 | Q62: =SEP!M62 | R62: =IFERROR(R52/R$55,"") | S62: =IFERROR(S52/S$55,"")
B63: HSSE Hours Trained (%) | C63: =OCT!M63 | D63: =NOV!M63 | E63: =DEC!M63 | F63: =IFERROR(F53/F$55,"") | G63: =JAN!M63 | H63: =FEB!M63 | I63: =MAR!M63 | J63: =IFERROR(J53/J$55,"") | K63: =APR!M63 | L63: =MAY!M63 | M63: =JUN!M63 | N63: =IFERROR(N53/N$55,"") | O63: =JUL!M63 | P63: =AUG!M63 | Q63: =SEP!M63 | R63: =IFERROR(R53/R$55,"") | S63: =IFERROR(S53/S$55,"")
B64: Workday Hours Trained (%) | C64: =OCT!M64 | D64: =NOV!M64 | E64: =DEC!M64 | F64: =IFERROR(F54/F$55,"") | G64: =JAN!M64 | H64: =FEB!M64 | I64: =MAR!M64 | J64: =IFERROR(J54/J$55,"") | K64: =APR!M64 | L64: =MAY!M64 | M64: =JUN!M64 | N64: =IFERROR(N54/N$55,"") | O64: =JUL!M64 | P64: =AUG!M64 | Q64: =SEP!M64 | R64: =IFERROR(R54/R$55,"") | S64: =IFERROR(S54/S$55,"")
B65: Staff Trained (%) | C65: =OCT!M65 | D65: =NOV!M65 | E65: =DEC!M65 | F65: =IFERROR(F56/SUM(C5:E5),"") | G65: =JAN!M65 | H65: =FEB!M65 | I65: =MAR!M65 | J65: =IFERROR(J56/SUM(G5:I5),"") | K65: =APR!M65 | L65: =MAY!M65 | M65: =JUN!M65 | N65: =IFERROR(N56/SUM(K5:M5),"") | O65: =JUL!M65 | P65: =AUG!M65 | Q65: =SEP!M65 | R65: =IFERROR(R56/SUM(O5:Q5),"") | S65: =IFERROR(S56/SUM(C5:E5,G5:I5,K5:M5,O5:Q5),"")
B66: Training Hours / EE | C66: =OCT!M66 | D66: =NOV!M66 | E66: =DEC!M66 | F66: =IFERROR(F55/F5,"") | G66: =JAN!M66 | H66: =FEB!M66 | I66: =MAR!M66 | J66: =IFERROR(J55/J5,"") | K66: =APR!M66 | L66: =MAY!M66 | M66: =JUN!M66 | N66: =IFERROR(N55/N5,"") | O66: =JUL!M66 | P66: =AUG!M66 | Q66: =SEP!M66 | R66: =IFERROR(R55/R5,"") | S66: =IFERROR(S55/S5,"")
B67: Training Hours / EE Trained | C67: =OCT!M67 | D67: =NOV!M67 | E67: =DEC!M67 | F67: =IFERROR(F55/F56,"") | G67: =JAN!M67 | H67: =FEB!M67 | I67: =MAR!M67 | J67: =IFERROR(J55/J56,"") | K67: =APR!M67 | L67: =MAY!M67 | M67: =JUN!M67 | N67: =IFERROR(N55/N56,"") | O67: =JUL!M67 | P67: =AUG!M67 | Q67: =SEP!M67 | R67: =IFERROR(R55/R56,"") | S67: =IFERROR(S55/S56,"")
B68: Training Invest. / EE (USD) | C68: =OCT!M68 | D68: =NOV!M68 | E68: =DEC!M68 | F68: =IF(COUNT(F58:F59)=0,"",IFERROR((N(F58)+N(F59))/F5,"")) | G68: =JAN!M68 | H68: =FEB!M68 | I68: =MAR!M68 | J68: =IF(COUNT(J58:J59)=0,"",IFERROR((N(J58)+N(J59))/J5,"")) | K68: =APR!M68 | L68: =MAY!M68 | M68: =JUN!M68 | N68: =IF(COUNT(N58:N59)=0,"",IFERROR((N(N58)+N(N59))/N5,"")) | O68: =JUL!M68 | P68: =AUG!M68 | Q68: =SEP!M68 | R68: =IF(COUNT(R58:R59)=0,"",IFERROR((N(R58)+N(R59))/R5,"")) | S68: =IF(COUNT(S58:S59)=0,"",IFERROR((N(S58)+N(S59))/S5,""))
B69: Training Invest. / EE Trained (USD) | C69: =OCT!M69 | D69: =NOV!M69 | E69: =DEC!M69 | F69: =IF(COUNT(F58:F59)=0,"",IFERROR((N(F58)+N(F59))/F56,"")) | G69: =JAN!M69 | H69: =FEB!M69 | I69: =MAR!M69 | J69: =IF(COUNT(J58:J59)=0,"",IFERROR((N(J58)+N(J59))/J56,"")) | K69: =APR!M69 | L69: =MAY!M69 | M69: =JUN!M69 | N69: =IF(COUNT(N58:N59)=0,"",IFERROR((N(N58)+N(N59))/N56,"")) | O69: =JUL!M69 | P69: =AUG!M69 | Q69: =SEP!M69 | R69: =IF(COUNT(R58:R59)=0,"",IFERROR((N(R58)+N(R59))/R56,"")) | S69: =IF(COUNT(S58:S59)=0,"",IFERROR((N(S58)+N(S59))/S56,""))
B70: Input Cells Not Submitted | C70: =OCT!M70 | D70: =NOV!M70 | E70: =DEC!M70 | F70: =SUM(C70:E70) | G70: =JAN!M70 | H70: =FEB!M70 | I70: =MAR!M70 | J70: =SUM(G70:I70) | K70: =APR!M70 | L70: =MAY!M70 | M70: =JUN!M70 | N70: =SUM(K70:M70) | O70: =JUL!M70 | P70: =AUG!M70 | Q70: =SEP!M70 | R70: =SUM(O70:Q70) | S70: =SUM(C70:E70,G70:I70,K70:M70,O70:Q70)

Sheet OCT
B1: GCG SOUTH CARIBBEAN | C1: 1015 | D1: 1004 | E1: 1063 | F1: 1160 | G1: 1073 | H1: 1042 | I1: 1084 | J1: 1049 | K1: 1005 | L1: 1115
A2: 202610 | B2: OCT | C2: Calloway Aruba | D2: Airport Rest. Barbados | E2: GCG Barbados | F2: GCG Aviation Ground Barbados | G2: GCG Curacao | H2: GCG Events Curacao | I2: GCG Sint Maarten Sky Dining | J2: GCG Sint Maarten Airport Dining | K2: Allied Caterers Trinidad | L2: Katerserv Trinidad | M2: TOTAL | N2: Total by Division | O2: =N(O11)<>0
A3: =+A2 | B3: Permanent (Regular) Headcount | M3: =IF(COUNT(C3:L3)=0,"",SUM(C3:L3)) | N3: ∑
B4: Temporary (Fix Term) Headcount | M4: =IF(COUNT(C4:L4)=0,"",SUM(C4:L4)) | N4: ∑
B5: Employee Headcount (Productivity) | C5: =IF(COUNT(C3:C4)=0,"",SUM(C3:C4)) | D5: =IF(COUNT(D3:D4)=0,"",SUM(D3:D4)) | E5: =IF(COUNT(E3:E4)=0,"",SUM(E3:E4)) | F5: =IF(COUNT(F3:F4)=0,"",SUM(F3:F4)) | G5: =IF(COUNT(G3:G4)=0,"",SUM(G3:G4)) | H5: =IF(COUNT(H3:H4)=0,"",SUM(H3:H4)) | I5: =IF(COUNT(I3:I4)=0,"",SUM(I3:I4)) | J5: =IF(COUNT(J3:J4)=0,"",SUM(J3:J4)) | ... M5: =IF(COUNT(M3:M4)=0,"",SUM(M3:M4)) | N5: ϝ
B6: Headcount = 1.00 | M6: =IF(COUNT(C6:L6)=0,"",SUM(C6:L6)) | N6: ∑
B7: Headcount = 0.75 | M7: =IF(COUNT(C7:L7)=0,"",SUM(C7:L7)) | N7: ∑
B8: Headcount = 0.50 | M8: =IF(COUNT(C8:L8)=0,"",SUM(C8:L8)) | N8: ∑
B9: Headcount = 0.25 | M9: =IF(COUNT(C9:L9)=0,"",SUM(C9:L9)) | N9: ∑
B10: Standard Monthly Hours (FTE basis) | M10: =IFERROR(AVERAGE(C10:L10),"") | N10: Avg
B11: Employee FTE (Finance) | C11: =IF(COUNT(C6:C9)=0,"",N(C6)+N(C7)*0.75+N(C8)*0.5+N(C9)*0.25) | D11: =IF(COUNT(D6:D9)=0,"",N(D6)+N(D7)*0.75+N(D8)*0.5+N(D9)*0.25) | E11: =IF(COUNT(E6:E9)=0,"",N(E6)+N(E7)*0.75+N(E8)*0.5+N(E9)*0.25) | F11: =IF(COUNT(F6:F9)=0,"",N(F6)+N(F7)*0.75+N(F8)*0.5+N(F9)*0.25) | G11: =IF(COUNT(G6:G9)=0,"",N(G6)+N(G7)*0.75+N(G8)*0.5+N(G9)*0.25) | H11: =IF(COUNT(H6:H9)=0,"",N(H6)+N(H7)*0.75+N(H8)*0.5+N(H9)*0.25) | I11: =IF(COUNT(I6:I9)=0,"",N(I6)+N(I7)*0.75+N(I8)*0.5+N(I9)*0.25) | J11: =IF(COUNT(J6:J9)=0,"",N(J6)+N(J7)*0.75+N(J8)*0.5+N(J9)*0.25) | ... M11: =IF(COUNT(M6:M9)=0,"",N(M6)+N(M7)*0.75+N(M8)*0.5+N(M9)*0.25) | N11: FTE | O11: =IF(COUNT(M5:M9)=0,"",N(M6)+N(M7)+N(M8)+N(M9)-N(M5))
B12: Subcontracted Workforce HC | M12: =IF(COUNT(C12:L12)=0,"",SUM(C12:L12)) | N12: ∑
B13: Subcontracted Productive Hours | M13: =IF(COUNT(C13:L13)=0,"",SUM(C13:L13)) | N13: ∑
B14: Subcontracted FTE | C14: =IFERROR(C13/C10,"") | D14: =IFERROR(D13/D10,"") | E14: =IFERROR(E13/E10,"") | F14: =IFERROR(F13/F10,"") | G14: =IFERROR(G13/G10,"") | H14: =IFERROR(H13/H10,"") | I14: =IFERROR(I13/I10,"") | J14: =IFERROR(J13/J10,"") | ... L14: =IFERROR(L13/L10,"") | M14: =IF(COUNT(C14:L14)=0,"",SUM(C14:L14)) | N14: FTE
B15: Total Operational Workforce | C15: =IF(COUNT(C5,C12)=0,"",SUM(C5,C12)) | D15: =IF(COUNT(D5,D12)=0,"",SUM(D5,D12)) | E15: =IF(COUNT(E5,E12)=0,"",SUM(E5,E12)) | F15: =IF(COUNT(F5,F12)=0,"",SUM(F5,F12)) | G15: =IF(COUNT(G5,G12)=0,"",SUM(G5,G12)) | H15: =IF(COUNT(H5,H12)=0,"",SUM(H5,H12)) | I15: =IF(COUNT(I5,I12)=0,"",SUM(I5,I12)) | J15: =IF(COUNT(J5,J12)=0,"",SUM(J5,J12)) | ... M15: =IF(COUNT(M5,M12)=0,"",SUM(M5,M12)) | N15: ϝ
B16: Total Operational FTE | C16: =IF(COUNT(C11,C14)=0,"",SUM(C11,C14)) | D16: =IF(COUNT(D11,D14)=0,"",SUM(D11,D14)) | E16: =IF(COUNT(E11,E14)=0,"",SUM(E11,E14)) | F16: =IF(COUNT(F11,F14)=0,"",SUM(F11,F14)) | G16: =IF(COUNT(G11,G14)=0,"",SUM(G11,G14)) | H16: =IF(COUNT(H11,H14)=0,"",SUM(H11,H14)) | I16: =IF(COUNT(I11,I14)=0,"",SUM(I11,I14)) | J16: =IF(COUNT(J11,J14)=0,"",SUM(J11,J14)) | ... M16: =IF(COUNT(M11,M14)=0,"",SUM(M11,M14)) | N16: FTE
B17: Subcontracted Share of Workforce (%) | C17: =IFERROR(C12/C15,"") | D17: =IFERROR(D12/D15,"") | E17: =IFERROR(E12/E15,"") | F17: =IFERROR(F12/F15,"") | G17: =IFERROR(G12/G15,"") | H17: =IFERROR(H12/H15,"") | I17: =IFERROR(I12/I15,"") | J17: =IFERROR(J12/J15,"") | ... M17: =IFERROR(M12/M15,"") | N17: ϝ
B18: FTE HR Team | M18: =IF(COUNT(C18:L18)=0,"",SUM(C18:L18)) | N18: ∑
B19: Permanent Hires | M19: =IF(COUNT(C19:L19)=0,"",SUM(C19:L19)) | N19: ∑
B20: Temporary Hires | M20: =IF(COUNT(C20:L20)=0,"",SUM(C20:L20)) | N20: ∑
B21: Total Hires | C21: =IF(COUNT(C19:C20)=0,"",SUM(C19:C20)) | D21: =IF(COUNT(D19:D20)=0,"",SUM(D19:D20)) | E21: =IF(COUNT(E19:E20)=0,"",SUM(E19:E20)) | F21: =IF(COUNT(F19:F20)=0,"",SUM(F19:F20)) | G21: =IF(COUNT(G19:G20)=0,"",SUM(G19:G20)) | H21: =IF(COUNT(H19:H20)=0,"",SUM(H19:H20)) | I21: =IF(COUNT(I19:I20)=0,"",SUM(I19:I20)) | J21: =IF(COUNT(J19:J20)=0,"",SUM(J19:J20)) | ... M21: =IF(COUNT(M19:M20)=0,"",SUM(M19:M20)) | N21: ϝ
B22: Permanent Exits | M22: =IF(COUNT(C22:L22)=0,"",SUM(C22:L22)) | N22: ∑
B23: Temporary Exits | M23: =IF(COUNT(C23:L23)=0,"",SUM(C23:L23)) | N23: ∑
B24: Total Exits | C24: =IF(COUNT(C22:C23)=0,"",SUM(C22:C23)) | D24: =IF(COUNT(D22:D23)=0,"",SUM(D22:D23)) | E24: =IF(COUNT(E22:E23)=0,"",SUM(E22:E23)) | F24: =IF(COUNT(F22:F23)=0,"",SUM(F22:F23)) | G24: =IF(COUNT(G22:G23)=0,"",SUM(G22:G23)) | H24: =IF(COUNT(H22:H23)=0,"",SUM(H22:H23)) | I24: =IF(COUNT(I22:I23)=0,"",SUM(I22:I23)) | J24: =IF(COUNT(J22:J23)=0,"",SUM(J22:J23)) | ... M24: =IF(COUNT(M22:M23)=0,"",SUM(M22:M23)) | N24: ϝ
B25: Permanent Turnover (%) | C25: =IF(COUNT(C31,C32)<2,"",IF((C32+C31)=0,"",N(C22)/((C32+C31)/2))) | D25: =IF(COUNT(D31,D32)<2,"",IF((D32+D31)=0,"",N(D22)/((D32+D31)/2))) | E25: =IF(COUNT(E31,E32)<2,"",IF((E32+E31)=0,"",N(E22)/((E32+E31)/2))) | F25: =IF(COUNT(F31,F32)<2,"",IF((F32+F31)=0,"",N(F22)/((F32+F31)/2))) | G25: =IF(COUNT(G31,G32)<2,"",IF((G32+G31)=0,"",N(G22)/((G32+G31)/2))) | H25: =IF(COUNT(H31,H32)<2,"",IF((H32+H31)=0,"",N(H22)/((H32+H31)/2))) | I25: =IF(COUNT(I31,I32)<2,"",IF((I32+I31)=0,"",N(I22)/((I32+I31)/2))) | J25: =IF(COUNT(J31,J32)<2,"",IF((J32+J31)=0,"",N(J22)/((J32+J31)/2))) | ... M25: =IF(COUNT(M31,M32)<2,"",IF((M32+M31)=0,"",N(M22)/((M32+M31)/2))) | N25: ϝ
B26: Temporary Turnover (%) | C26: =IF(COUNT(C31,C32)<2,"",IF((C32+C31)=0,"",N(C23)/((C32+C31)/2))) | D26: =IF(COUNT(D31,D32)<2,"",IF((D32+D31)=0,"",N(D23)/((D32+D31)/2))) | E26: =IF(COUNT(E31,E32)<2,"",IF((E32+E31)=0,"",N(E23)/((E32+E31)/2))) | F26: =IF(COUNT(F31,F32)<2,"",IF((F32+F31)=0,"",N(F23)/((F32+F31)/2))) | G26: =IF(COUNT(G31,G32)<2,"",IF((G32+G31)=0,"",N(G23)/((G32+G31)/2))) | H26: =IF(COUNT(H31,H32)<2,"",IF((H32+H31)=0,"",N(H23)/((H32+H31)/2))) | I26: =IF(COUNT(I31,I32)<2,"",IF((I32+I31)=0,"",N(I23)/((I32+I31)/2))) | J26: =IF(COUNT(J31,J32)<2,"",IF((J32+J31)=0,"",N(J23)/((J32+J31)/2))) | ... M26: =IF(COUNT(M31,M32)<2,"",IF((M32+M31)=0,"",N(M23)/((M32+M31)/2))) | N26: ϝ
B27: Voluntary Terminations | M27: =IF(COUNT(C27:L27)=0,"",SUM(C27:L27)) | N27: ∑
B28: Involuntary Terminations | M28: =IF(COUNT(C28:L28)=0,"",SUM(C28:L28)) | N28: ∑
B29: Voluntary Turnover (%) | C29: =IF(COUNT(C31,C32)<2,"",IF((C32+C31)=0,"",N(C27)/((C32+C31)/2))) | D29: =IF(COUNT(D31,D32)<2,"",IF((D32+D31)=0,"",N(D27)/((D32+D31)/2))) | E29: =IF(COUNT(E31,E32)<2,"",IF((E32+E31)=0,"",N(E27)/((E32+E31)/2))) | F29: =IF(COUNT(F31,F32)<2,"",IF((F32+F31)=0,"",N(F27)/((F32+F31)/2))) | G29: =IF(COUNT(G31,G32)<2,"",IF((G32+G31)=0,"",N(G27)/((G32+G31)/2))) | H29: =IF(COUNT(H31,H32)<2,"",IF((H32+H31)=0,"",N(H27)/((H32+H31)/2))) | I29: =IF(COUNT(I31,I32)<2,"",IF((I32+I31)=0,"",N(I27)/((I32+I31)/2))) | J29: =IF(COUNT(J31,J32)<2,"",IF((J32+J31)=0,"",N(J27)/((J32+J31)/2))) | ... M29: =IF(COUNT(M31,M32)<2,"",IF((M32+M31)=0,"",N(M27)/((M32+M31)/2))) | N29: ϝ
B30: Involuntary Turnover (%) | C30: =IF(COUNT(C31,C32)<2,"",IF((C32+C31)=0,"",N(C28)/((C32+C31)/2))) | D30: =IF(COUNT(D31,D32)<2,"",IF((D32+D31)=0,"",N(D28)/((D32+D31)/2))) | E30: =IF(COUNT(E31,E32)<2,"",IF((E32+E31)=0,"",N(E28)/((E32+E31)/2))) | F30: =IF(COUNT(F31,F32)<2,"",IF((F32+F31)=0,"",N(F28)/((F32+F31)/2))) | G30: =IF(COUNT(G31,G32)<2,"",IF((G32+G31)=0,"",N(G28)/((G32+G31)/2))) | H30: =IF(COUNT(H31,H32)<2,"",IF((H32+H31)=0,"",N(H28)/((H32+H31)/2))) | I30: =IF(COUNT(I31,I32)<2,"",IF((I32+I31)=0,"",N(I28)/((I32+I31)/2))) | J30: =IF(COUNT(J31,J32)<2,"",IF((J32+J31)=0,"",N(J28)/((J32+J31)/2))) | ... M30: =IF(COUNT(M31,M32)<2,"",IF((M32+M31)=0,"",N(M28)/((M32+M31)/2))) | N30: ϝ
B31: Headcount last Month | M31: =IF(COUNT(C31:L31)=0,"",SUM(C31:L31)) | N31: ∑
B32: Headcount this Month | C32: =IF(C5="","",C5) | D32: =IF(D5="","",D5) | E32: =IF(E5="","",E5) | F32: =IF(F5="","",F5) | G32: =IF(G5="","",G5) | H32: =IF(H5="","",H5) | I32: =IF(I5="","",I5) | J32: =IF(J5="","",J5) | ... L32: =IF(L5="","",L5) | M32: =IF(COUNT(C32:L32)=0,"",SUM(C32:L32)) | N32: ∑
B33: Full Turnover (%) | C33: =IF(COUNT(C31,C32)<2,"",IF((C32+C31)=0,"",N(C24)/((C32+C31)/2))) | D33: =IF(COUNT(D31,D32)<2,"",IF((D32+D31)=0,"",N(D24)/((D32+D31)/2))) | E33: =IF(COUNT(E31,E32)<2,"",IF((E32+E31)=0,"",N(E24)/((E32+E31)/2))) | F33: =IF(COUNT(F31,F32)<2,"",IF((F32+F31)=0,"",N(F24)/((F32+F31)/2))) | G33: =IF(COUNT(G31,G32)<2,"",IF((G32+G31)=0,"",N(G24)/((G32+G31)/2))) | H33: =IF(COUNT(H31,H32)<2,"",IF((H32+H31)=0,"",N(H24)/((H32+H31)/2))) | I33: =IF(COUNT(I31,I32)<2,"",IF((I32+I31)=0,"",N(I24)/((I32+I31)/2))) | J33: =IF(COUNT(J31,J32)<2,"",IF((J32+J31)=0,"",N(J24)/((J32+J31)/2))) | ... M33: =IF(COUNT(M31,M32)<2,"",IF((M32+M31)=0,"",N(M24)/((M32+M31)/2))) | N33: ϝ
B34: Permanent Vacancies | M34: =IF(COUNT(C34:L34)=0,"",SUM(C34:L34)) | N34: ∑
B35: Temporary Vacancies | M35: =IF(COUNT(C35:L35)=0,"",SUM(C35:L35)) | N35: ∑
B36: Total Vacancies | C36: =IF(COUNT(C34:C35)=0,"",SUM(C34:C35)) | D36: =IF(COUNT(D34:D35)=0,"",SUM(D34:D35)) | E36: =IF(COUNT(E34:E35)=0,"",SUM(E34:E35)) | F36: =IF(COUNT(F34:F35)=0,"",SUM(F34:F35)) | G36: =IF(COUNT(G34:G35)=0,"",SUM(G34:G35)) | H36: =IF(COUNT(H34:H35)=0,"",SUM(H34:H35)) | I36: =IF(COUNT(I34:I35)=0,"",SUM(I34:I35)) | J36: =IF(COUNT(J34:J35)=0,"",SUM(J34:J35)) | ... M36: =IF(COUNT(M34:M35)=0,"",SUM(M34:M35)) | N36: ϝ
B37: Authorized Positions | C37: =IF(COUNT(C5,C36)=0,"",N(C5)+N(C36)) | D37: =IF(COUNT(D5,D36)=0,"",N(D5)+N(D36)) | E37: =IF(COUNT(E5,E36)=0,"",N(E5)+N(E36)) | F37: =IF(COUNT(F5,F36)=0,"",N(F5)+N(F36)) | G37: =IF(COUNT(G5,G36)=0,"",N(G5)+N(G36)) | H37: =IF(COUNT(H5,H36)=0,"",N(H5)+N(H36)) | I37: =IF(COUNT(I5,I36)=0,"",N(I5)+N(I36)) | J37: =IF(COUNT(J5,J36)=0,"",N(J5)+N(J36)) | ... M37: =IF(COUNT(M5,M36)=0,"",N(M5)+N(M36)) | N37: ϝ
B38: Vacancy Rate (%) | C38: =IFERROR(C36/C37,"") | D38: =IFERROR(D36/D37,"") | E38: =IFERROR(E36/E37,"") | F38: =IFERROR(F36/F37,"") | G38: =IFERROR(G36/G37,"") | H38: =IFERROR(H36/H37,"") | I38: =IFERROR(I36/I37,"") | J38: =IFERROR(J36/J37,"") | ... M38: =IFERROR(M36/M37,"") | N38: ϝ
B39: Permanent TimeToHire (Days) YTD | C39: =IF('(Calloway_AUA)'!$AB$4="","",'(Calloway_AUA)'!$AB$4) | D39: =IF('(Airport_BRB)'!$AB$4="","",'(Airport_BRB)'!$AB$4) | E39: =IF('(GCG_BRB)'!$AB$4="","",'(GCG_BRB)'!$AB$4) | F39: =IF('(Ground_BRB)'!$AB$4="","",'(Ground_BRB)'!$AB$4) | G39: =IF('(GCG_CUR)'!$AB$4="","",'(GCG_CUR)'!$AB$4) | H39: =IF('(Events_CUR)'!$AB$4="","",'(Events_CUR)'!$AB$4) | I39: =IF('(GCG_SXM_Sky)'!$AB$4="","",'(GCG_SXM_Sky)'!$AB$4) | J39: =IF('(GCG_SXM_Airport)'!$AB$4="","",'(GCG_SXM_Airport)'!$AB$4) | K39: =IF('(Allied_TTO)'!$AB$4="","",'(Allied_TTO)'!$AB$4) | L39: =IF('(Katerserv_TTO)'!$AB$4="","",'(Katerserv_TTO)'!$AB$4) | M39: =IFERROR(AVERAGE(C39:L39),"") | N39: Avg
B40: Temporary TimeToHire (Days) YTD | C40: =IF('(Calloway_AUA)'!$AD$4="","",'(Calloway_AUA)'!$AD$4) | D40: =IF('(Airport_BRB)'!$AD$4="","",'(Airport_BRB)'!$AD$4) | E40: =IF('(GCG_BRB)'!$AD$4="","",'(GCG_BRB)'!$AD$4) | F40: =IF('(Ground_BRB)'!$AD$4="","",'(Ground_BRB)'!$AD$4) | G40: =IF('(GCG_CUR)'!$AD$4="","",'(GCG_CUR)'!$AD$4) | H40: =IF('(Events_CUR)'!$AD$4="","",'(Events_CUR)'!$AD$4) | I40: =IF('(GCG_SXM_Sky)'!$AD$4="","",'(GCG_SXM_Sky)'!$AD$4) | J40: =IF('(GCG_SXM_Airport)'!$AD$4="","",'(GCG_SXM_Airport)'!$AD$4) | K40: =IF('(Allied_TTO)'!$AD$4="","",'(Allied_TTO)'!$AD$4) | L40: =IF('(Katerserv_TTO)'!$AD$4="","",'(Katerserv_TTO)'!$AD$4) | M40: =IFERROR(AVERAGE(C40:L40),"") | N40: Avg
B41: Check-ins Rate Completed (%) | M41: =IFERROR(AVERAGE(C41:L41),"") | N41: Avg
B42: EE Objectives Completed (#) | M42: =IF(COUNT(C42:L42)=0,"",SUM(C42:L42)) | N42: ∑
B43: Non-certified Absent (Days Lost) | M43: =IF(COUNT(C43:L43)=0,"",SUM(C43:L43)) | N43: ∑
B44: Certified sick leave (Days Lost) | M44: =IF(COUNT(C44:L44)=0,"",SUM(C44:L44)) | N44: ∑
B45: Total Absences | C45: =IF(COUNT(C43:C44)=0,"",SUM(C43:C44)) | D45: =IF(COUNT(D43:D44)=0,"",SUM(D43:D44)) | E45: =IF(COUNT(E43:E44)=0,"",SUM(E43:E44)) | F45: =IF(COUNT(F43:F44)=0,"",SUM(F43:F44)) | G45: =IF(COUNT(G43:G44)=0,"",SUM(G43:G44)) | H45: =IF(COUNT(H43:H44)=0,"",SUM(H43:H44)) | I45: =IF(COUNT(I43:I44)=0,"",SUM(I43:I44)) | J45: =IF(COUNT(J43:J44)=0,"",SUM(J43:J44)) | ... M45: =IF(COUNT(M43:M44)=0,"",SUM(M43:M44)) | N45: ϝ
B46: Absent Rate Non-Certified (%) | C46: =IF('(Calloway_AUA)'!$G$4="","",'(Calloway_AUA)'!$G$4) | D46: =IF('(Airport_BRB)'!$G$4="","",'(Airport_BRB)'!$G$4) | E46: =IF('(GCG_BRB)'!$G$4="","",'(GCG_BRB)'!$G$4) | F46: =IF('(Ground_BRB)'!$G$4="","",'(Ground_BRB)'!$G$4) | G46: =IF('(GCG_CUR)'!$G$4="","",'(GCG_CUR)'!$G$4) | H46: =IF('(Events_CUR)'!$G$4="","",'(Events_CUR)'!$G$4) | I46: =IF('(GCG_SXM_Sky)'!$G$4="","",'(GCG_SXM_Sky)'!$G$4) | J46: =IF('(GCG_SXM_Airport)'!$G$4="","",'(GCG_SXM_Airport)'!$G$4) | K46: =IF('(Allied_TTO)'!$G$4="","",'(Allied_TTO)'!$G$4) | L46: =IF('(Katerserv_TTO)'!$G$4="","",'(Katerserv_TTO)'!$G$4) | M46: {=IF(COUNT(C46:L46)=0,"",IFERROR(SUMPRODUCT(IFERROR(C46:L46*((C3:L3)+(C4:L4)),0))/SUMPRODUCT(IFERROR(ISNUMBER(C46:L46)*((C3:L3)+(C4:L4)),0)),""))} | N46: Weighted
B47: Absent Rate Certified (%) | C47: =IF('(Calloway_AUA)'!$O$4="","",'(Calloway_AUA)'!$O$4) | D47: =IF('(Airport_BRB)'!$O$4="","",'(Airport_BRB)'!$O$4) | E47: =IF('(GCG_BRB)'!$O$4="","",'(GCG_BRB)'!$O$4) | F47: =IF('(Ground_BRB)'!$O$4="","",'(Ground_BRB)'!$O$4) | G47: =IF('(GCG_CUR)'!$O$4="","",'(GCG_CUR)'!$O$4) | H47: =IF('(Events_CUR)'!$O$4="","",'(Events_CUR)'!$O$4) | I47: =IF('(GCG_SXM_Sky)'!$O$4="","",'(GCG_SXM_Sky)'!$O$4) | J47: =IF('(GCG_SXM_Airport)'!$O$4="","",'(GCG_SXM_Airport)'!$O$4) | K47: =IF('(Allied_TTO)'!$O$4="","",'(Allied_TTO)'!$O$4) | L47: =IF('(Katerserv_TTO)'!$O$4="","",'(Katerserv_TTO)'!$O$4) | M47: {=IF(COUNT(C47:L47)=0,"",IFERROR(SUMPRODUCT(IFERROR(C47:L47*((C3:L3)+(C4:L4)),0))/SUMPRODUCT(IFERROR(ISNUMBER(C47:L47)*((C3:L3)+(C4:L4)),0)),""))} | N47: Weighted
B48: Absent Rate Total (%) | C48: =IF(COUNT(C46:C47)=0,"",SUM(C46:C47)) | D48: =IF(COUNT(D46:D47)=0,"",SUM(D46:D47)) | E48: =IF(COUNT(E46:E47)=0,"",SUM(E46:E47)) | F48: =IF(COUNT(F46:F47)=0,"",SUM(F46:F47)) | G48: =IF(COUNT(G46:G47)=0,"",SUM(G46:G47)) | H48: =IF(COUNT(H46:H47)=0,"",SUM(H46:H47)) | I48: =IF(COUNT(I46:I47)=0,"",SUM(I46:I47)) | J48: =IF(COUNT(J46:J47)=0,"",SUM(J46:J47)) | ... M48: =IF(COUNT(M46:M47)=0,"",SUM(M46:M47)) | N48: Weighted
B49: Weight factor | C49: =IFERROR(C5/$M5,"") | D49: =IFERROR(D5/$M5,"") | E49: =IFERROR(E5/$M5,"") | F49: =IFERROR(F5/$M5,"") | G49: =IFERROR(G5/$M5,"") | H49: =IFERROR(H5/$M5,"") | I49: =IFERROR(I5/$M5,"") | J49: =IFERROR(J5/$M5,"") | ... L49: =IFERROR(L5/$M5,"") | M49: =IF(COUNT(C49:L49)=0,"",SUM(C49:L49)) | N49: Weight Factor
B50: Leadership (Hours) | M50: =IF(COUNT(C50:L50)=0,"",SUM(C50:L50)) | N50: ∑
B51: Technical (Hours) | M51: =IF(COUNT(C51:L51)=0,"",SUM(C51:L51)) | N51: ∑
B52: Professional Develop. (Hours) | M52: =IF(COUNT(C52:L52)=0,"",SUM(C52:L52)) | N52: ∑
B53: HSSE (Hours) | M53: =IF(COUNT(C53:L53)=0,"",SUM(C53:L53)) | N53: ∑
B54: Workday (Hours) | M54: =IF(COUNT(C54:L54)=0,"",SUM(C54:L54)) | N54: ∑
B55: Total Training Hours | C55: =IF(COUNT(C50:C54)=0,"",SUM(C50:C54)) | D55: =IF(COUNT(D50:D54)=0,"",SUM(D50:D54)) | E55: =IF(COUNT(E50:E54)=0,"",SUM(E50:E54)) | F55: =IF(COUNT(F50:F54)=0,"",SUM(F50:F54)) | G55: =IF(COUNT(G50:G54)=0,"",SUM(G50:G54)) | H55: =IF(COUNT(H50:H54)=0,"",SUM(H50:H54)) | I55: =IF(COUNT(I50:I54)=0,"",SUM(I50:I54)) | J55: =IF(COUNT(J50:J54)=0,"",SUM(J50:J54)) | ... M55: =IF(COUNT(M50:M54)=0,"",SUM(M50:M54)) | N55: ϝ
B56: Total Trained (Staff) | M56: =IF(COUNT(C56:L56)=0,"",SUM(C56:L56)) | N56: ∑
B57: Training Programs (#) | M57: =IF(COUNT(C57:L57)=0,"",SUM(C57:L57)) | N57: ∑
B58: Training Cost (USD) | M58: =IF(COUNT(C58:L58)=0,"",SUM(C58:L58)) | N58: ∑
B59: Training Travel Cost (USD) | M59: =IF(COUNT(C59:L59)=0,"",SUM(C59:L59)) | N59: ∑
B60: Leadership Hours Trained (%) | C60: =IFERROR(C50/C$55,"") | D60: =IFERROR(D50/D$55,"") | E60: =IFERROR(E50/E$55,"") | F60: =IFERROR(F50/F$55,"") | G60: =IFERROR(G50/G$55,"") | H60: =IFERROR(H50/H$55,"") | I60: =IFERROR(I50/I$55,"") | J60: =IFERROR(J50/J$55,"") | ... M60: =IFERROR(M50/M$55,"") | N60: ϝ
B61: Technical Hours Trained (%) | C61: =IFERROR(C51/C$55,"") | D61: =IFERROR(D51/D$55,"") | E61: =IFERROR(E51/E$55,"") | F61: =IFERROR(F51/F$55,"") | G61: =IFERROR(G51/G$55,"") | H61: =IFERROR(H51/H$55,"") | I61: =IFERROR(I51/I$55,"") | J61: =IFERROR(J51/J$55,"") | ... M61: =IFERROR(M51/M$55,"") | N61: ϝ
B62: Profess. Dev. Hours Trained (%) | C62: =IFERROR(C52/C$55,"") | D62: =IFERROR(D52/D$55,"") | E62: =IFERROR(E52/E$55,"") | F62: =IFERROR(F52/F$55,"") | G62: =IFERROR(G52/G$55,"") | H62: =IFERROR(H52/H$55,"") | I62: =IFERROR(I52/I$55,"") | J62: =IFERROR(J52/J$55,"") | ... M62: =IFERROR(M52/M$55,"") | N62: ϝ
B63: HSSE Hours Trained (%) | C63: =IFERROR(C53/C$55,"") | D63: =IFERROR(D53/D$55,"") | E63: =IFERROR(E53/E$55,"") | F63: =IFERROR(F53/F$55,"") | G63: =IFERROR(G53/G$55,"") | H63: =IFERROR(H53/H$55,"") | I63: =IFERROR(I53/I$55,"") | J63: =IFERROR(J53/J$55,"") | ... M63: =IFERROR(M53/M$55,"") | N63: ϝ
B64: Workday Hours Trained (%) | C64: =IFERROR(C54/C$55,"") | D64: =IFERROR(D54/D$55,"") | E64: =IFERROR(E54/E$55,"") | F64: =IFERROR(F54/F$55,"") | G64: =IFERROR(G54/G$55,"") | H64: =IFERROR(H54/H$55,"") | I64: =IFERROR(I54/I$55,"") | J64: =IFERROR(J54/J$55,"") | ... M64: =IFERROR(M54/M$55,"") | N64: ϝ
B65: Staff Trained (%) | C65: =IFERROR(C56/C5,"") | D65: =IFERROR(D56/D5,"") | E65: =IFERROR(E56/E5,"") | F65: =IFERROR(F56/F5,"") | G65: =IFERROR(G56/G5,"") | H65: =IFERROR(H56/H5,"") | I65: =IFERROR(I56/I5,"") | J65: =IFERROR(J56/J5,"") | ... M65: =IFERROR(M56/M5,"") | N65: ϝ
B66: Training Hours / EE | C66: =IFERROR(C55/C5,"") | D66: =IFERROR(D55/D5,"") | E66: =IFERROR(E55/E5,"") | F66: =IFERROR(F55/F5,"") | G66: =IFERROR(G55/G5,"") | H66: =IFERROR(H55/H5,"") | I66: =IFERROR(I55/I5,"") | J66: =IFERROR(J55/J5,"") | ... M66: =IFERROR(M55/M5,"") | N66: ϝ
B67: Training Hours / EE Trained | C67: =IFERROR(C55/C56,"") | D67: =IFERROR(D55/D56,"") | E67: =IFERROR(E55/E56,"") | F67: =IFERROR(F55/F56,"") | G67: =IFERROR(G55/G56,"") | H67: =IFERROR(H55/H56,"") | I67: =IFERROR(I55/I56,"") | J67: =IFERROR(J55/J56,"") | ... M67: =IFERROR(M55/M56,"") | N67: ϝ
B68: Training Invest. / EE (USD) | C68: =IF(COUNT(C58:C59)=0,"",IFERROR((N(C58)+N(C59))/C5,"")) | D68: =IF(COUNT(D58:D59)=0,"",IFERROR((N(D58)+N(D59))/D5,"")) | E68: =IF(COUNT(E58:E59)=0,"",IFERROR((N(E58)+N(E59))/E5,"")) | F68: =IF(COUNT(F58:F59)=0,"",IFERROR((N(F58)+N(F59))/F5,"")) | G68: =IF(COUNT(G58:G59)=0,"",IFERROR((N(G58)+N(G59))/G5,"")) | H68: =IF(COUNT(H58:H59)=0,"",IFERROR((N(H58)+N(H59))/H5,"")) | I68: =IF(COUNT(I58:I59)=0,"",IFERROR((N(I58)+N(I59))/I5,"")) | J68: =IF(COUNT(J58:J59)=0,"",IFERROR((N(J58)+N(J59))/J5,"")) | ... M68: =IF(COUNT(M58:M59)=0,"",IFERROR((N(M58)+N(M59))/M5,"")) | N68: ϝ
B69: Training Invest. / EE Trained (USD) | C69: =IF(COUNT(C58:C59)=0,"",IFERROR((N(C58)+N(C59))/C56,"")) | D69: =IF(COUNT(D58:D59)=0,"",IFERROR((N(D58)+N(D59))/D56,"")) | E69: =IF(COUNT(E58:E59)=0,"",IFERROR((N(E58)+N(E59))/E56,"")) | F69: =IF(COUNT(F58:F59)=0,"",IFERROR((N(F58)+N(F59))/F56,"")) | G69: =IF(COUNT(G58:G59)=0,"",IFERROR((N(G58)+N(G59))/G56,"")) | H69: =IF(COUNT(H58:H59)=0,"",IFERROR((N(H58)+N(H59))/H56,"")) | I69: =IF(COUNT(I58:I59)=0,"",IFERROR((N(I58)+N(I59))/I56,"")) | J69: =IF(COUNT(J58:J59)=0,"",IFERROR((N(J58)+N(J59))/J56,"")) | ... M69: =IF(COUNT(M58:M59)=0,"",IFERROR((N(M58)+N(M59))/M56,"")) | N69: ϝ
B70: Input Cells Not Submitted | C70: =COUNTBLANK(C3:C4)+COUNTBLANK(C6:C10)+COUNTBLANK(C12:C13)+COUNTBLANK(C18:C20)+COUNTBLANK(C22:C23)+COUNTBLANK(C27:C28)+COUNTBLANK(C34:C35)+COUNTBLANK(C39:C44)+COUNTBLANK(C46:C47)+COUNTBLANK(C50:C54)+COUNTBLANK(C56:C59) | D70: =COUNTBLANK(D3:D4)+COUNTBLANK(D6:D10)+COUNTBLANK(D12:D13)+COUNTBLANK(D18:D20)+COUNTBLANK(D22:D23)+COUNTBLANK(D27:D28)+COUNTBLANK(D34:D35)+COUNTBLANK(D39:D44)+COUNTBLANK(D46:D47)+COUNTBLANK(D50:D54)+COUNTBLANK(D56:D59) | E70: =COUNTBLANK(E3:E4)+COUNTBLANK(E6:E10)+COUNTBLANK(E12:E13)+COUNTBLANK(E18:E20)+COUNTBLANK(E22:E23)+COUNTBLANK(E27:E28)+COUNTBLANK(E34:E35)+COUNTBLANK(E39:E44)+COUNTBLANK(E46:E47)+COUNTBLANK(E50:E54)+COUNTBLANK(E56:E59) | F70: =COUNTBLANK(F3:F4)+COUNTBLANK(F6:F10)+COUNTBLANK(F12:F13)+COUNTBLANK(F18:F20)+COUNTBLANK(F22:F23)+COUNTBLANK(F27:F28)+COUNTBLANK(F34:F35)+COUNTBLANK(F39:F44)+COUNTBLANK(F46:F47)+COUNTBLANK(F50:F54)+COUNTBLANK(F56:F59) | G70: =COUNTBLANK(G3:G4)+COUNTBLANK(G6:G10)+COUNTBLANK(G12:G13)+COUNTBLANK(G18:G20)+COUNTBLANK(G22:G23)+COUNTBLANK(G27:G28)+COUNTBLANK(G34:G35)+COUNTBLANK(G39:G44)+COUNTBLANK(G46:G47)+COUNTBLANK(G50:G54)+COUNTBLANK(G56:G59) | H70: =COUNTBLANK(H3:H4)+COUNTBLANK(H6:H10)+COUNTBLANK(H12:H13)+COUNTBLANK(H18:H20)+COUNTBLANK(H22:H23)+COUNTBLANK(H27:H28)+COUNTBLANK(H34:H35)+COUNTBLANK(H39:H44)+COUNTBLANK(H46:H47)+COUNTBLANK(H50:H54)+COUNTBLANK(H56:H59) | I70: =COUNTBLANK(I3:I4)+COUNTBLANK(I6:I10)+COUNTBLANK(I12:I13)+COUNTBLANK(I18:I20)+COUNTBLANK(I22:I23)+COUNTBLANK(I27:I28)+COUNTBLANK(I34:I35)+COUNTBLANK(I39:I44)+COUNTBLANK(I46:I47)+COUNTBLANK(I50:I54)+COUNTBLANK(I56:I59) | J70: =COUNTBLANK(J3:J4)+COUNTBLANK(J6:J10)+COUNTBLANK(J12:J13)+COUNTBLANK(J18:J20)+COUNTBLANK(J22:J23)+COUNTBLANK(J27:J28)+COUNTBLANK(J34:J35)+COUNTBLANK(J39:J44)+COUNTBLANK(J46:J47)+COUNTBLANK(J50:J54)+COUNTBLANK(J56:J59) | ... L70: =COUNTBLANK(L3:L4)+COUNTBLANK(L6:L10)+COUNTBLANK(L12:L13)+COUNTBLANK(L18:L20)+COUNTBLANK(L22:L23)+COUNTBLANK(L27:L28)+COUNTBLANK(L34:L35)+COUNTBLANK(L39:L44)+COUNTBLANK(L46:L47)+COUNTBLANK(L50:L54)+COUNTBLANK(L56:L59) | M70: =SUM(C70:L70) | N70: ∑

Sheet NOV
B1: GCG SOUTH CARIBBEAN | C1: 1015 | D1: 1004 | E1: 1063 | F1: 1160 | G1: 1073 | H1: 1042 | I1: 1084 | J1: 1049 | K1: 1005 | L1: 1115
A2: =VALUE(TEXT(EDATE(DATE(LEFT(OCT!A2,4),RIGHT(OCT!A2,2),1),1),"yyyymm")) | B2: NOV | C2: Calloway Aruba | D2: Airport Rest. Barbados | E2: GCG Barbados | F2: GCG Aviation Ground Barbados | G2: GCG Curacao | H2: GCG Events Curacao | I2: GCG Sint Maarten Sky Dining | J2: GCG Sint Maarten Airport Dining | K2: Allied Caterers Trinidad | L2: Katerserv Trinidad | M2: TOTAL | N2: Total by Division | O2: =N(O11)<>0
A3: =+A2 | B3: Permanent (Regular) Headcount | M3: =IF(COUNT(C3:L3)=0,"",SUM(C3:L3)) | N3: ∑
B4: Temporary (Fix Term) Headcount | M4: =IF(COUNT(C4:L4)=0,"",SUM(C4:L4)) | N4: ∑
B5: Employee Headcount (Productivity) | C5: =IF(COUNT(C3:C4)=0,"",SUM(C3:C4)) | D5: =IF(COUNT(D3:D4)=0,"",SUM(D3:D4)) | E5: =IF(COUNT(E3:E4)=0,"",SUM(E3:E4)) | F5: =IF(COUNT(F3:F4)=0,"",SUM(F3:F4)) | G5: =IF(COUNT(G3:G4)=0,"",SUM(G3:G4)) | H5: =IF(COUNT(H3:H4)=0,"",SUM(H3:H4)) | I5: =IF(COUNT(I3:I4)=0,"",SUM(I3:I4)) | J5: =IF(COUNT(J3:J4)=0,"",SUM(J3:J4)) | ... M5: =IF(COUNT(M3:M4)=0,"",SUM(M3:M4)) | N5: ϝ
B6: Headcount = 1.00 | M6: =IF(COUNT(C6:L6)=0,"",SUM(C6:L6)) | N6: ∑
B7: Headcount = 0.75 | M7: =IF(COUNT(C7:L7)=0,"",SUM(C7:L7)) | N7: ∑
B8: Headcount = 0.50 | M8: =IF(COUNT(C8:L8)=0,"",SUM(C8:L8)) | N8: ∑
B9: Headcount = 0.25 | M9: =IF(COUNT(C9:L9)=0,"",SUM(C9:L9)) | N9: ∑
B10: Standard Monthly Hours (FTE basis) | M10: =IFERROR(AVERAGE(C10:L10),"") | N10: Avg
B11: Employee FTE (Finance) | C11: =IF(COUNT(C6:C9)=0,"",N(C6)+N(C7)*0.75+N(C8)*0.5+N(C9)*0.25) | D11: =IF(COUNT(D6:D9)=0,"",N(D6)+N(D7)*0.75+N(D8)*0.5+N(D9)*0.25) | E11: =IF(COUNT(E6:E9)=0,"",N(E6)+N(E7)*0.75+N(E8)*0.5+N(E9)*0.25) | F11: =IF(COUNT(F6:F9)=0,"",N(F6)+N(F7)*0.75+N(F8)*0.5+N(F9)*0.25) | G11: =IF(COUNT(G6:G9)=0,"",N(G6)+N(G7)*0.75+N(G8)*0.5+N(G9)*0.25) | H11: =IF(COUNT(H6:H9)=0,"",N(H6)+N(H7)*0.75+N(H8)*0.5+N(H9)*0.25) | I11: =IF(COUNT(I6:I9)=0,"",N(I6)+N(I7)*0.75+N(I8)*0.5+N(I9)*0.25) | J11: =IF(COUNT(J6:J9)=0,"",N(J6)+N(J7)*0.75+N(J8)*0.5+N(J9)*0.25) | ... M11: =IF(COUNT(M6:M9)=0,"",N(M6)+N(M7)*0.75+N(M8)*0.5+N(M9)*0.25) | N11: FTE | O11: =IF(COUNT(M5:M9)=0,"",N(M6)+N(M7)+N(M8)+N(M9)-N(M5))
B12: Subcontracted Workforce HC | M12: =IF(COUNT(C12:L12)=0,"",SUM(C12:L12)) | N12: ∑
B13: Subcontracted Productive Hours | M13: =IF(COUNT(C13:L13)=0,"",SUM(C13:L13)) | N13: ∑
B14: Subcontracted FTE | C14: =IFERROR(C13/C10,"") | D14: =IFERROR(D13/D10,"") | E14: =IFERROR(E13/E10,"") | F14: =IFERROR(F13/F10,"") | G14: =IFERROR(G13/G10,"") | H14: =IFERROR(H13/H10,"") | I14: =IFERROR(I13/I10,"") | J14: =IFERROR(J13/J10,"") | ... L14: =IFERROR(L13/L10,"") | M14: =IF(COUNT(C14:L14)=0,"",SUM(C14:L14)) | N14: FTE
B15: Total Operational Workforce | C15: =IF(COUNT(C5,C12)=0,"",SUM(C5,C12)) | D15: =IF(COUNT(D5,D12)=0,"",SUM(D5,D12)) | E15: =IF(COUNT(E5,E12)=0,"",SUM(E5,E12)) | F15: =IF(COUNT(F5,F12)=0,"",SUM(F5,F12)) | G15: =IF(COUNT(G5,G12)=0,"",SUM(G5,G12)) | H15: =IF(COUNT(H5,H12)=0,"",SUM(H5,H12)) | I15: =IF(COUNT(I5,I12)=0,"",SUM(I5,I12)) | J15: =IF(COUNT(J5,J12)=0,"",SUM(J5,J12)) | ... M15: =IF(COUNT(M5,M12)=0,"",SUM(M5,M12)) | N15: ϝ
B16: Total Operational FTE | C16: =IF(COUNT(C11,C14)=0,"",SUM(C11,C14)) | D16: =IF(COUNT(D11,D14)=0,"",SUM(D11,D14)) | E16: =IF(COUNT(E11,E14)=0,"",SUM(E11,E14)) | F16: =IF(COUNT(F11,F14)=0,"",SUM(F11,F14)) | G16: =IF(COUNT(G11,G14)=0,"",SUM(G11,G14)) | H16: =IF(COUNT(H11,H14)=0,"",SUM(H11,H14)) | I16: =IF(COUNT(I11,I14)=0,"",SUM(I11,I14)) | J16: =IF(COUNT(J11,J14)=0,"",SUM(J11,J14)) | ... M16: =IF(COUNT(M11,M14)=0,"",SUM(M11,M14)) | N16: FTE
B17: Subcontracted Share of Workforce (%) | C17: =IFERROR(C12/C15,"") | D17: =IFERROR(D12/D15,"") | E17: =IFERROR(E12/E15,"") | F17: =IFERROR(F12/F15,"") | G17: =IFERROR(G12/G15,"") | H17: =IFERROR(H12/H15,"") | I17: =IFERROR(I12/I15,"") | J17: =IFERROR(J12/J15,"") | ... M17: =IFERROR(M12/M15,"") | N17: ϝ
B18: FTE HR Team | M18: =IF(COUNT(C18:L18)=0,"",SUM(C18:L18)) | N18: ∑
B19: Permanent Hires | M19: =IF(COUNT(C19:L19)=0,"",SUM(C19:L19)) | N19: ∑
B20: Temporary Hires | M20: =IF(COUNT(C20:L20)=0,"",SUM(C20:L20)) | N20: ∑
B21: Total Hires | C21: =IF(COUNT(C19:C20)=0,"",SUM(C19:C20)) | D21: =IF(COUNT(D19:D20)=0,"",SUM(D19:D20)) | E21: =IF(COUNT(E19:E20)=0,"",SUM(E19:E20)) | F21: =IF(COUNT(F19:F20)=0,"",SUM(F19:F20)) | G21: =IF(COUNT(G19:G20)=0,"",SUM(G19:G20)) | H21: =IF(COUNT(H19:H20)=0,"",SUM(H19:H20)) | I21: =IF(COUNT(I19:I20)=0,"",SUM(I19:I20)) | J21: =IF(COUNT(J19:J20)=0,"",SUM(J19:J20)) | ... M21: =IF(COUNT(M19:M20)=0,"",SUM(M19:M20)) | N21: ϝ
B22: Permanent Exits | M22: =IF(COUNT(C22:L22)=0,"",SUM(C22:L22)) | N22: ∑
B23: Temporary Exits | M23: =IF(COUNT(C23:L23)=0,"",SUM(C23:L23)) | N23: ∑
B24: Total Exits | C24: =IF(COUNT(C22:C23)=0,"",SUM(C22:C23)) | D24: =IF(COUNT(D22:D23)=0,"",SUM(D22:D23)) | E24: =IF(COUNT(E22:E23)=0,"",SUM(E22:E23)) | F24: =IF(COUNT(F22:F23)=0,"",SUM(F22:F23)) | G24: =IF(COUNT(G22:G23)=0,"",SUM(G22:G23)) | H24: =IF(COUNT(H22:H23)=0,"",SUM(H22:H23)) | I24: =IF(COUNT(I22:I23)=0,"",SUM(I22:I23)) | J24: =IF(COUNT(J22:J23)=0,"",SUM(J22:J23)) | ... M24: =IF(COUNT(M22:M23)=0,"",SUM(M22:M23)) | N24: ϝ
B25: Permanent Turnover (%) | C25: =IF(COUNT(C31,C32)<2,"",IF((C32+C31)=0,"",N(C22)/((C32+C31)/2))) | D25: =IF(COUNT(D31,D32)<2,"",IF((D32+D31)=0,"",N(D22)/((D32+D31)/2))) | E25: =IF(COUNT(E31,E32)<2,"",IF((E32+E31)=0,"",N(E22)/((E32+E31)/2))) | F25: =IF(COUNT(F31,F32)<2,"",IF((F32+F31)=0,"",N(F22)/((F32+F31)/2))) | G25: =IF(COUNT(G31,G32)<2,"",IF((G32+G31)=0,"",N(G22)/((G32+G31)/2))) | H25: =IF(COUNT(H31,H32)<2,"",IF((H32+H31)=0,"",N(H22)/((H32+H31)/2))) | I25: =IF(COUNT(I31,I32)<2,"",IF((I32+I31)=0,"",N(I22)/((I32+I31)/2))) | J25: =IF(COUNT(J31,J32)<2,"",IF((J32+J31)=0,"",N(J22)/((J32+J31)/2))) | ... M25: =IF(COUNT(M31,M32)<2,"",IF((M32+M31)=0,"",N(M22)/((M32+M31)/2))) | N25: ϝ
B26: Temporary Turnover (%) | C26: =IF(COUNT(C31,C32)<2,"",IF((C32+C31)=0,"",N(C23)/((C32+C31)/2))) | D26: =IF(COUNT(D31,D32)<2,"",IF((D32+D31)=0,"",N(D23)/((D32+D31)/2))) | E26: =IF(COUNT(E31,E32)<2,"",IF((E32+E31)=0,"",N(E23)/((E32+E31)/2))) | F26: =IF(COUNT(F31,F32)<2,"",IF((F32+F31)=0,"",N(F23)/((F32+F31)/2))) | G26: =IF(COUNT(G31,G32)<2,"",IF((G32+G31)=0,"",N(G23)/((G32+G31)/2))) | H26: =IF(COUNT(H31,H32)<2,"",IF((H32+H31)=0,"",N(H23)/((H32+H31)/2))) | I26: =IF(COUNT(I31,I32)<2,"",IF((I32+I31)=0,"",N(I23)/((I32+I31)/2))) | J26: =IF(COUNT(J31,J32)<2,"",IF((J32+J31)=0,"",N(J23)/((J32+J31)/2))) | ... M26: =IF(COUNT(M31,M32)<2,"",IF((M32+M31)=0,"",N(M23)/((M32+M31)/2))) | N26: ϝ
B27: Voluntary Terminations | M27: =IF(COUNT(C27:L27)=0,"",SUM(C27:L27)) | N27: ∑
B28: Involuntary Terminations | M28: =IF(COUNT(C28:L28)=0,"",SUM(C28:L28)) | N28: ∑
B29: Voluntary Turnover (%) | C29: =IF(COUNT(C31,C32)<2,"",IF((C32+C31)=0,"",N(C27)/((C32+C31)/2))) | D29: =IF(COUNT(D31,D32)<2,"",IF((D32+D31)=0,"",N(D27)/((D32+D31)/2))) | E29: =IF(COUNT(E31,E32)<2,"",IF((E32+E31)=0,"",N(E27)/((E32+E31)/2))) | F29: =IF(COUNT(F31,F32)<2,"",IF((F32+F31)=0,"",N(F27)/((F32+F31)/2))) | G29: =IF(COUNT(G31,G32)<2,"",IF((G32+G31)=0,"",N(G27)/((G32+G31)/2))) | H29: =IF(COUNT(H31,H32)<2,"",IF((H32+H31)=0,"",N(H27)/((H32+H31)/2))) | I29: =IF(COUNT(I31,I32)<2,"",IF((I32+I31)=0,"",N(I27)/((I32+I31)/2))) | J29: =IF(COUNT(J31,J32)<2,"",IF((J32+J31)=0,"",N(J27)/((J32+J31)/2))) | ... M29: =IF(COUNT(M31,M32)<2,"",IF((M32+M31)=0,"",N(M27)/((M32+M31)/2))) | N29: ϝ
B30: Involuntary Turnover (%) | C30: =IF(COUNT(C31,C32)<2,"",IF((C32+C31)=0,"",N(C28)/((C32+C31)/2))) | D30: =IF(COUNT(D31,D32)<2,"",IF((D32+D31)=0,"",N(D28)/((D32+D31)/2))) | E30: =IF(COUNT(E31,E32)<2,"",IF((E32+E31)=0,"",N(E28)/((E32+E31)/2))) | F30: =IF(COUNT(F31,F32)<2,"",IF((F32+F31)=0,"",N(F28)/((F32+F31)/2))) | G30: =IF(COUNT(G31,G32)<2,"",IF((G32+G31)=0,"",N(G28)/((G32+G31)/2))) | H30: =IF(COUNT(H31,H32)<2,"",IF((H32+H31)=0,"",N(H28)/((H32+H31)/2))) | I30: =IF(COUNT(I31,I32)<2,"",IF((I32+I31)=0,"",N(I28)/((I32+I31)/2))) | J30: =IF(COUNT(J31,J32)<2,"",IF((J32+J31)=0,"",N(J28)/((J32+J31)/2))) | ... M30: =IF(COUNT(M31,M32)<2,"",IF((M32+M31)=0,"",N(M28)/((M32+M31)/2))) | N30: ϝ
B31: Headcount last Month | C31: =IF(OCT!C5="","",OCT!C5) | D31: =IF(OCT!D5="","",OCT!D5) | E31: =IF(OCT!E5="","",OCT!E5) | F31: =IF(OCT!F5="","",OCT!F5) | G31: =IF(OCT!G5="","",OCT!G5) | H31: =IF(OCT!H5="","",OCT!H5) | I31: =IF(OCT!I5="","",OCT!I5) | J31: =IF(OCT!J5="","",OCT!J5) | ... L31: =IF(OCT!L5="","",OCT!L5) | M31: =IF(COUNT(C31:L31)=0,"",SUM(C31:L31)) | N31: ∑
B32: Headcount this Month | C32: =IF(C5="","",C5) | D32: =IF(D5="","",D5) | E32: =IF(E5="","",E5) | F32: =IF(F5="","",F5) | G32: =IF(G5="","",G5) | H32: =IF(H5="","",H5) | I32: =IF(I5="","",I5) | J32: =IF(J5="","",J5) | ... L32: =IF(L5="","",L5) | M32: =IF(COUNT(C32:L32)=0,"",SUM(C32:L32)) | N32: ∑
B33: Full Turnover (%) | C33: =IF(COUNT(C31,C32)<2,"",IF((C32+C31)=0,"",N(C24)/((C32+C31)/2))) | D33: =IF(COUNT(D31,D32)<2,"",IF((D32+D31)=0,"",N(D24)/((D32+D31)/2))) | E33: =IF(COUNT(E31,E32)<2,"",IF((E32+E31)=0,"",N(E24)/((E32+E31)/2))) | F33: =IF(COUNT(F31,F32)<2,"",IF((F32+F31)=0,"",N(F24)/((F32+F31)/2))) | G33: =IF(COUNT(G31,G32)<2,"",IF((G32+G31)=0,"",N(G24)/((G32+G31)/2))) | H33: =IF(COUNT(H31,H32)<2,"",IF((H32+H31)=0,"",N(H24)/((H32+H31)/2))) | I33: =IF(COUNT(I31,I32)<2,"",IF((I32+I31)=0,"",N(I24)/((I32+I31)/2))) | J33: =IF(COUNT(J31,J32)<2,"",IF((J32+J31)=0,"",N(J24)/((J32+J31)/2))) | ... M33: =IF(COUNT(M31,M32)<2,"",IF((M32+M31)=0,"",N(M24)/((M32+M31)/2))) | N33: ϝ
B34: Permanent Vacancies | M34: =IF(COUNT(C34:L34)=0,"",SUM(C34:L34)) | N34: ∑
B35: Temporary Vacancies | M35: =IF(COUNT(C35:L35)=0,"",SUM(C35:L35)) | N35: ∑
B36: Total Vacancies | C36: =IF(COUNT(C34:C35)=0,"",SUM(C34:C35)) | D36: =IF(COUNT(D34:D35)=0,"",SUM(D34:D35)) | E36: =IF(COUNT(E34:E35)=0,"",SUM(E34:E35)) | F36: =IF(COUNT(F34:F35)=0,"",SUM(F34:F35)) | G36: =IF(COUNT(G34:G35)=0,"",SUM(G34:G35)) | H36: =IF(COUNT(H34:H35)=0,"",SUM(H34:H35)) | I36: =IF(COUNT(I34:I35)=0,"",SUM(I34:I35)) | J36: =IF(COUNT(J34:J35)=0,"",SUM(J34:J35)) | ... M36: =IF(COUNT(M34:M35)=0,"",SUM(M34:M35)) | N36: ϝ
B37: Authorized Positions | C37: =IF(COUNT(C5,C36)=0,"",N(C5)+N(C36)) | D37: =IF(COUNT(D5,D36)=0,"",N(D5)+N(D36)) | E37: =IF(COUNT(E5,E36)=0,"",N(E5)+N(E36)) | F37: =IF(COUNT(F5,F36)=0,"",N(F5)+N(F36)) | G37: =IF(COUNT(G5,G36)=0,"",N(G5)+N(G36)) | H37: =IF(COUNT(H5,H36)=0,"",N(H5)+N(H36)) | I37: =IF(COUNT(I5,I36)=0,"",N(I5)+N(I36)) | J37: =IF(COUNT(J5,J36)=0,"",N(J5)+N(J36)) | ... M37: =IF(COUNT(M5,M36)=0,"",N(M5)+N(M36)) | N37: ϝ
B38: Vacancy Rate (%) | C38: =IFERROR(C36/C37,"") | D38: =IFERROR(D36/D37,"") | E38: =IFERROR(E36/E37,"") | F38: =IFERROR(F36/F37,"") | G38: =IFERROR(G36/G37,"") | H38: =IFERROR(H36/H37,"") | I38: =IFERROR(I36/I37,"") | J38: =IFERROR(J36/J37,"") | ... M38: =IFERROR(M36/M37,"") | N38: ϝ
B39: Permanent TimeToHire (Days) YTD | C39: =IF('(Calloway_AUA)'!$AB$5="","",'(Calloway_AUA)'!$AB$5) | D39: =IF('(Airport_BRB)'!$AB$5="","",'(Airport_BRB)'!$AB$5) | E39: =IF('(GCG_BRB)'!$AB$5="","",'(GCG_BRB)'!$AB$5) | F39: =IF('(Ground_BRB)'!$AB$5="","",'(Ground_BRB)'!$AB$5) | G39: =IF('(GCG_CUR)'!$AB$5="","",'(GCG_CUR)'!$AB$5) | H39: =IF('(Events_CUR)'!$AB$5="","",'(Events_CUR)'!$AB$5) | I39: =IF('(GCG_SXM_Sky)'!$AB$5="","",'(GCG_SXM_Sky)'!$AB$5) | J39: =IF('(GCG_SXM_Airport)'!$AB$5="","",'(GCG_SXM_Airport)'!$AB$5) | K39: =IF('(Allied_TTO)'!$AB$5="","",'(Allied_TTO)'!$AB$5) | L39: =IF('(Katerserv_TTO)'!$AB$5="","",'(Katerserv_TTO)'!$AB$5) | M39: =IFERROR(AVERAGE(C39:L39),"") | N39: Avg
B40: Temporary TimeToHire (Days) YTD | C40: =IF('(Calloway_AUA)'!$AD$5="","",'(Calloway_AUA)'!$AD$5) | D40: =IF('(Airport_BRB)'!$AD$5="","",'(Airport_BRB)'!$AD$5) | E40: =IF('(GCG_BRB)'!$AD$5="","",'(GCG_BRB)'!$AD$5) | F40: =IF('(Ground_BRB)'!$AD$5="","",'(Ground_BRB)'!$AD$5) | G40: =IF('(GCG_CUR)'!$AD$5="","",'(GCG_CUR)'!$AD$5) | H40: =IF('(Events_CUR)'!$AD$5="","",'(Events_CUR)'!$AD$5) | I40: =IF('(GCG_SXM_Sky)'!$AD$5="","",'(GCG_SXM_Sky)'!$AD$5) | J40: =IF('(GCG_SXM_Airport)'!$AD$5="","",'(GCG_SXM_Airport)'!$AD$5) | K40: =IF('(Allied_TTO)'!$AD$5="","",'(Allied_TTO)'!$AD$5) | L40: =IF('(Katerserv_TTO)'!$AD$5="","",'(Katerserv_TTO)'!$AD$5) | M40: =IFERROR(AVERAGE(C40:L40),"") | N40: Avg
B41: Check-ins Rate Completed (%) | M41: =IFERROR(AVERAGE(C41:L41),"") | N41: Avg
B42: EE Objectives Completed (#) | M42: =IF(COUNT(C42:L42)=0,"",SUM(C42:L42)) | N42: ∑
B43: Non-certified Absent (Days Lost) | M43: =IF(COUNT(C43:L43)=0,"",SUM(C43:L43)) | N43: ∑
B44: Certified sick leave (Days Lost) | M44: =IF(COUNT(C44:L44)=0,"",SUM(C44:L44)) | N44: ∑
B45: Total Absences | C45: =IF(COUNT(C43:C44)=0,"",SUM(C43:C44)) | D45: =IF(COUNT(D43:D44)=0,"",SUM(D43:D44)) | E45: =IF(COUNT(E43:E44)=0,"",SUM(E43:E44)) | F45: =IF(COUNT(F43:F44)=0,"",SUM(F43:F44)) | G45: =IF(COUNT(G43:G44)=0,"",SUM(G43:G44)) | H45: =IF(COUNT(H43:H44)=0,"",SUM(H43:H44)) | I45: =IF(COUNT(I43:I44)=0,"",SUM(I43:I44)) | J45: =IF(COUNT(J43:J44)=0,"",SUM(J43:J44)) | ... M45: =IF(COUNT(M43:M44)=0,"",SUM(M43:M44)) | N45: ϝ
B46: Absent Rate Non-Certified (%) | C46: =IF('(Calloway_AUA)'!$G$5="","",'(Calloway_AUA)'!$G$5) | D46: =IF('(Airport_BRB)'!$G$5="","",'(Airport_BRB)'!$G$5) | E46: =IF('(GCG_BRB)'!$G$5="","",'(GCG_BRB)'!$G$5) | F46: =IF('(Ground_BRB)'!$G$5="","",'(Ground_BRB)'!$G$5) | G46: =IF('(GCG_CUR)'!$G$5="","",'(GCG_CUR)'!$G$5) | H46: =IF('(Events_CUR)'!$G$5="","",'(Events_CUR)'!$G$5) | I46: =IF('(GCG_SXM_Sky)'!$G$5="","",'(GCG_SXM_Sky)'!$G$5) | J46: =IF('(GCG_SXM_Airport)'!$G$5="","",'(GCG_SXM_Airport)'!$G$5) | K46: =IF('(Allied_TTO)'!$G$5="","",'(Allied_TTO)'!$G$5) | L46: =IF('(Katerserv_TTO)'!$G$5="","",'(Katerserv_TTO)'!$G$5) | M46: {=IF(COUNT(C46:L46)=0,"",IFERROR(SUMPRODUCT(IFERROR(C46:L46*((C3:L3)+(C4:L4)),0))/SUMPRODUCT(IFERROR(ISNUMBER(C46:L46)*((C3:L3)+(C4:L4)),0)),""))} | N46: Weighted
B47: Absent Rate Certified (%) | C47: =IF('(Calloway_AUA)'!$O$5="","",'(Calloway_AUA)'!$O$5) | D47: =IF('(Airport_BRB)'!$O$5="","",'(Airport_BRB)'!$O$5) | E47: =IF('(GCG_BRB)'!$O$5="","",'(GCG_BRB)'!$O$5) | F47: =IF('(Ground_BRB)'!$O$5="","",'(Ground_BRB)'!$O$5) | G47: =IF('(GCG_CUR)'!$O$5="","",'(GCG_CUR)'!$O$5) | H47: =IF('(Events_CUR)'!$O$5="","",'(Events_CUR)'!$O$5) | I47: =IF('(GCG_SXM_Sky)'!$O$5="","",'(GCG_SXM_Sky)'!$O$5) | J47: =IF('(GCG_SXM_Airport)'!$O$5="","",'(GCG_SXM_Airport)'!$O$5) | K47: =IF('(Allied_TTO)'!$O$5="","",'(Allied_TTO)'!$O$5) | L47: =IF('(Katerserv_TTO)'!$O$5="","",'(Katerserv_TTO)'!$O$5) | M47: {=IF(COUNT(C47:L47)=0,"",IFERROR(SUMPRODUCT(IFERROR(C47:L47*((C3:L3)+(C4:L4)),0))/SUMPRODUCT(IFERROR(ISNUMBER(C47:L47)*((C3:L3)+(C4:L4)),0)),""))} | N47: Weighted
B48: Absent Rate Total (%) | C48: =IF(COUNT(C46:C47)=0,"",SUM(C46:C47)) | D48: =IF(COUNT(D46:D47)=0,"",SUM(D46:D47)) | E48: =IF(COUNT(E46:E47)=0,"",SUM(E46:E47)) | F48: =IF(COUNT(F46:F47)=0,"",SUM(F46:F47)) | G48: =IF(COUNT(G46:G47)=0,"",SUM(G46:G47)) | H48: =IF(COUNT(H46:H47)=0,"",SUM(H46:H47)) | I48: =IF(COUNT(I46:I47)=0,"",SUM(I46:I47)) | J48: =IF(COUNT(J46:J47)=0,"",SUM(J46:J47)) | ... M48: =IF(COUNT(M46:M47)=0,"",SUM(M46:M47)) | N48: Weighted
B49: Weight factor | C49: =IFERROR(C5/$M5,"") | D49: =IFERROR(D5/$M5,"") | E49: =IFERROR(E5/$M5,"") | F49: =IFERROR(F5/$M5,"") | G49: =IFERROR(G5/$M5,"") | H49: =IFERROR(H5/$M5,"") | I49: =IFERROR(I5/$M5,"") | J49: =IFERROR(J5/$M5,"") | ... L49: =IFERROR(L5/$M5,"") | M49: =IF(COUNT(C49:L49)=0,"",SUM(C49:L49)) | N49: Weight Factor
B50: Leadership (Hours) | M50: =IF(COUNT(C50:L50)=0,"",SUM(C50:L50)) | N50: ∑
B51: Technical (Hours) | M51: =IF(COUNT(C51:L51)=0,"",SUM(C51:L51)) | N51: ∑
B52: Professional Develop. (Hours) | M52: =IF(COUNT(C52:L52)=0,"",SUM(C52:L52)) | N52: ∑
B53: HSSE (Hours) | M53: =IF(COUNT(C53:L53)=0,"",SUM(C53:L53)) | N53: ∑
B54: Workday (Hours) | M54: =IF(COUNT(C54:L54)=0,"",SUM(C54:L54)) | N54: ∑
B55: Total Training Hours | C55: =IF(COUNT(C50:C54)=0,"",SUM(C50:C54)) | D55: =IF(COUNT(D50:D54)=0,"",SUM(D50:D54)) | E55: =IF(COUNT(E50:E54)=0,"",SUM(E50:E54)) | F55: =IF(COUNT(F50:F54)=0,"",SUM(F50:F54)) | G55: =IF(COUNT(G50:G54)=0,"",SUM(G50:G54)) | H55: =IF(COUNT(H50:H54)=0,"",SUM(H50:H54)) | I55: =IF(COUNT(I50:I54)=0,"",SUM(I50:I54)) | J55: =IF(COUNT(J50:J54)=0,"",SUM(J50:J54)) | ... M55: =IF(COUNT(M50:M54)=0,"",SUM(M50:M54)) | N55: ϝ
B56: Total Trained (Staff) | M56: =IF(COUNT(C56:L56)=0,"",SUM(C56:L56)) | N56: ∑
B57: Training Programs (#) | M57: =IF(COUNT(C57:L57)=0,"",SUM(C57:L57)) | N57: ∑
B58: Training Cost (USD) | M58: =IF(COUNT(C58:L58)=0,"",SUM(C58:L58)) | N58: ∑
B59: Training Travel Cost (USD) | M59: =IF(COUNT(C59:L59)=0,"",SUM(C59:L59)) | N59: ∑
B60: Leadership Hours Trained (%) | C60: =IFERROR(C50/C$55,"") | D60: =IFERROR(D50/D$55,"") | E60: =IFERROR(E50/E$55,"") | F60: =IFERROR(F50/F$55,"") | G60: =IFERROR(G50/G$55,"") | H60: =IFERROR(H50/H$55,"") | I60: =IFERROR(I50/I$55,"") | J60: =IFERROR(J50/J$55,"") | ... M60: =IFERROR(M50/M$55,"") | N60: ϝ
B61: Technical Hours Trained (%) | C61: =IFERROR(C51/C$55,"") | D61: =IFERROR(D51/D$55,"") | E61: =IFERROR(E51/E$55,"") | F61: =IFERROR(F51/F$55,"") | G61: =IFERROR(G51/G$55,"") | H61: =IFERROR(H51/H$55,"") | I61: =IFERROR(I51/I$55,"") | J61: =IFERROR(J51/J$55,"") | ... M61: =IFERROR(M51/M$55,"") | N61: ϝ
B62: Profess. Dev. Hours Trained (%) | C62: =IFERROR(C52/C$55,"") | D62: =IFERROR(D52/D$55,"") | E62: =IFERROR(E52/E$55,"") | F62: =IFERROR(F52/F$55,"") | G62: =IFERROR(G52/G$55,"") | H62: =IFERROR(H52/H$55,"") | I62: =IFERROR(I52/I$55,"") | J62: =IFERROR(J52/J$55,"") | ... M62: =IFERROR(M52/M$55,"") | N62: ϝ
B63: HSSE Hours Trained (%) | C63: =IFERROR(C53/C$55,"") | D63: =IFERROR(D53/D$55,"") | E63: =IFERROR(E53/E$55,"") | F63: =IFERROR(F53/F$55,"") | G63: =IFERROR(G53/G$55,"") | H63: =IFERROR(H53/H$55,"") | I63: =IFERROR(I53/I$55,"") | J63: =IFERROR(J53/J$55,"") | ... M63: =IFERROR(M53/M$55,"") | N63: ϝ
B64: Workday Hours Trained (%) | C64: =IFERROR(C54/C$55,"") | D64: =IFERROR(D54/D$55,"") | E64: =IFERROR(E54/E$55,"") | F64: =IFERROR(F54/F$55,"") | G64: =IFERROR(G54/G$55,"") | H64: =IFERROR(H54/H$55,"") | I64: =IFERROR(I54/I$55,"") | J64: =IFERROR(J54/J$55,"") | ... M64: =IFERROR(M54/M$55,"") | N64: ϝ
B65: Staff Trained (%) | C65: =IFERROR(C56/C5,"") | D65: =IFERROR(D56/D5,"") | E65: =IFERROR(E56/E5,"") | F65: =IFERROR(F56/F5,"") | G65: =IFERROR(G56/G5,"") | H65: =IFERROR(H56/H5,"") | I65: =IFERROR(I56/I5,"") | J65: =IFERROR(J56/J5,"") | ... M65: =IFERROR(M56/M5,"") | N65: ϝ
B66: Training Hours / EE | C66: =IFERROR(C55/C5,"") | D66: =IFERROR(D55/D5,"") | E66: =IFERROR(E55/E5,"") | F66: =IFERROR(F55/F5,"") | G66: =IFERROR(G55/G5,"") | H66: =IFERROR(H55/H5,"") | I66: =IFERROR(I55/I5,"") | J66: =IFERROR(J55/J5,"") | ... M66: =IFERROR(M55/M5,"") | N66: ϝ
B67: Training Hours / EE Trained | C67: =IFERROR(C55/C56,"") | D67: =IFERROR(D55/D56,"") | E67: =IFERROR(E55/E56,"") | F67: =IFERROR(F55/F56,"") | G67: =IFERROR(G55/G56,"") | H67: =IFERROR(H55/H56,"") | I67: =IFERROR(I55/I56,"") | J67: =IFERROR(J55/J56,"") | ... M67: =IFERROR(M55/M56,"") | N67: ϝ
B68: Training Invest. / EE (USD) | C68: =IF(COUNT(C58:C59)=0,"",IFERROR((N(C58)+N(C59))/C5,"")) | D68: =IF(COUNT(D58:D59)=0,"",IFERROR((N(D58)+N(D59))/D5,"")) | E68: =IF(COUNT(E58:E59)=0,"",IFERROR((N(E58)+N(E59))/E5,"")) | F68: =IF(COUNT(F58:F59)=0,"",IFERROR((N(F58)+N(F59))/F5,"")) | G68: =IF(COUNT(G58:G59)=0,"",IFERROR((N(G58)+N(G59))/G5,"")) | H68: =IF(COUNT(H58:H59)=0,"",IFERROR((N(H58)+N(H59))/H5,"")) | I68: =IF(COUNT(I58:I59)=0,"",IFERROR((N(I58)+N(I59))/I5,"")) | J68: =IF(COUNT(J58:J59)=0,"",IFERROR((N(J58)+N(J59))/J5,"")) | ... M68: =IF(COUNT(M58:M59)=0,"",IFERROR((N(M58)+N(M59))/M5,"")) | N68: ϝ
B69: Training Invest. / EE Trained (USD) | C69: =IF(COUNT(C58:C59)=0,"",IFERROR((N(C58)+N(C59))/C56,"")) | D69: =IF(COUNT(D58:D59)=0,"",IFERROR((N(D58)+N(D59))/D56,"")) | E69: =IF(COUNT(E58:E59)=0,"",IFERROR((N(E58)+N(E59))/E56,"")) | F69: =IF(COUNT(F58:F59)=0,"",IFERROR((N(F58)+N(F59))/F56,"")) | G69: =IF(COUNT(G58:G59)=0,"",IFERROR((N(G58)+N(G59))/G56,"")) | H69: =IF(COUNT(H58:H59)=0,"",IFERROR((N(H58)+N(H59))/H56,"")) | I69: =IF(COUNT(I58:I59)=0,"",IFERROR((N(I58)+N(I59))/I56,"")) | J69: =IF(COUNT(J58:J59)=0,"",IFERROR((N(J58)+N(J59))/J56,"")) | ... M69: =IF(COUNT(M58:M59)=0,"",IFERROR((N(M58)+N(M59))/M56,"")) | N69: ϝ
B70: Input Cells Not Submitted | C70: =COUNTBLANK(C3:C4)+COUNTBLANK(C6:C10)+COUNTBLANK(C12:C13)+COUNTBLANK(C18:C20)+COUNTBLANK(C22:C23)+COUNTBLANK(C27:C28)+COUNTBLANK(C34:C35)+COUNTBLANK(C39:C44)+COUNTBLANK(C46:C47)+COUNTBLANK(C50:C54)+COUNTBLANK(C56:C59) | D70: =COUNTBLANK(D3:D4)+COUNTBLANK(D6:D10)+COUNTBLANK(D12:D13)+COUNTBLANK(D18:D20)+COUNTBLANK(D22:D23)+COUNTBLANK(D27:D28)+COUNTBLANK(D34:D35)+COUNTBLANK(D39:D44)+COUNTBLANK(D46:D47)+COUNTBLANK(D50:D54)+COUNTBLANK(D56:D59) | E70: =COUNTBLANK(E3:E4)+COUNTBLANK(E6:E10)+COUNTBLANK(E12:E13)+COUNTBLANK(E18:E20)+COUNTBLANK(E22:E23)+COUNTBLANK(E27:E28)+COUNTBLANK(E34:E35)+COUNTBLANK(E39:E44)+COUNTBLANK(E46:E47)+COUNTBLANK(E50:E54)+COUNTBLANK(E56:E59) | F70: =COUNTBLANK(F3:F4)+COUNTBLANK(F6:F10)+COUNTBLANK(F12:F13)+COUNTBLANK(F18:F20)+COUNTBLANK(F22:F23)+COUNTBLANK(F27:F28)+COUNTBLANK(F34:F35)+COUNTBLANK(F39:F44)+COUNTBLANK(F46:F47)+COUNTBLANK(F50:F54)+COUNTBLANK(F56:F59) | G70: =COUNTBLANK(G3:G4)+COUNTBLANK(G6:G10)+COUNTBLANK(G12:G13)+COUNTBLANK(G18:G20)+COUNTBLANK(G22:G23)+COUNTBLANK(G27:G28)+COUNTBLANK(G34:G35)+COUNTBLANK(G39:G44)+COUNTBLANK(G46:G47)+COUNTBLANK(G50:G54)+COUNTBLANK(G56:G59) | H70: =COUNTBLANK(H3:H4)+COUNTBLANK(H6:H10)+COUNTBLANK(H12:H13)+COUNTBLANK(H18:H20)+COUNTBLANK(H22:H23)+COUNTBLANK(H27:H28)+COUNTBLANK(H34:H35)+COUNTBLANK(H39:H44)+COUNTBLANK(H46:H47)+COUNTBLANK(H50:H54)+COUNTBLANK(H56:H59) | I70: =COUNTBLANK(I3:I4)+COUNTBLANK(I6:I10)+COUNTBLANK(I12:I13)+COUNTBLANK(I18:I20)+COUNTBLANK(I22:I23)+COUNTBLANK(I27:I28)+COUNTBLANK(I34:I35)+COUNTBLANK(I39:I44)+COUNTBLANK(I46:I47)+COUNTBLANK(I50:I54)+COUNTBLANK(I56:I59) | J70: =COUNTBLANK(J3:J4)+COUNTBLANK(J6:J10)+COUNTBLANK(J12:J13)+COUNTBLANK(J18:J20)+COUNTBLANK(J22:J23)+COUNTBLANK(J27:J28)+COUNTBLANK(J34:J35)+COUNTBLANK(J39:J44)+COUNTBLANK(J46:J47)+COUNTBLANK(J50:J54)+COUNTBLANK(J56:J59) | ... L70: =COUNTBLANK(L3:L4)+COUNTBLANK(L6:L10)+COUNTBLANK(L12:L13)+COUNTBLANK(L18:L20)+COUNTBLANK(L22:L23)+COUNTBLANK(L27:L28)+COUNTBLANK(L34:L35)+COUNTBLANK(L39:L44)+COUNTBLANK(L46:L47)+COUNTBLANK(L50:L54)+COUNTBLANK(L56:L59) | M70: =SUM(C70:L70) | N70: ∑

Sheet DEC
B1: GCG SOUTH CARIBBEAN | C1: 1015 | D1: 1004 | E1: 1063 | F1: 1160 | G1: 1073 | H1: 1042 | I1: 1084 | J1: 1049 | K1: 1005 | L1: 1115
A2: =VALUE(TEXT(EDATE(DATE(LEFT(NOV!A2,4),RIGHT(NOV!A2,2),1),1),"yyyymm")) | B2: DEC | C2: Calloway Aruba | D2: Airport Rest. Barbados | E2: GCG Barbados | F2: GCG Aviation Ground Barbados | G2: GCG Curacao | H2: GCG Events Curacao | I2: GCG Sint Maarten Sky Dining | J2: GCG Sint Maarten Airport Dining | K2: Allied Caterers Trinidad | L2: Katerserv Trinidad | M2: TOTAL | N2: Total by Division | O2: =N(O11)<>0
A3: =+A2 | B3: Permanent (Regular) Headcount | M3: =IF(COUNT(C3:L3)=0,"",SUM(C3:L3)) | N3: ∑
B4: Temporary (Fix Term) Headcount | M4: =IF(COUNT(C4:L4)=0,"",SUM(C4:L4)) | N4: ∑
B5: Employee Headcount (Productivity) | C5: =IF(COUNT(C3:C4)=0,"",SUM(C3:C4)) | D5: =IF(COUNT(D3:D4)=0,"",SUM(D3:D4)) | E5: =IF(COUNT(E3:E4)=0,"",SUM(E3:E4)) | F5: =IF(COUNT(F3:F4)=0,"",SUM(F3:F4)) | G5: =IF(COUNT(G3:G4)=0,"",SUM(G3:G4)) | H5: =IF(COUNT(H3:H4)=0,"",SUM(H3:H4)) | I5: =IF(COUNT(I3:I4)=0,"",SUM(I3:I4)) | J5: =IF(COUNT(J3:J4)=0,"",SUM(J3:J4)) | ... M5: =IF(COUNT(M3:M4)=0,"",SUM(M3:M4)) | N5: ϝ
B6: Headcount = 1.00 | M6: =IF(COUNT(C6:L6)=0,"",SUM(C6:L6)) | N6: ∑
B7: Headcount = 0.75 | M7: =IF(COUNT(C7:L7)=0,"",SUM(C7:L7)) | N7: ∑
B8: Headcount = 0.50 | M8: =IF(COUNT(C8:L8)=0,"",SUM(C8:L8)) | N8: ∑
B9: Headcount = 0.25 | M9: =IF(COUNT(C9:L9)=0,"",SUM(C9:L9)) | N9: ∑
B10: Standard Monthly Hours (FTE basis) | M10: =IFERROR(AVERAGE(C10:L10),"") | N10: Avg
B11: Employee FTE (Finance) | C11: =IF(COUNT(C6:C9)=0,"",N(C6)+N(C7)*0.75+N(C8)*0.5+N(C9)*0.25) | D11: =IF(COUNT(D6:D9)=0,"",N(D6)+N(D7)*0.75+N(D8)*0.5+N(D9)*0.25) | E11: =IF(COUNT(E6:E9)=0,"",N(E6)+N(E7)*0.75+N(E8)*0.5+N(E9)*0.25) | F11: =IF(COUNT(F6:F9)=0,"",N(F6)+N(F7)*0.75+N(F8)*0.5+N(F9)*0.25) | G11: =IF(COUNT(G6:G9)=0,"",N(G6)+N(G7)*0.75+N(G8)*0.5+N(G9)*0.25) | H11: =IF(COUNT(H6:H9)=0,"",N(H6)+N(H7)*0.75+N(H8)*0.5+N(H9)*0.25) | I11: =IF(COUNT(I6:I9)=0,"",N(I6)+N(I7)*0.75+N(I8)*0.5+N(I9)*0.25) | J11: =IF(COUNT(J6:J9)=0,"",N(J6)+N(J7)*0.75+N(J8)*0.5+N(J9)*0.25) | ... M11: =IF(COUNT(M6:M9)=0,"",N(M6)+N(M7)*0.75+N(M8)*0.5+N(M9)*0.25) | N11: FTE | O11: =IF(COUNT(M5:M9)=0,"",N(M6)+N(M7)+N(M8)+N(M9)-N(M5))
B12: Subcontracted Workforce HC | M12: =IF(COUNT(C12:L12)=0,"",SUM(C12:L12)) | N12: ∑
B13: Subcontracted Productive Hours | M13: =IF(COUNT(C13:L13)=0,"",SUM(C13:L13)) | N13: ∑
B14: Subcontracted FTE | C14: =IFERROR(C13/C10,"") | D14: =IFERROR(D13/D10,"") | E14: =IFERROR(E13/E10,"") | F14: =IFERROR(F13/F10,"") | G14: =IFERROR(G13/G10,"") | H14: =IFERROR(H13/H10,"") | I14: =IFERROR(I13/I10,"") | J14: =IFERROR(J13/J10,"") | ... L14: =IFERROR(L13/L10,"") | M14: =IF(COUNT(C14:L14)=0,"",SUM(C14:L14)) | N14: FTE
B15: Total Operational Workforce | C15: =IF(COUNT(C5,C12)=0,"",SUM(C5,C12)) | D15: =IF(COUNT(D5,D12)=0,"",SUM(D5,D12)) | E15: =IF(COUNT(E5,E12)=0,"",SUM(E5,E12)) | F15: =IF(COUNT(F5,F12)=0,"",SUM(F5,F12)) | G15: =IF(COUNT(G5,G12)=0,"",SUM(G5,G12)) | H15: =IF(COUNT(H5,H12)=0,"",SUM(H5,H12)) | I15: =IF(COUNT(I5,I12)=0,"",SUM(I5,I12)) | J15: =IF(COUNT(J5,J12)=0,"",SUM(J5,J12)) | ... M15: =IF(COUNT(M5,M12)=0,"",SUM(M5,M12)) | N15: ϝ
B16: Total Operational FTE | C16: =IF(COUNT(C11,C14)=0,"",SUM(C11,C14)) | D16: =IF(COUNT(D11,D14)=0,"",SUM(D11,D14)) | E16: =IF(COUNT(E11,E14)=0,"",SUM(E11,E14)) | F16: =IF(COUNT(F11,F14)=0,"",SUM(F11,F14)) | G16: =IF(COUNT(G11,G14)=0,"",SUM(G11,G14)) | H16: =IF(COUNT(H11,H14)=0,"",SUM(H11,H14)) | I16: =IF(COUNT(I11,I14)=0,"",SUM(I11,I14)) | J16: =IF(COUNT(J11,J14)=0,"",SUM(J11,J14)) | ... M16: =IF(COUNT(M11,M14)=0,"",SUM(M11,M14)) | N16: FTE
B17: Subcontracted Share of Workforce (%) | C17: =IFERROR(C12/C15,"") | D17: =IFERROR(D12/D15,"") | E17: =IFERROR(E12/E15,"") | F17: =IFERROR(F12/F15,"") | G17: =IFERROR(G12/G15,"") | H17: =IFERROR(H12/H15,"") | I17: =IFERROR(I12/I15,"") | J17: =IFERROR(J12/J15,"") | ... M17: =IFERROR(M12/M15,"") | N17: ϝ
B18: FTE HR Team | M18: =IF(COUNT(C18:L18)=0,"",SUM(C18:L18)) | N18: ∑
B19: Permanent Hires | M19: =IF(COUNT(C19:L19)=0,"",SUM(C19:L19)) | N19: ∑
B20: Temporary Hires | M20: =IF(COUNT(C20:L20)=0,"",SUM(C20:L20)) | N20: ∑
B21: Total Hires | C21: =IF(COUNT(C19:C20)=0,"",SUM(C19:C20)) | D21: =IF(COUNT(D19:D20)=0,"",SUM(D19:D20)) | E21: =IF(COUNT(E19:E20)=0,"",SUM(E19:E20)) | F21: =IF(COUNT(F19:F20)=0,"",SUM(F19:F20)) | G21: =IF(COUNT(G19:G20)=0,"",SUM(G19:G20)) | H21: =IF(COUNT(H19:H20)=0,"",SUM(H19:H20)) | I21: =IF(COUNT(I19:I20)=0,"",SUM(I19:I20)) | J21: =IF(COUNT(J19:J20)=0,"",SUM(J19:J20)) | ... M21: =IF(COUNT(M19:M20)=0,"",SUM(M19:M20)) | N21: ϝ
B22: Permanent Exits | M22: =IF(COUNT(C22:L22)=0,"",SUM(C22:L22)) | N22: ∑
B23: Temporary Exits | M23: =IF(COUNT(C23:L23)=0,"",SUM(C23:L23)) | N23: ∑
B24: Total Exits | C24: =IF(COUNT(C22:C23)=0,"",SUM(C22:C23)) | D24: =IF(COUNT(D22:D23)=0,"",SUM(D22:D23)) | E24: =IF(COUNT(E22:E23)=0,"",SUM(E22:E23)) | F24: =IF(COUNT(F22:F23)=0,"",SUM(F22:F23)) | G24: =IF(COUNT(G22:G23)=0,"",SUM(G22:G23)) | H24: =IF(COUNT(H22:H23)=0,"",SUM(H22:H23)) | I24: =IF(COUNT(I22:I23)=0,"",SUM(I22:I23)) | J24: =IF(COUNT(J22:J23)=0,"",SUM(J22:J23)) | ... M24: =IF(COUNT(M22:M23)=0,"",SUM(M22:M23)) | N24: ϝ
B25: Permanent Turnover (%) | C25: =IF(COUNT(C31,C32)<2,"",IF((C32+C31)=0,"",N(C22)/((C32+C31)/2))) | D25: =IF(COUNT(D31,D32)<2,"",IF((D32+D31)=0,"",N(D22)/((D32+D31)/2))) | E25: =IF(COUNT(E31,E32)<2,"",IF((E32+E31)=0,"",N(E22)/((E32+E31)/2))) | F25: =IF(COUNT(F31,F32)<2,"",IF((F32+F31)=0,"",N(F22)/((F32+F31)/2))) | G25: =IF(COUNT(G31,G32)<2,"",IF((G32+G31)=0,"",N(G22)/((G32+G31)/2))) | H25: =IF(COUNT(H31,H32)<2,"",IF((H32+H31)=0,"",N(H22)/((H32+H31)/2))) | I25: =IF(COUNT(I31,I32)<2,"",IF((I32+I31)=0,"",N(I22)/((I32+I31)/2))) | J25: =IF(COUNT(J31,J32)<2,"",IF((J32+J31)=0,"",N(J22)/((J32+J31)/2))) | ... M25: =IF(COUNT(M31,M32)<2,"",IF((M32+M31)=0,"",N(M22)/((M32+M31)/2))) | N25: ϝ
B26: Temporary Turnover (%) | C26: =IF(COUNT(C31,C32)<2,"",IF((C32+C31)=0,"",N(C23)/((C32+C31)/2))) | D26: =IF(COUNT(D31,D32)<2,"",IF((D32+D31)=0,"",N(D23)/((D32+D31)/2))) | E26: =IF(COUNT(E31,E32)<2,"",IF((E32+E31)=0,"",N(E23)/((E32+E31)/2))) | F26: =IF(COUNT(F31,F32)<2,"",IF((F32+F31)=0,"",N(F23)/((F32+F31)/2))) | G26: =IF(COUNT(G31,G32)<2,"",IF((G32+G31)=0,"",N(G23)/((G32+G31)/2))) | H26: =IF(COUNT(H31,H32)<2,"",IF((H32+H31)=0,"",N(H23)/((H32+H31)/2))) | I26: =IF(COUNT(I31,I32)<2,"",IF((I32+I31)=0,"",N(I23)/((I32+I31)/2))) | J26: =IF(COUNT(J31,J32)<2,"",IF((J32+J31)=0,"",N(J23)/((J32+J31)/2))) | ... M26: =IF(COUNT(M31,M32)<2,"",IF((M32+M31)=0,"",N(M23)/((M32+M31)/2))) | N26: ϝ
B27: Voluntary Terminations | M27: =IF(COUNT(C27:L27)=0,"",SUM(C27:L27)) | N27: ∑
B28: Involuntary Terminations | M28: =IF(COUNT(C28:L28)=0,"",SUM(C28:L28)) | N28: ∑
B29: Voluntary Turnover (%) | C29: =IF(COUNT(C31,C32)<2,"",IF((C32+C31)=0,"",N(C27)/((C32+C31)/2))) | D29: =IF(COUNT(D31,D32)<2,"",IF((D32+D31)=0,"",N(D27)/((D32+D31)/2))) | E29: =IF(COUNT(E31,E32)<2,"",IF((E32+E31)=0,"",N(E27)/((E32+E31)/2))) | F29: =IF(COUNT(F31,F32)<2,"",IF((F32+F31)=0,"",N(F27)/((F32+F31)/2))) | G29: =IF(COUNT(G31,G32)<2,"",IF((G32+G31)=0,"",N(G27)/((G32+G31)/2))) | H29: =IF(COUNT(H31,H32)<2,"",IF((H32+H31)=0,"",N(H27)/((H32+H31)/2))) | I29: =IF(COUNT(I31,I32)<2,"",IF((I32+I31)=0,"",N(I27)/((I32+I31)/2))) | J29: =IF(COUNT(J31,J32)<2,"",IF((J32+J31)=0,"",N(J27)/((J32+J31)/2))) | ... M29: =IF(COUNT(M31,M32)<2,"",IF((M32+M31)=0,"",N(M27)/((M32+M31)/2))) | N29: ϝ
B30: Involuntary Turnover (%) | C30: =IF(COUNT(C31,C32)<2,"",IF((C32+C31)=0,"",N(C28)/((C32+C31)/2))) | D30: =IF(COUNT(D31,D32)<2,"",IF((D32+D31)=0,"",N(D28)/((D32+D31)/2))) | E30: =IF(COUNT(E31,E32)<2,"",IF((E32+E31)=0,"",N(E28)/((E32+E31)/2))) | F30: =IF(COUNT(F31,F32)<2,"",IF((F32+F31)=0,"",N(F28)/((F32+F31)/2))) | G30: =IF(COUNT(G31,G32)<2,"",IF((G32+G31)=0,"",N(G28)/((G32+G31)/2))) | H30: =IF(COUNT(H31,H32)<2,"",IF((H32+H31)=0,"",N(H28)/((H32+H31)/2))) | I30: =IF(COUNT(I31,I32)<2,"",IF((I32+I31)=0,"",N(I28)/((I32+I31)/2))) | J30: =IF(COUNT(J31,J32)<2,"",IF((J32+J31)=0,"",N(J28)/((J32+J31)/2))) | ... M30: =IF(COUNT(M31,M32)<2,"",IF((M32+M31)=0,"",N(M28)/((M32+M31)/2))) | N30: ϝ
B31: Headcount last Month | C31: =IF(NOV!C5="","",NOV!C5) | D31: =IF(NOV!D5="","",NOV!D5) | E31: =IF(NOV!E5="","",NOV!E5) | F31: =IF(NOV!F5="","",NOV!F5) | G31: =IF(NOV!G5="","",NOV!G5) | H31: =IF(NOV!H5="","",NOV!H5) | I31: =IF(NOV!I5="","",NOV!I5) | J31: =IF(NOV!J5="","",NOV!J5) | ... L31: =IF(NOV!L5="","",NOV!L5) | M31: =IF(COUNT(C31:L31)=0,"",SUM(C31:L31)) | N31: ∑
B32: Headcount this Month | C32: =IF(C5="","",C5) | D32: =IF(D5="","",D5) | E32: =IF(E5="","",E5) | F32: =IF(F5="","",F5) | G32: =IF(G5="","",G5) | H32: =IF(H5="","",H5) | I32: =IF(I5="","",I5) | J32: =IF(J5="","",J5) | ... L32: =IF(L5="","",L5) | M32: =IF(COUNT(C32:L32)=0,"",SUM(C32:L32)) | N32: ∑
B33: Full Turnover (%) | C33: =IF(COUNT(C31,C32)<2,"",IF((C32+C31)=0,"",N(C24)/((C32+C31)/2))) | D33: =IF(COUNT(D31,D32)<2,"",IF((D32+D31)=0,"",N(D24)/((D32+D31)/2))) | E33: =IF(COUNT(E31,E32)<2,"",IF((E32+E31)=0,"",N(E24)/((E32+E31)/2))) | F33: =IF(COUNT(F31,F32)<2,"",IF((F32+F31)=0,"",N(F24)/((F32+F31)/2))) | G33: =IF(COUNT(G31,G32)<2,"",IF((G32+G31)=0,"",N(G24)/((G32+G31)/2))) | H33: =IF(COUNT(H31,H32)<2,"",IF((H32+H31)=0,"",N(H24)/((H32+H31)/2))) | I33: =IF(COUNT(I31,I32)<2,"",IF((I32+I31)=0,"",N(I24)/((I32+I31)/2))) | J33: =IF(COUNT(J31,J32)<2,"",IF((J32+J31)=0,"",N(J24)/((J32+J31)/2))) | ... M33: =IF(COUNT(M31,M32)<2,"",IF((M32+M31)=0,"",N(M24)/((M32+M31)/2))) | N33: ϝ
B34: Permanent Vacancies | M34: =IF(COUNT(C34:L34)=0,"",SUM(C34:L34)) | N34: ∑
B35: Temporary Vacancies | M35: =IF(COUNT(C35:L35)=0,"",SUM(C35:L35)) | N35: ∑
B36: Total Vacancies | C36: =IF(COUNT(C34:C35)=0,"",SUM(C34:C35)) | D36: =IF(COUNT(D34:D35)=0,"",SUM(D34:D35)) | E36: =IF(COUNT(E34:E35)=0,"",SUM(E34:E35)) | F36: =IF(COUNT(F34:F35)=0,"",SUM(F34:F35)) | G36: =IF(COUNT(G34:G35)=0,"",SUM(G34:G35)) | H36: =IF(COUNT(H34:H35)=0,"",SUM(H34:H35)) | I36: =IF(COUNT(I34:I35)=0,"",SUM(I34:I35)) | J36: =IF(COUNT(J34:J35)=0,"",SUM(J34:J35)) | ... M36: =IF(COUNT(M34:M35)=0,"",SUM(M34:M35)) | N36: ϝ
B37: Authorized Positions | C37: =IF(COUNT(C5,C36)=0,"",N(C5)+N(C36)) | D37: =IF(COUNT(D5,D36)=0,"",N(D5)+N(D36)) | E37: =IF(COUNT(E5,E36)=0,"",N(E5)+N(E36)) | F37: =IF(COUNT(F5,F36)=0,"",N(F5)+N(F36)) | G37: =IF(COUNT(G5,G36)=0,"",N(G5)+N(G36)) | H37: =IF(COUNT(H5,H36)=0,"",N(H5)+N(H36)) | I37: =IF(COUNT(I5,I36)=0,"",N(I5)+N(I36)) | J37: =IF(COUNT(J5,J36)=0,"",N(J5)+N(J36)) | ... M37: =IF(COUNT(M5,M36)=0,"",N(M5)+N(M36)) | N37: ϝ
B38: Vacancy Rate (%) | C38: =IFERROR(C36/C37,"") | D38: =IFERROR(D36/D37,"") | E38: =IFERROR(E36/E37,"") | F38: =IFERROR(F36/F37,"") | G38: =IFERROR(G36/G37,"") | H38: =IFERROR(H36/H37,"") | I38: =IFERROR(I36/I37,"") | J38: =IFERROR(J36/J37,"") | ... M38: =IFERROR(M36/M37,"") | N38: ϝ
B39: Permanent TimeToHire (Days) YTD | C39: =IF('(Calloway_AUA)'!$AB$6="","",'(Calloway_AUA)'!$AB$6) | D39: =IF('(Airport_BRB)'!$AB$6="","",'(Airport_BRB)'!$AB$6) | E39: =IF('(GCG_BRB)'!$AB$6="","",'(GCG_BRB)'!$AB$6) | F39: =IF('(Ground_BRB)'!$AB$6="","",'(Ground_BRB)'!$AB$6) | G39: =IF('(GCG_CUR)'!$AB$6="","",'(GCG_CUR)'!$AB$6) | H39: =IF('(Events_CUR)'!$AB$6="","",'(Events_CUR)'!$AB$6) | I39: =IF('(GCG_SXM_Sky)'!$AB$6="","",'(GCG_SXM_Sky)'!$AB$6) | J39: =IF('(GCG_SXM_Airport)'!$AB$6="","",'(GCG_SXM_Airport)'!$AB$6) | K39: =IF('(Allied_TTO)'!$AB$6="","",'(Allied_TTO)'!$AB$6) | L39: =IF('(Katerserv_TTO)'!$AB$6="","",'(Katerserv_TTO)'!$AB$6) | M39: =IFERROR(AVERAGE(C39:L39),"") | N39: Avg
B40: Temporary TimeToHire (Days) YTD | C40: =IF('(Calloway_AUA)'!$AD$6="","",'(Calloway_AUA)'!$AD$6) | D40: =IF('(Airport_BRB)'!$AD$6="","",'(Airport_BRB)'!$AD$6) | E40: =IF('(GCG_BRB)'!$AD$6="","",'(GCG_BRB)'!$AD$6) | F40: =IF('(Ground_BRB)'!$AD$6="","",'(Ground_BRB)'!$AD$6) | G40: =IF('(GCG_CUR)'!$AD$6="","",'(GCG_CUR)'!$AD$6) | H40: =IF('(Events_CUR)'!$AD$6="","",'(Events_CUR)'!$AD$6) | I40: =IF('(GCG_SXM_Sky)'!$AD$6="","",'(GCG_SXM_Sky)'!$AD$6) | J40: =IF('(GCG_SXM_Airport)'!$AD$6="","",'(GCG_SXM_Airport)'!$AD$6) | K40: =IF('(Allied_TTO)'!$AD$6="","",'(Allied_TTO)'!$AD$6) | L40: =IF('(Katerserv_TTO)'!$AD$6="","",'(Katerserv_TTO)'!$AD$6) | M40: =IFERROR(AVERAGE(C40:L40),"") | N40: Avg
B41: Check-ins Rate Completed (%) | M41: =IFERROR(AVERAGE(C41:L41),"") | N41: Avg
B42: EE Objectives Completed (#) | M42: =IF(COUNT(C42:L42)=0,"",SUM(C42:L42)) | N42: ∑
B43: Non-certified Absent (Days Lost) | M43: =IF(COUNT(C43:L43)=0,"",SUM(C43:L43)) | N43: ∑
B44: Certified sick leave (Days Lost) | M44: =IF(COUNT(C44:L44)=0,"",SUM(C44:L44)) | N44: ∑
B45: Total Absences | C45: =IF(COUNT(C43:C44)=0,"",SUM(C43:C44)) | D45: =IF(COUNT(D43:D44)=0,"",SUM(D43:D44)) | E45: =IF(COUNT(E43:E44)=0,"",SUM(E43:E44)) | F45: =IF(COUNT(F43:F44)=0,"",SUM(F43:F44)) | G45: =IF(COUNT(G43:G44)=0,"",SUM(G43:G44)) | H45: =IF(COUNT(H43:H44)=0,"",SUM(H43:H44)) | I45: =IF(COUNT(I43:I44)=0,"",SUM(I43:I44)) | J45: =IF(COUNT(J43:J44)=0,"",SUM(J43:J44)) | ... M45: =IF(COUNT(M43:M44)=0,"",SUM(M43:M44)) | N45: ϝ
B46: Absent Rate Non-Certified (%) | C46: =IF('(Calloway_AUA)'!$G$6="","",'(Calloway_AUA)'!$G$6) | D46: =IF('(Airport_BRB)'!$G$6="","",'(Airport_BRB)'!$G$6) | E46: =IF('(GCG_BRB)'!$G$6="","",'(GCG_BRB)'!$G$6) | F46: =IF('(Ground_BRB)'!$G$6="","",'(Ground_BRB)'!$G$6) | G46: =IF('(GCG_CUR)'!$G$6="","",'(GCG_CUR)'!$G$6) | H46: =IF('(Events_CUR)'!$G$6="","",'(Events_CUR)'!$G$6) | I46: =IF('(GCG_SXM_Sky)'!$G$6="","",'(GCG_SXM_Sky)'!$G$6) | J46: =IF('(GCG_SXM_Airport)'!$G$6="","",'(GCG_SXM_Airport)'!$G$6) | K46: =IF('(Allied_TTO)'!$G$6="","",'(Allied_TTO)'!$G$6) | L46: =IF('(Katerserv_TTO)'!$G$6="","",'(Katerserv_TTO)'!$G$6) | M46: {=IF(COUNT(C46:L46)=0,"",IFERROR(SUMPRODUCT(IFERROR(C46:L46*((C3:L3)+(C4:L4)),0))/SUMPRODUCT(IFERROR(ISNUMBER(C46:L46)*((C3:L3)+(C4:L4)),0)),""))} | N46: Weighted
B47: Absent Rate Certified (%) | C47: =IF('(Calloway_AUA)'!$O$6="","",'(Calloway_AUA)'!$O$6) | D47: =IF('(Airport_BRB)'!$O$6="","",'(Airport_BRB)'!$O$6) | E47: =IF('(GCG_BRB)'!$O$6="","",'(GCG_BRB)'!$O$6) | F47: =IF('(Ground_BRB)'!$O$6="","",'(Ground_BRB)'!$O$6) | G47: =IF('(GCG_CUR)'!$O$6="","",'(GCG_CUR)'!$O$6) | H47: =IF('(Events_CUR)'!$O$6="","",'(Events_CUR)'!$O$6) | I47: =IF('(GCG_SXM_Sky)'!$O$6="","",'(GCG_SXM_Sky)'!$O$6) | J47: =IF('(GCG_SXM_Airport)'!$O$6="","",'(GCG_SXM_Airport)'!$O$6) | K47: =IF('(Allied_TTO)'!$O$6="","",'(Allied_TTO)'!$O$6) | L47: =IF('(Katerserv_TTO)'!$O$6="","",'(Katerserv_TTO)'!$O$6) | M47: {=IF(COUNT(C47:L47)=0,"",IFERROR(SUMPRODUCT(IFERROR(C47:L47*((C3:L3)+(C4:L4)),0))/SUMPRODUCT(IFERROR(ISNUMBER(C47:L47)*((C3:L3)+(C4:L4)),0)),""))} | N47: Weighted
B48: Absent Rate Total (%) | C48: =IF(COUNT(C46:C47)=0,"",SUM(C46:C47)) | D48: =IF(COUNT(D46:D47)=0,"",SUM(D46:D47)) | E48: =IF(COUNT(E46:E47)=0,"",SUM(E46:E47)) | F48: =IF(COUNT(F46:F47)=0,"",SUM(F46:F47)) | G48: =IF(COUNT(G46:G47)=0,"",SUM(G46:G47)) | H48: =IF(COUNT(H46:H47)=0,"",SUM(H46:H47)) | I48: =IF(COUNT(I46:I47)=0,"",SUM(I46:I47)) | J48: =IF(COUNT(J46:J47)=0,"",SUM(J46:J47)) | ... M48: =IF(COUNT(M46:M47)=0,"",SUM(M46:M47)) | N48: Weighted
B49: Weight factor | C49: =IFERROR(C5/$M5,"") | D49: =IFERROR(D5/$M5,"") | E49: =IFERROR(E5/$M5,"") | F49: =IFERROR(F5/$M5,"") | G49: =IFERROR(G5/$M5,"") | H49: =IFERROR(H5/$M5,"") | I49: =IFERROR(I5/$M5,"") | J49: =IFERROR(J5/$M5,"") | ... L49: =IFERROR(L5/$M5,"") | M49: =IF(COUNT(C49:L49)=0,"",SUM(C49:L49)) | N49: Weight Factor
B50: Leadership (Hours) | M50: =IF(COUNT(C50:L50)=0,"",SUM(C50:L50)) | N50: ∑
B51: Technical (Hours) | M51: =IF(COUNT(C51:L51)=0,"",SUM(C51:L51)) | N51: ∑
B52: Professional Develop. (Hours) | M52: =IF(COUNT(C52:L52)=0,"",SUM(C52:L52)) | N52: ∑
B53: HSSE (Hours) | M53: =IF(COUNT(C53:L53)=0,"",SUM(C53:L53)) | N53: ∑
B54: Workday (Hours) | M54: =IF(COUNT(C54:L54)=0,"",SUM(C54:L54)) | N54: ∑
B55: Total Training Hours | C55: =IF(COUNT(C50:C54)=0,"",SUM(C50:C54)) | D55: =IF(COUNT(D50:D54)=0,"",SUM(D50:D54)) | E55: =IF(COUNT(E50:E54)=0,"",SUM(E50:E54)) | F55: =IF(COUNT(F50:F54)=0,"",SUM(F50:F54)) | G55: =IF(COUNT(G50:G54)=0,"",SUM(G50:G54)) | H55: =IF(COUNT(H50:H54)=0,"",SUM(H50:H54)) | I55: =IF(COUNT(I50:I54)=0,"",SUM(I50:I54)) | J55: =IF(COUNT(J50:J54)=0,"",SUM(J50:J54)) | ... M55: =IF(COUNT(M50:M54)=0,"",SUM(M50:M54)) | N55: ϝ
B56: Total Trained (Staff) | M56: =IF(COUNT(C56:L56)=0,"",SUM(C56:L56)) | N56: ∑
B57: Training Programs (#) | M57: =IF(COUNT(C57:L57)=0,"",SUM(C57:L57)) | N57: ∑
B58: Training Cost (USD) | M58: =IF(COUNT(C58:L58)=0,"",SUM(C58:L58)) | N58: ∑
B59: Training Travel Cost (USD) | M59: =IF(COUNT(C59:L59)=0,"",SUM(C59:L59)) | N59: ∑
B60: Leadership Hours Trained (%) | C60: =IFERROR(C50/C$55,"") | D60: =IFERROR(D50/D$55,"") | E60: =IFERROR(E50/E$55,"") | F60: =IFERROR(F50/F$55,"") | G60: =IFERROR(G50/G$55,"") | H60: =IFERROR(H50/H$55,"") | I60: =IFERROR(I50/I$55,"") | J60: =IFERROR(J50/J$55,"") | ... M60: =IFERROR(M50/M$55,"") | N60: ϝ
B61: Technical Hours Trained (%) | C61: =IFERROR(C51/C$55,"") | D61: =IFERROR(D51/D$55,"") | E61: =IFERROR(E51/E$55,"") | F61: =IFERROR(F51/F$55,"") | G61: =IFERROR(G51/G$55,"") | H61: =IFERROR(H51/H$55,"") | I61: =IFERROR(I51/I$55,"") | J61: =IFERROR(J51/J$55,"") | ... M61: =IFERROR(M51/M$55,"") | N61: ϝ
B62: Profess. Dev. Hours Trained (%) | C62: =IFERROR(C52/C$55,"") | D62: =IFERROR(D52/D$55,"") | E62: =IFERROR(E52/E$55,"") | F62: =IFERROR(F52/F$55,"") | G62: =IFERROR(G52/G$55,"") | H62: =IFERROR(H52/H$55,"") | I62: =IFERROR(I52/I$55,"") | J62: =IFERROR(J52/J$55,"") | ... M62: =IFERROR(M52/M$55,"") | N62: ϝ
B63: HSSE Hours Trained (%) | C63: =IFERROR(C53/C$55,"") | D63: =IFERROR(D53/D$55,"") | E63: =IFERROR(E53/E$55,"") | F63: =IFERROR(F53/F$55,"") | G63: =IFERROR(G53/G$55,"") | H63: =IFERROR(H53/H$55,"") | I63: =IFERROR(I53/I$55,"") | J63: =IFERROR(J53/J$55,"") | ... M63: =IFERROR(M53/M$55,"") | N63: ϝ
B64: Workday Hours Trained (%) | C64: =IFERROR(C54/C$55,"") | D64: =IFERROR(D54/D$55,"") | E64: =IFERROR(E54/E$55,"") | F64: =IFERROR(F54/F$55,"") | G64: =IFERROR(G54/G$55,"") | H64: =IFERROR(H54/H$55,"") | I64: =IFERROR(I54/I$55,"") | J64: =IFERROR(J54/J$55,"") | ... M64: =IFERROR(M54/M$55,"") | N64: ϝ
B65: Staff Trained (%) | C65: =IFERROR(C56/C5,"") | D65: =IFERROR(D56/D5,"") | E65: =IFERROR(E56/E5,"") | F65: =IFERROR(F56/F5,"") | G65: =IFERROR(G56/G5,"") | H65: =IFERROR(H56/H5,"") | I65: =IFERROR(I56/I5,"") | J65: =IFERROR(J56/J5,"") | ... M65: =IFERROR(M56/M5,"") | N65: ϝ
B66: Training Hours / EE | C66: =IFERROR(C55/C5,"") | D66: =IFERROR(D55/D5,"") | E66: =IFERROR(E55/E5,"") | F66: =IFERROR(F55/F5,"") | G66: =IFERROR(G55/G5,"") | H66: =IFERROR(H55/H5,"") | I66: =IFERROR(I55/I5,"") | J66: =IFERROR(J55/J5,"") | ... M66: =IFERROR(M55/M5,"") | N66: ϝ
B67: Training Hours / EE Trained | C67: =IFERROR(C55/C56,"") | D67: =IFERROR(D55/D56,"") | E67: =IFERROR(E55/E56,"") | F67: =IFERROR(F55/F56,"") | G67: =IFERROR(G55/G56,"") | H67: =IFERROR(H55/H56,"") | I67: =IFERROR(I55/I56,"") | J67: =IFERROR(J55/J56,"") | ... M67: =IFERROR(M55/M56,"") | N67: ϝ
B68: Training Invest. / EE (USD) | C68: =IF(COUNT(C58:C59)=0,"",IFERROR((N(C58)+N(C59))/C5,"")) | D68: =IF(COUNT(D58:D59)=0,"",IFERROR((N(D58)+N(D59))/D5,"")) | E68: =IF(COUNT(E58:E59)=0,"",IFERROR((N(E58)+N(E59))/E5,"")) | F68: =IF(COUNT(F58:F59)=0,"",IFERROR((N(F58)+N(F59))/F5,"")) | G68: =IF(COUNT(G58:G59)=0,"",IFERROR((N(G58)+N(G59))/G5,"")) | H68: =IF(COUNT(H58:H59)=0,"",IFERROR((N(H58)+N(H59))/H5,"")) | I68: =IF(COUNT(I58:I59)=0,"",IFERROR((N(I58)+N(I59))/I5,"")) | J68: =IF(COUNT(J58:J59)=0,"",IFERROR((N(J58)+N(J59))/J5,"")) | ... M68: =IF(COUNT(M58:M59)=0,"",IFERROR((N(M58)+N(M59))/M5,"")) | N68: ϝ
B69: Training Invest. / EE Trained (USD) | C69: =IF(COUNT(C58:C59)=0,"",IFERROR((N(C58)+N(C59))/C56,"")) | D69: =IF(COUNT(D58:D59)=0,"",IFERROR((N(D58)+N(D59))/D56,"")) | E69: =IF(COUNT(E58:E59)=0,"",IFERROR((N(E58)+N(E59))/E56,"")) | F69: =IF(COUNT(F58:F59)=0,"",IFERROR((N(F58)+N(F59))/F56,"")) | G69: =IF(COUNT(G58:G59)=0,"",IFERROR((N(G58)+N(G59))/G56,"")) | H69: =IF(COUNT(H58:H59)=0,"",IFERROR((N(H58)+N(H59))/H56,"")) | I69: =IF(COUNT(I58:I59)=0,"",IFERROR((N(I58)+N(I59))/I56,"")) | J69: =IF(COUNT(J58:J59)=0,"",IFERROR((N(J58)+N(J59))/J56,"")) | ... M69: =IF(COUNT(M58:M59)=0,"",IFERROR((N(M58)+N(M59))/M56,"")) | N69: ϝ
B70: Input Cells Not Submitted | C70: =COUNTBLANK(C3:C4)+COUNTBLANK(C6:C10)+COUNTBLANK(C12:C13)+COUNTBLANK(C18:C20)+COUNTBLANK(C22:C23)+COUNTBLANK(C27:C28)+COUNTBLANK(C34:C35)+COUNTBLANK(C39:C44)+COUNTBLANK(C46:C47)+COUNTBLANK(C50:C54)+COUNTBLANK(C56:C59) | D70: =COUNTBLANK(D3:D4)+COUNTBLANK(D6:D10)+COUNTBLANK(D12:D13)+COUNTBLANK(D18:D20)+COUNTBLANK(D22:D23)+COUNTBLANK(D27:D28)+COUNTBLANK(D34:D35)+COUNTBLANK(D39:D44)+COUNTBLANK(D46:D47)+COUNTBLANK(D50:D54)+COUNTBLANK(D56:D59) | E70: =COUNTBLANK(E3:E4)+COUNTBLANK(E6:E10)+COUNTBLANK(E12:E13)+COUNTBLANK(E18:E20)+COUNTBLANK(E22:E23)+COUNTBLANK(E27:E28)+COUNTBLANK(E34:E35)+COUNTBLANK(E39:E44)+COUNTBLANK(E46:E47)+COUNTBLANK(E50:E54)+COUNTBLANK(E56:E59) | F70: =COUNTBLANK(F3:F4)+COUNTBLANK(F6:F10)+COUNTBLANK(F12:F13)+COUNTBLANK(F18:F20)+COUNTBLANK(F22:F23)+COUNTBLANK(F27:F28)+COUNTBLANK(F34:F35)+COUNTBLANK(F39:F44)+COUNTBLANK(F46:F47)+COUNTBLANK(F50:F54)+COUNTBLANK(F56:F59) | G70: =COUNTBLANK(G3:G4)+COUNTBLANK(G6:G10)+COUNTBLANK(G12:G13)+COUNTBLANK(G18:G20)+COUNTBLANK(G22:G23)+COUNTBLANK(G27:G28)+COUNTBLANK(G34:G35)+COUNTBLANK(G39:G44)+COUNTBLANK(G46:G47)+COUNTBLANK(G50:G54)+COUNTBLANK(G56:G59) | H70: =COUNTBLANK(H3:H4)+COUNTBLANK(H6:H10)+COUNTBLANK(H12:H13)+COUNTBLANK(H18:H20)+COUNTBLANK(H22:H23)+COUNTBLANK(H27:H28)+COUNTBLANK(H34:H35)+COUNTBLANK(H39:H44)+COUNTBLANK(H46:H47)+COUNTBLANK(H50:H54)+COUNTBLANK(H56:H59) | I70: =COUNTBLANK(I3:I4)+COUNTBLANK(I6:I10)+COUNTBLANK(I12:I13)+COUNTBLANK(I18:I20)+COUNTBLANK(I22:I23)+COUNTBLANK(I27:I28)+COUNTBLANK(I34:I35)+COUNTBLANK(I39:I44)+COUNTBLANK(I46:I47)+COUNTBLANK(I50:I54)+COUNTBLANK(I56:I59) | J70: =COUNTBLANK(J3:J4)+COUNTBLANK(J6:J10)+COUNTBLANK(J12:J13)+COUNTBLANK(J18:J20)+COUNTBLANK(J22:J23)+COUNTBLANK(J27:J28)+COUNTBLANK(J34:J35)+COUNTBLANK(J39:J44)+COUNTBLANK(J46:J47)+COUNTBLANK(J50:J54)+COUNTBLANK(J56:J59) | ... L70: =COUNTBLANK(L3:L4)+COUNTBLANK(L6:L10)+COUNTBLANK(L12:L13)+COUNTBLANK(L18:L20)+COUNTBLANK(L22:L23)+COUNTBLANK(L27:L28)+COUNTBLANK(L34:L35)+COUNTBLANK(L39:L44)+COUNTBLANK(L46:L47)+COUNTBLANK(L50:L54)+COUNTBLANK(L56:L59) | M70: =SUM(C70:L70) | N70: ∑

Sheet JAN
B1: GCG SOUTH CARIBBEAN | C1: 1015 | D1: 1004 | E1: 1063 | F1: 1160 | G1: 1073 | H1: 1042 | I1: 1084 | J1: 1049 | K1: 1005 | L1: 1115
A2: =VALUE(TEXT(EDATE(DATE(LEFT(DEC!A2,4),RIGHT(DEC!A2,2),1),1),"yyyymm")) | B2: JAN | C2: Calloway Aruba | D2: Airport Rest. Barbados | E2: GCG Barbados | F2: GCG Aviation Ground Barbados | G2: GCG Curacao | H2: GCG Events Curacao | I2: GCG Sint Maarten Sky Dining | J2: GCG Sint Maarten Airport Dining | K2: Allied Caterers Trinidad | L2: Katerserv Trinidad | M2: TOTAL | N2: Total by Division | O2: =N(O11)<>0
A3: =+A2 | B3: Permanent (Regular) Headcount | M3: =IF(COUNT(C3:L3)=0,"",SUM(C3:L3)) | N3: ∑
B4: Temporary (Fix Term) Headcount | M4: =IF(COUNT(C4:L4)=0,"",SUM(C4:L4)) | N4: ∑
B5: Employee Headcount (Productivity) | C5: =IF(COUNT(C3:C4)=0,"",SUM(C3:C4)) | D5: =IF(COUNT(D3:D4)=0,"",SUM(D3:D4)) | E5: =IF(COUNT(E3:E4)=0,"",SUM(E3:E4)) | F5: =IF(COUNT(F3:F4)=0,"",SUM(F3:F4)) | G5: =IF(COUNT(G3:G4)=0,"",SUM(G3:G4)) | H5: =IF(COUNT(H3:H4)=0,"",SUM(H3:H4)) | I5: =IF(COUNT(I3:I4)=0,"",SUM(I3:I4)) | J5: =IF(COUNT(J3:J4)=0,"",SUM(J3:J4)) | ... M5: =IF(COUNT(M3:M4)=0,"",SUM(M3:M4)) | N5: ϝ
B6: Headcount = 1.00 | M6: =IF(COUNT(C6:L6)=0,"",SUM(C6:L6)) | N6: ∑
B7: Headcount = 0.75 | M7: =IF(COUNT(C7:L7)=0,"",SUM(C7:L7)) | N7: ∑
B8: Headcount = 0.50 | M8: =IF(COUNT(C8:L8)=0,"",SUM(C8:L8)) | N8: ∑
B9: Headcount = 0.25 | M9: =IF(COUNT(C9:L9)=0,"",SUM(C9:L9)) | N9: ∑
B10: Standard Monthly Hours (FTE basis) | M10: =IFERROR(AVERAGE(C10:L10),"") | N10: Avg
B11: Employee FTE (Finance) | C11: =IF(COUNT(C6:C9)=0,"",N(C6)+N(C7)*0.75+N(C8)*0.5+N(C9)*0.25) | D11: =IF(COUNT(D6:D9)=0,"",N(D6)+N(D7)*0.75+N(D8)*0.5+N(D9)*0.25) | E11: =IF(COUNT(E6:E9)=0,"",N(E6)+N(E7)*0.75+N(E8)*0.5+N(E9)*0.25) | F11: =IF(COUNT(F6:F9)=0,"",N(F6)+N(F7)*0.75+N(F8)*0.5+N(F9)*0.25) | G11: =IF(COUNT(G6:G9)=0,"",N(G6)+N(G7)*0.75+N(G8)*0.5+N(G9)*0.25) | H11: =IF(COUNT(H6:H9)=0,"",N(H6)+N(H7)*0.75+N(H8)*0.5+N(H9)*0.25) | I11: =IF(COUNT(I6:I9)=0,"",N(I6)+N(I7)*0.75+N(I8)*0.5+N(I9)*0.25) | J11: =IF(COUNT(J6:J9)=0,"",N(J6)+N(J7)*0.75+N(J8)*0.5+N(J9)*0.25) | ... M11: =IF(COUNT(M6:M9)=0,"",N(M6)+N(M7)*0.75+N(M8)*0.5+N(M9)*0.25) | N11: FTE | O11: =IF(COUNT(M5:M9)=0,"",N(M6)+N(M7)+N(M8)+N(M9)-N(M5))
B12: Subcontracted Workforce HC | M12: =IF(COUNT(C12:L12)=0,"",SUM(C12:L12)) | N12: ∑
B13: Subcontracted Productive Hours | M13: =IF(COUNT(C13:L13)=0,"",SUM(C13:L13)) | N13: ∑
B14: Subcontracted FTE | C14: =IFERROR(C13/C10,"") | D14: =IFERROR(D13/D10,"") | E14: =IFERROR(E13/E10,"") | F14: =IFERROR(F13/F10,"") | G14: =IFERROR(G13/G10,"") | H14: =IFERROR(H13/H10,"") | I14: =IFERROR(I13/I10,"") | J14: =IFERROR(J13/J10,"") | ... L14: =IFERROR(L13/L10,"") | M14: =IF(COUNT(C14:L14)=0,"",SUM(C14:L14)) | N14: FTE
B15: Total Operational Workforce | C15: =IF(COUNT(C5,C12)=0,"",SUM(C5,C12)) | D15: =IF(COUNT(D5,D12)=0,"",SUM(D5,D12)) | E15: =IF(COUNT(E5,E12)=0,"",SUM(E5,E12)) | F15: =IF(COUNT(F5,F12)=0,"",SUM(F5,F12)) | G15: =IF(COUNT(G5,G12)=0,"",SUM(G5,G12)) | H15: =IF(COUNT(H5,H12)=0,"",SUM(H5,H12)) | I15: =IF(COUNT(I5,I12)=0,"",SUM(I5,I12)) | J15: =IF(COUNT(J5,J12)=0,"",SUM(J5,J12)) | ... M15: =IF(COUNT(M5,M12)=0,"",SUM(M5,M12)) | N15: ϝ
B16: Total Operational FTE | C16: =IF(COUNT(C11,C14)=0,"",SUM(C11,C14)) | D16: =IF(COUNT(D11,D14)=0,"",SUM(D11,D14)) | E16: =IF(COUNT(E11,E14)=0,"",SUM(E11,E14)) | F16: =IF(COUNT(F11,F14)=0,"",SUM(F11,F14)) | G16: =IF(COUNT(G11,G14)=0,"",SUM(G11,G14)) | H16: =IF(COUNT(H11,H14)=0,"",SUM(H11,H14)) | I16: =IF(COUNT(I11,I14)=0,"",SUM(I11,I14)) | J16: =IF(COUNT(J11,J14)=0,"",SUM(J11,J14)) | ... M16: =IF(COUNT(M11,M14)=0,"",SUM(M11,M14)) | N16: FTE
B17: Subcontracted Share of Workforce (%) | C17: =IFERROR(C12/C15,"") | D17: =IFERROR(D12/D15,"") | E17: =IFERROR(E12/E15,"") | F17: =IFERROR(F12/F15,"") | G17: =IFERROR(G12/G15,"") | H17: =IFERROR(H12/H15,"") | I17: =IFERROR(I12/I15,"") | J17: =IFERROR(J12/J15,"") | ... M17: =IFERROR(M12/M15,"") | N17: ϝ
B18: FTE HR Team | M18: =IF(COUNT(C18:L18)=0,"",SUM(C18:L18)) | N18: ∑
B19: Permanent Hires | M19: =IF(COUNT(C19:L19)=0,"",SUM(C19:L19)) | N19: ∑
B20: Temporary Hires | M20: =IF(COUNT(C20:L20)=0,"",SUM(C20:L20)) | N20: ∑
B21: Total Hires | C21: =IF(COUNT(C19:C20)=0,"",SUM(C19:C20)) | D21: =IF(COUNT(D19:D20)=0,"",SUM(D19:D20)) | E21: =IF(COUNT(E19:E20)=0,"",SUM(E19:E20)) | F21: =IF(COUNT(F19:F20)=0,"",SUM(F19:F20)) | G21: =IF(COUNT(G19:G20)=0,"",SUM(G19:G20)) | H21: =IF(COUNT(H19:H20)=0,"",SUM(H19:H20)) | I21: =IF(COUNT(I19:I20)=0,"",SUM(I19:I20)) | J21: =IF(COUNT(J19:J20)=0,"",SUM(J19:J20)) | ... M21: =IF(COUNT(M19:M20)=0,"",SUM(M19:M20)) | N21: ϝ
B22: Permanent Exits | M22: =IF(COUNT(C22:L22)=0,"",SUM(C22:L22)) | N22: ∑
B23: Temporary Exits | M23: =IF(COUNT(C23:L23)=0,"",SUM(C23:L23)) | N23: ∑
B24: Total Exits | C24: =IF(COUNT(C22:C23)=0,"",SUM(C22:C23)) | D24: =IF(COUNT(D22:D23)=0,"",SUM(D22:D23)) | E24: =IF(COUNT(E22:E23)=0,"",SUM(E22:E23)) | F24: =IF(COUNT(F22:F23)=0,"",SUM(F22:F23)) | G24: =IF(COUNT(G22:G23)=0,"",SUM(G22:G23)) | H24: =IF(COUNT(H22:H23)=0,"",SUM(H22:H23)) | I24: =IF(COUNT(I22:I23)=0,"",SUM(I22:I23)) | J24: =IF(COUNT(J22:J23)=0,"",SUM(J22:J23)) | ... M24: =IF(COUNT(M22:M23)=0,"",SUM(M22:M23)) | N24: ϝ
B25: Permanent Turnover (%) | C25: =IF(COUNT(C31,C32)<2,"",IF((C32+C31)=0,"",N(C22)/((C32+C31)/2))) | D25: =IF(COUNT(D31,D32)<2,"",IF((D32+D31)=0,"",N(D22)/((D32+D31)/2))) | E25: =IF(COUNT(E31,E32)<2,"",IF((E32+E31)=0,"",N(E22)/((E32+E31)/2))) | F25: =IF(COUNT(F31,F32)<2,"",IF((F32+F31)=0,"",N(F22)/((F32+F31)/2))) | G25: =IF(COUNT(G31,G32)<2,"",IF((G32+G31)=0,"",N(G22)/((G32+G31)/2))) | H25: =IF(COUNT(H31,H32)<2,"",IF((H32+H31)=0,"",N(H22)/((H32+H31)/2))) | I25: =IF(COUNT(I31,I32)<2,"",IF((I32+I31)=0,"",N(I22)/((I32+I31)/2))) | J25: =IF(COUNT(J31,J32)<2,"",IF((J32+J31)=0,"",N(J22)/((J32+J31)/2))) | ... M25: =IF(COUNT(M31,M32)<2,"",IF((M32+M31)=0,"",N(M22)/((M32+M31)/2))) | N25: ϝ
B26: Temporary Turnover (%) | C26: =IF(COUNT(C31,C32)<2,"",IF((C32+C31)=0,"",N(C23)/((C32+C31)/2))) | D26: =IF(COUNT(D31,D32)<2,"",IF((D32+D31)=0,"",N(D23)/((D32+D31)/2))) | E26: =IF(COUNT(E31,E32)<2,"",IF((E32+E31)=0,"",N(E23)/((E32+E31)/2))) | F26: =IF(COUNT(F31,F32)<2,"",IF((F32+F31)=0,"",N(F23)/((F32+F31)/2))) | G26: =IF(COUNT(G31,G32)<2,"",IF((G32+G31)=0,"",N(G23)/((G32+G31)/2))) | H26: =IF(COUNT(H31,H32)<2,"",IF((H32+H31)=0,"",N(H23)/((H32+H31)/2))) | I26: =IF(COUNT(I31,I32)<2,"",IF((I32+I31)=0,"",N(I23)/((I32+I31)/2))) | J26: =IF(COUNT(J31,J32)<2,"",IF((J32+J31)=0,"",N(J23)/((J32+J31)/2))) | ... M26: =IF(COUNT(M31,M32)<2,"",IF((M32+M31)=0,"",N(M23)/((M32+M31)/2))) | N26: ϝ
B27: Voluntary Terminations | M27: =IF(COUNT(C27:L27)=0,"",SUM(C27:L27)) | N27: ∑
B28: Involuntary Terminations | M28: =IF(COUNT(C28:L28)=0,"",SUM(C28:L28)) | N28: ∑
B29: Voluntary Turnover (%) | C29: =IF(COUNT(C31,C32)<2,"",IF((C32+C31)=0,"",N(C27)/((C32+C31)/2))) | D29: =IF(COUNT(D31,D32)<2,"",IF((D32+D31)=0,"",N(D27)/((D32+D31)/2))) | E29: =IF(COUNT(E31,E32)<2,"",IF((E32+E31)=0,"",N(E27)/((E32+E31)/2))) | F29: =IF(COUNT(F31,F32)<2,"",IF((F32+F31)=0,"",N(F27)/((F32+F31)/2))) | G29: =IF(COUNT(G31,G32)<2,"",IF((G32+G31)=0,"",N(G27)/((G32+G31)/2))) | H29: =IF(COUNT(H31,H32)<2,"",IF((H32+H31)=0,"",N(H27)/((H32+H31)/2))) | I29: =IF(COUNT(I31,I32)<2,"",IF((I32+I31)=0,"",N(I27)/((I32+I31)/2))) | J29: =IF(COUNT(J31,J32)<2,"",IF((J32+J31)=0,"",N(J27)/((J32+J31)/2))) | ... M29: =IF(COUNT(M31,M32)<2,"",IF((M32+M31)=0,"",N(M27)/((M32+M31)/2))) | N29: ϝ
B30: Involuntary Turnover (%) | C30: =IF(COUNT(C31,C32)<2,"",IF((C32+C31)=0,"",N(C28)/((C32+C31)/2))) | D30: =IF(COUNT(D31,D32)<2,"",IF((D32+D31)=0,"",N(D28)/((D32+D31)/2))) | E30: =IF(COUNT(E31,E32)<2,"",IF((E32+E31)=0,"",N(E28)/((E32+E31)/2))) | F30: =IF(COUNT(F31,F32)<2,"",IF((F32+F31)=0,"",N(F28)/((F32+F31)/2))) | G30: =IF(COUNT(G31,G32)<2,"",IF((G32+G31)=0,"",N(G28)/((G32+G31)/2))) | H30: =IF(COUNT(H31,H32)<2,"",IF((H32+H31)=0,"",N(H28)/((H32+H31)/2))) | I30: =IF(COUNT(I31,I32)<2,"",IF((I32+I31)=0,"",N(I28)/((I32+I31)/2))) | J30: =IF(COUNT(J31,J32)<2,"",IF((J32+J31)=0,"",N(J28)/((J32+J31)/2))) | ... M30: =IF(COUNT(M31,M32)<2,"",IF((M32+M31)=0,"",N(M28)/((M32+M31)/2))) | N30: ϝ
B31: Headcount last Month | C31: =IF(DEC!C5="","",DEC!C5) | D31: =IF(DEC!D5="","",DEC!D5) | E31: =IF(DEC!E5="","",DEC!E5) | F31: =IF(DEC!F5="","",DEC!F5) | G31: =IF(DEC!G5="","",DEC!G5) | H31: =IF(DEC!H5="","",DEC!H5) | I31: =IF(DEC!I5="","",DEC!I5) | J31: =IF(DEC!J5="","",DEC!J5) | ... L31: =IF(DEC!L5="","",DEC!L5) | M31: =IF(COUNT(C31:L31)=0,"",SUM(C31:L31)) | N31: ∑
B32: Headcount this Month | C32: =IF(C5="","",C5) | D32: =IF(D5="","",D5) | E32: =IF(E5="","",E5) | F32: =IF(F5="","",F5) | G32: =IF(G5="","",G5) | H32: =IF(H5="","",H5) | I32: =IF(I5="","",I5) | J32: =IF(J5="","",J5) | ... L32: =IF(L5="","",L5) | M32: =IF(COUNT(C32:L32)=0,"",SUM(C32:L32)) | N32: ∑
B33: Full Turnover (%) | C33: =IF(COUNT(C31,C32)<2,"",IF((C32+C31)=0,"",N(C24)/((C32+C31)/2))) | D33: =IF(COUNT(D31,D32)<2,"",IF((D32+D31)=0,"",N(D24)/((D32+D31)/2))) | E33: =IF(COUNT(E31,E32)<2,"",IF((E32+E31)=0,"",N(E24)/((E32+E31)/2))) | F33: =IF(COUNT(F31,F32)<2,"",IF((F32+F31)=0,"",N(F24)/((F32+F31)/2))) | G33: =IF(COUNT(G31,G32)<2,"",IF((G32+G31)=0,"",N(G24)/((G32+G31)/2))) | H33: =IF(COUNT(H31,H32)<2,"",IF((H32+H31)=0,"",N(H24)/((H32+H31)/2))) | I33: =IF(COUNT(I31,I32)<2,"",IF((I32+I31)=0,"",N(I24)/((I32+I31)/2))) | J33: =IF(COUNT(J31,J32)<2,"",IF((J32+J31)=0,"",N(J24)/((J32+J31)/2))) | ... M33: =IF(COUNT(M31,M32)<2,"",IF((M32+M31)=0,"",N(M24)/((M32+M31)/2))) | N33: ϝ
B34: Permanent Vacancies | M34: =IF(COUNT(C34:L34)=0,"",SUM(C34:L34)) | N34: ∑
B35: Temporary Vacancies | M35: =IF(COUNT(C35:L35)=0,"",SUM(C35:L35)) | N35: ∑
B36: Total Vacancies | C36: =IF(COUNT(C34:C35)=0,"",SUM(C34:C35)) | D36: =IF(COUNT(D34:D35)=0,"",SUM(D34:D35)) | E36: =IF(COUNT(E34:E35)=0,"",SUM(E34:E35)) | F36: =IF(COUNT(F34:F35)=0,"",SUM(F34:F35)) | G36: =IF(COUNT(G34:G35)=0,"",SUM(G34:G35)) | H36: =IF(COUNT(H34:H35)=0,"",SUM(H34:H35)) | I36: =IF(COUNT(I34:I35)=0,"",SUM(I34:I35)) | J36: =IF(COUNT(J34:J35)=0,"",SUM(J34:J35)) | ... M36: =IF(COUNT(M34:M35)=0,"",SUM(M34:M35)) | N36: ϝ
B37: Authorized Positions | C37: =IF(COUNT(C5,C36)=0,"",N(C5)+N(C36)) | D37: =IF(COUNT(D5,D36)=0,"",N(D5)+N(D36)) | E37: =IF(COUNT(E5,E36)=0,"",N(E5)+N(E36)) | F37: =IF(COUNT(F5,F36)=0,"",N(F5)+N(F36)) | G37: =IF(COUNT(G5,G36)=0,"",N(G5)+N(G36)) | H37: =IF(COUNT(H5,H36)=0,"",N(H5)+N(H36)) | I37: =IF(COUNT(I5,I36)=0,"",N(I5)+N(I36)) | J37: =IF(COUNT(J5,J36)=0,"",N(J5)+N(J36)) | ... M37: =IF(COUNT(M5,M36)=0,"",N(M5)+N(M36)) | N37: ϝ
B38: Vacancy Rate (%) | C38: =IFERROR(C36/C37,"") | D38: =IFERROR(D36/D37,"") | E38: =IFERROR(E36/E37,"") | F38: =IFERROR(F36/F37,"") | G38: =IFERROR(G36/G37,"") | H38: =IFERROR(H36/H37,"") | I38: =IFERROR(I36/I37,"") | J38: =IFERROR(J36/J37,"") | ... M38: =IFERROR(M36/M37,"") | N38: ϝ
B39: Permanent TimeToHire (Days) YTD | C39: =IF('(Calloway_AUA)'!$AB$7="","",'(Calloway_AUA)'!$AB$7) | D39: =IF('(Airport_BRB)'!$AB$7="","",'(Airport_BRB)'!$AB$7) | E39: =IF('(GCG_BRB)'!$AB$7="","",'(GCG_BRB)'!$AB$7) | F39: =IF('(Ground_BRB)'!$AB$7="","",'(Ground_BRB)'!$AB$7) | G39: =IF('(GCG_CUR)'!$AB$7="","",'(GCG_CUR)'!$AB$7) | H39: =IF('(Events_CUR)'!$AB$7="","",'(Events_CUR)'!$AB$7) | I39: =IF('(GCG_SXM_Sky)'!$AB$7="","",'(GCG_SXM_Sky)'!$AB$7) | J39: =IF('(GCG_SXM_Airport)'!$AB$7="","",'(GCG_SXM_Airport)'!$AB$7) | K39: =IF('(Allied_TTO)'!$AB$7="","",'(Allied_TTO)'!$AB$7) | L39: =IF('(Katerserv_TTO)'!$AB$7="","",'(Katerserv_TTO)'!$AB$7) | M39: =IFERROR(AVERAGE(C39:L39),"") | N39: Avg
B40: Temporary TimeToHire (Days) YTD | C40: =IF('(Calloway_AUA)'!$AD$7="","",'(Calloway_AUA)'!$AD$7) | D40: =IF('(Airport_BRB)'!$AD$7="","",'(Airport_BRB)'!$AD$7) | E40: =IF('(GCG_BRB)'!$AD$7="","",'(GCG_BRB)'!$AD$7) | F40: =IF('(Ground_BRB)'!$AD$7="","",'(Ground_BRB)'!$AD$7) | G40: =IF('(GCG_CUR)'!$AD$7="","",'(GCG_CUR)'!$AD$7) | H40: =IF('(Events_CUR)'!$AD$7="","",'(Events_CUR)'!$AD$7) | I40: =IF('(GCG_SXM_Sky)'!$AD$7="","",'(GCG_SXM_Sky)'!$AD$7) | J40: =IF('(GCG_SXM_Airport)'!$AD$7="","",'(GCG_SXM_Airport)'!$AD$7) | K40: =IF('(Allied_TTO)'!$AD$7="","",'(Allied_TTO)'!$AD$7) | L40: =IF('(Katerserv_TTO)'!$AD$7="","",'(Katerserv_TTO)'!$AD$7) | M40: =IFERROR(AVERAGE(C40:L40),"") | N40: Avg
B41: Check-ins Rate Completed (%) | M41: =IFERROR(AVERAGE(C41:L41),"") | N41: Avg
B42: EE Objectives Completed (#) | M42: =IF(COUNT(C42:L42)=0,"",SUM(C42:L42)) | N42: ∑
B43: Non-certified Absent (Days Lost) | M43: =IF(COUNT(C43:L43)=0,"",SUM(C43:L43)) | N43: ∑
B44: Certified sick leave (Days Lost) | M44: =IF(COUNT(C44:L44)=0,"",SUM(C44:L44)) | N44: ∑
B45: Total Absences | C45: =IF(COUNT(C43:C44)=0,"",SUM(C43:C44)) | D45: =IF(COUNT(D43:D44)=0,"",SUM(D43:D44)) | E45: =IF(COUNT(E43:E44)=0,"",SUM(E43:E44)) | F45: =IF(COUNT(F43:F44)=0,"",SUM(F43:F44)) | G45: =IF(COUNT(G43:G44)=0,"",SUM(G43:G44)) | H45: =IF(COUNT(H43:H44)=0,"",SUM(H43:H44)) | I45: =IF(COUNT(I43:I44)=0,"",SUM(I43:I44)) | J45: =IF(COUNT(J43:J44)=0,"",SUM(J43:J44)) | ... M45: =IF(COUNT(M43:M44)=0,"",SUM(M43:M44)) | N45: ϝ
B46: Absent Rate Non-Certified (%) | C46: =IF('(Calloway_AUA)'!$G$7="","",'(Calloway_AUA)'!$G$7) | D46: =IF('(Airport_BRB)'!$G$7="","",'(Airport_BRB)'!$G$7) | E46: =IF('(GCG_BRB)'!$G$7="","",'(GCG_BRB)'!$G$7) | F46: =IF('(Ground_BRB)'!$G$7="","",'(Ground_BRB)'!$G$7) | G46: =IF('(GCG_CUR)'!$G$7="","",'(GCG_CUR)'!$G$7) | H46: =IF('(Events_CUR)'!$G$7="","",'(Events_CUR)'!$G$7) | I46: =IF('(GCG_SXM_Sky)'!$G$7="","",'(GCG_SXM_Sky)'!$G$7) | J46: =IF('(GCG_SXM_Airport)'!$G$7="","",'(GCG_SXM_Airport)'!$G$7) | K46: =IF('(Allied_TTO)'!$G$7="","",'(Allied_TTO)'!$G$7) | L46: =IF('(Katerserv_TTO)'!$G$7="","",'(Katerserv_TTO)'!$G$7) | M46: {=IF(COUNT(C46:L46)=0,"",IFERROR(SUMPRODUCT(IFERROR(C46:L46*((C3:L3)+(C4:L4)),0))/SUMPRODUCT(IFERROR(ISNUMBER(C46:L46)*((C3:L3)+(C4:L4)),0)),""))} | N46: Weighted
B47: Absent Rate Certified (%) | C47: =IF('(Calloway_AUA)'!$O$7="","",'(Calloway_AUA)'!$O$7) | D47: =IF('(Airport_BRB)'!$O$7="","",'(Airport_BRB)'!$O$7) | E47: =IF('(GCG_BRB)'!$O$7="","",'(GCG_BRB)'!$O$7) | F47: =IF('(Ground_BRB)'!$O$7="","",'(Ground_BRB)'!$O$7) | G47: =IF('(GCG_CUR)'!$O$7="","",'(GCG_CUR)'!$O$7) | H47: =IF('(Events_CUR)'!$O$7="","",'(Events_CUR)'!$O$7) | I47: =IF('(GCG_SXM_Sky)'!$O$7="","",'(GCG_SXM_Sky)'!$O$7) | J47: =IF('(GCG_SXM_Airport)'!$O$7="","",'(GCG_SXM_Airport)'!$O$7) | K47: =IF('(Allied_TTO)'!$O$7="","",'(Allied_TTO)'!$O$7) | L47: =IF('(Katerserv_TTO)'!$O$7="","",'(Katerserv_TTO)'!$O$7) | M47: {=IF(COUNT(C47:L47)=0,"",IFERROR(SUMPRODUCT(IFERROR(C47:L47*((C3:L3)+(C4:L4)),0))/SUMPRODUCT(IFERROR(ISNUMBER(C47:L47)*((C3:L3)+(C4:L4)),0)),""))} | N47: Weighted
B48: Absent Rate Total (%) | C48: =IF(COUNT(C46:C47)=0,"",SUM(C46:C47)) | D48: =IF(COUNT(D46:D47)=0,"",SUM(D46:D47)) | E48: =IF(COUNT(E46:E47)=0,"",SUM(E46:E47)) | F48: =IF(COUNT(F46:F47)=0,"",SUM(F46:F47)) | G48: =IF(COUNT(G46:G47)=0,"",SUM(G46:G47)) | H48: =IF(COUNT(H46:H47)=0,"",SUM(H46:H47)) | I48: =IF(COUNT(I46:I47)=0,"",SUM(I46:I47)) | J48: =IF(COUNT(J46:J47)=0,"",SUM(J46:J47)) | ... M48: =IF(COUNT(M46:M47)=0,"",SUM(M46:M47)) | N48: Weighted
B49: Weight factor | C49: =IFERROR(C5/$M5,"") | D49: =IFERROR(D5/$M5,"") | E49: =IFERROR(E5/$M5,"") | F49: =IFERROR(F5/$M5,"") | G49: =IFERROR(G5/$M5,"") | H49: =IFERROR(H5/$M5,"") | I49: =IFERROR(I5/$M5,"") | J49: =IFERROR(J5/$M5,"") | ... L49: =IFERROR(L5/$M5,"") | M49: =IF(COUNT(C49:L49)=0,"",SUM(C49:L49)) | N49: Weight Factor
B50: Leadership (Hours) | M50: =IF(COUNT(C50:L50)=0,"",SUM(C50:L50)) | N50: ∑
B51: Technical (Hours) | M51: =IF(COUNT(C51:L51)=0,"",SUM(C51:L51)) | N51: ∑
B52: Professional Develop. (Hours) | M52: =IF(COUNT(C52:L52)=0,"",SUM(C52:L52)) | N52: ∑
B53: HSSE (Hours) | M53: =IF(COUNT(C53:L53)=0,"",SUM(C53:L53)) | N53: ∑
B54: Workday (Hours) | M54: =IF(COUNT(C54:L54)=0,"",SUM(C54:L54)) | N54: ∑
B55: Total Training Hours | C55: =IF(COUNT(C50:C54)=0,"",SUM(C50:C54)) | D55: =IF(COUNT(D50:D54)=0,"",SUM(D50:D54)) | E55: =IF(COUNT(E50:E54)=0,"",SUM(E50:E54)) | F55: =IF(COUNT(F50:F54)=0,"",SUM(F50:F54)) | G55: =IF(COUNT(G50:G54)=0,"",SUM(G50:G54)) | H55: =IF(COUNT(H50:H54)=0,"",SUM(H50:H54)) | I55: =IF(COUNT(I50:I54)=0,"",SUM(I50:I54)) | J55: =IF(COUNT(J50:J54)=0,"",SUM(J50:J54)) | ... M55: =IF(COUNT(M50:M54)=0,"",SUM(M50:M54)) | N55: ϝ
B56: Total Trained (Staff) | M56: =IF(COUNT(C56:L56)=0,"",SUM(C56:L56)) | N56: ∑
B57: Training Programs (#) | M57: =IF(COUNT(C57:L57)=0,"",SUM(C57:L57)) | N57: ∑
B58: Training Cost (USD) | M58: =IF(COUNT(C58:L58)=0,"",SUM(C58:L58)) | N58: ∑
B59: Training Travel Cost (USD) | M59: =IF(COUNT(C59:L59)=0,"",SUM(C59:L59)) | N59: ∑
B60: Leadership Hours Trained (%) | C60: =IFERROR(C50/C$55,"") | D60: =IFERROR(D50/D$55,"") | E60: =IFERROR(E50/E$55,"") | F60: =IFERROR(F50/F$55,"") | G60: =IFERROR(G50/G$55,"") | H60: =IFERROR(H50/H$55,"") | I60: =IFERROR(I50/I$55,"") | J60: =IFERROR(J50/J$55,"") | ... M60: =IFERROR(M50/M$55,"") | N60: ϝ
B61: Technical Hours Trained (%) | C61: =IFERROR(C51/C$55,"") | D61: =IFERROR(D51/D$55,"") | E61: =IFERROR(E51/E$55,"") | F61: =IFERROR(F51/F$55,"") | G61: =IFERROR(G51/G$55,"") | H61: =IFERROR(H51/H$55,"") | I61: =IFERROR(I51/I$55,"") | J61: =IFERROR(J51/J$55,"") | ... M61: =IFERROR(M51/M$55,"") | N61: ϝ
B62: Profess. Dev. Hours Trained (%) | C62: =IFERROR(C52/C$55,"") | D62: =IFERROR(D52/D$55,"") | E62: =IFERROR(E52/E$55,"") | F62: =IFERROR(F52/F$55,"") | G62: =IFERROR(G52/G$55,"") | H62: =IFERROR(H52/H$55,"") | I62: =IFERROR(I52/I$55,"") | J62: =IFERROR(J52/J$55,"") | ... M62: =IFERROR(M52/M$55,"") | N62: ϝ
B63: HSSE Hours Trained (%) | C63: =IFERROR(C53/C$55,"") | D63: =IFERROR(D53/D$55,"") | E63: =IFERROR(E53/E$55,"") | F63: =IFERROR(F53/F$55,"") | G63: =IFERROR(G53/G$55,"") | H63: =IFERROR(H53/H$55,"") | I63: =IFERROR(I53/I$55,"") | J63: =IFERROR(J53/J$55,"") | ... M63: =IFERROR(M53/M$55,"") | N63: ϝ
B64: Workday Hours Trained (%) | C64: =IFERROR(C54/C$55,"") | D64: =IFERROR(D54/D$55,"") | E64: =IFERROR(E54/E$55,"") | F64: =IFERROR(F54/F$55,"") | G64: =IFERROR(G54/G$55,"") | H64: =IFERROR(H54/H$55,"") | I64: =IFERROR(I54/I$55,"") | J64: =IFERROR(J54/J$55,"") | ... M64: =IFERROR(M54/M$55,"") | N64: ϝ
B65: Staff Trained (%) | C65: =IFERROR(C56/C5,"") | D65: =IFERROR(D56/D5,"") | E65: =IFERROR(E56/E5,"") | F65: =IFERROR(F56/F5,"") | G65: =IFERROR(G56/G5,"") | H65: =IFERROR(H56/H5,"") | I65: =IFERROR(I56/I5,"") | J65: =IFERROR(J56/J5,"") | ... M65: =IFERROR(M56/M5,"") | N65: ϝ
B66: Training Hours / EE | C66: =IFERROR(C55/C5,"") | D66: =IFERROR(D55/D5,"") | E66: =IFERROR(E55/E5,"") | F66: =IFERROR(F55/F5,"") | G66: =IFERROR(G55/G5,"") | H66: =IFERROR(H55/H5,"") | I66: =IFERROR(I55/I5,"") | J66: =IFERROR(J55/J5,"") | ... M66: =IFERROR(M55/M5,"") | N66: ϝ
B67: Training Hours / EE Trained | C67: =IFERROR(C55/C56,"") | D67: =IFERROR(D55/D56,"") | E67: =IFERROR(E55/E56,"") | F67: =IFERROR(F55/F56,"") | G67: =IFERROR(G55/G56,"") | H67: =IFERROR(H55/H56,"") | I67: =IFERROR(I55/I56,"") | J67: =IFERROR(J55/J56,"") | ... M67: =IFERROR(M55/M56,"") | N67: ϝ
B68: Training Invest. / EE (USD) | C68: =IF(COUNT(C58:C59)=0,"",IFERROR((N(C58)+N(C59))/C5,"")) | D68: =IF(COUNT(D58:D59)=0,"",IFERROR((N(D58)+N(D59))/D5,"")) | E68: =IF(COUNT(E58:E59)=0,"",IFERROR((N(E58)+N(E59))/E5,"")) | F68: =IF(COUNT(F58:F59)=0,"",IFERROR((N(F58)+N(F59))/F5,"")) | G68: =IF(COUNT(G58:G59)=0,"",IFERROR((N(G58)+N(G59))/G5,"")) | H68: =IF(COUNT(H58:H59)=0,"",IFERROR((N(H58)+N(H59))/H5,"")) | I68: =IF(COUNT(I58:I59)=0,"",IFERROR((N(I58)+N(I59))/I5,"")) | J68: =IF(COUNT(J58:J59)=0,"",IFERROR((N(J58)+N(J59))/J5,"")) | ... M68: =IF(COUNT(M58:M59)=0,"",IFERROR((N(M58)+N(M59))/M5,"")) | N68: ϝ
B69: Training Invest. / EE Trained (USD) | C69: =IF(COUNT(C58:C59)=0,"",IFERROR((N(C58)+N(C59))/C56,"")) | D69: =IF(COUNT(D58:D59)=0,"",IFERROR((N(D58)+N(D59))/D56,"")) | E69: =IF(COUNT(E58:E59)=0,"",IFERROR((N(E58)+N(E59))/E56,"")) | F69: =IF(COUNT(F58:F59)=0,"",IFERROR((N(F58)+N(F59))/F56,"")) | G69: =IF(COUNT(G58:G59)=0,"",IFERROR((N(G58)+N(G59))/G56,"")) | H69: =IF(COUNT(H58:H59)=0,"",IFERROR((N(H58)+N(H59))/H56,"")) | I69: =IF(COUNT(I58:I59)=0,"",IFERROR((N(I58)+N(I59))/I56,"")) | J69: =IF(COUNT(J58:J59)=0,"",IFERROR((N(J58)+N(J59))/J56,"")) | ... M69: =IF(COUNT(M58:M59)=0,"",IFERROR((N(M58)+N(M59))/M56,"")) | N69: ϝ
B70: Input Cells Not Submitted | C70: =COUNTBLANK(C3:C4)+COUNTBLANK(C6:C10)+COUNTBLANK(C12:C13)+COUNTBLANK(C18:C20)+COUNTBLANK(C22:C23)+COUNTBLANK(C27:C28)+COUNTBLANK(C34:C35)+COUNTBLANK(C39:C44)+COUNTBLANK(C46:C47)+COUNTBLANK(C50:C54)+COUNTBLANK(C56:C59) | D70: =COUNTBLANK(D3:D4)+COUNTBLANK(D6:D10)+COUNTBLANK(D12:D13)+COUNTBLANK(D18:D20)+COUNTBLANK(D22:D23)+COUNTBLANK(D27:D28)+COUNTBLANK(D34:D35)+COUNTBLANK(D39:D44)+COUNTBLANK(D46:D47)+COUNTBLANK(D50:D54)+COUNTBLANK(D56:D59) | E70: =COUNTBLANK(E3:E4)+COUNTBLANK(E6:E10)+COUNTBLANK(E12:E13)+COUNTBLANK(E18:E20)+COUNTBLANK(E22:E23)+COUNTBLANK(E27:E28)+COUNTBLANK(E34:E35)+COUNTBLANK(E39:E44)+COUNTBLANK(E46:E47)+COUNTBLANK(E50:E54)+COUNTBLANK(E56:E59) | F70: =COUNTBLANK(F3:F4)+COUNTBLANK(F6:F10)+COUNTBLANK(F12:F13)+COUNTBLANK(F18:F20)+COUNTBLANK(F22:F23)+COUNTBLANK(F27:F28)+COUNTBLANK(F34:F35)+COUNTBLANK(F39:F44)+COUNTBLANK(F46:F47)+COUNTBLANK(F50:F54)+COUNTBLANK(F56:F59) | G70: =COUNTBLANK(G3:G4)+COUNTBLANK(G6:G10)+COUNTBLANK(G12:G13)+COUNTBLANK(G18:G20)+COUNTBLANK(G22:G23)+COUNTBLANK(G27:G28)+COUNTBLANK(G34:G35)+COUNTBLANK(G39:G44)+COUNTBLANK(G46:G47)+COUNTBLANK(G50:G54)+COUNTBLANK(G56:G59) | H70: =COUNTBLANK(H3:H4)+COUNTBLANK(H6:H10)+COUNTBLANK(H12:H13)+COUNTBLANK(H18:H20)+COUNTBLANK(H22:H23)+COUNTBLANK(H27:H28)+COUNTBLANK(H34:H35)+COUNTBLANK(H39:H44)+COUNTBLANK(H46:H47)+COUNTBLANK(H50:H54)+COUNTBLANK(H56:H59) | I70: =COUNTBLANK(I3:I4)+COUNTBLANK(I6:I10)+COUNTBLANK(I12:I13)+COUNTBLANK(I18:I20)+COUNTBLANK(I22:I23)+COUNTBLANK(I27:I28)+COUNTBLANK(I34:I35)+COUNTBLANK(I39:I44)+COUNTBLANK(I46:I47)+COUNTBLANK(I50:I54)+COUNTBLANK(I56:I59) | J70: =COUNTBLANK(J3:J4)+COUNTBLANK(J6:J10)+COUNTBLANK(J12:J13)+COUNTBLANK(J18:J20)+COUNTBLANK(J22:J23)+COUNTBLANK(J27:J28)+COUNTBLANK(J34:J35)+COUNTBLANK(J39:J44)+COUNTBLANK(J46:J47)+COUNTBLANK(J50:J54)+COUNTBLANK(J56:J59) | ... L70: =COUNTBLANK(L3:L4)+COUNTBLANK(L6:L10)+COUNTBLANK(L12:L13)+COUNTBLANK(L18:L20)+COUNTBLANK(L22:L23)+COUNTBLANK(L27:L28)+COUNTBLANK(L34:L35)+COUNTBLANK(L39:L44)+COUNTBLANK(L46:L47)+COUNTBLANK(L50:L54)+COUNTBLANK(L56:L59) | M70: =SUM(C70:L70) | N70: ∑

Sheet FEB
B1: GCG SOUTH CARIBBEAN | C1: 1015 | D1: 1004 | E1: 1063 | F1: 1160 | G1: 1073 | H1: 1042 | I1: 1084 | J1: 1049 | K1: 1005 | L1: 1115
A2: =VALUE(TEXT(EDATE(DATE(LEFT(JAN!A2,4),RIGHT(JAN!A2,2),1),1),"yyyymm")) | B2: FEB | C2: Calloway Aruba | D2: Airport Rest. Barbados | E2: GCG Barbados | F2: GCG Aviation Ground Barbados | G2: GCG Curacao | H2: GCG Events Curacao | I2: GCG Sint Maarten Sky Dining | J2: GCG Sint Maarten Airport Dining | K2: Allied Caterers Trinidad | L2: Katerserv Trinidad | M2: TOTAL | N2: Total by Division | O2: =N(O11)<>0
A3: =+A2 | B3: Permanent (Regular) Headcount | M3: =IF(COUNT(C3:L3)=0,"",SUM(C3:L3)) | N3: ∑
B4: Temporary (Fix Term) Headcount | M4: =IF(COUNT(C4:L4)=0,"",SUM(C4:L4)) | N4: ∑
B5: Employee Headcount (Productivity) | C5: =IF(COUNT(C3:C4)=0,"",SUM(C3:C4)) | D5: =IF(COUNT(D3:D4)=0,"",SUM(D3:D4)) | E5: =IF(COUNT(E3:E4)=0,"",SUM(E3:E4)) | F5: =IF(COUNT(F3:F4)=0,"",SUM(F3:F4)) | G5: =IF(COUNT(G3:G4)=0,"",SUM(G3:G4)) | H5: =IF(COUNT(H3:H4)=0,"",SUM(H3:H4)) | I5: =IF(COUNT(I3:I4)=0,"",SUM(I3:I4)) | J5: =IF(COUNT(J3:J4)=0,"",SUM(J3:J4)) | ... M5: =IF(COUNT(M3:M4)=0,"",SUM(M3:M4)) | N5: ϝ
B6: Headcount = 1.00 | M6: =IF(COUNT(C6:L6)=0,"",SUM(C6:L6)) | N6: ∑
B7: Headcount = 0.75 | M7: =IF(COUNT(C7:L7)=0,"",SUM(C7:L7)) | N7: ∑
B8: Headcount = 0.50 | M8: =IF(COUNT(C8:L8)=0,"",SUM(C8:L8)) | N8: ∑
B9: Headcount = 0.25 | M9: =IF(COUNT(C9:L9)=0,"",SUM(C9:L9)) | N9: ∑
B10: Standard Monthly Hours (FTE basis) | M10: =IFERROR(AVERAGE(C10:L10),"") | N10: Avg
B11: Employee FTE (Finance) | C11: =IF(COUNT(C6:C9)=0,"",N(C6)+N(C7)*0.75+N(C8)*0.5+N(C9)*0.25) | D11: =IF(COUNT(D6:D9)=0,"",N(D6)+N(D7)*0.75+N(D8)*0.5+N(D9)*0.25) | E11: =IF(COUNT(E6:E9)=0,"",N(E6)+N(E7)*0.75+N(E8)*0.5+N(E9)*0.25) | F11: =IF(COUNT(F6:F9)=0,"",N(F6)+N(F7)*0.75+N(F8)*0.5+N(F9)*0.25) | G11: =IF(COUNT(G6:G9)=0,"",N(G6)+N(G7)*0.75+N(G8)*0.5+N(G9)*0.25) | H11: =IF(COUNT(H6:H9)=0,"",N(H6)+N(H7)*0.75+N(H8)*0.5+N(H9)*0.25) | I11: =IF(COUNT(I6:I9)=0,"",N(I6)+N(I7)*0.75+N(I8)*0.5+N(I9)*0.25) | J11: =IF(COUNT(J6:J9)=0,"",N(J6)+N(J7)*0.75+N(J8)*0.5+N(J9)*0.25) | ... M11: =IF(COUNT(M6:M9)=0,"",N(M6)+N(M7)*0.75+N(M8)*0.5+N(M9)*0.25) | N11: FTE | O11: =IF(COUNT(M5:M9)=0,"",N(M6)+N(M7)+N(M8)+N(M9)-N(M5))
B12: Subcontracted Workforce HC | M12: =IF(COUNT(C12:L12)=0,"",SUM(C12:L12)) | N12: ∑
B13: Subcontracted Productive Hours | M13: =IF(COUNT(C13:L13)=0,"",SUM(C13:L13)) | N13: ∑
B14: Subcontracted FTE | C14: =IFERROR(C13/C10,"") | D14: =IFERROR(D13/D10,"") | E14: =IFERROR(E13/E10,"") | F14: =IFERROR(F13/F10,"") | G14: =IFERROR(G13/G10,"") | H14: =IFERROR(H13/H10,"") | I14: =IFERROR(I13/I10,"") | J14: =IFERROR(J13/J10,"") | ... L14: =IFERROR(L13/L10,"") | M14: =IF(COUNT(C14:L14)=0,"",SUM(C14:L14)) | N14: FTE
B15: Total Operational Workforce | C15: =IF(COUNT(C5,C12)=0,"",SUM(C5,C12)) | D15: =IF(COUNT(D5,D12)=0,"",SUM(D5,D12)) | E15: =IF(COUNT(E5,E12)=0,"",SUM(E5,E12)) | F15: =IF(COUNT(F5,F12)=0,"",SUM(F5,F12)) | G15: =IF(COUNT(G5,G12)=0,"",SUM(G5,G12)) | H15: =IF(COUNT(H5,H12)=0,"",SUM(H5,H12)) | I15: =IF(COUNT(I5,I12)=0,"",SUM(I5,I12)) | J15: =IF(COUNT(J5,J12)=0,"",SUM(J5,J12)) | ... M15: =IF(COUNT(M5,M12)=0,"",SUM(M5,M12)) | N15: ϝ
B16: Total Operational FTE | C16: =IF(COUNT(C11,C14)=0,"",SUM(C11,C14)) | D16: =IF(COUNT(D11,D14)=0,"",SUM(D11,D14)) | E16: =IF(COUNT(E11,E14)=0,"",SUM(E11,E14)) | F16: =IF(COUNT(F11,F14)=0,"",SUM(F11,F14)) | G16: =IF(COUNT(G11,G14)=0,"",SUM(G11,G14)) | H16: =IF(COUNT(H11,H14)=0,"",SUM(H11,H14)) | I16: =IF(COUNT(I11,I14)=0,"",SUM(I11,I14)) | J16: =IF(COUNT(J11,J14)=0,"",SUM(J11,J14)) | ... M16: =IF(COUNT(M11,M14)=0,"",SUM(M11,M14)) | N16: FTE
B17: Subcontracted Share of Workforce (%) | C17: =IFERROR(C12/C15,"") | D17: =IFERROR(D12/D15,"") | E17: =IFERROR(E12/E15,"") | F17: =IFERROR(F12/F15,"") | G17: =IFERROR(G12/G15,"") | H17: =IFERROR(H12/H15,"") | I17: =IFERROR(I12/I15,"") | J17: =IFERROR(J12/J15,"") | ... M17: =IFERROR(M12/M15,"") | N17: ϝ
B18: FTE HR Team | M18: =IF(COUNT(C18:L18)=0,"",SUM(C18:L18)) | N18: ∑
B19: Permanent Hires | M19: =IF(COUNT(C19:L19)=0,"",SUM(C19:L19)) | N19: ∑
B20: Temporary Hires | M20: =IF(COUNT(C20:L20)=0,"",SUM(C20:L20)) | N20: ∑
B21: Total Hires | C21: =IF(COUNT(C19:C20)=0,"",SUM(C19:C20)) | D21: =IF(COUNT(D19:D20)=0,"",SUM(D19:D20)) | E21: =IF(COUNT(E19:E20)=0,"",SUM(E19:E20)) | F21: =IF(COUNT(F19:F20)=0,"",SUM(F19:F20)) | G21: =IF(COUNT(G19:G20)=0,"",SUM(G19:G20)) | H21: =IF(COUNT(H19:H20)=0,"",SUM(H19:H20)) | I21: =IF(COUNT(I19:I20)=0,"",SUM(I19:I20)) | J21: =IF(COUNT(J19:J20)=0,"",SUM(J19:J20)) | ... M21: =IF(COUNT(M19:M20)=0,"",SUM(M19:M20)) | N21: ϝ
B22: Permanent Exits | M22: =IF(COUNT(C22:L22)=0,"",SUM(C22:L22)) | N22: ∑
B23: Temporary Exits | M23: =IF(COUNT(C23:L23)=0,"",SUM(C23:L23)) | N23: ∑
B24: Total Exits | C24: =IF(COUNT(C22:C23)=0,"",SUM(C22:C23)) | D24: =IF(COUNT(D22:D23)=0,"",SUM(D22:D23)) | E24: =IF(COUNT(E22:E23)=0,"",SUM(E22:E23)) | F24: =IF(COUNT(F22:F23)=0,"",SUM(F22:F23)) | G24: =IF(COUNT(G22:G23)=0,"",SUM(G22:G23)) | H24: =IF(COUNT(H22:H23)=0,"",SUM(H22:H23)) | I24: =IF(COUNT(I22:I23)=0,"",SUM(I22:I23)) | J24: =IF(COUNT(J22:J23)=0,"",SUM(J22:J23)) | ... M24: =IF(COUNT(M22:M23)=0,"",SUM(M22:M23)) | N24: ϝ
B25: Permanent Turnover (%) | C25: =IF(COUNT(C31,C32)<2,"",IF((C32+C31)=0,"",N(C22)/((C32+C31)/2))) | D25: =IF(COUNT(D31,D32)<2,"",IF((D32+D31)=0,"",N(D22)/((D32+D31)/2))) | E25: =IF(COUNT(E31,E32)<2,"",IF((E32+E31)=0,"",N(E22)/((E32+E31)/2))) | F25: =IF(COUNT(F31,F32)<2,"",IF((F32+F31)=0,"",N(F22)/((F32+F31)/2))) | G25: =IF(COUNT(G31,G32)<2,"",IF((G32+G31)=0,"",N(G22)/((G32+G31)/2))) | H25: =IF(COUNT(H31,H32)<2,"",IF((H32+H31)=0,"",N(H22)/((H32+H31)/2))) | I25: =IF(COUNT(I31,I32)<2,"",IF((I32+I31)=0,"",N(I22)/((I32+I31)/2))) | J25: =IF(COUNT(J31,J32)<2,"",IF((J32+J31)=0,"",N(J22)/((J32+J31)/2))) | ... M25: =IF(COUNT(M31,M32)<2,"",IF((M32+M31)=0,"",N(M22)/((M32+M31)/2))) | N25: ϝ
B26: Temporary Turnover (%) | C26: =IF(COUNT(C31,C32)<2,"",IF((C32+C31)=0,"",N(C23)/((C32+C31)/2))) | D26: =IF(COUNT(D31,D32)<2,"",IF((D32+D31)=0,"",N(D23)/((D32+D31)/2))) | E26: =IF(COUNT(E31,E32)<2,"",IF((E32+E31)=0,"",N(E23)/((E32+E31)/2))) | F26: =IF(COUNT(F31,F32)<2,"",IF((F32+F31)=0,"",N(F23)/((F32+F31)/2))) | G26: =IF(COUNT(G31,G32)<2,"",IF((G32+G31)=0,"",N(G23)/((G32+G31)/2))) | H26: =IF(COUNT(H31,H32)<2,"",IF((H32+H31)=0,"",N(H23)/((H32+H31)/2))) | I26: =IF(COUNT(I31,I32)<2,"",IF((I32+I31)=0,"",N(I23)/((I32+I31)/2))) | J26: =IF(COUNT(J31,J32)<2,"",IF((J32+J31)=0,"",N(J23)/((J32+J31)/2))) | ... M26: =IF(COUNT(M31,M32)<2,"",IF((M32+M31)=0,"",N(M23)/((M32+M31)/2))) | N26: ϝ
B27: Voluntary Terminations | M27: =IF(COUNT(C27:L27)=0,"",SUM(C27:L27)) | N27: ∑
B28: Involuntary Terminations | M28: =IF(COUNT(C28:L28)=0,"",SUM(C28:L28)) | N28: ∑
B29: Voluntary Turnover (%) | C29: =IF(COUNT(C31,C32)<2,"",IF((C32+C31)=0,"",N(C27)/((C32+C31)/2))) | D29: =IF(COUNT(D31,D32)<2,"",IF((D32+D31)=0,"",N(D27)/((D32+D31)/2))) | E29: =IF(COUNT(E31,E32)<2,"",IF((E32+E31)=0,"",N(E27)/((E32+E31)/2))) | F29: =IF(COUNT(F31,F32)<2,"",IF((F32+F31)=0,"",N(F27)/((F32+F31)/2))) | G29: =IF(COUNT(G31,G32)<2,"",IF((G32+G31)=0,"",N(G27)/((G32+G31)/2))) | H29: =IF(COUNT(H31,H32)<2,"",IF((H32+H31)=0,"",N(H27)/((H32+H31)/2))) | I29: =IF(COUNT(I31,I32)<2,"",IF((I32+I31)=0,"",N(I27)/((I32+I31)/2))) | J29: =IF(COUNT(J31,J32)<2,"",IF((J32+J31)=0,"",N(J27)/((J32+J31)/2))) | ... M29: =IF(COUNT(M31,M32)<2,"",IF((M32+M31)=0,"",N(M27)/((M32+M31)/2))) | N29: ϝ
B30: Involuntary Turnover (%) | C30: =IF(COUNT(C31,C32)<2,"",IF((C32+C31)=0,"",N(C28)/((C32+C31)/2))) | D30: =IF(COUNT(D31,D32)<2,"",IF((D32+D31)=0,"",N(D28)/((D32+D31)/2))) | E30: =IF(COUNT(E31,E32)<2,"",IF((E32+E31)=0,"",N(E28)/((E32+E31)/2))) | F30: =IF(COUNT(F31,F32)<2,"",IF((F32+F31)=0,"",N(F28)/((F32+F31)/2))) | G30: =IF(COUNT(G31,G32)<2,"",IF((G32+G31)=0,"",N(G28)/((G32+G31)/2))) | H30: =IF(COUNT(H31,H32)<2,"",IF((H32+H31)=0,"",N(H28)/((H32+H31)/2))) | I30: =IF(COUNT(I31,I32)<2,"",IF((I32+I31)=0,"",N(I28)/((I32+I31)/2))) | J30: =IF(COUNT(J31,J32)<2,"",IF((J32+J31)=0,"",N(J28)/((J32+J31)/2))) | ... M30: =IF(COUNT(M31,M32)<2,"",IF((M32+M31)=0,"",N(M28)/((M32+M31)/2))) | N30: ϝ
B31: Headcount last Month | C31: =IF(JAN!C5="","",JAN!C5) | D31: =IF(JAN!D5="","",JAN!D5) | E31: =IF(JAN!E5="","",JAN!E5) | F31: =IF(JAN!F5="","",JAN!F5) | G31: =IF(JAN!G5="","",JAN!G5) | H31: =IF(JAN!H5="","",JAN!H5) | I31: =IF(JAN!I5="","",JAN!I5) | J31: =IF(JAN!J5="","",JAN!J5) | ... L31: =IF(JAN!L5="","",JAN!L5) | M31: =IF(COUNT(C31:L31)=0,"",SUM(C31:L31)) | N31: ∑
B32: Headcount this Month | C32: =IF(C5="","",C5) | D32: =IF(D5="","",D5) | E32: =IF(E5="","",E5) | F32: =IF(F5="","",F5) | G32: =IF(G5="","",G5) | H32: =IF(H5="","",H5) | I32: =IF(I5="","",I5) | J32: =IF(J5="","",J5) | ... L32: =IF(L5="","",L5) | M32: =IF(COUNT(C32:L32)=0,"",SUM(C32:L32)) | N32: ∑
B33: Full Turnover (%) | C33: =IF(COUNT(C31,C32)<2,"",IF((C32+C31)=0,"",N(C24)/((C32+C31)/2))) | D33: =IF(COUNT(D31,D32)<2,"",IF((D32+D31)=0,"",N(D24)/((D32+D31)/2))) | E33: =IF(COUNT(E31,E32)<2,"",IF((E32+E31)=0,"",N(E24)/((E32+E31)/2))) | F33: =IF(COUNT(F31,F32)<2,"",IF((F32+F31)=0,"",N(F24)/((F32+F31)/2))) | G33: =IF(COUNT(G31,G32)<2,"",IF((G32+G31)=0,"",N(G24)/((G32+G31)/2))) | H33: =IF(COUNT(H31,H32)<2,"",IF((H32+H31)=0,"",N(H24)/((H32+H31)/2))) | I33: =IF(COUNT(I31,I32)<2,"",IF((I32+I31)=0,"",N(I24)/((I32+I31)/2))) | J33: =IF(COUNT(J31,J32)<2,"",IF((J32+J31)=0,"",N(J24)/((J32+J31)/2))) | ... M33: =IF(COUNT(M31,M32)<2,"",IF((M32+M31)=0,"",N(M24)/((M32+M31)/2))) | N33: ϝ
B34: Permanent Vacancies | M34: =IF(COUNT(C34:L34)=0,"",SUM(C34:L34)) | N34: ∑
B35: Temporary Vacancies | M35: =IF(COUNT(C35:L35)=0,"",SUM(C35:L35)) | N35: ∑
B36: Total Vacancies | C36: =IF(COUNT(C34:C35)=0,"",SUM(C34:C35)) | D36: =IF(COUNT(D34:D35)=0,"",SUM(D34:D35)) | E36: =IF(COUNT(E34:E35)=0,"",SUM(E34:E35)) | F36: =IF(COUNT(F34:F35)=0,"",SUM(F34:F35)) | G36: =IF(COUNT(G34:G35)=0,"",SUM(G34:G35)) | H36: =IF(COUNT(H34:H35)=0,"",SUM(H34:H35)) | I36: =IF(COUNT(I34:I35)=0,"",SUM(I34:I35)) | J36: =IF(COUNT(J34:J35)=0,"",SUM(J34:J35)) | ... M36: =IF(COUNT(M34:M35)=0,"",SUM(M34:M35)) | N36: ϝ
B37: Authorized Positions | C37: =IF(COUNT(C5,C36)=0,"",N(C5)+N(C36)) | D37: =IF(COUNT(D5,D36)=0,"",N(D5)+N(D36)) | E37: =IF(COUNT(E5,E36)=0,"",N(E5)+N(E36)) | F37: =IF(COUNT(F5,F36)=0,"",N(F5)+N(F36)) | G37: =IF(COUNT(G5,G36)=0,"",N(G5)+N(G36)) | H37: =IF(COUNT(H5,H36)=0,"",N(H5)+N(H36)) | I37: =IF(COUNT(I5,I36)=0,"",N(I5)+N(I36)) | J37: =IF(COUNT(J5,J36)=0,"",N(J5)+N(J36)) | ... M37: =IF(COUNT(M5,M36)=0,"",N(M5)+N(M36)) | N37: ϝ
B38: Vacancy Rate (%) | C38: =IFERROR(C36/C37,"") | D38: =IFERROR(D36/D37,"") | E38: =IFERROR(E36/E37,"") | F38: =IFERROR(F36/F37,"") | G38: =IFERROR(G36/G37,"") | H38: =IFERROR(H36/H37,"") | I38: =IFERROR(I36/I37,"") | J38: =IFERROR(J36/J37,"") | ... M38: =IFERROR(M36/M37,"") | N38: ϝ
B39: Permanent TimeToHire (Days) YTD | C39: =IF('(Calloway_AUA)'!$AB$8="","",'(Calloway_AUA)'!$AB$8) | D39: =IF('(Airport_BRB)'!$AB$8="","",'(Airport_BRB)'!$AB$8) | E39: =IF('(GCG_BRB)'!$AB$8="","",'(GCG_BRB)'!$AB$8) | F39: =IF('(Ground_BRB)'!$AB$8="","",'(Ground_BRB)'!$AB$8) | G39: =IF('(GCG_CUR)'!$AB$8="","",'(GCG_CUR)'!$AB$8) | H39: =IF('(Events_CUR)'!$AB$8="","",'(Events_CUR)'!$AB$8) | I39: =IF('(GCG_SXM_Sky)'!$AB$8="","",'(GCG_SXM_Sky)'!$AB$8) | J39: =IF('(GCG_SXM_Airport)'!$AB$8="","",'(GCG_SXM_Airport)'!$AB$8) | K39: =IF('(Allied_TTO)'!$AB$8="","",'(Allied_TTO)'!$AB$8) | L39: =IF('(Katerserv_TTO)'!$AB$8="","",'(Katerserv_TTO)'!$AB$8) | M39: =IFERROR(AVERAGE(C39:L39),"") | N39: Avg
B40: Temporary TimeToHire (Days) YTD | C40: =IF('(Calloway_AUA)'!$AD$8="","",'(Calloway_AUA)'!$AD$8) | D40: =IF('(Airport_BRB)'!$AD$8="","",'(Airport_BRB)'!$AD$8) | E40: =IF('(GCG_BRB)'!$AD$8="","",'(GCG_BRB)'!$AD$8) | F40: =IF('(Ground_BRB)'!$AD$8="","",'(Ground_BRB)'!$AD$8) | G40: =IF('(GCG_CUR)'!$AD$8="","",'(GCG_CUR)'!$AD$8) | H40: =IF('(Events_CUR)'!$AD$8="","",'(Events_CUR)'!$AD$8) | I40: =IF('(GCG_SXM_Sky)'!$AD$8="","",'(GCG_SXM_Sky)'!$AD$8) | J40: =IF('(GCG_SXM_Airport)'!$AD$8="","",'(GCG_SXM_Airport)'!$AD$8) | K40: =IF('(Allied_TTO)'!$AD$8="","",'(Allied_TTO)'!$AD$8) | L40: =IF('(Katerserv_TTO)'!$AD$8="","",'(Katerserv_TTO)'!$AD$8) | M40: =IFERROR(AVERAGE(C40:L40),"") | N40: Avg
B41: Check-ins Rate Completed (%) | M41: =IFERROR(AVERAGE(C41:L41),"") | N41: Avg
B42: EE Objectives Completed (#) | M42: =IF(COUNT(C42:L42)=0,"",SUM(C42:L42)) | N42: ∑
B43: Non-certified Absent (Days Lost) | M43: =IF(COUNT(C43:L43)=0,"",SUM(C43:L43)) | N43: ∑
B44: Certified sick leave (Days Lost) | M44: =IF(COUNT(C44:L44)=0,"",SUM(C44:L44)) | N44: ∑
B45: Total Absences | C45: =IF(COUNT(C43:C44)=0,"",SUM(C43:C44)) | D45: =IF(COUNT(D43:D44)=0,"",SUM(D43:D44)) | E45: =IF(COUNT(E43:E44)=0,"",SUM(E43:E44)) | F45: =IF(COUNT(F43:F44)=0,"",SUM(F43:F44)) | G45: =IF(COUNT(G43:G44)=0,"",SUM(G43:G44)) | H45: =IF(COUNT(H43:H44)=0,"",SUM(H43:H44)) | I45: =IF(COUNT(I43:I44)=0,"",SUM(I43:I44)) | J45: =IF(COUNT(J43:J44)=0,"",SUM(J43:J44)) | ... M45: =IF(COUNT(M43:M44)=0,"",SUM(M43:M44)) | N45: ϝ
B46: Absent Rate Non-Certified (%) | C46: =IF('(Calloway_AUA)'!$G$8="","",'(Calloway_AUA)'!$G$8) | D46: =IF('(Airport_BRB)'!$G$8="","",'(Airport_BRB)'!$G$8) | E46: =IF('(GCG_BRB)'!$G$8="","",'(GCG_BRB)'!$G$8) | F46: =IF('(Ground_BRB)'!$G$8="","",'(Ground_BRB)'!$G$8) | G46: =IF('(GCG_CUR)'!$G$8="","",'(GCG_CUR)'!$G$8) | H46: =IF('(Events_CUR)'!$G$8="","",'(Events_CUR)'!$G$8) | I46: =IF('(GCG_SXM_Sky)'!$G$8="","",'(GCG_SXM_Sky)'!$G$8) | J46: =IF('(GCG_SXM_Airport)'!$G$8="","",'(GCG_SXM_Airport)'!$G$8) | K46: =IF('(Allied_TTO)'!$G$8="","",'(Allied_TTO)'!$G$8) | L46: =IF('(Katerserv_TTO)'!$G$8="","",'(Katerserv_TTO)'!$G$8) | M46: {=IF(COUNT(C46:L46)=0,"",IFERROR(SUMPRODUCT(IFERROR(C46:L46*((C3:L3)+(C4:L4)),0))/SUMPRODUCT(IFERROR(ISNUMBER(C46:L46)*((C3:L3)+(C4:L4)),0)),""))} | N46: Weighted
B47: Absent Rate Certified (%) | C47: =IF('(Calloway_AUA)'!$O$8="","",'(Calloway_AUA)'!$O$8) | D47: =IF('(Airport_BRB)'!$O$8="","",'(Airport_BRB)'!$O$8) | E47: =IF('(GCG_BRB)'!$O$8="","",'(GCG_BRB)'!$O$8) | F47: =IF('(Ground_BRB)'!$O$8="","",'(Ground_BRB)'!$O$8) | G47: =IF('(GCG_CUR)'!$O$8="","",'(GCG_CUR)'!$O$8) | H47: =IF('(Events_CUR)'!$O$8="","",'(Events_CUR)'!$O$8) | I47: =IF('(GCG_SXM_Sky)'!$O$8="","",'(GCG_SXM_Sky)'!$O$8) | J47: =IF('(GCG_SXM_Airport)'!$O$8="","",'(GCG_SXM_Airport)'!$O$8) | K47: =IF('(Allied_TTO)'!$O$8="","",'(Allied_TTO)'!$O$8) | L47: =IF('(Katerserv_TTO)'!$O$8="","",'(Katerserv_TTO)'!$O$8) | M47: {=IF(COUNT(C47:L47)=0,"",IFERROR(SUMPRODUCT(IFERROR(C47:L47*((C3:L3)+(C4:L4)),0))/SUMPRODUCT(IFERROR(ISNUMBER(C47:L47)*((C3:L3)+(C4:L4)),0)),""))} | N47: Weighted
B48: Absent Rate Total (%) | C48: =IF(COUNT(C46:C47)=0,"",SUM(C46:C47)) | D48: =IF(COUNT(D46:D47)=0,"",SUM(D46:D47)) | E48: =IF(COUNT(E46:E47)=0,"",SUM(E46:E47)) | F48: =IF(COUNT(F46:F47)=0,"",SUM(F46:F47)) | G48: =IF(COUNT(G46:G47)=0,"",SUM(G46:G47)) | H48: =IF(COUNT(H46:H47)=0,"",SUM(H46:H47)) | I48: =IF(COUNT(I46:I47)=0,"",SUM(I46:I47)) | J48: =IF(COUNT(J46:J47)=0,"",SUM(J46:J47)) | ... M48: =IF(COUNT(M46:M47)=0,"",SUM(M46:M47)) | N48: Weighted
B49: Weight factor | C49: =IFERROR(C5/$M5,"") | D49: =IFERROR(D5/$M5,"") | E49: =IFERROR(E5/$M5,"") | F49: =IFERROR(F5/$M5,"") | G49: =IFERROR(G5/$M5,"") | H49: =IFERROR(H5/$M5,"") | I49: =IFERROR(I5/$M5,"") | J49: =IFERROR(J5/$M5,"") | ... L49: =IFERROR(L5/$M5,"") | M49: =IF(COUNT(C49:L49)=0,"",SUM(C49:L49)) | N49: Weight Factor
B50: Leadership (Hours) | M50: =IF(COUNT(C50:L50)=0,"",SUM(C50:L50)) | N50: ∑
B51: Technical (Hours) | M51: =IF(COUNT(C51:L51)=0,"",SUM(C51:L51)) | N51: ∑
B52: Professional Develop. (Hours) | M52: =IF(COUNT(C52:L52)=0,"",SUM(C52:L52)) | N52: ∑
B53: HSSE (Hours) | M53: =IF(COUNT(C53:L53)=0,"",SUM(C53:L53)) | N53: ∑
B54: Workday (Hours) | M54: =IF(COUNT(C54:L54)=0,"",SUM(C54:L54)) | N54: ∑
B55: Total Training Hours | C55: =IF(COUNT(C50:C54)=0,"",SUM(C50:C54)) | D55: =IF(COUNT(D50:D54)=0,"",SUM(D50:D54)) | E55: =IF(COUNT(E50:E54)=0,"",SUM(E50:E54)) | F55: =IF(COUNT(F50:F54)=0,"",SUM(F50:F54)) | G55: =IF(COUNT(G50:G54)=0,"",SUM(G50:G54)) | H55: =IF(COUNT(H50:H54)=0,"",SUM(H50:H54)) | I55: =IF(COUNT(I50:I54)=0,"",SUM(I50:I54)) | J55: =IF(COUNT(J50:J54)=0,"",SUM(J50:J54)) | ... M55: =IF(COUNT(M50:M54)=0,"",SUM(M50:M54)) | N55: ϝ
B56: Total Trained (Staff) | M56: =IF(COUNT(C56:L56)=0,"",SUM(C56:L56)) | N56: ∑
B57: Training Programs (#) | M57: =IF(COUNT(C57:L57)=0,"",SUM(C57:L57)) | N57: ∑
B58: Training Cost (USD) | M58: =IF(COUNT(C58:L58)=0,"",SUM(C58:L58)) | N58: ∑
B59: Training Travel Cost (USD) | M59: =IF(COUNT(C59:L59)=0,"",SUM(C59:L59)) | N59: ∑
B60: Leadership Hours Trained (%) | C60: =IFERROR(C50/C$55,"") | D60: =IFERROR(D50/D$55,"") | E60: =IFERROR(E50/E$55,"") | F60: =IFERROR(F50/F$55,"") | G60: =IFERROR(G50/G$55,"") | H60: =IFERROR(H50/H$55,"") | I60: =IFERROR(I50/I$55,"") | J60: =IFERROR(J50/J$55,"") | ... M60: =IFERROR(M50/M$55,"") | N60: ϝ
B61: Technical Hours Trained (%) | C61: =IFERROR(C51/C$55,"") | D61: =IFERROR(D51/D$55,"") | E61: =IFERROR(E51/E$55,"") | F61: =IFERROR(F51/F$55,"") | G61: =IFERROR(G51/G$55,"") | H61: =IFERROR(H51/H$55,"") | I61: =IFERROR(I51/I$55,"") | J61: =IFERROR(J51/J$55,"") | ... M61: =IFERROR(M51/M$55,"") | N61: ϝ
B62: Profess. Dev. Hours Trained (%) | C62: =IFERROR(C52/C$55,"") | D62: =IFERROR(D52/D$55,"") | E62: =IFERROR(E52/E$55,"") | F62: =IFERROR(F52/F$55,"") | G62: =IFERROR(G52/G$55,"") | H62: =IFERROR(H52/H$55,"") | I62: =IFERROR(I52/I$55,"") | J62: =IFERROR(J52/J$55,"") | ... M62: =IFERROR(M52/M$55,"") | N62: ϝ
B63: HSSE Hours Trained (%) | C63: =IFERROR(C53/C$55,"") | D63: =IFERROR(D53/D$55,"") | E63: =IFERROR(E53/E$55,"") | F63: =IFERROR(F53/F$55,"") | G63: =IFERROR(G53/G$55,"") | H63: =IFERROR(H53/H$55,"") | I63: =IFERROR(I53/I$55,"") | J63: =IFERROR(J53/J$55,"") | ... M63: =IFERROR(M53/M$55,"") | N63: ϝ
B64: Workday Hours Trained (%) | C64: =IFERROR(C54/C$55,"") | D64: =IFERROR(D54/D$55,"") | E64: =IFERROR(E54/E$55,"") | F64: =IFERROR(F54/F$55,"") | G64: =IFERROR(G54/G$55,"") | H64: =IFERROR(H54/H$55,"") | I64: =IFERROR(I54/I$55,"") | J64: =IFERROR(J54/J$55,"") | ... M64: =IFERROR(M54/M$55,"") | N64: ϝ
B65: Staff Trained (%) | C65: =IFERROR(C56/C5,"") | D65: =IFERROR(D56/D5,"") | E65: =IFERROR(E56/E5,"") | F65: =IFERROR(F56/F5,"") | G65: =IFERROR(G56/G5,"") | H65: =IFERROR(H56/H5,"") | I65: =IFERROR(I56/I5,"") | J65: =IFERROR(J56/J5,"") | ... M65: =IFERROR(M56/M5,"") | N65: ϝ
B66: Training Hours / EE | C66: =IFERROR(C55/C5,"") | D66: =IFERROR(D55/D5,"") | E66: =IFERROR(E55/E5,"") | F66: =IFERROR(F55/F5,"") | G66: =IFERROR(G55/G5,"") | H66: =IFERROR(H55/H5,"") | I66: =IFERROR(I55/I5,"") | J66: =IFERROR(J55/J5,"") | ... M66: =IFERROR(M55/M5,"") | N66: ϝ
B67: Training Hours / EE Trained | C67: =IFERROR(C55/C56,"") | D67: =IFERROR(D55/D56,"") | E67: =IFERROR(E55/E56,"") | F67: =IFERROR(F55/F56,"") | G67: =IFERROR(G55/G56,"") | H67: =IFERROR(H55/H56,"") | I67: =IFERROR(I55/I56,"") | J67: =IFERROR(J55/J56,"") | ... M67: =IFERROR(M55/M56,"") | N67: ϝ
B68: Training Invest. / EE (USD) | C68: =IF(COUNT(C58:C59)=0,"",IFERROR((N(C58)+N(C59))/C5,"")) | D68: =IF(COUNT(D58:D59)=0,"",IFERROR((N(D58)+N(D59))/D5,"")) | E68: =IF(COUNT(E58:E59)=0,"",IFERROR((N(E58)+N(E59))/E5,"")) | F68: =IF(COUNT(F58:F59)=0,"",IFERROR((N(F58)+N(F59))/F5,"")) | G68: =IF(COUNT(G58:G59)=0,"",IFERROR((N(G58)+N(G59))/G5,"")) | H68: =IF(COUNT(H58:H59)=0,"",IFERROR((N(H58)+N(H59))/H5,"")) | I68: =IF(COUNT(I58:I59)=0,"",IFERROR((N(I58)+N(I59))/I5,"")) | J68: =IF(COUNT(J58:J59)=0,"",IFERROR((N(J58)+N(J59))/J5,"")) | ... M68: =IF(COUNT(M58:M59)=0,"",IFERROR((N(M58)+N(M59))/M5,"")) | N68: ϝ
B69: Training Invest. / EE Trained (USD) | C69: =IF(COUNT(C58:C59)=0,"",IFERROR((N(C58)+N(C59))/C56,"")) | D69: =IF(COUNT(D58:D59)=0,"",IFERROR((N(D58)+N(D59))/D56,"")) | E69: =IF(COUNT(E58:E59)=0,"",IFERROR((N(E58)+N(E59))/E56,"")) | F69: =IF(COUNT(F58:F59)=0,"",IFERROR((N(F58)+N(F59))/F56,"")) | G69: =IF(COUNT(G58:G59)=0,"",IFERROR((N(G58)+N(G59))/G56,"")) | H69: =IF(COUNT(H58:H59)=0,"",IFERROR((N(H58)+N(H59))/H56,"")) | I69: =IF(COUNT(I58:I59)=0,"",IFERROR((N(I58)+N(I59))/I56,"")) | J69: =IF(COUNT(J58:J59)=0,"",IFERROR((N(J58)+N(J59))/J56,"")) | ... M69: =IF(COUNT(M58:M59)=0,"",IFERROR((N(M58)+N(M59))/M56,"")) | N69: ϝ
B70: Input Cells Not Submitted | C70: =COUNTBLANK(C3:C4)+COUNTBLANK(C6:C10)+COUNTBLANK(C12:C13)+COUNTBLANK(C18:C20)+COUNTBLANK(C22:C23)+COUNTBLANK(C27:C28)+COUNTBLANK(C34:C35)+COUNTBLANK(C39:C44)+COUNTBLANK(C46:C47)+COUNTBLANK(C50:C54)+COUNTBLANK(C56:C59) | D70: =COUNTBLANK(D3:D4)+COUNTBLANK(D6:D10)+COUNTBLANK(D12:D13)+COUNTBLANK(D18:D20)+COUNTBLANK(D22:D23)+COUNTBLANK(D27:D28)+COUNTBLANK(D34:D35)+COUNTBLANK(D39:D44)+COUNTBLANK(D46:D47)+COUNTBLANK(D50:D54)+COUNTBLANK(D56:D59) | E70: =COUNTBLANK(E3:E4)+COUNTBLANK(E6:E10)+COUNTBLANK(E12:E13)+COUNTBLANK(E18:E20)+COUNTBLANK(E22:E23)+COUNTBLANK(E27:E28)+COUNTBLANK(E34:E35)+COUNTBLANK(E39:E44)+COUNTBLANK(E46:E47)+COUNTBLANK(E50:E54)+COUNTBLANK(E56:E59) | F70: =COUNTBLANK(F3:F4)+COUNTBLANK(F6:F10)+COUNTBLANK(F12:F13)+COUNTBLANK(F18:F20)+COUNTBLANK(F22:F23)+COUNTBLANK(F27:F28)+COUNTBLANK(F34:F35)+COUNTBLANK(F39:F44)+COUNTBLANK(F46:F47)+COUNTBLANK(F50:F54)+COUNTBLANK(F56:F59) | G70: =COUNTBLANK(G3:G4)+COUNTBLANK(G6:G10)+COUNTBLANK(G12:G13)+COUNTBLANK(G18:G20)+COUNTBLANK(G22:G23)+COUNTBLANK(G27:G28)+COUNTBLANK(G34:G35)+COUNTBLANK(G39:G44)+COUNTBLANK(G46:G47)+COUNTBLANK(G50:G54)+COUNTBLANK(G56:G59) | H70: =COUNTBLANK(H3:H4)+COUNTBLANK(H6:H10)+COUNTBLANK(H12:H13)+COUNTBLANK(H18:H20)+COUNTBLANK(H22:H23)+COUNTBLANK(H27:H28)+COUNTBLANK(H34:H35)+COUNTBLANK(H39:H44)+COUNTBLANK(H46:H47)+COUNTBLANK(H50:H54)+COUNTBLANK(H56:H59) | I70: =COUNTBLANK(I3:I4)+COUNTBLANK(I6:I10)+COUNTBLANK(I12:I13)+COUNTBLANK(I18:I20)+COUNTBLANK(I22:I23)+COUNTBLANK(I27:I28)+COUNTBLANK(I34:I35)+COUNTBLANK(I39:I44)+COUNTBLANK(I46:I47)+COUNTBLANK(I50:I54)+COUNTBLANK(I56:I59) | J70: =COUNTBLANK(J3:J4)+COUNTBLANK(J6:J10)+COUNTBLANK(J12:J13)+COUNTBLANK(J18:J20)+COUNTBLANK(J22:J23)+COUNTBLANK(J27:J28)+COUNTBLANK(J34:J35)+COUNTBLANK(J39:J44)+COUNTBLANK(J46:J47)+COUNTBLANK(J50:J54)+COUNTBLANK(J56:J59) | ... L70: =COUNTBLANK(L3:L4)+COUNTBLANK(L6:L10)+COUNTBLANK(L12:L13)+COUNTBLANK(L18:L20)+COUNTBLANK(L22:L23)+COUNTBLANK(L27:L28)+COUNTBLANK(L34:L35)+COUNTBLANK(L39:L44)+COUNTBLANK(L46:L47)+COUNTBLANK(L50:L54)+COUNTBLANK(L56:L59) | M70: =SUM(C70:L70) | N70: ∑

Sheet MAR
B1: GCG SOUTH CARIBBEAN | C1: 1015 | D1: 1004 | E1: 1063 | F1: 1160 | G1: 1073 | H1: 1042 | I1: 1084 | J1: 1049 | K1: 1005 | L1: 1115
A2: =VALUE(TEXT(EDATE(DATE(LEFT(FEB!A2,4),RIGHT(FEB!A2,2),1),1),"yyyymm")) | B2: MAR | C2: Calloway Aruba | D2: Airport Rest. Barbados | E2: GCG Barbados | F2: GCG Aviation Ground Barbados | G2: GCG Curacao | H2: GCG Events Curacao | I2: GCG Sint Maarten Sky Dining | J2: GCG Sint Maarten Airport Dining | K2: Allied Caterers Trinidad | L2: Katerserv Trinidad | M2: TOTAL | N2: Total by Division | O2: =N(O11)<>0
A3: =+A2 | B3: Permanent (Regular) Headcount | M3: =IF(COUNT(C3:L3)=0,"",SUM(C3:L3)) | N3: ∑
B4: Temporary (Fix Term) Headcount | M4: =IF(COUNT(C4:L4)=0,"",SUM(C4:L4)) | N4: ∑
B5: Employee Headcount (Productivity) | C5: =IF(COUNT(C3:C4)=0,"",SUM(C3:C4)) | D5: =IF(COUNT(D3:D4)=0,"",SUM(D3:D4)) | E5: =IF(COUNT(E3:E4)=0,"",SUM(E3:E4)) | F5: =IF(COUNT(F3:F4)=0,"",SUM(F3:F4)) | G5: =IF(COUNT(G3:G4)=0,"",SUM(G3:G4)) | H5: =IF(COUNT(H3:H4)=0,"",SUM(H3:H4)) | I5: =IF(COUNT(I3:I4)=0,"",SUM(I3:I4)) | J5: =IF(COUNT(J3:J4)=0,"",SUM(J3:J4)) | ... M5: =IF(COUNT(M3:M4)=0,"",SUM(M3:M4)) | N5: ϝ
B6: Headcount = 1.00 | M6: =IF(COUNT(C6:L6)=0,"",SUM(C6:L6)) | N6: ∑
B7: Headcount = 0.75 | M7: =IF(COUNT(C7:L7)=0,"",SUM(C7:L7)) | N7: ∑
B8: Headcount = 0.50 | M8: =IF(COUNT(C8:L8)=0,"",SUM(C8:L8)) | N8: ∑
B9: Headcount = 0.25 | M9: =IF(COUNT(C9:L9)=0,"",SUM(C9:L9)) | N9: ∑
B10: Standard Monthly Hours (FTE basis) | M10: =IFERROR(AVERAGE(C10:L10),"") | N10: Avg
B11: Employee FTE (Finance) | C11: =IF(COUNT(C6:C9)=0,"",N(C6)+N(C7)*0.75+N(C8)*0.5+N(C9)*0.25) | D11: =IF(COUNT(D6:D9)=0,"",N(D6)+N(D7)*0.75+N(D8)*0.5+N(D9)*0.25) | E11: =IF(COUNT(E6:E9)=0,"",N(E6)+N(E7)*0.75+N(E8)*0.5+N(E9)*0.25) | F11: =IF(COUNT(F6:F9)=0,"",N(F6)+N(F7)*0.75+N(F8)*0.5+N(F9)*0.25) | G11: =IF(COUNT(G6:G9)=0,"",N(G6)+N(G7)*0.75+N(G8)*0.5+N(G9)*0.25) | H11: =IF(COUNT(H6:H9)=0,"",N(H6)+N(H7)*0.75+N(H8)*0.5+N(H9)*0.25) | I11: =IF(COUNT(I6:I9)=0,"",N(I6)+N(I7)*0.75+N(I8)*0.5+N(I9)*0.25) | J11: =IF(COUNT(J6:J9)=0,"",N(J6)+N(J7)*0.75+N(J8)*0.5+N(J9)*0.25) | ... M11: =IF(COUNT(M6:M9)=0,"",N(M6)+N(M7)*0.75+N(M8)*0.5+N(M9)*0.25) | N11: FTE | O11: =IF(COUNT(M5:M9)=0,"",N(M6)+N(M7)+N(M8)+N(M9)-N(M5))
B12: Subcontracted Workforce HC | M12: =IF(COUNT(C12:L12)=0,"",SUM(C12:L12)) | N12: ∑
B13: Subcontracted Productive Hours | M13: =IF(COUNT(C13:L13)=0,"",SUM(C13:L13)) | N13: ∑
B14: Subcontracted FTE | C14: =IFERROR(C13/C10,"") | D14: =IFERROR(D13/D10,"") | E14: =IFERROR(E13/E10,"") | F14: =IFERROR(F13/F10,"") | G14: =IFERROR(G13/G10,"") | H14: =IFERROR(H13/H10,"") | I14: =IFERROR(I13/I10,"") | J14: =IFERROR(J13/J10,"") | ... L14: =IFERROR(L13/L10,"") | M14: =IF(COUNT(C14:L14)=0,"",SUM(C14:L14)) | N14: FTE
B15: Total Operational Workforce | C15: =IF(COUNT(C5,C12)=0,"",SUM(C5,C12)) | D15: =IF(COUNT(D5,D12)=0,"",SUM(D5,D12)) | E15: =IF(COUNT(E5,E12)=0,"",SUM(E5,E12)) | F15: =IF(COUNT(F5,F12)=0,"",SUM(F5,F12)) | G15: =IF(COUNT(G5,G12)=0,"",SUM(G5,G12)) | H15: =IF(COUNT(H5,H12)=0,"",SUM(H5,H12)) | I15: =IF(COUNT(I5,I12)=0,"",SUM(I5,I12)) | J15: =IF(COUNT(J5,J12)=0,"",SUM(J5,J12)) | ... M15: =IF(COUNT(M5,M12)=0,"",SUM(M5,M12)) | N15: ϝ
B16: Total Operational FTE | C16: =IF(COUNT(C11,C14)=0,"",SUM(C11,C14)) | D16: =IF(COUNT(D11,D14)=0,"",SUM(D11,D14)) | E16: =IF(COUNT(E11,E14)=0,"",SUM(E11,E14)) | F16: =IF(COUNT(F11,F14)=0,"",SUM(F11,F14)) | G16: =IF(COUNT(G11,G14)=0,"",SUM(G11,G14)) | H16: =IF(COUNT(H11,H14)=0,"",SUM(H11,H14)) | I16: =IF(COUNT(I11,I14)=0,"",SUM(I11,I14)) | J16: =IF(COUNT(J11,J14)=0,"",SUM(J11,J14)) | ... M16: =IF(COUNT(M11,M14)=0,"",SUM(M11,M14)) | N16: FTE
B17: Subcontracted Share of Workforce (%) | C17: =IFERROR(C12/C15,"") | D17: =IFERROR(D12/D15,"") | E17: =IFERROR(E12/E15,"") | F17: =IFERROR(F12/F15,"") | G17: =IFERROR(G12/G15,"") | H17: =IFERROR(H12/H15,"") | I17: =IFERROR(I12/I15,"") | J17: =IFERROR(J12/J15,"") | ... M17: =IFERROR(M12/M15,"") | N17: ϝ
B18: FTE HR Team | M18: =IF(COUNT(C18:L18)=0,"",SUM(C18:L18)) | N18: ∑
B19: Permanent Hires | M19: =IF(COUNT(C19:L19)=0,"",SUM(C19:L19)) | N19: ∑
B20: Temporary Hires | M20: =IF(COUNT(C20:L20)=0,"",SUM(C20:L20)) | N20: ∑
B21: Total Hires | C21: =IF(COUNT(C19:C20)=0,"",SUM(C19:C20)) | D21: =IF(COUNT(D19:D20)=0,"",SUM(D19:D20)) | E21: =IF(COUNT(E19:E20)=0,"",SUM(E19:E20)) | F21: =IF(COUNT(F19:F20)=0,"",SUM(F19:F20)) | G21: =IF(COUNT(G19:G20)=0,"",SUM(G19:G20)) | H21: =IF(COUNT(H19:H20)=0,"",SUM(H19:H20)) | I21: =IF(COUNT(I19:I20)=0,"",SUM(I19:I20)) | J21: =IF(COUNT(J19:J20)=0,"",SUM(J19:J20)) | ... M21: =IF(COUNT(M19:M20)=0,"",SUM(M19:M20)) | N21: ϝ
B22: Permanent Exits | M22: =IF(COUNT(C22:L22)=0,"",SUM(C22:L22)) | N22: ∑
B23: Temporary Exits | M23: =IF(COUNT(C23:L23)=0,"",SUM(C23:L23)) | N23: ∑
B24: Total Exits | C24: =IF(COUNT(C22:C23)=0,"",SUM(C22:C23)) | D24: =IF(COUNT(D22:D23)=0,"",SUM(D22:D23)) | E24: =IF(COUNT(E22:E23)=0,"",SUM(E22:E23)) | F24: =IF(COUNT(F22:F23)=0,"",SUM(F22:F23)) | G24: =IF(COUNT(G22:G23)=0,"",SUM(G22:G23)) | H24: =IF(COUNT(H22:H23)=0,"",SUM(H22:H23)) | I24: =IF(COUNT(I22:I23)=0,"",SUM(I22:I23)) | J24: =IF(COUNT(J22:J23)=0,"",SUM(J22:J23)) | ... M24: =IF(COUNT(M22:M23)=0,"",SUM(M22:M23)) | N24: ϝ
B25: Permanent Turnover (%) | C25: =IF(COUNT(C31,C32)<2,"",IF((C32+C31)=0,"",N(C22)/((C32+C31)/2))) | D25: =IF(COUNT(D31,D32)<2,"",IF((D32+D31)=0,"",N(D22)/((D32+D31)/2))) | E25: =IF(COUNT(E31,E32)<2,"",IF((E32+E31)=0,"",N(E22)/((E32+E31)/2))) | F25: =IF(COUNT(F31,F32)<2,"",IF((F32+F31)=0,"",N(F22)/((F32+F31)/2))) | G25: =IF(COUNT(G31,G32)<2,"",IF((G32+G31)=0,"",N(G22)/((G32+G31)/2))) | H25: =IF(COUNT(H31,H32)<2,"",IF((H32+H31)=0,"",N(H22)/((H32+H31)/2))) | I25: =IF(COUNT(I31,I32)<2,"",IF((I32+I31)=0,"",N(I22)/((I32+I31)/2))) | J25: =IF(COUNT(J31,J32)<2,"",IF((J32+J31)=0,"",N(J22)/((J32+J31)/2))) | ... M25: =IF(COUNT(M31,M32)<2,"",IF((M32+M31)=0,"",N(M22)/((M32+M31)/2))) | N25: ϝ
B26: Temporary Turnover (%) | C26: =IF(COUNT(C31,C32)<2,"",IF((C32+C31)=0,"",N(C23)/((C32+C31)/2))) | D26: =IF(COUNT(D31,D32)<2,"",IF((D32+D31)=0,"",N(D23)/((D32+D31)/2))) | E26: =IF(COUNT(E31,E32)<2,"",IF((E32+E31)=0,"",N(E23)/((E32+E31)/2))) | F26: =IF(COUNT(F31,F32)<2,"",IF((F32+F31)=0,"",N(F23)/((F32+F31)/2))) | G26: =IF(COUNT(G31,G32)<2,"",IF((G32+G31)=0,"",N(G23)/((G32+G31)/2))) | H26: =IF(COUNT(H31,H32)<2,"",IF((H32+H31)=0,"",N(H23)/((H32+H31)/2))) | I26: =IF(COUNT(I31,I32)<2,"",IF((I32+I31)=0,"",N(I23)/((I32+I31)/2))) | J26: =IF(COUNT(J31,J32)<2,"",IF((J32+J31)=0,"",N(J23)/((J32+J31)/2))) | ... M26: =IF(COUNT(M31,M32)<2,"",IF((M32+M31)=0,"",N(M23)/((M32+M31)/2))) | N26: ϝ
B27: Voluntary Terminations | M27: =IF(COUNT(C27:L27)=0,"",SUM(C27:L27)) | N27: ∑
B28: Involuntary Terminations | M28: =IF(COUNT(C28:L28)=0,"",SUM(C28:L28)) | N28: ∑
B29: Voluntary Turnover (%) | C29: =IF(COUNT(C31,C32)<2,"",IF((C32+C31)=0,"",N(C27)/((C32+C31)/2))) | D29: =IF(COUNT(D31,D32)<2,"",IF((D32+D31)=0,"",N(D27)/((D32+D31)/2))) | E29: =IF(COUNT(E31,E32)<2,"",IF((E32+E31)=0,"",N(E27)/((E32+E31)/2))) | F29: =IF(COUNT(F31,F32)<2,"",IF((F32+F31)=0,"",N(F27)/((F32+F31)/2))) | G29: =IF(COUNT(G31,G32)<2,"",IF((G32+G31)=0,"",N(G27)/((G32+G31)/2))) | H29: =IF(COUNT(H31,H32)<2,"",IF((H32+H31)=0,"",N(H27)/((H32+H31)/2))) | I29: =IF(COUNT(I31,I32)<2,"",IF((I32+I31)=0,"",N(I27)/((I32+I31)/2))) | J29: =IF(COUNT(J31,J32)<2,"",IF((J32+J31)=0,"",N(J27)/((J32+J31)/2))) | ... M29: =IF(COUNT(M31,M32)<2,"",IF((M32+M31)=0,"",N(M27)/((M32+M31)/2))) | N29: ϝ
B30: Involuntary Turnover (%) | C30: =IF(COUNT(C31,C32)<2,"",IF((C32+C31)=0,"",N(C28)/((C32+C31)/2))) | D30: =IF(COUNT(D31,D32)<2,"",IF((D32+D31)=0,"",N(D28)/((D32+D31)/2))) | E30: =IF(COUNT(E31,E32)<2,"",IF((E32+E31)=0,"",N(E28)/((E32+E31)/2))) | F30: =IF(COUNT(F31,F32)<2,"",IF((F32+F31)=0,"",N(F28)/((F32+F31)/2))) | G30: =IF(COUNT(G31,G32)<2,"",IF((G32+G31)=0,"",N(G28)/((G32+G31)/2))) | H30: =IF(COUNT(H31,H32)<2,"",IF((H32+H31)=0,"",N(H28)/((H32+H31)/2))) | I30: =IF(COUNT(I31,I32)<2,"",IF((I32+I31)=0,"",N(I28)/((I32+I31)/2))) | J30: =IF(COUNT(J31,J32)<2,"",IF((J32+J31)=0,"",N(J28)/((J32+J31)/2))) | ... M30: =IF(COUNT(M31,M32)<2,"",IF((M32+M31)=0,"",N(M28)/((M32+M31)/2))) | N30: ϝ
B31: Headcount last Month | C31: =IF(FEB!C5="","",FEB!C5) | D31: =IF(FEB!D5="","",FEB!D5) | E31: =IF(FEB!E5="","",FEB!E5) | F31: =IF(FEB!F5="","",FEB!F5) | G31: =IF(FEB!G5="","",FEB!G5) | H31: =IF(FEB!H5="","",FEB!H5) | I31: =IF(FEB!I5="","",FEB!I5) | J31: =IF(FEB!J5="","",FEB!J5) | ... L31: =IF(FEB!L5="","",FEB!L5) | M31: =IF(COUNT(C31:L31)=0,"",SUM(C31:L31)) | N31: ∑
B32: Headcount this Month | C32: =IF(C5="","",C5) | D32: =IF(D5="","",D5) | E32: =IF(E5="","",E5) | F32: =IF(F5="","",F5) | G32: =IF(G5="","",G5) | H32: =IF(H5="","",H5) | I32: =IF(I5="","",I5) | J32: =IF(J5="","",J5) | ... L32: =IF(L5="","",L5) | M32: =IF(COUNT(C32:L32)=0,"",SUM(C32:L32)) | N32: ∑
B33: Full Turnover (%) | C33: =IF(COUNT(C31,C32)<2,"",IF((C32+C31)=0,"",N(C24)/((C32+C31)/2))) | D33: =IF(COUNT(D31,D32)<2,"",IF((D32+D31)=0,"",N(D24)/((D32+D31)/2))) | E33: =IF(COUNT(E31,E32)<2,"",IF((E32+E31)=0,"",N(E24)/((E32+E31)/2))) | F33: =IF(COUNT(F31,F32)<2,"",IF((F32+F31)=0,"",N(F24)/((F32+F31)/2))) | G33: =IF(COUNT(G31,G32)<2,"",IF((G32+G31)=0,"",N(G24)/((G32+G31)/2))) | H33: =IF(COUNT(H31,H32)<2,"",IF((H32+H31)=0,"",N(H24)/((H32+H31)/2))) | I33: =IF(COUNT(I31,I32)<2,"",IF((I32+I31)=0,"",N(I24)/((I32+I31)/2))) | J33: =IF(COUNT(J31,J32)<2,"",IF((J32+J31)=0,"",N(J24)/((J32+J31)/2))) | ... M33: =IF(COUNT(M31,M32)<2,"",IF((M32+M31)=0,"",N(M24)/((M32+M31)/2))) | N33: ϝ
B34: Permanent Vacancies | M34: =IF(COUNT(C34:L34)=0,"",SUM(C34:L34)) | N34: ∑
B35: Temporary Vacancies | M35: =IF(COUNT(C35:L35)=0,"",SUM(C35:L35)) | N35: ∑
B36: Total Vacancies | C36: =IF(COUNT(C34:C35)=0,"",SUM(C34:C35)) | D36: =IF(COUNT(D34:D35)=0,"",SUM(D34:D35)) | E36: =IF(COUNT(E34:E35)=0,"",SUM(E34:E35)) | F36: =IF(COUNT(F34:F35)=0,"",SUM(F34:F35)) | G36: =IF(COUNT(G34:G35)=0,"",SUM(G34:G35)) | H36: =IF(COUNT(H34:H35)=0,"",SUM(H34:H35)) | I36: =IF(COUNT(I34:I35)=0,"",SUM(I34:I35)) | J36: =IF(COUNT(J34:J35)=0,"",SUM(J34:J35)) | ... M36: =IF(COUNT(M34:M35)=0,"",SUM(M34:M35)) | N36: ϝ
B37: Authorized Positions | C37: =IF(COUNT(C5,C36)=0,"",N(C5)+N(C36)) | D37: =IF(COUNT(D5,D36)=0,"",N(D5)+N(D36)) | E37: =IF(COUNT(E5,E36)=0,"",N(E5)+N(E36)) | F37: =IF(COUNT(F5,F36)=0,"",N(F5)+N(F36)) | G37: =IF(COUNT(G5,G36)=0,"",N(G5)+N(G36)) | H37: =IF(COUNT(H5,H36)=0,"",N(H5)+N(H36)) | I37: =IF(COUNT(I5,I36)=0,"",N(I5)+N(I36)) | J37: =IF(COUNT(J5,J36)=0,"",N(J5)+N(J36)) | ... M37: =IF(COUNT(M5,M36)=0,"",N(M5)+N(M36)) | N37: ϝ
B38: Vacancy Rate (%) | C38: =IFERROR(C36/C37,"") | D38: =IFERROR(D36/D37,"") | E38: =IFERROR(E36/E37,"") | F38: =IFERROR(F36/F37,"") | G38: =IFERROR(G36/G37,"") | H38: =IFERROR(H36/H37,"") | I38: =IFERROR(I36/I37,"") | J38: =IFERROR(J36/J37,"") | ... M38: =IFERROR(M36/M37,"") | N38: ϝ
B39: Permanent TimeToHire (Days) YTD | C39: =IF('(Calloway_AUA)'!$AB$9="","",'(Calloway_AUA)'!$AB$9) | D39: =IF('(Airport_BRB)'!$AB$9="","",'(Airport_BRB)'!$AB$9) | E39: =IF('(GCG_BRB)'!$AB$9="","",'(GCG_BRB)'!$AB$9) | F39: =IF('(Ground_BRB)'!$AB$9="","",'(Ground_BRB)'!$AB$9) | G39: =IF('(GCG_CUR)'!$AB$9="","",'(GCG_CUR)'!$AB$9) | H39: =IF('(Events_CUR)'!$AB$9="","",'(Events_CUR)'!$AB$9) | I39: =IF('(GCG_SXM_Sky)'!$AB$9="","",'(GCG_SXM_Sky)'!$AB$9) | J39: =IF('(GCG_SXM_Airport)'!$AB$9="","",'(GCG_SXM_Airport)'!$AB$9) | K39: =IF('(Allied_TTO)'!$AB$9="","",'(Allied_TTO)'!$AB$9) | L39: =IF('(Katerserv_TTO)'!$AB$9="","",'(Katerserv_TTO)'!$AB$9) | M39: =IFERROR(AVERAGE(C39:L39),"") | N39: Avg
B40: Temporary TimeToHire (Days) YTD | C40: =IF('(Calloway_AUA)'!$AD$9="","",'(Calloway_AUA)'!$AD$9) | D40: =IF('(Airport_BRB)'!$AD$9="","",'(Airport_BRB)'!$AD$9) | E40: =IF('(GCG_BRB)'!$AD$9="","",'(GCG_BRB)'!$AD$9) | F40: =IF('(Ground_BRB)'!$AD$9="","",'(Ground_BRB)'!$AD$9) | G40: =IF('(GCG_CUR)'!$AD$9="","",'(GCG_CUR)'!$AD$9) | H40: =IF('(Events_CUR)'!$AD$9="","",'(Events_CUR)'!$AD$9) | I40: =IF('(GCG_SXM_Sky)'!$AD$9="","",'(GCG_SXM_Sky)'!$AD$9) | J40: =IF('(GCG_SXM_Airport)'!$AD$9="","",'(GCG_SXM_Airport)'!$AD$9) | K40: =IF('(Allied_TTO)'!$AD$9="","",'(Allied_TTO)'!$AD$9) | L40: =IF('(Katerserv_TTO)'!$AD$9="","",'(Katerserv_TTO)'!$AD$9) | M40: =IFERROR(AVERAGE(C40:L40),"") | N40: Avg
B41: Check-ins Rate Completed (%) | M41: =IFERROR(AVERAGE(C41:L41),"") | N41: Avg
B42: EE Objectives Completed (#) | M42: =IF(COUNT(C42:L42)=0,"",SUM(C42:L42)) | N42: ∑
B43: Non-certified Absent (Days Lost) | M43: =IF(COUNT(C43:L43)=0,"",SUM(C43:L43)) | N43: ∑
B44: Certified sick leave (Days Lost) | M44: =IF(COUNT(C44:L44)=0,"",SUM(C44:L44)) | N44: ∑
B45: Total Absences | C45: =IF(COUNT(C43:C44)=0,"",SUM(C43:C44)) | D45: =IF(COUNT(D43:D44)=0,"",SUM(D43:D44)) | E45: =IF(COUNT(E43:E44)=0,"",SUM(E43:E44)) | F45: =IF(COUNT(F43:F44)=0,"",SUM(F43:F44)) | G45: =IF(COUNT(G43:G44)=0,"",SUM(G43:G44)) | H45: =IF(COUNT(H43:H44)=0,"",SUM(H43:H44)) | I45: =IF(COUNT(I43:I44)=0,"",SUM(I43:I44)) | J45: =IF(COUNT(J43:J44)=0,"",SUM(J43:J44)) | ... M45: =IF(COUNT(M43:M44)=0,"",SUM(M43:M44)) | N45: ϝ
B46: Absent Rate Non-Certified (%) | C46: =IF('(Calloway_AUA)'!$G$9="","",'(Calloway_AUA)'!$G$9) | D46: =IF('(Airport_BRB)'!$G$9="","",'(Airport_BRB)'!$G$9) | E46: =IF('(GCG_BRB)'!$G$9="","",'(GCG_BRB)'!$G$9) | F46: =IF('(Ground_BRB)'!$G$9="","",'(Ground_BRB)'!$G$9) | G46: =IF('(GCG_CUR)'!$G$9="","",'(GCG_CUR)'!$G$9) | H46: =IF('(Events_CUR)'!$G$9="","",'(Events_CUR)'!$G$9) | I46: =IF('(GCG_SXM_Sky)'!$G$9="","",'(GCG_SXM_Sky)'!$G$9) | J46: =IF('(GCG_SXM_Airport)'!$G$9="","",'(GCG_SXM_Airport)'!$G$9) | K46: =IF('(Allied_TTO)'!$G$9="","",'(Allied_TTO)'!$G$9) | L46: =IF('(Katerserv_TTO)'!$G$9="","",'(Katerserv_TTO)'!$G$9) | M46: {=IF(COUNT(C46:L46)=0,"",IFERROR(SUMPRODUCT(IFERROR(C46:L46*((C3:L3)+(C4:L4)),0))/SUMPRODUCT(IFERROR(ISNUMBER(C46:L46)*((C3:L3)+(C4:L4)),0)),""))} | N46: Weighted
B47: Absent Rate Certified (%) | C47: =IF('(Calloway_AUA)'!$O$9="","",'(Calloway_AUA)'!$O$9) | D47: =IF('(Airport_BRB)'!$O$9="","",'(Airport_BRB)'!$O$9) | E47: =IF('(GCG_BRB)'!$O$9="","",'(GCG_BRB)'!$O$9) | F47: =IF('(Ground_BRB)'!$O$9="","",'(Ground_BRB)'!$O$9) | G47: =IF('(GCG_CUR)'!$O$9="","",'(GCG_CUR)'!$O$9) | H47: =IF('(Events_CUR)'!$O$9="","",'(Events_CUR)'!$O$9) | I47: =IF('(GCG_SXM_Sky)'!$O$9="","",'(GCG_SXM_Sky)'!$O$9) | J47: =IF('(GCG_SXM_Airport)'!$O$9="","",'(GCG_SXM_Airport)'!$O$9) | K47: =IF('(Allied_TTO)'!$O$9="","",'(Allied_TTO)'!$O$9) | L47: =IF('(Katerserv_TTO)'!$O$9="","",'(Katerserv_TTO)'!$O$9) | M47: {=IF(COUNT(C47:L47)=0,"",IFERROR(SUMPRODUCT(IFERROR(C47:L47*((C3:L3)+(C4:L4)),0))/SUMPRODUCT(IFERROR(ISNUMBER(C47:L47)*((C3:L3)+(C4:L4)),0)),""))} | N47: Weighted
B48: Absent Rate Total (%) | C48: =IF(COUNT(C46:C47)=0,"",SUM(C46:C47)) | D48: =IF(COUNT(D46:D47)=0,"",SUM(D46:D47)) | E48: =IF(COUNT(E46:E47)=0,"",SUM(E46:E47)) | F48: =IF(COUNT(F46:F47)=0,"",SUM(F46:F47)) | G48: =IF(COUNT(G46:G47)=0,"",SUM(G46:G47)) | H48: =IF(COUNT(H46:H47)=0,"",SUM(H46:H47)) | I48: =IF(COUNT(I46:I47)=0,"",SUM(I46:I47)) | J48: =IF(COUNT(J46:J47)=0,"",SUM(J46:J47)) | ... M48: =IF(COUNT(M46:M47)=0,"",SUM(M46:M47)) | N48: Weighted
B49: Weight factor | C49: =IFERROR(C5/$M5,"") | D49: =IFERROR(D5/$M5,"") | E49: =IFERROR(E5/$M5,"") | F49: =IFERROR(F5/$M5,"") | G49: =IFERROR(G5/$M5,"") | H49: =IFERROR(H5/$M5,"") | I49: =IFERROR(I5/$M5,"") | J49: =IFERROR(J5/$M5,"") | ... L49: =IFERROR(L5/$M5,"") | M49: =IF(COUNT(C49:L49)=0,"",SUM(C49:L49)) | N49: Weight Factor
B50: Leadership (Hours) | M50: =IF(COUNT(C50:L50)=0,"",SUM(C50:L50)) | N50: ∑
B51: Technical (Hours) | M51: =IF(COUNT(C51:L51)=0,"",SUM(C51:L51)) | N51: ∑
B52: Professional Develop. (Hours) | M52: =IF(COUNT(C52:L52)=0,"",SUM(C52:L52)) | N52: ∑
B53: HSSE (Hours) | M53: =IF(COUNT(C53:L53)=0,"",SUM(C53:L53)) | N53: ∑
B54: Workday (Hours) | M54: =IF(COUNT(C54:L54)=0,"",SUM(C54:L54)) | N54: ∑
B55: Total Training Hours | C55: =IF(COUNT(C50:C54)=0,"",SUM(C50:C54)) | D55: =IF(COUNT(D50:D54)=0,"",SUM(D50:D54)) | E55: =IF(COUNT(E50:E54)=0,"",SUM(E50:E54)) | F55: =IF(COUNT(F50:F54)=0,"",SUM(F50:F54)) | G55: =IF(COUNT(G50:G54)=0,"",SUM(G50:G54)) | H55: =IF(COUNT(H50:H54)=0,"",SUM(H50:H54)) | I55: =IF(COUNT(I50:I54)=0,"",SUM(I50:I54)) | J55: =IF(COUNT(J50:J54)=0,"",SUM(J50:J54)) | ... M55: =IF(COUNT(M50:M54)=0,"",SUM(M50:M54)) | N55: ϝ
B56: Total Trained (Staff) | M56: =IF(COUNT(C56:L56)=0,"",SUM(C56:L56)) | N56: ∑
B57: Training Programs (#) | M57: =IF(COUNT(C57:L57)=0,"",SUM(C57:L57)) | N57: ∑
B58: Training Cost (USD) | M58: =IF(COUNT(C58:L58)=0,"",SUM(C58:L58)) | N58: ∑
B59: Training Travel Cost (USD) | M59: =IF(COUNT(C59:L59)=0,"",SUM(C59:L59)) | N59: ∑
B60: Leadership Hours Trained (%) | C60: =IFERROR(C50/C$55,"") | D60: =IFERROR(D50/D$55,"") | E60: =IFERROR(E50/E$55,"") | F60: =IFERROR(F50/F$55,"") | G60: =IFERROR(G50/G$55,"") | H60: =IFERROR(H50/H$55,"") | I60: =IFERROR(I50/I$55,"") | J60: =IFERROR(J50/J$55,"") | ... M60: =IFERROR(M50/M$55,"") | N60: ϝ
B61: Technical Hours Trained (%) | C61: =IFERROR(C51/C$55,"") | D61: =IFERROR(D51/D$55,"") | E61: =IFERROR(E51/E$55,"") | F61: =IFERROR(F51/F$55,"") | G61: =IFERROR(G51/G$55,"") | H61: =IFERROR(H51/H$55,"") | I61: =IFERROR(I51/I$55,"") | J61: =IFERROR(J51/J$55,"") | ... M61: =IFERROR(M51/M$55,"") | N61: ϝ
B62: Profess. Dev. Hours Trained (%) | C62: =IFERROR(C52/C$55,"") | D62: =IFERROR(D52/D$55,"") | E62: =IFERROR(E52/E$55,"") | F62: =IFERROR(F52/F$55,"") | G62: =IFERROR(G52/G$55,"") | H62: =IFERROR(H52/H$55,"") | I62: =IFERROR(I52/I$55,"") | J62: =IFERROR(J52/J$55,"") | ... M62: =IFERROR(M52/M$55,"") | N62: ϝ
B63: HSSE Hours Trained (%) | C63: =IFERROR(C53/C$55,"") | D63: =IFERROR(D53/D$55,"") | E63: =IFERROR(E53/E$55,"") | F63: =IFERROR(F53/F$55,"") | G63: =IFERROR(G53/G$55,"") | H63: =IFERROR(H53/H$55,"") | I63: =IFERROR(I53/I$55,"") | J63: =IFERROR(J53/J$55,"") | ... M63: =IFERROR(M53/M$55,"") | N63: ϝ
B64: Workday Hours Trained (%) | C64: =IFERROR(C54/C$55,"") | D64: =IFERROR(D54/D$55,"") | E64: =IFERROR(E54/E$55,"") | F64: =IFERROR(F54/F$55,"") | G64: =IFERROR(G54/G$55,"") | H64: =IFERROR(H54/H$55,"") | I64: =IFERROR(I54/I$55,"") | J64: =IFERROR(J54/J$55,"") | ... M64: =IFERROR(M54/M$55,"") | N64: ϝ
B65: Staff Trained (%) | C65: =IFERROR(C56/C5,"") | D65: =IFERROR(D56/D5,"") | E65: =IFERROR(E56/E5,"") | F65: =IFERROR(F56/F5,"") | G65: =IFERROR(G56/G5,"") | H65: =IFERROR(H56/H5,"") | I65: =IFERROR(I56/I5,"") | J65: =IFERROR(J56/J5,"") | ... M65: =IFERROR(M56/M5,"") | N65: ϝ
B66: Training Hours / EE | C66: =IFERROR(C55/C5,"") | D66: =IFERROR(D55/D5,"") | E66: =IFERROR(E55/E5,"") | F66: =IFERROR(F55/F5,"") | G66: =IFERROR(G55/G5,"") | H66: =IFERROR(H55/H5,"") | I66: =IFERROR(I55/I5,"") | J66: =IFERROR(J55/J5,"") | ... M66: =IFERROR(M55/M5,"") | N66: ϝ
B67: Training Hours / EE Trained | C67: =IFERROR(C55/C56,"") | D67: =IFERROR(D55/D56,"") | E67: =IFERROR(E55/E56,"") | F67: =IFERROR(F55/F56,"") | G67: =IFERROR(G55/G56,"") | H67: =IFERROR(H55/H56,"") | I67: =IFERROR(I55/I56,"") | J67: =IFERROR(J55/J56,"") | ... M67: =IFERROR(M55/M56,"") | N67: ϝ
B68: Training Invest. / EE (USD) | C68: =IF(COUNT(C58:C59)=0,"",IFERROR((N(C58)+N(C59))/C5,"")) | D68: =IF(COUNT(D58:D59)=0,"",IFERROR((N(D58)+N(D59))/D5,"")) | E68: =IF(COUNT(E58:E59)=0,"",IFERROR((N(E58)+N(E59))/E5,"")) | F68: =IF(COUNT(F58:F59)=0,"",IFERROR((N(F58)+N(F59))/F5,"")) | G68: =IF(COUNT(G58:G59)=0,"",IFERROR((N(G58)+N(G59))/G5,"")) | H68: =IF(COUNT(H58:H59)=0,"",IFERROR((N(H58)+N(H59))/H5,"")) | I68: =IF(COUNT(I58:I59)=0,"",IFERROR((N(I58)+N(I59))/I5,"")) | J68: =IF(COUNT(J58:J59)=0,"",IFERROR((N(J58)+N(J59))/J5,"")) | ... M68: =IF(COUNT(M58:M59)=0,"",IFERROR((N(M58)+N(M59))/M5,"")) | N68: ϝ
B69: Training Invest. / EE Trained (USD) | C69: =IF(COUNT(C58:C59)=0,"",IFERROR((N(C58)+N(C59))/C56,"")) | D69: =IF(COUNT(D58:D59)=0,"",IFERROR((N(D58)+N(D59))/D56,"")) | E69: =IF(COUNT(E58:E59)=0,"",IFERROR((N(E58)+N(E59))/E56,"")) | F69: =IF(COUNT(F58:F59)=0,"",IFERROR((N(F58)+N(F59))/F56,"")) | G69: =IF(COUNT(G58:G59)=0,"",IFERROR((N(G58)+N(G59))/G56,"")) | H69: =IF(COUNT(H58:H59)=0,"",IFERROR((N(H58)+N(H59))/H56,"")) | I69: =IF(COUNT(I58:I59)=0,"",IFERROR((N(I58)+N(I59))/I56,"")) | J69: =IF(COUNT(J58:J59)=0,"",IFERROR((N(J58)+N(J59))/J56,"")) | ... M69: =IF(COUNT(M58:M59)=0,"",IFERROR((N(M58)+N(M59))/M56,"")) | N69: ϝ
B70: Input Cells Not Submitted | C70: =COUNTBLANK(C3:C4)+COUNTBLANK(C6:C10)+COUNTBLANK(C12:C13)+COUNTBLANK(C18:C20)+COUNTBLANK(C22:C23)+COUNTBLANK(C27:C28)+COUNTBLANK(C34:C35)+COUNTBLANK(C39:C44)+COUNTBLANK(C46:C47)+COUNTBLANK(C50:C54)+COUNTBLANK(C56:C59) | D70: =COUNTBLANK(D3:D4)+COUNTBLANK(D6:D10)+COUNTBLANK(D12:D13)+COUNTBLANK(D18:D20)+COUNTBLANK(D22:D23)+COUNTBLANK(D27:D28)+COUNTBLANK(D34:D35)+COUNTBLANK(D39:D44)+COUNTBLANK(D46:D47)+COUNTBLANK(D50:D54)+COUNTBLANK(D56:D59) | E70: =COUNTBLANK(E3:E4)+COUNTBLANK(E6:E10)+COUNTBLANK(E12:E13)+COUNTBLANK(E18:E20)+COUNTBLANK(E22:E23)+COUNTBLANK(E27:E28)+COUNTBLANK(E34:E35)+COUNTBLANK(E39:E44)+COUNTBLANK(E46:E47)+COUNTBLANK(E50:E54)+COUNTBLANK(E56:E59) | F70: =COUNTBLANK(F3:F4)+COUNTBLANK(F6:F10)+COUNTBLANK(F12:F13)+COUNTBLANK(F18:F20)+COUNTBLANK(F22:F23)+COUNTBLANK(F27:F28)+COUNTBLANK(F34:F35)+COUNTBLANK(F39:F44)+COUNTBLANK(F46:F47)+COUNTBLANK(F50:F54)+COUNTBLANK(F56:F59) | G70: =COUNTBLANK(G3:G4)+COUNTBLANK(G6:G10)+COUNTBLANK(G12:G13)+COUNTBLANK(G18:G20)+COUNTBLANK(G22:G23)+COUNTBLANK(G27:G28)+COUNTBLANK(G34:G35)+COUNTBLANK(G39:G44)+COUNTBLANK(G46:G47)+COUNTBLANK(G50:G54)+COUNTBLANK(G56:G59) | H70: =COUNTBLANK(H3:H4)+COUNTBLANK(H6:H10)+COUNTBLANK(H12:H13)+COUNTBLANK(H18:H20)+COUNTBLANK(H22:H23)+COUNTBLANK(H27:H28)+COUNTBLANK(H34:H35)+COUNTBLANK(H39:H44)+COUNTBLANK(H46:H47)+COUNTBLANK(H50:H54)+COUNTBLANK(H56:H59) | I70: =COUNTBLANK(I3:I4)+COUNTBLANK(I6:I10)+COUNTBLANK(I12:I13)+COUNTBLANK(I18:I20)+COUNTBLANK(I22:I23)+COUNTBLANK(I27:I28)+COUNTBLANK(I34:I35)+COUNTBLANK(I39:I44)+COUNTBLANK(I46:I47)+COUNTBLANK(I50:I54)+COUNTBLANK(I56:I59) | J70: =COUNTBLANK(J3:J4)+COUNTBLANK(J6:J10)+COUNTBLANK(J12:J13)+COUNTBLANK(J18:J20)+COUNTBLANK(J22:J23)+COUNTBLANK(J27:J28)+COUNTBLANK(J34:J35)+COUNTBLANK(J39:J44)+COUNTBLANK(J46:J47)+COUNTBLANK(J50:J54)+COUNTBLANK(J56:J59) | ... L70: =COUNTBLANK(L3:L4)+COUNTBLANK(L6:L10)+COUNTBLANK(L12:L13)+COUNTBLANK(L18:L20)+COUNTBLANK(L22:L23)+COUNTBLANK(L27:L28)+COUNTBLANK(L34:L35)+COUNTBLANK(L39:L44)+COUNTBLANK(L46:L47)+COUNTBLANK(L50:L54)+COUNTBLANK(L56:L59) | M70: =SUM(C70:L70) | N70: ∑

Sheet APR
B1: GCG SOUTH CARIBBEAN | C1: 1015 | D1: 1004 | E1: 1063 | F1: 1160 | G1: 1073 | H1: 1042 | I1: 1084 | J1: 1049 | K1: 1005 | L1: 1115
A2: =VALUE(TEXT(EDATE(DATE(LEFT(MAR!A2,4),RIGHT(MAR!A2,2),1),1),"yyyymm")) | B2: APR | C2: Calloway Aruba | D2: Airport Rest. Barbados | E2: GCG Barbados | F2: GCG Aviation Ground Barbados | G2: GCG Curacao | H2: GCG Events Curacao | I2: GCG Sint Maarten Sky Dining | J2: GCG Sint Maarten Airport Dining | K2: Allied Caterers Trinidad | L2: Katerserv Trinidad | M2: TOTAL | N2: Total by Division | O2: =N(O11)<>0
A3: =+A2 | B3: Permanent (Regular) Headcount | M3: =IF(COUNT(C3:L3)=0,"",SUM(C3:L3)) | N3: ∑
B4: Temporary (Fix Term) Headcount | M4: =IF(COUNT(C4:L4)=0,"",SUM(C4:L4)) | N4: ∑
B5: Employee Headcount (Productivity) | C5: =IF(COUNT(C3:C4)=0,"",SUM(C3:C4)) | D5: =IF(COUNT(D3:D4)=0,"",SUM(D3:D4)) | E5: =IF(COUNT(E3:E4)=0,"",SUM(E3:E4)) | F5: =IF(COUNT(F3:F4)=0,"",SUM(F3:F4)) | G5: =IF(COUNT(G3:G4)=0,"",SUM(G3:G4)) | H5: =IF(COUNT(H3:H4)=0,"",SUM(H3:H4)) | I5: =IF(COUNT(I3:I4)=0,"",SUM(I3:I4)) | J5: =IF(COUNT(J3:J4)=0,"",SUM(J3:J4)) | ... M5: =IF(COUNT(M3:M4)=0,"",SUM(M3:M4)) | N5: ϝ
B6: Headcount = 1.00 | M6: =IF(COUNT(C6:L6)=0,"",SUM(C6:L6)) | N6: ∑
B7: Headcount = 0.75 | M7: =IF(COUNT(C7:L7)=0,"",SUM(C7:L7)) | N7: ∑
B8: Headcount = 0.50 | M8: =IF(COUNT(C8:L8)=0,"",SUM(C8:L8)) | N8: ∑
B9: Headcount = 0.25 | M9: =IF(COUNT(C9:L9)=0,"",SUM(C9:L9)) | N9: ∑
B10: Standard Monthly Hours (FTE basis) | M10: =IFERROR(AVERAGE(C10:L10),"") | N10: Avg
B11: Employee FTE (Finance) | C11: =IF(COUNT(C6:C9)=0,"",N(C6)+N(C7)*0.75+N(C8)*0.5+N(C9)*0.25) | D11: =IF(COUNT(D6:D9)=0,"",N(D6)+N(D7)*0.75+N(D8)*0.5+N(D9)*0.25) | E11: =IF(COUNT(E6:E9)=0,"",N(E6)+N(E7)*0.75+N(E8)*0.5+N(E9)*0.25) | F11: =IF(COUNT(F6:F9)=0,"",N(F6)+N(F7)*0.75+N(F8)*0.5+N(F9)*0.25) | G11: =IF(COUNT(G6:G9)=0,"",N(G6)+N(G7)*0.75+N(G8)*0.5+N(G9)*0.25) | H11: =IF(COUNT(H6:H9)=0,"",N(H6)+N(H7)*0.75+N(H8)*0.5+N(H9)*0.25) | I11: =IF(COUNT(I6:I9)=0,"",N(I6)+N(I7)*0.75+N(I8)*0.5+N(I9)*0.25) | J11: =IF(COUNT(J6:J9)=0,"",N(J6)+N(J7)*0.75+N(J8)*0.5+N(J9)*0.25) | ... M11: =IF(COUNT(M6:M9)=0,"",N(M6)+N(M7)*0.75+N(M8)*0.5+N(M9)*0.25) | N11: FTE | O11: =IF(COUNT(M5:M9)=0,"",N(M6)+N(M7)+N(M8)+N(M9)-N(M5))
B12: Subcontracted Workforce HC | M12: =IF(COUNT(C12:L12)=0,"",SUM(C12:L12)) | N12: ∑
B13: Subcontracted Productive Hours | M13: =IF(COUNT(C13:L13)=0,"",SUM(C13:L13)) | N13: ∑
B14: Subcontracted FTE | C14: =IFERROR(C13/C10,"") | D14: =IFERROR(D13/D10,"") | E14: =IFERROR(E13/E10,"") | F14: =IFERROR(F13/F10,"") | G14: =IFERROR(G13/G10,"") | H14: =IFERROR(H13/H10,"") | I14: =IFERROR(I13/I10,"") | J14: =IFERROR(J13/J10,"") | ... L14: =IFERROR(L13/L10,"") | M14: =IF(COUNT(C14:L14)=0,"",SUM(C14:L14)) | N14: FTE
B15: Total Operational Workforce | C15: =IF(COUNT(C5,C12)=0,"",SUM(C5,C12)) | D15: =IF(COUNT(D5,D12)=0,"",SUM(D5,D12)) | E15: =IF(COUNT(E5,E12)=0,"",SUM(E5,E12)) | F15: =IF(COUNT(F5,F12)=0,"",SUM(F5,F12)) | G15: =IF(COUNT(G5,G12)=0,"",SUM(G5,G12)) | H15: =IF(COUNT(H5,H12)=0,"",SUM(H5,H12)) | I15: =IF(COUNT(I5,I12)=0,"",SUM(I5,I12)) | J15: =IF(COUNT(J5,J12)=0,"",SUM(J5,J12)) | ... M15: =IF(COUNT(M5,M12)=0,"",SUM(M5,M12)) | N15: ϝ
B16: Total Operational FTE | C16: =IF(COUNT(C11,C14)=0,"",SUM(C11,C14)) | D16: =IF(COUNT(D11,D14)=0,"",SUM(D11,D14)) | E16: =IF(COUNT(E11,E14)=0,"",SUM(E11,E14)) | F16: =IF(COUNT(F11,F14)=0,"",SUM(F11,F14)) | G16: =IF(COUNT(G11,G14)=0,"",SUM(G11,G14)) | H16: =IF(COUNT(H11,H14)=0,"",SUM(H11,H14)) | I16: =IF(COUNT(I11,I14)=0,"",SUM(I11,I14)) | J16: =IF(COUNT(J11,J14)=0,"",SUM(J11,J14)) | ... M16: =IF(COUNT(M11,M14)=0,"",SUM(M11,M14)) | N16: FTE
B17: Subcontracted Share of Workforce (%) | C17: =IFERROR(C12/C15,"") | D17: =IFERROR(D12/D15,"") | E17: =IFERROR(E12/E15,"") | F17: =IFERROR(F12/F15,"") | G17: =IFERROR(G12/G15,"") | H17: =IFERROR(H12/H15,"") | I17: =IFERROR(I12/I15,"") | J17: =IFERROR(J12/J15,"") | ... M17: =IFERROR(M12/M15,"") | N17: ϝ
B18: FTE HR Team | M18: =IF(COUNT(C18:L18)=0,"",SUM(C18:L18)) | N18: ∑
B19: Permanent Hires | M19: =IF(COUNT(C19:L19)=0,"",SUM(C19:L19)) | N19: ∑
B20: Temporary Hires | M20: =IF(COUNT(C20:L20)=0,"",SUM(C20:L20)) | N20: ∑
B21: Total Hires | C21: =IF(COUNT(C19:C20)=0,"",SUM(C19:C20)) | D21: =IF(COUNT(D19:D20)=0,"",SUM(D19:D20)) | E21: =IF(COUNT(E19:E20)=0,"",SUM(E19:E20)) | F21: =IF(COUNT(F19:F20)=0,"",SUM(F19:F20)) | G21: =IF(COUNT(G19:G20)=0,"",SUM(G19:G20)) | H21: =IF(COUNT(H19:H20)=0,"",SUM(H19:H20)) | I21: =IF(COUNT(I19:I20)=0,"",SUM(I19:I20)) | J21: =IF(COUNT(J19:J20)=0,"",SUM(J19:J20)) | ... M21: =IF(COUNT(M19:M20)=0,"",SUM(M19:M20)) | N21: ϝ
B22: Permanent Exits | M22: =IF(COUNT(C22:L22)=0,"",SUM(C22:L22)) | N22: ∑
B23: Temporary Exits | M23: =IF(COUNT(C23:L23)=0,"",SUM(C23:L23)) | N23: ∑
B24: Total Exits | C24: =IF(COUNT(C22:C23)=0,"",SUM(C22:C23)) | D24: =IF(COUNT(D22:D23)=0,"",SUM(D22:D23)) | E24: =IF(COUNT(E22:E23)=0,"",SUM(E22:E23)) | F24: =IF(COUNT(F22:F23)=0,"",SUM(F22:F23)) | G24: =IF(COUNT(G22:G23)=0,"",SUM(G22:G23)) | H24: =IF(COUNT(H22:H23)=0,"",SUM(H22:H23)) | I24: =IF(COUNT(I22:I23)=0,"",SUM(I22:I23)) | J24: =IF(COUNT(J22:J23)=0,"",SUM(J22:J23)) | ... M24: =IF(COUNT(M22:M23)=0,"",SUM(M22:M23)) | N24: ϝ
B25: Permanent Turnover (%) | C25: =IF(COUNT(C31,C32)<2,"",IF((C32+C31)=0,"",N(C22)/((C32+C31)/2))) | D25: =IF(COUNT(D31,D32)<2,"",IF((D32+D31)=0,"",N(D22)/((D32+D31)/2))) | E25: =IF(COUNT(E31,E32)<2,"",IF((E32+E31)=0,"",N(E22)/((E32+E31)/2))) | F25: =IF(COUNT(F31,F32)<2,"",IF((F32+F31)=0,"",N(F22)/((F32+F31)/2))) | G25: =IF(COUNT(G31,G32)<2,"",IF((G32+G31)=0,"",N(G22)/((G32+G31)/2))) | H25: =IF(COUNT(H31,H32)<2,"",IF((H32+H31)=0,"",N(H22)/((H32+H31)/2))) | I25: =IF(COUNT(I31,I32)<2,"",IF((I32+I31)=0,"",N(I22)/((I32+I31)/2))) | J25: =IF(COUNT(J31,J32)<2,"",IF((J32+J31)=0,"",N(J22)/((J32+J31)/2))) | ... M25: =IF(COUNT(M31,M32)<2,"",IF((M32+M31)=0,"",N(M22)/((M32+M31)/2))) | N25: ϝ
B26: Temporary Turnover (%) | C26: =IF(COUNT(C31,C32)<2,"",IF((C32+C31)=0,"",N(C23)/((C32+C31)/2))) | D26: =IF(COUNT(D31,D32)<2,"",IF((D32+D31)=0,"",N(D23)/((D32+D31)/2))) | E26: =IF(COUNT(E31,E32)<2,"",IF((E32+E31)=0,"",N(E23)/((E32+E31)/2))) | F26: =IF(COUNT(F31,F32)<2,"",IF((F32+F31)=0,"",N(F23)/((F32+F31)/2))) | G26: =IF(COUNT(G31,G32)<2,"",IF((G32+G31)=0,"",N(G23)/((G32+G31)/2))) | H26: =IF(COUNT(H31,H32)<2,"",IF((H32+H31)=0,"",N(H23)/((H32+H31)/2))) | I26: =IF(COUNT(I31,I32)<2,"",IF((I32+I31)=0,"",N(I23)/((I32+I31)/2))) | J26: =IF(COUNT(J31,J32)<2,"",IF((J32+J31)=0,"",N(J23)/((J32+J31)/2))) | ... M26: =IF(COUNT(M31,M32)<2,"",IF((M32+M31)=0,"",N(M23)/((M32+M31)/2))) | N26: ϝ
B27: Voluntary Terminations | M27: =IF(COUNT(C27:L27)=0,"",SUM(C27:L27)) | N27: ∑
B28: Involuntary Terminations | M28: =IF(COUNT(C28:L28)=0,"",SUM(C28:L28)) | N28: ∑
B29: Voluntary Turnover (%) | C29: =IF(COUNT(C31,C32)<2,"",IF((C32+C31)=0,"",N(C27)/((C32+C31)/2))) | D29: =IF(COUNT(D31,D32)<2,"",IF((D32+D31)=0,"",N(D27)/((D32+D31)/2))) | E29: =IF(COUNT(E31,E32)<2,"",IF((E32+E31)=0,"",N(E27)/((E32+E31)/2))) | F29: =IF(COUNT(F31,F32)<2,"",IF((F32+F31)=0,"",N(F27)/((F32+F31)/2))) | G29: =IF(COUNT(G31,G32)<2,"",IF((G32+G31)=0,"",N(G27)/((G32+G31)/2))) | H29: =IF(COUNT(H31,H32)<2,"",IF((H32+H31)=0,"",N(H27)/((H32+H31)/2))) | I29: =IF(COUNT(I31,I32)<2,"",IF((I32+I31)=0,"",N(I27)/((I32+I31)/2))) | J29: =IF(COUNT(J31,J32)<2,"",IF((J32+J31)=0,"",N(J27)/((J32+J31)/2))) | ... M29: =IF(COUNT(M31,M32)<2,"",IF((M32+M31)=0,"",N(M27)/((M32+M31)/2))) | N29: ϝ
B30: Involuntary Turnover (%) | C30: =IF(COUNT(C31,C32)<2,"",IF((C32+C31)=0,"",N(C28)/((C32+C31)/2))) | D30: =IF(COUNT(D31,D32)<2,"",IF((D32+D31)=0,"",N(D28)/((D32+D31)/2))) | E30: =IF(COUNT(E31,E32)<2,"",IF((E32+E31)=0,"",N(E28)/((E32+E31)/2))) | F30: =IF(COUNT(F31,F32)<2,"",IF((F32+F31)=0,"",N(F28)/((F32+F31)/2))) | G30: =IF(COUNT(G31,G32)<2,"",IF((G32+G31)=0,"",N(G28)/((G32+G31)/2))) | H30: =IF(COUNT(H31,H32)<2,"",IF((H32+H31)=0,"",N(H28)/((H32+H31)/2))) | I30: =IF(COUNT(I31,I32)<2,"",IF((I32+I31)=0,"",N(I28)/((I32+I31)/2))) | J30: =IF(COUNT(J31,J32)<2,"",IF((J32+J31)=0,"",N(J28)/((J32+J31)/2))) | ... M30: =IF(COUNT(M31,M32)<2,"",IF((M32+M31)=0,"",N(M28)/((M32+M31)/2))) | N30: ϝ
B31: Headcount last Month | C31: =IF(MAR!C5="","",MAR!C5) | D31: =IF(MAR!D5="","",MAR!D5) | E31: =IF(MAR!E5="","",MAR!E5) | F31: =IF(MAR!F5="","",MAR!F5) | G31: =IF(MAR!G5="","",MAR!G5) | H31: =IF(MAR!H5="","",MAR!H5) | I31: =IF(MAR!I5="","",MAR!I5) | J31: =IF(MAR!J5="","",MAR!J5) | ... L31: =IF(MAR!L5="","",MAR!L5) | M31: =IF(COUNT(C31:L31)=0,"",SUM(C31:L31)) | N31: ∑
B32: Headcount this Month | C32: =IF(C5="","",C5) | D32: =IF(D5="","",D5) | E32: =IF(E5="","",E5) | F32: =IF(F5="","",F5) | G32: =IF(G5="","",G5) | H32: =IF(H5="","",H5) | I32: =IF(I5="","",I5) | J32: =IF(J5="","",J5) | ... L32: =IF(L5="","",L5) | M32: =IF(COUNT(C32:L32)=0,"",SUM(C32:L32)) | N32: ∑
B33: Full Turnover (%) | C33: =IF(COUNT(C31,C32)<2,"",IF((C32+C31)=0,"",N(C24)/((C32+C31)/2))) | D33: =IF(COUNT(D31,D32)<2,"",IF((D32+D31)=0,"",N(D24)/((D32+D31)/2))) | E33: =IF(COUNT(E31,E32)<2,"",IF((E32+E31)=0,"",N(E24)/((E32+E31)/2))) | F33: =IF(COUNT(F31,F32)<2,"",IF((F32+F31)=0,"",N(F24)/((F32+F31)/2))) | G33: =IF(COUNT(G31,G32)<2,"",IF((G32+G31)=0,"",N(G24)/((G32+G31)/2))) | H33: =IF(COUNT(H31,H32)<2,"",IF((H32+H31)=0,"",N(H24)/((H32+H31)/2))) | I33: =IF(COUNT(I31,I32)<2,"",IF((I32+I31)=0,"",N(I24)/((I32+I31)/2))) | J33: =IF(COUNT(J31,J32)<2,"",IF((J32+J31)=0,"",N(J24)/((J32+J31)/2))) | ... M33: =IF(COUNT(M31,M32)<2,"",IF((M32+M31)=0,"",N(M24)/((M32+M31)/2))) | N33: ϝ
B34: Permanent Vacancies | M34: =IF(COUNT(C34:L34)=0,"",SUM(C34:L34)) | N34: ∑
B35: Temporary Vacancies | M35: =IF(COUNT(C35:L35)=0,"",SUM(C35:L35)) | N35: ∑
B36: Total Vacancies | C36: =IF(COUNT(C34:C35)=0,"",SUM(C34:C35)) | D36: =IF(COUNT(D34:D35)=0,"",SUM(D34:D35)) | E36: =IF(COUNT(E34:E35)=0,"",SUM(E34:E35)) | F36: =IF(COUNT(F34:F35)=0,"",SUM(F34:F35)) | G36: =IF(COUNT(G34:G35)=0,"",SUM(G34:G35)) | H36: =IF(COUNT(H34:H35)=0,"",SUM(H34:H35)) | I36: =IF(COUNT(I34:I35)=0,"",SUM(I34:I35)) | J36: =IF(COUNT(J34:J35)=0,"",SUM(J34:J35)) | ... M36: =IF(COUNT(M34:M35)=0,"",SUM(M34:M35)) | N36: ϝ
B37: Authorized Positions | C37: =IF(COUNT(C5,C36)=0,"",N(C5)+N(C36)) | D37: =IF(COUNT(D5,D36)=0,"",N(D5)+N(D36)) | E37: =IF(COUNT(E5,E36)=0,"",N(E5)+N(E36)) | F37: =IF(COUNT(F5,F36)=0,"",N(F5)+N(F36)) | G37: =IF(COUNT(G5,G36)=0,"",N(G5)+N(G36)) | H37: =IF(COUNT(H5,H36)=0,"",N(H5)+N(H36)) | I37: =IF(COUNT(I5,I36)=0,"",N(I5)+N(I36)) | J37: =IF(COUNT(J5,J36)=0,"",N(J5)+N(J36)) | ... M37: =IF(COUNT(M5,M36)=0,"",N(M5)+N(M36)) | N37: ϝ
B38: Vacancy Rate (%) | C38: =IFERROR(C36/C37,"") | D38: =IFERROR(D36/D37,"") | E38: =IFERROR(E36/E37,"") | F38: =IFERROR(F36/F37,"") | G38: =IFERROR(G36/G37,"") | H38: =IFERROR(H36/H37,"") | I38: =IFERROR(I36/I37,"") | J38: =IFERROR(J36/J37,"") | ... M38: =IFERROR(M36/M37,"") | N38: ϝ
B39: Permanent TimeToHire (Days) YTD | C39: =IF('(Calloway_AUA)'!$AB$10="","",'(Calloway_AUA)'!$AB$10) | D39: =IF('(Airport_BRB)'!$AB$10="","",'(Airport_BRB)'!$AB$10) | E39: =IF('(GCG_BRB)'!$AB$10="","",'(GCG_BRB)'!$AB$10) | F39: =IF('(Ground_BRB)'!$AB$10="","",'(Ground_BRB)'!$AB$10) | G39: =IF('(GCG_CUR)'!$AB$10="","",'(GCG_CUR)'!$AB$10) | H39: =IF('(Events_CUR)'!$AB$10="","",'(Events_CUR)'!$AB$10) | I39: =IF('(GCG_SXM_Sky)'!$AB$10="","",'(GCG_SXM_Sky)'!$AB$10) | J39: =IF('(GCG_SXM_Airport)'!$AB$10="","",'(GCG_SXM_Airport)'!$AB$10) | K39: =IF('(Allied_TTO)'!$AB$10="","",'(Allied_TTO)'!$AB$10) | L39: =IF('(Katerserv_TTO)'!$AB$10="","",'(Katerserv_TTO)'!$AB$10) | M39: =IFERROR(AVERAGE(C39:L39),"") | N39: Avg
B40: Temporary TimeToHire (Days) YTD | C40: =IF('(Calloway_AUA)'!$AD$10="","",'(Calloway_AUA)'!$AD$10) | D40: =IF('(Airport_BRB)'!$AD$10="","",'(Airport_BRB)'!$AD$10) | E40: =IF('(GCG_BRB)'!$AD$10="","",'(GCG_BRB)'!$AD$10) | F40: =IF('(Ground_BRB)'!$AD$10="","",'(Ground_BRB)'!$AD$10) | G40: =IF('(GCG_CUR)'!$AD$10="","",'(GCG_CUR)'!$AD$10) | H40: =IF('(Events_CUR)'!$AD$10="","",'(Events_CUR)'!$AD$10) | I40: =IF('(GCG_SXM_Sky)'!$AD$10="","",'(GCG_SXM_Sky)'!$AD$10) | J40: =IF('(GCG_SXM_Airport)'!$AD$10="","",'(GCG_SXM_Airport)'!$AD$10) | K40: =IF('(Allied_TTO)'!$AD$10="","",'(Allied_TTO)'!$AD$10) | L40: =IF('(Katerserv_TTO)'!$AD$10="","",'(Katerserv_TTO)'!$AD$10) | M40: =IFERROR(AVERAGE(C40:L40),"") | N40: Avg
B41: Check-ins Rate Completed (%) | M41: =IFERROR(AVERAGE(C41:L41),"") | N41: Avg
B42: EE Objectives Completed (#) | M42: =IF(COUNT(C42:L42)=0,"",SUM(C42:L42)) | N42: ∑
B43: Non-certified Absent (Days Lost) | M43: =IF(COUNT(C43:L43)=0,"",SUM(C43:L43)) | N43: ∑
B44: Certified sick leave (Days Lost) | M44: =IF(COUNT(C44:L44)=0,"",SUM(C44:L44)) | N44: ∑
B45: Total Absences | C45: =IF(COUNT(C43:C44)=0,"",SUM(C43:C44)) | D45: =IF(COUNT(D43:D44)=0,"",SUM(D43:D44)) | E45: =IF(COUNT(E43:E44)=0,"",SUM(E43:E44)) | F45: =IF(COUNT(F43:F44)=0,"",SUM(F43:F44)) | G45: =IF(COUNT(G43:G44)=0,"",SUM(G43:G44)) | H45: =IF(COUNT(H43:H44)=0,"",SUM(H43:H44)) | I45: =IF(COUNT(I43:I44)=0,"",SUM(I43:I44)) | J45: =IF(COUNT(J43:J44)=0,"",SUM(J43:J44)) | ... M45: =IF(COUNT(M43:M44)=0,"",SUM(M43:M44)) | N45: ϝ
B46: Absent Rate Non-Certified (%) | C46: =IF('(Calloway_AUA)'!$G$10="","",'(Calloway_AUA)'!$G$10) | D46: =IF('(Airport_BRB)'!$G$10="","",'(Airport_BRB)'!$G$10) | E46: =IF('(GCG_BRB)'!$G$10="","",'(GCG_BRB)'!$G$10) | F46: =IF('(Ground_BRB)'!$G$10="","",'(Ground_BRB)'!$G$10) | G46: =IF('(GCG_CUR)'!$G$10="","",'(GCG_CUR)'!$G$10) | H46: =IF('(Events_CUR)'!$G$10="","",'(Events_CUR)'!$G$10) | I46: =IF('(GCG_SXM_Sky)'!$G$10="","",'(GCG_SXM_Sky)'!$G$10) | J46: =IF('(GCG_SXM_Airport)'!$G$10="","",'(GCG_SXM_Airport)'!$G$10) | K46: =IF('(Allied_TTO)'!$G$10="","",'(Allied_TTO)'!$G$10) | L46: =IF('(Katerserv_TTO)'!$G$10="","",'(Katerserv_TTO)'!$G$10) | M46: {=IF(COUNT(C46:L46)=0,"",IFERROR(SUMPRODUCT(IFERROR(C46:L46*((C3:L3)+(C4:L4)),0))/SUMPRODUCT(IFERROR(ISNUMBER(C46:L46)*((C3:L3)+(C4:L4)),0)),""))} | N46: Weighted
B47: Absent Rate Certified (%) | C47: =IF('(Calloway_AUA)'!$O$10="","",'(Calloway_AUA)'!$O$10) | D47: =IF('(Airport_BRB)'!$O$10="","",'(Airport_BRB)'!$O$10) | E47: =IF('(GCG_BRB)'!$O$10="","",'(GCG_BRB)'!$O$10) | F47: =IF('(Ground_BRB)'!$O$10="","",'(Ground_BRB)'!$O$10) | G47: =IF('(GCG_CUR)'!$O$10="","",'(GCG_CUR)'!$O$10) | H47: =IF('(Events_CUR)'!$O$10="","",'(Events_CUR)'!$O$10) | I47: =IF('(GCG_SXM_Sky)'!$O$10="","",'(GCG_SXM_Sky)'!$O$10) | J47: =IF('(GCG_SXM_Airport)'!$O$10="","",'(GCG_SXM_Airport)'!$O$10) | K47: =IF('(Allied_TTO)'!$O$10="","",'(Allied_TTO)'!$O$10) | L47: =IF('(Katerserv_TTO)'!$O$10="","",'(Katerserv_TTO)'!$O$10) | M47: {=IF(COUNT(C47:L47)=0,"",IFERROR(SUMPRODUCT(IFERROR(C47:L47*((C3:L3)+(C4:L4)),0))/SUMPRODUCT(IFERROR(ISNUMBER(C47:L47)*((C3:L3)+(C4:L4)),0)),""))} | N47: Weighted
B48: Absent Rate Total (%) | C48: =IF(COUNT(C46:C47)=0,"",SUM(C46:C47)) | D48: =IF(COUNT(D46:D47)=0,"",SUM(D46:D47)) | E48: =IF(COUNT(E46:E47)=0,"",SUM(E46:E47)) | F48: =IF(COUNT(F46:F47)=0,"",SUM(F46:F47)) | G48: =IF(COUNT(G46:G47)=0,"",SUM(G46:G47)) | H48: =IF(COUNT(H46:H47)=0,"",SUM(H46:H47)) | I48: =IF(COUNT(I46:I47)=0,"",SUM(I46:I47)) | J48: =IF(COUNT(J46:J47)=0,"",SUM(J46:J47)) | ... M48: =IF(COUNT(M46:M47)=0,"",SUM(M46:M47)) | N48: Weighted
B49: Weight factor | C49: =IFERROR(C5/$M5,"") | D49: =IFERROR(D5/$M5,"") | E49: =IFERROR(E5/$M5,"") | F49: =IFERROR(F5/$M5,"") | G49: =IFERROR(G5/$M5,"") | H49: =IFERROR(H5/$M5,"") | I49: =IFERROR(I5/$M5,"") | J49: =IFERROR(J5/$M5,"") | ... L49: =IFERROR(L5/$M5,"") | M49: =IF(COUNT(C49:L49)=0,"",SUM(C49:L49)) | N49: Weight Factor
B50: Leadership (Hours) | M50: =IF(COUNT(C50:L50)=0,"",SUM(C50:L50)) | N50: ∑
B51: Technical (Hours) | M51: =IF(COUNT(C51:L51)=0,"",SUM(C51:L51)) | N51: ∑
B52: Professional Develop. (Hours) | M52: =IF(COUNT(C52:L52)=0,"",SUM(C52:L52)) | N52: ∑
B53: HSSE (Hours) | M53: =IF(COUNT(C53:L53)=0,"",SUM(C53:L53)) | N53: ∑
B54: Workday (Hours) | M54: =IF(COUNT(C54:L54)=0,"",SUM(C54:L54)) | N54: ∑
B55: Total Training Hours | C55: =IF(COUNT(C50:C54)=0,"",SUM(C50:C54)) | D55: =IF(COUNT(D50:D54)=0,"",SUM(D50:D54)) | E55: =IF(COUNT(E50:E54)=0,"",SUM(E50:E54)) | F55: =IF(COUNT(F50:F54)=0,"",SUM(F50:F54)) | G55: =IF(COUNT(G50:G54)=0,"",SUM(G50:G54)) | H55: =IF(COUNT(H50:H54)=0,"",SUM(H50:H54)) | I55: =IF(COUNT(I50:I54)=0,"",SUM(I50:I54)) | J55: =IF(COUNT(J50:J54)=0,"",SUM(J50:J54)) | ... M55: =IF(COUNT(M50:M54)=0,"",SUM(M50:M54)) | N55: ϝ
B56: Total Trained (Staff) | M56: =IF(COUNT(C56:L56)=0,"",SUM(C56:L56)) | N56: ∑
B57: Training Programs (#) | M57: =IF(COUNT(C57:L57)=0,"",SUM(C57:L57)) | N57: ∑
B58: Training Cost (USD) | M58: =IF(COUNT(C58:L58)=0,"",SUM(C58:L58)) | N58: ∑
B59: Training Travel Cost (USD) | M59: =IF(COUNT(C59:L59)=0,"",SUM(C59:L59)) | N59: ∑
B60: Leadership Hours Trained (%) | C60: =IFERROR(C50/C$55,"") | D60: =IFERROR(D50/D$55,"") | E60: =IFERROR(E50/E$55,"") | F60: =IFERROR(F50/F$55,"") | G60: =IFERROR(G50/G$55,"") | H60: =IFERROR(H50/H$55,"") | I60: =IFERROR(I50/I$55,"") | J60: =IFERROR(J50/J$55,"") | ... M60: =IFERROR(M50/M$55,"") | N60: ϝ
B61: Technical Hours Trained (%) | C61: =IFERROR(C51/C$55,"") | D61: =IFERROR(D51/D$55,"") | E61: =IFERROR(E51/E$55,"") | F61: =IFERROR(F51/F$55,"") | G61: =IFERROR(G51/G$55,"") | H61: =IFERROR(H51/H$55,"") | I61: =IFERROR(I51/I$55,"") | J61: =IFERROR(J51/J$55,"") | ... M61: =IFERROR(M51/M$55,"") | N61: ϝ
B62: Profess. Dev. Hours Trained (%) | C62: =IFERROR(C52/C$55,"") | D62: =IFERROR(D52/D$55,"") | E62: =IFERROR(E52/E$55,"") | F62: =IFERROR(F52/F$55,"") | G62: =IFERROR(G52/G$55,"") | H62: =IFERROR(H52/H$55,"") | I62: =IFERROR(I52/I$55,"") | J62: =IFERROR(J52/J$55,"") | ... M62: =IFERROR(M52/M$55,"") | N62: ϝ
B63: HSSE Hours Trained (%) | C63: =IFERROR(C53/C$55,"") | D63: =IFERROR(D53/D$55,"") | E63: =IFERROR(E53/E$55,"") | F63: =IFERROR(F53/F$55,"") | G63: =IFERROR(G53/G$55,"") | H63: =IFERROR(H53/H$55,"") | I63: =IFERROR(I53/I$55,"") | J63: =IFERROR(J53/J$55,"") | ... M63: =IFERROR(M53/M$55,"") | N63: ϝ
B64: Workday Hours Trained (%) | C64: =IFERROR(C54/C$55,"") | D64: =IFERROR(D54/D$55,"") | E64: =IFERROR(E54/E$55,"") | F64: =IFERROR(F54/F$55,"") | G64: =IFERROR(G54/G$55,"") | H64: =IFERROR(H54/H$55,"") | I64: =IFERROR(I54/I$55,"") | J64: =IFERROR(J54/J$55,"") | ... M64: =IFERROR(M54/M$55,"") | N64: ϝ
B65: Staff Trained (%) | C65: =IFERROR(C56/C5,"") | D65: =IFERROR(D56/D5,"") | E65: =IFERROR(E56/E5,"") | F65: =IFERROR(F56/F5,"") | G65: =IFERROR(G56/G5,"") | H65: =IFERROR(H56/H5,"") | I65: =IFERROR(I56/I5,"") | J65: =IFERROR(J56/J5,"") | ... M65: =IFERROR(M56/M5,"") | N65: ϝ
B66: Training Hours / EE | C66: =IFERROR(C55/C5,"") | D66: =IFERROR(D55/D5,"") | E66: =IFERROR(E55/E5,"") | F66: =IFERROR(F55/F5,"") | G66: =IFERROR(G55/G5,"") | H66: =IFERROR(H55/H5,"") | I66: =IFERROR(I55/I5,"") | J66: =IFERROR(J55/J5,"") | ... M66: =IFERROR(M55/M5,"") | N66: ϝ
B67: Training Hours / EE Trained | C67: =IFERROR(C55/C56,"") | D67: =IFERROR(D55/D56,"") | E67: =IFERROR(E55/E56,"") | F67: =IFERROR(F55/F56,"") | G67: =IFERROR(G55/G56,"") | H67: =IFERROR(H55/H56,"") | I67: =IFERROR(I55/I56,"") | J67: =IFERROR(J55/J56,"") | ... M67: =IFERROR(M55/M56,"") | N67: ϝ
B68: Training Invest. / EE (USD) | C68: =IF(COUNT(C58:C59)=0,"",IFERROR((N(C58)+N(C59))/C5,"")) | D68: =IF(COUNT(D58:D59)=0,"",IFERROR((N(D58)+N(D59))/D5,"")) | E68: =IF(COUNT(E58:E59)=0,"",IFERROR((N(E58)+N(E59))/E5,"")) | F68: =IF(COUNT(F58:F59)=0,"",IFERROR((N(F58)+N(F59))/F5,"")) | G68: =IF(COUNT(G58:G59)=0,"",IFERROR((N(G58)+N(G59))/G5,"")) | H68: =IF(COUNT(H58:H59)=0,"",IFERROR((N(H58)+N(H59))/H5,"")) | I68: =IF(COUNT(I58:I59)=0,"",IFERROR((N(I58)+N(I59))/I5,"")) | J68: =IF(COUNT(J58:J59)=0,"",IFERROR((N(J58)+N(J59))/J5,"")) | ... M68: =IF(COUNT(M58:M59)=0,"",IFERROR((N(M58)+N(M59))/M5,"")) | N68: ϝ
B69: Training Invest. / EE Trained (USD) | C69: =IF(COUNT(C58:C59)=0,"",IFERROR((N(C58)+N(C59))/C56,"")) | D69: =IF(COUNT(D58:D59)=0,"",IFERROR((N(D58)+N(D59))/D56,"")) | E69: =IF(COUNT(E58:E59)=0,"",IFERROR((N(E58)+N(E59))/E56,"")) | F69: =IF(COUNT(F58:F59)=0,"",IFERROR((N(F58)+N(F59))/F56,"")) | G69: =IF(COUNT(G58:G59)=0,"",IFERROR((N(G58)+N(G59))/G56,"")) | H69: =IF(COUNT(H58:H59)=0,"",IFERROR((N(H58)+N(H59))/H56,"")) | I69: =IF(COUNT(I58:I59)=0,"",IFERROR((N(I58)+N(I59))/I56,"")) | J69: =IF(COUNT(J58:J59)=0,"",IFERROR((N(J58)+N(J59))/J56,"")) | ... M69: =IF(COUNT(M58:M59)=0,"",IFERROR((N(M58)+N(M59))/M56,"")) | N69: ϝ
B70: Input Cells Not Submitted | C70: =COUNTBLANK(C3:C4)+COUNTBLANK(C6:C10)+COUNTBLANK(C12:C13)+COUNTBLANK(C18:C20)+COUNTBLANK(C22:C23)+COUNTBLANK(C27:C28)+COUNTBLANK(C34:C35)+COUNTBLANK(C39:C44)+COUNTBLANK(C46:C47)+COUNTBLANK(C50:C54)+COUNTBLANK(C56:C59) | D70: =COUNTBLANK(D3:D4)+COUNTBLANK(D6:D10)+COUNTBLANK(D12:D13)+COUNTBLANK(D18:D20)+COUNTBLANK(D22:D23)+COUNTBLANK(D27:D28)+COUNTBLANK(D34:D35)+COUNTBLANK(D39:D44)+COUNTBLANK(D46:D47)+COUNTBLANK(D50:D54)+COUNTBLANK(D56:D59) | E70: =COUNTBLANK(E3:E4)+COUNTBLANK(E6:E10)+COUNTBLANK(E12:E13)+COUNTBLANK(E18:E20)+COUNTBLANK(E22:E23)+COUNTBLANK(E27:E28)+COUNTBLANK(E34:E35)+COUNTBLANK(E39:E44)+COUNTBLANK(E46:E47)+COUNTBLANK(E50:E54)+COUNTBLANK(E56:E59) | F70: =COUNTBLANK(F3:F4)+COUNTBLANK(F6:F10)+COUNTBLANK(F12:F13)+COUNTBLANK(F18:F20)+COUNTBLANK(F22:F23)+COUNTBLANK(F27:F28)+COUNTBLANK(F34:F35)+COUNTBLANK(F39:F44)+COUNTBLANK(F46:F47)+COUNTBLANK(F50:F54)+COUNTBLANK(F56:F59) | G70: =COUNTBLANK(G3:G4)+COUNTBLANK(G6:G10)+COUNTBLANK(G12:G13)+COUNTBLANK(G18:G20)+COUNTBLANK(G22:G23)+COUNTBLANK(G27:G28)+COUNTBLANK(G34:G35)+COUNTBLANK(G39:G44)+COUNTBLANK(G46:G47)+COUNTBLANK(G50:G54)+COUNTBLANK(G56:G59) | H70: =COUNTBLANK(H3:H4)+COUNTBLANK(H6:H10)+COUNTBLANK(H12:H13)+COUNTBLANK(H18:H20)+COUNTBLANK(H22:H23)+COUNTBLANK(H27:H28)+COUNTBLANK(H34:H35)+COUNTBLANK(H39:H44)+COUNTBLANK(H46:H47)+COUNTBLANK(H50:H54)+COUNTBLANK(H56:H59) | I70: =COUNTBLANK(I3:I4)+COUNTBLANK(I6:I10)+COUNTBLANK(I12:I13)+COUNTBLANK(I18:I20)+COUNTBLANK(I22:I23)+COUNTBLANK(I27:I28)+COUNTBLANK(I34:I35)+COUNTBLANK(I39:I44)+COUNTBLANK(I46:I47)+COUNTBLANK(I50:I54)+COUNTBLANK(I56:I59) | J70: =COUNTBLANK(J3:J4)+COUNTBLANK(J6:J10)+COUNTBLANK(J12:J13)+COUNTBLANK(J18:J20)+COUNTBLANK(J22:J23)+COUNTBLANK(J27:J28)+COUNTBLANK(J34:J35)+COUNTBLANK(J39:J44)+COUNTBLANK(J46:J47)+COUNTBLANK(J50:J54)+COUNTBLANK(J56:J59) | ... L70: =COUNTBLANK(L3:L4)+COUNTBLANK(L6:L10)+COUNTBLANK(L12:L13)+COUNTBLANK(L18:L20)+COUNTBLANK(L22:L23)+COUNTBLANK(L27:L28)+COUNTBLANK(L34:L35)+COUNTBLANK(L39:L44)+COUNTBLANK(L46:L47)+COUNTBLANK(L50:L54)+COUNTBLANK(L56:L59) | M70: =SUM(C70:L70) | N70: ∑

Sheet MAY
B1: GCG SOUTH CARIBBEAN | C1: 1015 | D1: 1004 | E1: 1063 | F1: 1160 | G1: 1073 | H1: 1042 | I1: 1084 | J1: 1049 | K1: 1005 | L1: 1115
A2: =VALUE(TEXT(EDATE(DATE(LEFT(APR!A2,4),RIGHT(APR!A2,2),1),1),"yyyymm")) | B2: MAY | C2: Calloway Aruba | D2: Airport Rest. Barbados | E2: GCG Barbados | F2: GCG Aviation Ground Barbados | G2: GCG Curacao | H2: GCG Events Curacao | I2: GCG Sint Maarten Sky Dining | J2: GCG Sint Maarten Airport Dining | K2: Allied Caterers Trinidad | L2: Katerserv Trinidad | M2: TOTAL | N2: Total by Division | O2: =N(O11)<>0
A3: =+A2 | B3: Permanent (Regular) Headcount | M3: =IF(COUNT(C3:L3)=0,"",SUM(C3:L3)) | N3: ∑
B4: Temporary (Fix Term) Headcount | M4: =IF(COUNT(C4:L4)=0,"",SUM(C4:L4)) | N4: ∑
B5: Employee Headcount (Productivity) | C5: =IF(COUNT(C3:C4)=0,"",SUM(C3:C4)) | D5: =IF(COUNT(D3:D4)=0,"",SUM(D3:D4)) | E5: =IF(COUNT(E3:E4)=0,"",SUM(E3:E4)) | F5: =IF(COUNT(F3:F4)=0,"",SUM(F3:F4)) | G5: =IF(COUNT(G3:G4)=0,"",SUM(G3:G4)) | H5: =IF(COUNT(H3:H4)=0,"",SUM(H3:H4)) | I5: =IF(COUNT(I3:I4)=0,"",SUM(I3:I4)) | J5: =IF(COUNT(J3:J4)=0,"",SUM(J3:J4)) | ... M5: =IF(COUNT(M3:M4)=0,"",SUM(M3:M4)) | N5: ϝ
B6: Headcount = 1.00 | M6: =IF(COUNT(C6:L6)=0,"",SUM(C6:L6)) | N6: ∑
B7: Headcount = 0.75 | M7: =IF(COUNT(C7:L7)=0,"",SUM(C7:L7)) | N7: ∑
B8: Headcount = 0.50 | M8: =IF(COUNT(C8:L8)=0,"",SUM(C8:L8)) | N8: ∑
B9: Headcount = 0.25 | M9: =IF(COUNT(C9:L9)=0,"",SUM(C9:L9)) | N9: ∑
B10: Standard Monthly Hours (FTE basis) | M10: =IFERROR(AVERAGE(C10:L10),"") | N10: Avg
B11: Employee FTE (Finance) | C11: =IF(COUNT(C6:C9)=0,"",N(C6)+N(C7)*0.75+N(C8)*0.5+N(C9)*0.25) | D11: =IF(COUNT(D6:D9)=0,"",N(D6)+N(D7)*0.75+N(D8)*0.5+N(D9)*0.25) | E11: =IF(COUNT(E6:E9)=0,"",N(E6)+N(E7)*0.75+N(E8)*0.5+N(E9)*0.25) | F11: =IF(COUNT(F6:F9)=0,"",N(F6)+N(F7)*0.75+N(F8)*0.5+N(F9)*0.25) | G11: =IF(COUNT(G6:G9)=0,"",N(G6)+N(G7)*0.75+N(G8)*0.5+N(G9)*0.25) | H11: =IF(COUNT(H6:H9)=0,"",N(H6)+N(H7)*0.75+N(H8)*0.5+N(H9)*0.25) | I11: =IF(COUNT(I6:I9)=0,"",N(I6)+N(I7)*0.75+N(I8)*0.5+N(I9)*0.25) | J11: =IF(COUNT(J6:J9)=0,"",N(J6)+N(J7)*0.75+N(J8)*0.5+N(J9)*0.25) | ... M11: =IF(COUNT(M6:M9)=0,"",N(M6)+N(M7)*0.75+N(M8)*0.5+N(M9)*0.25) | N11: FTE | O11: =IF(COUNT(M5:M9)=0,"",N(M6)+N(M7)+N(M8)+N(M9)-N(M5))
B12: Subcontracted Workforce HC | M12: =IF(COUNT(C12:L12)=0,"",SUM(C12:L12)) | N12: ∑
B13: Subcontracted Productive Hours | M13: =IF(COUNT(C13:L13)=0,"",SUM(C13:L13)) | N13: ∑
B14: Subcontracted FTE | C14: =IFERROR(C13/C10,"") | D14: =IFERROR(D13/D10,"") | E14: =IFERROR(E13/E10,"") | F14: =IFERROR(F13/F10,"") | G14: =IFERROR(G13/G10,"") | H14: =IFERROR(H13/H10,"") | I14: =IFERROR(I13/I10,"") | J14: =IFERROR(J13/J10,"") | ... L14: =IFERROR(L13/L10,"") | M14: =IF(COUNT(C14:L14)=0,"",SUM(C14:L14)) | N14: FTE
B15: Total Operational Workforce | C15: =IF(COUNT(C5,C12)=0,"",SUM(C5,C12)) | D15: =IF(COUNT(D5,D12)=0,"",SUM(D5,D12)) | E15: =IF(COUNT(E5,E12)=0,"",SUM(E5,E12)) | F15: =IF(COUNT(F5,F12)=0,"",SUM(F5,F12)) | G15: =IF(COUNT(G5,G12)=0,"",SUM(G5,G12)) | H15: =IF(COUNT(H5,H12)=0,"",SUM(H5,H12)) | I15: =IF(COUNT(I5,I12)=0,"",SUM(I5,I12)) | J15: =IF(COUNT(J5,J12)=0,"",SUM(J5,J12)) | ... M15: =IF(COUNT(M5,M12)=0,"",SUM(M5,M12)) | N15: ϝ
B16: Total Operational FTE | C16: =IF(COUNT(C11,C14)=0,"",SUM(C11,C14)) | D16: =IF(COUNT(D11,D14)=0,"",SUM(D11,D14)) | E16: =IF(COUNT(E11,E14)=0,"",SUM(E11,E14)) | F16: =IF(COUNT(F11,F14)=0,"",SUM(F11,F14)) | G16: =IF(COUNT(G11,G14)=0,"",SUM(G11,G14)) | H16: =IF(COUNT(H11,H14)=0,"",SUM(H11,H14)) | I16: =IF(COUNT(I11,I14)=0,"",SUM(I11,I14)) | J16: =IF(COUNT(J11,J14)=0,"",SUM(J11,J14)) | ... M16: =IF(COUNT(M11,M14)=0,"",SUM(M11,M14)) | N16: FTE
B17: Subcontracted Share of Workforce (%) | C17: =IFERROR(C12/C15,"") | D17: =IFERROR(D12/D15,"") | E17: =IFERROR(E12/E15,"") | F17: =IFERROR(F12/F15,"") | G17: =IFERROR(G12/G15,"") | H17: =IFERROR(H12/H15,"") | I17: =IFERROR(I12/I15,"") | J17: =IFERROR(J12/J15,"") | ... M17: =IFERROR(M12/M15,"") | N17: ϝ
B18: FTE HR Team | M18: =IF(COUNT(C18:L18)=0,"",SUM(C18:L18)) | N18: ∑
B19: Permanent Hires | M19: =IF(COUNT(C19:L19)=0,"",SUM(C19:L19)) | N19: ∑
B20: Temporary Hires | M20: =IF(COUNT(C20:L20)=0,"",SUM(C20:L20)) | N20: ∑
B21: Total Hires | C21: =IF(COUNT(C19:C20)=0,"",SUM(C19:C20)) | D21: =IF(COUNT(D19:D20)=0,"",SUM(D19:D20)) | E21: =IF(COUNT(E19:E20)=0,"",SUM(E19:E20)) | F21: =IF(COUNT(F19:F20)=0,"",SUM(F19:F20)) | G21: =IF(COUNT(G19:G20)=0,"",SUM(G19:G20)) | H21: =IF(COUNT(H19:H20)=0,"",SUM(H19:H20)) | I21: =IF(COUNT(I19:I20)=0,"",SUM(I19:I20)) | J21: =IF(COUNT(J19:J20)=0,"",SUM(J19:J20)) | ... M21: =IF(COUNT(M19:M20)=0,"",SUM(M19:M20)) | N21: ϝ
B22: Permanent Exits | M22: =IF(COUNT(C22:L22)=0,"",SUM(C22:L22)) | N22: ∑
B23: Temporary Exits | M23: =IF(COUNT(C23:L23)=0,"",SUM(C23:L23)) | N23: ∑
B24: Total Exits | C24: =IF(COUNT(C22:C23)=0,"",SUM(C22:C23)) | D24: =IF(COUNT(D22:D23)=0,"",SUM(D22:D23)) | E24: =IF(COUNT(E22:E23)=0,"",SUM(E22:E23)) | F24: =IF(COUNT(F22:F23)=0,"",SUM(F22:F23)) | G24: =IF(COUNT(G22:G23)=0,"",SUM(G22:G23)) | H24: =IF(COUNT(H22:H23)=0,"",SUM(H22:H23)) | I24: =IF(COUNT(I22:I23)=0,"",SUM(I22:I23)) | J24: =IF(COUNT(J22:J23)=0,"",SUM(J22:J23)) | ... M24: =IF(COUNT(M22:M23)=0,"",SUM(M22:M23)) | N24: ϝ
B25: Permanent Turnover (%) | C25: =IF(COUNT(C31,C32)<2,"",IF((C32+C31)=0,"",N(C22)/((C32+C31)/2))) | D25: =IF(COUNT(D31,D32)<2,"",IF((D32+D31)=0,"",N(D22)/((D32+D31)/2))) | E25: =IF(COUNT(E31,E32)<2,"",IF((E32+E31)=0,"",N(E22)/((E32+E31)/2))) | F25: =IF(COUNT(F31,F32)<2,"",IF((F32+F31)=0,"",N(F22)/((F32+F31)/2))) | G25: =IF(COUNT(G31,G32)<2,"",IF((G32+G31)=0,"",N(G22)/((G32+G31)/2))) | H25: =IF(COUNT(H31,H32)<2,"",IF((H32+H31)=0,"",N(H22)/((H32+H31)/2))) | I25: =IF(COUNT(I31,I32)<2,"",IF((I32+I31)=0,"",N(I22)/((I32+I31)/2))) | J25: =IF(COUNT(J31,J32)<2,"",IF((J32+J31)=0,"",N(J22)/((J32+J31)/2))) | ... M25: =IF(COUNT(M31,M32)<2,"",IF((M32+M31)=0,"",N(M22)/((M32+M31)/2))) | N25: ϝ
B26: Temporary Turnover (%) | C26: =IF(COUNT(C31,C32)<2,"",IF((C32+C31)=0,"",N(C23)/((C32+C31)/2))) | D26: =IF(COUNT(D31,D32)<2,"",IF((D32+D31)=0,"",N(D23)/((D32+D31)/2))) | E26: =IF(COUNT(E31,E32)<2,"",IF((E32+E31)=0,"",N(E23)/((E32+E31)/2))) | F26: =IF(COUNT(F31,F32)<2,"",IF((F32+F31)=0,"",N(F23)/((F32+F31)/2))) | G26: =IF(COUNT(G31,G32)<2,"",IF((G32+G31)=0,"",N(G23)/((G32+G31)/2))) | H26: =IF(COUNT(H31,H32)<2,"",IF((H32+H31)=0,"",N(H23)/((H32+H31)/2))) | I26: =IF(COUNT(I31,I32)<2,"",IF((I32+I31)=0,"",N(I23)/((I32+I31)/2))) | J26: =IF(COUNT(J31,J32)<2,"",IF((J32+J31)=0,"",N(J23)/((J32+J31)/2))) | ... M26: =IF(COUNT(M31,M32)<2,"",IF((M32+M31)=0,"",N(M23)/((M32+M31)/2))) | N26: ϝ
B27: Voluntary Terminations | M27: =IF(COUNT(C27:L27)=0,"",SUM(C27:L27)) | N27: ∑
B28: Involuntary Terminations | M28: =IF(COUNT(C28:L28)=0,"",SUM(C28:L28)) | N28: ∑
B29: Voluntary Turnover (%) | C29: =IF(COUNT(C31,C32)<2,"",IF((C32+C31)=0,"",N(C27)/((C32+C31)/2))) | D29: =IF(COUNT(D31,D32)<2,"",IF((D32+D31)=0,"",N(D27)/((D32+D31)/2))) | E29: =IF(COUNT(E31,E32)<2,"",IF((E32+E31)=0,"",N(E27)/((E32+E31)/2))) | F29: =IF(COUNT(F31,F32)<2,"",IF((F32+F31)=0,"",N(F27)/((F32+F31)/2))) | G29: =IF(COUNT(G31,G32)<2,"",IF((G32+G31)=0,"",N(G27)/((G32+G31)/2))) | H29: =IF(COUNT(H31,H32)<2,"",IF((H32+H31)=0,"",N(H27)/((H32+H31)/2))) | I29: =IF(COUNT(I31,I32)<2,"",IF((I32+I31)=0,"",N(I27)/((I32+I31)/2))) | J29: =IF(COUNT(J31,J32)<2,"",IF((J32+J31)=0,"",N(J27)/((J32+J31)/2))) | ... M29: =IF(COUNT(M31,M32)<2,"",IF((M32+M31)=0,"",N(M27)/((M32+M31)/2))) | N29: ϝ
B30: Involuntary Turnover (%) | C30: =IF(COUNT(C31,C32)<2,"",IF((C32+C31)=0,"",N(C28)/((C32+C31)/2))) | D30: =IF(COUNT(D31,D32)<2,"",IF((D32+D31)=0,"",N(D28)/((D32+D31)/2))) | E30: =IF(COUNT(E31,E32)<2,"",IF((E32+E31)=0,"",N(E28)/((E32+E31)/2))) | F30: =IF(COUNT(F31,F32)<2,"",IF((F32+F31)=0,"",N(F28)/((F32+F31)/2))) | G30: =IF(COUNT(G31,G32)<2,"",IF((G32+G31)=0,"",N(G28)/((G32+G31)/2))) | H30: =IF(COUNT(H31,H32)<2,"",IF((H32+H31)=0,"",N(H28)/((H32+H31)/2))) | I30: =IF(COUNT(I31,I32)<2,"",IF((I32+I31)=0,"",N(I28)/((I32+I31)/2))) | J30: =IF(COUNT(J31,J32)<2,"",IF((J32+J31)=0,"",N(J28)/((J32+J31)/2))) | ... M30: =IF(COUNT(M31,M32)<2,"",IF((M32+M31)=0,"",N(M28)/((M32+M31)/2))) | N30: ϝ
B31: Headcount last Month | C31: =IF(APR!C5="","",APR!C5) | D31: =IF(APR!D5="","",APR!D5) | E31: =IF(APR!E5="","",APR!E5) | F31: =IF(APR!F5="","",APR!F5) | G31: =IF(APR!G5="","",APR!G5) | H31: =IF(APR!H5="","",APR!H5) | I31: =IF(APR!I5="","",APR!I5) | J31: =IF(APR!J5="","",APR!J5) | ... L31: =IF(APR!L5="","",APR!L5) | M31: =IF(COUNT(C31:L31)=0,"",SUM(C31:L31)) | N31: ∑
B32: Headcount this Month | C32: =IF(C5="","",C5) | D32: =IF(D5="","",D5) | E32: =IF(E5="","",E5) | F32: =IF(F5="","",F5) | G32: =IF(G5="","",G5) | H32: =IF(H5="","",H5) | I32: =IF(I5="","",I5) | J32: =IF(J5="","",J5) | ... L32: =IF(L5="","",L5) | M32: =IF(COUNT(C32:L32)=0,"",SUM(C32:L32)) | N32: ∑
B33: Full Turnover (%) | C33: =IF(COUNT(C31,C32)<2,"",IF((C32+C31)=0,"",N(C24)/((C32+C31)/2))) | D33: =IF(COUNT(D31,D32)<2,"",IF((D32+D31)=0,"",N(D24)/((D32+D31)/2))) | E33: =IF(COUNT(E31,E32)<2,"",IF((E32+E31)=0,"",N(E24)/((E32+E31)/2))) | F33: =IF(COUNT(F31,F32)<2,"",IF((F32+F31)=0,"",N(F24)/((F32+F31)/2))) | G33: =IF(COUNT(G31,G32)<2,"",IF((G32+G31)=0,"",N(G24)/((G32+G31)/2))) | H33: =IF(COUNT(H31,H32)<2,"",IF((H32+H31)=0,"",N(H24)/((H32+H31)/2))) | I33: =IF(COUNT(I31,I32)<2,"",IF((I32+I31)=0,"",N(I24)/((I32+I31)/2))) | J33: =IF(COUNT(J31,J32)<2,"",IF((J32+J31)=0,"",N(J24)/((J32+J31)/2))) | ... M33: =IF(COUNT(M31,M32)<2,"",IF((M32+M31)=0,"",N(M24)/((M32+M31)/2))) | N33: ϝ
B34: Permanent Vacancies | M34: =IF(COUNT(C34:L34)=0,"",SUM(C34:L34)) | N34: ∑
B35: Temporary Vacancies | M35: =IF(COUNT(C35:L35)=0,"",SUM(C35:L35)) | N35: ∑
B36: Total Vacancies | C36: =IF(COUNT(C34:C35)=0,"",SUM(C34:C35)) | D36: =IF(COUNT(D34:D35)=0,"",SUM(D34:D35)) | E36: =IF(COUNT(E34:E35)=0,"",SUM(E34:E35)) | F36: =IF(COUNT(F34:F35)=0,"",SUM(F34:F35)) | G36: =IF(COUNT(G34:G35)=0,"",SUM(G34:G35)) | H36: =IF(COUNT(H34:H35)=0,"",SUM(H34:H35)) | I36: =IF(COUNT(I34:I35)=0,"",SUM(I34:I35)) | J36: =IF(COUNT(J34:J35)=0,"",SUM(J34:J35)) | ... M36: =IF(COUNT(M34:M35)=0,"",SUM(M34:M35)) | N36: ϝ
B37: Authorized Positions | C37: =IF(COUNT(C5,C36)=0,"",N(C5)+N(C36)) | D37: =IF(COUNT(D5,D36)=0,"",N(D5)+N(D36)) | E37: =IF(COUNT(E5,E36)=0,"",N(E5)+N(E36)) | F37: =IF(COUNT(F5,F36)=0,"",N(F5)+N(F36)) | G37: =IF(COUNT(G5,G36)=0,"",N(G5)+N(G36)) | H37: =IF(COUNT(H5,H36)=0,"",N(H5)+N(H36)) | I37: =IF(COUNT(I5,I36)=0,"",N(I5)+N(I36)) | J37: =IF(COUNT(J5,J36)=0,"",N(J5)+N(J36)) | ... M37: =IF(COUNT(M5,M36)=0,"",N(M5)+N(M36)) | N37: ϝ
B38: Vacancy Rate (%) | C38: =IFERROR(C36/C37,"") | D38: =IFERROR(D36/D37,"") | E38: =IFERROR(E36/E37,"") | F38: =IFERROR(F36/F37,"") | G38: =IFERROR(G36/G37,"") | H38: =IFERROR(H36/H37,"") | I38: =IFERROR(I36/I37,"") | J38: =IFERROR(J36/J37,"") | ... M38: =IFERROR(M36/M37,"") | N38: ϝ
B39: Permanent TimeToHire (Days) YTD | C39: =IF('(Calloway_AUA)'!$AB$11="","",'(Calloway_AUA)'!$AB$11) | D39: =IF('(Airport_BRB)'!$AB$11="","",'(Airport_BRB)'!$AB$11) | E39: =IF('(GCG_BRB)'!$AB$11="","",'(GCG_BRB)'!$AB$11) | F39: =IF('(Ground_BRB)'!$AB$11="","",'(Ground_BRB)'!$AB$11) | G39: =IF('(GCG_CUR)'!$AB$11="","",'(GCG_CUR)'!$AB$11) | H39: =IF('(Events_CUR)'!$AB$11="","",'(Events_CUR)'!$AB$11) | I39: =IF('(GCG_SXM_Sky)'!$AB$11="","",'(GCG_SXM_Sky)'!$AB$11) | J39: =IF('(GCG_SXM_Airport)'!$AB$11="","",'(GCG_SXM_Airport)'!$AB$11) | K39: =IF('(Allied_TTO)'!$AB$11="","",'(Allied_TTO)'!$AB$11) | L39: =IF('(Katerserv_TTO)'!$AB$11="","",'(Katerserv_TTO)'!$AB$11) | M39: =IFERROR(AVERAGE(C39:L39),"") | N39: Avg
B40: Temporary TimeToHire (Days) YTD | C40: =IF('(Calloway_AUA)'!$AD$11="","",'(Calloway_AUA)'!$AD$11) | D40: =IF('(Airport_BRB)'!$AD$11="","",'(Airport_BRB)'!$AD$11) | E40: =IF('(GCG_BRB)'!$AD$11="","",'(GCG_BRB)'!$AD$11) | F40: =IF('(Ground_BRB)'!$AD$11="","",'(Ground_BRB)'!$AD$11) | G40: =IF('(GCG_CUR)'!$AD$11="","",'(GCG_CUR)'!$AD$11) | H40: =IF('(Events_CUR)'!$AD$11="","",'(Events_CUR)'!$AD$11) | I40: =IF('(GCG_SXM_Sky)'!$AD$11="","",'(GCG_SXM_Sky)'!$AD$11) | J40: =IF('(GCG_SXM_Airport)'!$AD$11="","",'(GCG_SXM_Airport)'!$AD$11) | K40: =IF('(Allied_TTO)'!$AD$11="","",'(Allied_TTO)'!$AD$11) | L40: =IF('(Katerserv_TTO)'!$AD$11="","",'(Katerserv_TTO)'!$AD$11) | M40: =IFERROR(AVERAGE(C40:L40),"") | N40: Avg
B41: Check-ins Rate Completed (%) | M41: =IFERROR(AVERAGE(C41:L41),"") | N41: Avg
B42: EE Objectives Completed (#) | M42: =IF(COUNT(C42:L42)=0,"",SUM(C42:L42)) | N42: ∑
B43: Non-certified Absent (Days Lost) | M43: =IF(COUNT(C43:L43)=0,"",SUM(C43:L43)) | N43: ∑
B44: Certified sick leave (Days Lost) | M44: =IF(COUNT(C44:L44)=0,"",SUM(C44:L44)) | N44: ∑
