Workbook

Sheet Quarter
B1: MANUFACTURING
A2: FY2027 | B2: Quarter | C2: OCT | D2: NOV | E2: DEC | F2: ∑Q1 | G2: JAN | H2: FEB | I2: MAR | J2: ∑Q2 | K2: APR | L2: MAY | M2: JUN | N2: ∑Q3 | O2: JUL | P2: AUG | Q2: SEP | R2: ∑Q4 | S2: FY2027
B3: Permanent (Regular) Headcount | C3: =OCT!L3 | D3: =NOV!L3 | E3: =DEC!L3 | F3: =IFERROR(AVERAGE(C3:E3),"") | G3: =JAN!L3 | H3: =FEB!L3 | I3: =MAR!L3 | J3: =IFERROR(AVERAGE(G3:I3),"") | K3: =APR!L3 | L3: =MAY!L3 | M3: =JUN!L3 | N3: =IFERROR(AVERAGE(K3:M3),"") | O3: =JUL!L3 | P3: =AUG!L3 | Q3: =SEP!L3 | R3: =IFERROR(AVERAGE(O3:Q3),"") | S3: =IFERROR(AVERAGE(C3:E3,G3:I3,K3:M3,O3:Q3),"")
B4: Temporary (Fix Term) Headcount | C4: =OCT!L4 | D4: =NOV!L4 | E4: =DEC!L4 | F4: =IFERROR(AVERAGE(C4:E4),"") | G4: =JAN!L4 | H4: =FEB!L4 | I4: =MAR!L4 | J4: =IFERROR(AVERAGE(G4:I4),"") | K4: =APR!L4 | L4: =MAY!L4 | M4: =JUN!L4 | N4: =IFERROR(AVERAGE(K4:M4),"") | O4: =JUL!L4 | P4: =AUG!L4 | Q4: =SEP!L4 | R4: =IFERROR(AVERAGE(O4:Q4),"") | S4: =IFERROR(AVERAGE(C4:E4,G4:I4,K4:M4,O4:Q4),"")
B5: Employee Headcount (Productivity) | C5: =OCT!L5 | D5: =NOV!L5 | E5: =DEC!L5 | F5: =IF(COUNT(F3:F4)=0,"",SUM(F3:F4)) | G5: =JAN!L5 | H5: =FEB!L5 | I5: =MAR!L5 | J5: =IF(COUNT(J3:J4)=0,"",SUM(J3:J4)) | K5: =APR!L5 | L5: =MAY!L5 | M5: =JUN!L5 | N5: =IF(COUNT(N3:N4)=0,"",SUM(N3:N4)) | O5: =JUL!L5 | P5: =AUG!L5 | Q5: =SEP!L5 | R5: =IF(COUNT(R3:R4)=0,"",SUM(R3:R4)) | S5: =IF(COUNT(S3:S4)=0,"",SUM(S3:S4))
B6: Headcount = 1.00 | C6: =OCT!L6 | D6: =NOV!L6 | E6: =DEC!L6 | F6: =IFERROR(AVERAGE(C6:E6),"") | G6: =JAN!L6 | H6: =FEB!L6 | I6: =MAR!L6 | J6: =IFERROR(AVERAGE(G6:I6),"") | K6: =APR!L6 | L6: =MAY!L6 | M6: =JUN!L6 | N6: =IFERROR(AVERAGE(K6:M6),"") | O6: =JUL!L6 | P6: =AUG!L6 | Q6: =SEP!L6 | R6: =IFERROR(AVERAGE(O6:Q6),"") | S6: =IFERROR(AVERAGE(C6:E6,G6:I6,K6:M6,O6:Q6),"")
B7: Headcount = 0.75 | C7: =OCT!L7 | D7: =NOV!L7 | E7: =DEC!L7 | F7: =IFERROR(AVERAGE(C7:E7),"") | G7: =JAN!L7 | H7: =FEB!L7 | I7: =MAR!L7 | J7: =IFERROR(AVERAGE(G7:I7),"") | K7: =APR!L7 | L7: =MAY!L7 | M7: =JUN!L7 | N7: =IFERROR(AVERAGE(K7:M7),"") | O7: =JUL!L7 | P7: =AUG!L7 | Q7: =SEP!L7 | R7: =IFERROR(AVERAGE(O7:Q7),"") | S7: =IFERROR(AVERAGE(C7:E7,G7:I7,K7:M7,O7:Q7),"")
B8: Headcount = 0.50 | C8: =OCT!L8 | D8: =NOV!L8 | E8: =DEC!L8 | F8: =IFERROR(AVERAGE(C8:E8),"") | G8: =JAN!L8 | H8: =FEB!L8 | I8: =MAR!L8 | J8: =IFERROR(AVERAGE(G8:I8),"") | K8: =APR!L8 | L8: =MAY!L8 | M8: =JUN!L8 | N8: =IFERROR(AVERAGE(K8:M8),"") | O8: =JUL!L8 | P8: =AUG!L8 | Q8: =SEP!L8 | R8: =IFERROR(AVERAGE(O8:Q8),"") | S8: =IFERROR(AVERAGE(C8:E8,G8:I8,K8:M8,O8:Q8),"")
B9: Headcount = 0.25 | C9: =OCT!L9 | D9: =NOV!L9 | E9: =DEC!L9 | F9: =IFERROR(AVERAGE(C9:E9),"") | G9: =JAN!L9 | H9: =FEB!L9 | I9: =MAR!L9 | J9: =IFERROR(AVERAGE(G9:I9),"") | K9: =APR!L9 | L9: =MAY!L9 | M9: =JUN!L9 | N9: =IFERROR(AVERAGE(K9:M9),"") | O9: =JUL!L9 | P9: =AUG!L9 | Q9: =SEP!L9 | R9: =IFERROR(AVERAGE(O9:Q9),"") | S9: =IFERROR(AVERAGE(C9:E9,G9:I9,K9:M9,O9:Q9),"")
B10: Standard Monthly Hours (FTE basis) | C10: =OCT!L10 | D10: =NOV!L10 | E10: =DEC!L10 | F10: =IFERROR(AVERAGE(C10:E10),"") | G10: =JAN!L10 | H10: =FEB!L10 | I10: =MAR!L10 | J10: =IFERROR(AVERAGE(G10:I10),"") | K10: =APR!L10 | L10: =MAY!L10 | M10: =JUN!L10 | N10: =IFERROR(AVERAGE(K10:M10),"") | O10: =JUL!L10 | P10: =AUG!L10 | Q10: =SEP!L10 | R10: =IFERROR(AVERAGE(O10:Q10),"") | S10: =IFERROR(AVERAGE(C10:E10,G10:I10,K10:M10,O10:Q10),"")
B11: Employee FTE (Finance) | C11: =OCT!L11 | D11: =NOV!L11 | E11: =DEC!L11 | F11: =IF(COUNT(F6:F9)=0,"",N(F6)+N(F7)*0.75+N(F8)*0.5+N(F9)*0.25) | G11: =JAN!L11 | H11: =FEB!L11 | I11: =MAR!L11 | J11: =IF(COUNT(J6:J9)=0,"",N(J6)+N(J7)*0.75+N(J8)*0.5+N(J9)*0.25) | K11: =APR!L11 | L11: =MAY!L11 | M11: =JUN!L11 | N11: =IF(COUNT(N6:N9)=0,"",N(N6)+N(N7)*0.75+N(N8)*0.5+N(N9)*0.25) | O11: =JUL!L11 | P11: =AUG!L11 | Q11: =SEP!L11 | R11: =IF(COUNT(R6:R9)=0,"",N(R6)+N(R7)*0.75+N(R8)*0.5+N(R9)*0.25) | S11: =IF(COUNT(S6:S9)=0,"",N(S6)+N(S7)*0.75+N(S8)*0.5+N(S9)*0.25)
B12: Subcontracted Workforce HC | C12: =OCT!L12 | D12: =NOV!L12 | E12: =DEC!L12 | F12: =IFERROR(AVERAGE(C12:E12),"") | G12: =JAN!L12 | H12: =FEB!L12 | I12: =MAR!L12 | J12: =IFERROR(AVERAGE(G12:I12),"") | K12: =APR!L12 | L12: =MAY!L12 | M12: =JUN!L12 | N12: =IFERROR(AVERAGE(K12:M12),"") | O12: =JUL!L12 | P12: =AUG!L12 | Q12: =SEP!L12 | R12: =IFERROR(AVERAGE(O12:Q12),"") | S12: =IFERROR(AVERAGE(C12:E12,G12:I12,K12:M12,O12:Q12),"")
B13: Subcontracted Productive Hours | C13: =OCT!L13 | D13: =NOV!L13 | E13: =DEC!L13 | F13: =IFERROR(AVERAGE(C13:E13),"") | G13: =JAN!L13 | H13: =FEB!L13 | I13: =MAR!L13 | J13: =IFERROR(AVERAGE(G13:I13),"") | K13: =APR!L13 | L13: =MAY!L13 | M13: =JUN!L13 | N13: =IFERROR(AVERAGE(K13:M13),"") | O13: =JUL!L13 | P13: =AUG!L13 | Q13: =SEP!L13 | R13: =IFERROR(AVERAGE(O13:Q13),"") | S13: =IFERROR(AVERAGE(C13:E13,G13:I13,K13:M13,O13:Q13),"")
B14: Subcontracted FTE | C14: =OCT!L14 | D14: =NOV!L14 | E14: =DEC!L14 | F14: =IFERROR(F13/F10,"") | G14: =JAN!L14 | H14: =FEB!L14 | I14: =MAR!L14 | J14: =IFERROR(J13/J10,"") | K14: =APR!L14 | L14: =MAY!L14 | M14: =JUN!L14 | N14: =IFERROR(N13/N10,"") | O14: =JUL!L14 | P14: =AUG!L14 | Q14: =SEP!L14 | R14: =IFERROR(R13/R10,"") | S14: =IFERROR(S13/S10,"")
B15: Total Operational Workforce | C15: =OCT!L15 | D15: =NOV!L15 | E15: =DEC!L15 | F15: =IF(COUNT(F5,F12)=0,"",SUM(F5,F12)) | G15: =JAN!L15 | H15: =FEB!L15 | I15: =MAR!L15 | J15: =IF(COUNT(J5,J12)=0,"",SUM(J5,J12)) | K15: =APR!L15 | L15: =MAY!L15 | M15: =JUN!L15 | N15: =IF(COUNT(N5,N12)=0,"",SUM(N5,N12)) | O15: =JUL!L15 | P15: =AUG!L15 | Q15: =SEP!L15 | R15: =IF(COUNT(R5,R12)=0,"",SUM(R5,R12)) | S15: =IF(COUNT(S5,S12)=0,"",SUM(S5,S12))
B16: Total Operational FTE | C16: =OCT!L16 | D16: =NOV!L16 | E16: =DEC!L16 | F16: =IF(COUNT(F11,F14)=0,"",SUM(F11,F14)) | G16: =JAN!L16 | H16: =FEB!L16 | I16: =MAR!L16 | J16: =IF(COUNT(J11,J14)=0,"",SUM(J11,J14)) | K16: =APR!L16 | L16: =MAY!L16 | M16: =JUN!L16 | N16: =IF(COUNT(N11,N14)=0,"",SUM(N11,N14)) | O16: =JUL!L16 | P16: =AUG!L16 | Q16: =SEP!L16 | R16: =IF(COUNT(R11,R14)=0,"",SUM(R11,R14)) | S16: =IF(COUNT(S11,S14)=0,"",SUM(S11,S14))
B17: Subcontracted Share of Workforce (%) | C17: =OCT!L17 | D17: =NOV!L17 | E17: =DEC!L17 | F17: =IFERROR(F12/F15,"") | G17: =JAN!L17 | H17: =FEB!L17 | I17: =MAR!L17 | J17: =IFERROR(J12/J15,"") | K17: =APR!L17 | L17: =MAY!L17 | M17: =JUN!L17 | N17: =IFERROR(N12/N15,"") | O17: =JUL!L17 | P17: =AUG!L17 | Q17: =SEP!L17 | R17: =IFERROR(R12/R15,"") | S17: =IFERROR(S12/S15,"")
B18: FTE HR Team | C18: =OCT!L18 | D18: =NOV!L18 | E18: =DEC!L18 | F18: =IFERROR(AVERAGE(C18:E18),"") | G18: =JAN!L18 | H18: =FEB!L18 | I18: =MAR!L18 | J18: =IFERROR(AVERAGE(G18:I18),"") | K18: =APR!L18 | L18: =MAY!L18 | M18: =JUN!L18 | N18: =IFERROR(AVERAGE(K18:M18),"") | O18: =JUL!L18 | P18: =AUG!L18 | Q18: =SEP!L18 | R18: =IFERROR(AVERAGE(O18:Q18),"") | S18: =IFERROR(AVERAGE(C18:E18,G18:I18,K18:M18,O18:Q18),"")
B19: Permanent Hires | C19: =OCT!L19 | D19: =NOV!L19 | E19: =DEC!L19 | F19: =IF(COUNT(C19:E19)=0,"",SUM(C19:E19)) | G19: =JAN!L19 | H19: =FEB!L19 | I19: =MAR!L19 | J19: =IF(COUNT(G19:I19)=0,"",SUM(G19:I19)) | K19: =APR!L19 | L19: =MAY!L19 | M19: =JUN!L19 | N19: =IF(COUNT(K19:M19)=0,"",SUM(K19:M19)) | O19: =JUL!L19 | P19: =AUG!L19 | Q19: =SEP!L19 | R19: =IF(COUNT(O19:Q19)=0,"",SUM(O19:Q19)) | S19: =IF(COUNT(C19:E19,G19:I19,K19:M19,O19:Q19)=0,"",SUM(C19:E19,G19:I19,K19:M19,O19:Q19))
B20: Temporary Hires | C20: =OCT!L20 | D20: =NOV!L20 | E20: =DEC!L20 | F20: =IF(COUNT(C20:E20)=0,"",SUM(C20:E20)) | G20: =JAN!L20 | H20: =FEB!L20 | I20: =MAR!L20 | J20: =IF(COUNT(G20:I20)=0,"",SUM(G20:I20)) | K20: =APR!L20 | L20: =MAY!L20 | M20: =JUN!L20 | N20: =IF(COUNT(K20:M20)=0,"",SUM(K20:M20)) | O20: =JUL!L20 | P20: =AUG!L20 | Q20: =SEP!L20 | R20: =IF(COUNT(O20:Q20)=0,"",SUM(O20:Q20)) | S20: =IF(COUNT(C20:E20,G20:I20,K20:M20,O20:Q20)=0,"",SUM(C20:E20,G20:I20,K20:M20,O20:Q20))
B21: Total Hires | C21: =OCT!L21 | D21: =NOV!L21 | E21: =DEC!L21 | F21: =IF(COUNT(F19:F20)=0,"",SUM(F19:F20)) | G21: =JAN!L21 | H21: =FEB!L21 | I21: =MAR!L21 | J21: =IF(COUNT(J19:J20)=0,"",SUM(J19:J20)) | K21: =APR!L21 | L21: =MAY!L21 | M21: =JUN!L21 | N21: =IF(COUNT(N19:N20)=0,"",SUM(N19:N20)) | O21: =JUL!L21 | P21: =AUG!L21 | Q21: =SEP!L21 | R21: =IF(COUNT(R19:R20)=0,"",SUM(R19:R20)) | S21: =IF(COUNT(S19:S20)=0,"",SUM(S19:S20))
B22: Permanent Exits | C22: =OCT!L22 | D22: =NOV!L22 | E22: =DEC!L22 | F22: =IF(COUNT(C22:E22)=0,"",SUM(C22:E22)) | G22: =JAN!L22 | H22: =FEB!L22 | I22: =MAR!L22 | J22: =IF(COUNT(G22:I22)=0,"",SUM(G22:I22)) | K22: =APR!L22 | L22: =MAY!L22 | M22: =JUN!L22 | N22: =IF(COUNT(K22:M22)=0,"",SUM(K22:M22)) | O22: =JUL!L22 | P22: =AUG!L22 | Q22: =SEP!L22 | R22: =IF(COUNT(O22:Q22)=0,"",SUM(O22:Q22)) | S22: =IF(COUNT(C22:E22,G22:I22,K22:M22,O22:Q22)=0,"",SUM(C22:E22,G22:I22,K22:M22,O22:Q22))
B23: Temporary Exits | C23: =OCT!L23 | D23: =NOV!L23 | E23: =DEC!L23 | F23: =IF(COUNT(C23:E23)=0,"",SUM(C23:E23)) | G23: =JAN!L23 | H23: =FEB!L23 | I23: =MAR!L23 | J23: =IF(COUNT(G23:I23)=0,"",SUM(G23:I23)) | K23: =APR!L23 | L23: =MAY!L23 | M23: =JUN!L23 | N23: =IF(COUNT(K23:M23)=0,"",SUM(K23:M23)) | O23: =JUL!L23 | P23: =AUG!L23 | Q23: =SEP!L23 | R23: =IF(COUNT(O23:Q23)=0,"",SUM(O23:Q23)) | S23: =IF(COUNT(C23:E23,G23:I23,K23:M23,O23:Q23)=0,"",SUM(C23:E23,G23:I23,K23:M23,O23:Q23))
B24: Total Exits | C24: =OCT!L24 | D24: =NOV!L24 | E24: =DEC!L24 | F24: =IF(COUNT(F22:F23)=0,"",SUM(F22:F23)) | G24: =JAN!L24 | H24: =FEB!L24 | I24: =MAR!L24 | J24: =IF(COUNT(J22:J23)=0,"",SUM(J22:J23)) | K24: =APR!L24 | L24: =MAY!L24 | M24: =JUN!L24 | N24: =IF(COUNT(N22:N23)=0,"",SUM(N22:N23)) | O24: =JUL!L24 | P24: =AUG!L24 | Q24: =SEP!L24 | R24: =IF(COUNT(R22:R23)=0,"",SUM(R22:R23)) | S24: =IF(COUNT(S22:S23)=0,"",SUM(S22:S23))
B25: Permanent Turnover (%) | C25: =OCT!L25 | D25: =NOV!L25 | E25: =DEC!L25 | F25: =IF(COUNT(F31,F32)<2,"",IF((F32+F31)=0,"",N(F22)/((F32+F31)/2))) | G25: =JAN!L25 | H25: =FEB!L25 | I25: =MAR!L25 | J25: =IF(COUNT(J31,J32)<2,"",IF((J32+J31)=0,"",N(J22)/((J32+J31)/2))) | K25: =APR!L25 | L25: =MAY!L25 | M25: =JUN!L25 | N25: =IF(COUNT(N31,N32)<2,"",IF((N32+N31)=0,"",N(N22)/((N32+N31)/2))) | O25: =JUL!L25 | P25: =AUG!L25 | Q25: =SEP!L25 | R25: =IF(COUNT(R31,R32)<2,"",IF((R32+R31)=0,"",N(R22)/((R32+R31)/2))) | S25: =IF(COUNT(S31,S32)<2,"",IF((S32+S31)=0,"",N(S22)/((S32+S31)/2)))
B26: Temporary Turnover (%) | C26: =OCT!L26 | D26: =NOV!L26 | E26: =DEC!L26 | F26: =IF(COUNT(F31,F32)<2,"",IF((F32+F31)=0,"",N(F23)/((F32+F31)/2))) | G26: =JAN!L26 | H26: =FEB!L26 | I26: =MAR!L26 | J26: =IF(COUNT(J31,J32)<2,"",IF((J32+J31)=0,"",N(J23)/((J32+J31)/2))) | K26: =APR!L26 | L26: =MAY!L26 | M26: =JUN!L26 | N26: =IF(COUNT(N31,N32)<2,"",IF((N32+N31)=0,"",N(N23)/((N32+N31)/2))) | O26: =JUL!L26 | P26: =AUG!L26 | Q26: =SEP!L26 | R26: =IF(COUNT(R31,R32)<2,"",IF((R32+R31)=0,"",N(R23)/((R32+R31)/2))) | S26: =IF(COUNT(S31,S32)<2,"",IF((S32+S31)=0,"",N(S23)/((S32+S31)/2)))
B27: Voluntary Terminations | C27: =OCT!L27 | D27: =NOV!L27 | E27: =DEC!L27 | F27: =IF(COUNT(C27:E27)=0,"",SUM(C27:E27)) | G27: =JAN!L27 | H27: =FEB!L27 | I27: =MAR!L27 | J27: =IF(COUNT(G27:I27)=0,"",SUM(G27:I27)) | K27: =APR!L27 | L27: =MAY!L27 | M27: =JUN!L27 | N27: =IF(COUNT(K27:M27)=0,"",SUM(K27:M27)) | O27: =JUL!L27 | P27: =AUG!L27 | Q27: =SEP!L27 | R27: =IF(COUNT(O27:Q27)=0,"",SUM(O27:Q27)) | S27: =IF(COUNT(C27:E27,G27:I27,K27:M27,O27:Q27)=0,"",SUM(C27:E27,G27:I27,K27:M27,O27:Q27))
B28: Involuntary Terminations | C28: =OCT!L28 | D28: =NOV!L28 | E28: =DEC!L28 | F28: =IF(COUNT(C28:E28)=0,"",SUM(C28:E28)) | G28: =JAN!L28 | H28: =FEB!L28 | I28: =MAR!L28 | J28: =IF(COUNT(G28:I28)=0,"",SUM(G28:I28)) | K28: =APR!L28 | L28: =MAY!L28 | M28: =JUN!L28 | N28: =IF(COUNT(K28:M28)=0,"",SUM(K28:M28)) | O28: =JUL!L28 | P28: =AUG!L28 | Q28: =SEP!L28 | R28: =IF(COUNT(O28:Q28)=0,"",SUM(O28:Q28)) | S28: =IF(COUNT(C28:E28,G28:I28,K28:M28,O28:Q28)=0,"",SUM(C28:E28,G28:I28,K28:M28,O28:Q28))
B29: Voluntary Turnover (%) | C29: =OCT!L29 | D29: =NOV!L29 | E29: =DEC!L29 | F29: =IF(COUNT(F31,F32)<2,"",IF((F32+F31)=0,"",N(F27)/((F32+F31)/2))) | G29: =JAN!L29 | H29: =FEB!L29 | I29: =MAR!L29 | J29: =IF(COUNT(J31,J32)<2,"",IF((J32+J31)=0,"",N(J27)/((J32+J31)/2))) | K29: =APR!L29 | L29: =MAY!L29 | M29: =JUN!L29 | N29: =IF(COUNT(N31,N32)<2,"",IF((N32+N31)=0,"",N(N27)/((N32+N31)/2))) | O29: =JUL!L29 | P29: =AUG!L29 | Q29: =SEP!L29 | R29: =IF(COUNT(R31,R32)<2,"",IF((R32+R31)=0,"",N(R27)/((R32+R31)/2))) | S29: =IF(COUNT(S31,S32)<2,"",IF((S32+S31)=0,"",N(S27)/((S32+S31)/2)))
B30: Involuntary Turnover (%) | C30: =OCT!L30 | D30: =NOV!L30 | E30: =DEC!L30 | F30: =IF(COUNT(F31,F32)<2,"",IF((F32+F31)=0,"",N(F28)/((F32+F31)/2))) | G30: =JAN!L30 | H30: =FEB!L30 | I30: =MAR!L30 | J30: =IF(COUNT(J31,J32)<2,"",IF((J32+J31)=0,"",N(J28)/((J32+J31)/2))) | K30: =APR!L30 | L30: =MAY!L30 | M30: =JUN!L30 | N30: =IF(COUNT(N31,N32)<2,"",IF((N32+N31)=0,"",N(N28)/((N32+N31)/2))) | O30: =JUL!L30 | P30: =AUG!L30 | Q30: =SEP!L30 | R30: =IF(COUNT(R31,R32)<2,"",IF((R32+R31)=0,"",N(R28)/((R32+R31)/2))) | S30: =IF(COUNT(S31,S32)<2,"",IF((S32+S31)=0,"",N(S28)/((S32+S31)/2)))
B31: Headcount last Month | C31: =OCT!L31 | D31: =NOV!L31 | E31: =DEC!L31 | F31: =IFERROR(AVERAGE(C31:E31),"") | G31: =JAN!L31 | H31: =FEB!L31 | I31: =MAR!L31 | J31: =IFERROR(AVERAGE(G31:I31),"") | K31: =APR!L31 | L31: =MAY!L31 | M31: =JUN!L31 | N31: =IFERROR(AVERAGE(K31:M31),"") | O31: =JUL!L31 | P31: =AUG!L31 | Q31: =SEP!L31 | R31: =IFERROR(AVERAGE(O31:Q31),"") | S31: =IFERROR(AVERAGE(C31:E31,G31:I31,K31:M31,O31:Q31),"")
B32: Headcount this Month | C32: =OCT!L32 | D32: =NOV!L32 | E32: =DEC!L32 | F32: =IFERROR(AVERAGE(C32:E32),"") | G32: =JAN!L32 | H32: =FEB!L32 | I32: =MAR!L32 | J32: =IFERROR(AVERAGE(G32:I32),"") | K32: =APR!L32 | L32: =MAY!L32 | M32: =JUN!L32 | N32: =IFERROR(AVERAGE(K32:M32),"") | O32: =JUL!L32 | P32: =AUG!L32 | Q32: =SEP!L32 | R32: =IFERROR(AVERAGE(O32:Q32),"") | S32: =IFERROR(AVERAGE(C32:E32,G32:I32,K32:M32,O32:Q32),"")
B33: Full Turnover (%) | C33: =OCT!L33 | D33: =NOV!L33 | E33: =DEC!L33 | F33: =IF(COUNT(F31,F32)<2,"",IF((F32+F31)=0,"",N(F24)/((F32+F31)/2))) | G33: =JAN!L33 | H33: =FEB!L33 | I33: =MAR!L33 | J33: =IF(COUNT(J31,J32)<2,"",IF((J32+J31)=0,"",N(J24)/((J32+J31)/2))) | K33: =APR!L33 | L33: =MAY!L33 | M33: =JUN!L33 | N33: =IF(COUNT(N31,N32)<2,"",IF((N32+N31)=0,"",N(N24)/((N32+N31)/2))) | O33: =JUL!L33 | P33: =AUG!L33 | Q33: =SEP!L33 | R33: =IF(COUNT(R31,R32)<2,"",IF((R32+R31)=0,"",N(R24)/((R32+R31)/2))) | S33: =IF(COUNT(S31,S32)<2,"",IF((S32+S31)=0,"",N(S24)/((S32+S31)/2)))
B34: Permanent Vacancies | C34: =OCT!L34 | D34: =NOV!L34 | E34: =DEC!L34 | F34: =IFERROR(AVERAGE(C34:E34),"") | G34: =JAN!L34 | H34: =FEB!L34 | I34: =MAR!L34 | J34: =IFERROR(AVERAGE(G34:I34),"") | K34: =APR!L34 | L34: =MAY!L34 | M34: =JUN!L34 | N34: =IFERROR(AVERAGE(K34:M34),"") | O34: =JUL!L34 | P34: =AUG!L34 | Q34: =SEP!L34 | R34: =IFERROR(AVERAGE(O34:Q34),"") | S34: =IFERROR(AVERAGE(C34:E34,G34:I34,K34:M34,O34:Q34),"")
B35: Temporary Vacancies | C35: =OCT!L35 | D35: =NOV!L35 | E35: =DEC!L35 | F35: =IFERROR(AVERAGE(C35:E35),"") | G35: =JAN!L35 | H35: =FEB!L35 | I35: =MAR!L35 | J35: =IFERROR(AVERAGE(G35:I35),"") | K35: =APR!L35 | L35: =MAY!L35 | M35: =JUN!L35 | N35: =IFERROR(AVERAGE(K35:M35),"") | O35: =JUL!L35 | P35: =AUG!L35 | Q35: =SEP!L35 | R35: =IFERROR(AVERAGE(O35:Q35),"") | S35: =IFERROR(AVERAGE(C35:E35,G35:I35,K35:M35,O35:Q35),"")
B36: Total Vacancies | C36: =OCT!L36 | D36: =NOV!L36 | E36: =DEC!L36 | F36: =IF(COUNT(F34:F35)=0,"",SUM(F34:F35)) | G36: =JAN!L36 | H36: =FEB!L36 | I36: =MAR!L36 | J36: =IF(COUNT(J34:J35)=0,"",SUM(J34:J35)) | K36: =APR!L36 | L36: =MAY!L36 | M36: =JUN!L36 | N36: =IF(COUNT(N34:N35)=0,"",SUM(N34:N35)) | O36: =JUL!L36 | P36: =AUG!L36 | Q36: =SEP!L36 | R36: =IF(COUNT(R34:R35)=0,"",SUM(R34:R35)) | S36: =IF(COUNT(S34:S35)=0,"",SUM(S34:S35))
B37: Authorized Positions | C37: =OCT!L37 | D37: =NOV!L37 | E37: =DEC!L37 | F37: =IF(COUNT(F5,F36)=0,"",N(F5)+N(F36)) | G37: =JAN!L37 | H37: =FEB!L37 | I37: =MAR!L37 | J37: =IF(COUNT(J5,J36)=0,"",N(J5)+N(J36)) | K37: =APR!L37 | L37: =MAY!L37 | M37: =JUN!L37 | N37: =IF(COUNT(N5,N36)=0,"",N(N5)+N(N36)) | O37: =JUL!L37 | P37: =AUG!L37 | Q37: =SEP!L37 | R37: =IF(COUNT(R5,R36)=0,"",N(R5)+N(R36)) | S37: =IF(COUNT(S5,S36)=0,"",N(S5)+N(S36))
B38: Vacancy Rate (%) | C38: =OCT!L38 | D38: =NOV!L38 | E38: =DEC!L38 | F38: =IFERROR(F36/F37,"") | G38: =JAN!L38 | H38: =FEB!L38 | I38: =MAR!L38 | J38: =IFERROR(J36/J37,"") | K38: =APR!L38 | L38: =MAY!L38 | M38: =JUN!L38 | N38: =IFERROR(N36/N37,"") | O38: =JUL!L38 | P38: =AUG!L38 | Q38: =SEP!L38 | R38: =IFERROR(R36/R37,"") | S38: =IFERROR(S36/S37,"")
B39: Permanent TimeToHire (Days) YTD | C39: =OCT!L39 | D39: =NOV!L39 | E39: =DEC!L39 | F39: =IFERROR(LOOKUP(2,1/ISNUMBER(C39:E39),C39:E39),"") | G39: =JAN!L39 | H39: =FEB!L39 | I39: =MAR!L39 | J39: =IFERROR(LOOKUP(2,1/ISNUMBER(G39:I39),G39:I39),"") | K39: =APR!L39 | L39: =MAY!L39 | M39: =JUN!L39 | N39: =IFERROR(LOOKUP(2,1/ISNUMBER(K39:M39),K39:M39),"") | O39: =JUL!L39 | P39: =AUG!L39 | Q39: =SEP!L39 | R39: =IFERROR(LOOKUP(2,1/ISNUMBER(O39:Q39),O39:Q39),"") | S39: =IFERROR(LOOKUP(2,1/ISNUMBER(C39:Q39),C39:Q39),"")
B40: Temporary TimeToHire (Days) YTD | C40: =OCT!L40 | D40: =NOV!L40 | E40: =DEC!L40 | F40: =IFERROR(LOOKUP(2,1/ISNUMBER(C40:E40),C40:E40),"") | G40: =JAN!L40 | H40: =FEB!L40 | I40: =MAR!L40 | J40: =IFERROR(LOOKUP(2,1/ISNUMBER(G40:I40),G40:I40),"") | K40: =APR!L40 | L40: =MAY!L40 | M40: =JUN!L40 | N40: =IFERROR(LOOKUP(2,1/ISNUMBER(K40:M40),K40:M40),"") | O40: =JUL!L40 | P40: =AUG!L40 | Q40: =SEP!L40 | R40: =IFERROR(LOOKUP(2,1/ISNUMBER(O40:Q40),O40:Q40),"") | S40: =IFERROR(LOOKUP(2,1/ISNUMBER(C40:Q40),C40:Q40),"")
B41: Check-ins Rate Completed (%) | C41: =OCT!L41 | D41: =NOV!L41 | E41: =DEC!L41 | F41: =IFERROR(AVERAGE(C41:E41),"") | G41: =JAN!L41 | H41: =FEB!L41 | I41: =MAR!L41 | J41: =IFERROR(AVERAGE(G41:I41),"") | K41: =APR!L41 | L41: =MAY!L41 | M41: =JUN!L41 | N41: =IFERROR(AVERAGE(K41:M41),"") | O41: =JUL!L41 | P41: =AUG!L41 | Q41: =SEP!L41 | R41: =IFERROR(AVERAGE(O41:Q41),"") | S41: =IFERROR(AVERAGE(C41:E41,G41:I41,K41:M41,O41:Q41),"")
B42: EE Objectives Completed (#) | C42: =OCT!L42 | D42: =NOV!L42 | E42: =DEC!L42 | F42: =IF(COUNT(C42:E42)=0,"",SUM(C42:E42)) | G42: =JAN!L42 | H42: =FEB!L42 | I42: =MAR!L42 | J42: =IF(COUNT(G42:I42)=0,"",SUM(G42:I42)) | K42: =APR!L42 | L42: =MAY!L42 | M42: =JUN!L42 | N42: =IF(COUNT(K42:M42)=0,"",SUM(K42:M42)) | O42: =JUL!L42 | P42: =AUG!L42 | Q42: =SEP!L42 | R42: =IF(COUNT(O42:Q42)=0,"",SUM(O42:Q42)) | S42: =IF(COUNT(C42:E42,G42:I42,K42:M42,O42:Q42)=0,"",SUM(C42:E42,G42:I42,K42:M42,O42:Q42))
B43: Non-certified Absent (Days Lost) | C43: =OCT!L43 | D43: =NOV!L43 | E43: =DEC!L43 | F43: =IF(COUNT(C43:E43)=0,"",SUM(C43:E43)) | G43: =JAN!L43 | H43: =FEB!L43 | I43: =MAR!L43 | J43: =IF(COUNT(G43:I43)=0,"",SUM(G43:I43)) | K43: =APR!L43 | L43: =MAY!L43 | M43: =JUN!L43 | N43: =IF(COUNT(K43:M43)=0,"",SUM(K43:M43)) | O43: =JUL!L43 | P43: =AUG!L43 | Q43: =SEP!L43 | R43: =IF(COUNT(O43:Q43)=0,"",SUM(O43:Q43)) | S43: =IF(COUNT(C43:E43,G43:I43,K43:M43,O43:Q43)=0,"",SUM(C43:E43,G43:I43,K43:M43,O43:Q43))
B44: Certified sick leave (Days Lost) | C44: =OCT!L44 | D44: =NOV!L44 | E44: =DEC!L44 | F44: =IF(COUNT(C44:E44)=0,"",SUM(C44:E44)) | G44: =JAN!L44 | H44: =FEB!L44 | I44: =MAR!L44 | J44: =IF(COUNT(G44:I44)=0,"",SUM(G44:I44)) | K44: =APR!L44 | L44: =MAY!L44 | M44: =JUN!L44 | N44: =IF(COUNT(K44:M44)=0,"",SUM(K44:M44)) | O44: =JUL!L44 | P44: =AUG!L44 | Q44: =SEP!L44 | R44: =IF(COUNT(O44:Q44)=0,"",SUM(O44:Q44)) | S44: =IF(COUNT(C44:E44,G44:I44,K44:M44,O44:Q44)=0,"",SUM(C44:E44,G44:I44,K44:M44,O44:Q44))
B45: Total Absences | C45: =OCT!L45 | D45: =NOV!L45 | E45: =DEC!L45 | F45: =IF(COUNT(F43:F44)=0,"",SUM(F43:F44)) | G45: =JAN!L45 | H45: =FEB!L45 | I45: =MAR!L45 | J45: =IF(COUNT(J43:J44)=0,"",SUM(J43:J44)) | K45: =APR!L45 | L45: =MAY!L45 | M45: =JUN!L45 | N45: =IF(COUNT(N43:N44)=0,"",SUM(N43:N44)) | O45: =JUL!L45 | P45: =AUG!L45 | Q45: =SEP!L45 | R45: =IF(COUNT(R43:R44)=0,"",SUM(R43:R44)) | S45: =IF(COUNT(S43:S44)=0,"",SUM(S43:S44))
B46: Absent Rate Non-Certified (%) | C46: =OCT!L46 | D46: =NOV!L46 | E46: =DEC!L46 | F46: {=IF(COUNT(C46:E46)=0,"",IFERROR(SUMPRODUCT(IFERROR(C46:E46*((C3:E3)+(C4:E4)),0))/SUMPRODUCT(IFERROR(ISNUMBER(C46:E46)*((C3:E3)+(C4:E4)),0)),""))} | G46: =JAN!L46 | H46: =FEB!L46 | I46: =MAR!L46 | J46: {=IF(COUNT(G46:I46)=0,"",IFERROR(SUMPRODUCT(IFERROR(G46:I46*((G3:I3)+(G4:I4)),0))/SUMPRODUCT(IFERROR(ISNUMBER(G46:I46)*((G3:I3)+(G4:I4)),0)),""))} | K46: =APR!L46 | L46: =MAY!L46 | M46: =JUN!L46 | N46: {=IF(COUNT(K46:M46)=0,"",IFERROR(SUMPRODUCT(IFERROR(K46:M46*((K3:M3)+(K4:M4)),0))/SUMPRODUCT(IFERROR(ISNUMBER(K46:M46)*((K3:M3)+(K4:M4)),0)),""))} | O46: =JUL!L46 | P46: =AUG!L46 | Q46: =SEP!L46 | R46: {=IF(COUNT(O46:Q46)=0,"",IFERROR(SUMPRODUCT(IFERROR(O46:Q46*((O3:Q3)+(O4:Q4)),0))/SUMPRODUCT(IFERROR(ISNUMBER(O46:Q46)*((O3:Q3)+(O4:Q4)),0)),""))} | S46: =IF(COUNT(F46,J46,N46,R46)=0,"",IFERROR((IFERROR(F46*(F3+F4),0)+IFERROR(J46*(J3+J4),0)+IFERROR(N46*(N3+N4),0)+IFERROR(R46*(R3+R4),0))/(IFERROR(ISNUMBER(F46)*(F3+F4),0)+IFERROR(ISNUMBER(J46)*(J3+J4),0)+IFERROR(ISNUMBER(N46)*(N3+N4),0)+IFERROR(ISNUMBER(R46)*(R3+R4),0)),""))
B47: Absent Rate Certified (%) | C47: =OCT!L47 | D47: =NOV!L47 | E47: =DEC!L47 | F47: {=IF(COUNT(C47:E47)=0,"",IFERROR(SUMPRODUCT(IFERROR(C47:E47*((C3:E3)+(C4:E4)),0))/SUMPRODUCT(IFERROR(ISNUMBER(C47:E47)*((C3:E3)+(C4:E4)),0)),""))} | G47: =JAN!L47 | H47: =FEB!L47 | I47: =MAR!L47 | J47: {=IF(COUNT(G47:I47)=0,"",IFERROR(SUMPRODUCT(IFERROR(G47:I47*((G3:I3)+(G4:I4)),0))/SUMPRODUCT(IFERROR(ISNUMBER(G47:I47)*((G3:I3)+(G4:I4)),0)),""))} | K47: =APR!L47 | L47: =MAY!L47 | M47: =JUN!L47 | N47: {=IF(COUNT(K47:M47)=0,"",IFERROR(SUMPRODUCT(IFERROR(K47:M47*((K3:M3)+(K4:M4)),0))/SUMPRODUCT(IFERROR(ISNUMBER(K47:M47)*((K3:M3)+(K4:M4)),0)),""))} | O47: =JUL!L47 | P47: =AUG!L47 | Q47: =SEP!L47 | R47: {=IF(COUNT(O47:Q47)=0,"",IFERROR(SUMPRODUCT(IFERROR(O47:Q47*((O3:Q3)+(O4:Q4)),0))/SUMPRODUCT(IFERROR(ISNUMBER(O47:Q47)*((O3:Q3)+(O4:Q4)),0)),""))} | S47: =IF(COUNT(F47,J47,N47,R47)=0,"",IFERROR((IFERROR(F47*(F3+F4),0)+IFERROR(J47*(J3+J4),0)+IFERROR(N47*(N3+N4),0)+IFERROR(R47*(R3+R4),0))/(IFERROR(ISNUMBER(F47)*(F3+F4),0)+IFERROR(ISNUMBER(J47)*(J3+J4),0)+IFERROR(ISNUMBER(N47)*(N3+N4),0)+IFERROR(ISNUMBER(R47)*(R3+R4),0)),""))
B48: Absent Rate Total (%) | C48: =OCT!L48 | D48: =NOV!L48 | E48: =DEC!L48 | F48: =IF(COUNT(F46:F47)=0,"",SUM(F46:F47)) | G48: =JAN!L48 | H48: =FEB!L48 | I48: =MAR!L48 | J48: =IF(COUNT(J46:J47)=0,"",SUM(J46:J47)) | K48: =APR!L48 | L48: =MAY!L48 | M48: =JUN!L48 | N48: =IF(COUNT(N46:N47)=0,"",SUM(N46:N47)) | O48: =JUL!L48 | P48: =AUG!L48 | Q48: =SEP!L48 | R48: =IF(COUNT(R46:R47)=0,"",SUM(R46:R47)) | S48: =IF(COUNT(S46:S47)=0,"",SUM(S46:S47))
B49: Weight factor | C49: =OCT!L49 | D49: =NOV!L49 | E49: =DEC!L49 | F49: =IFERROR(AVERAGE(C49:E49),"") | G49: =JAN!L49 | H49: =FEB!L49 | I49: =MAR!L49 | J49: =IFERROR(AVERAGE(G49:I49),"") | K49: =APR!L49 | L49: =MAY!L49 | M49: =JUN!L49 | N49: =IFERROR(AVERAGE(K49:M49),"") | O49: =JUL!L49 | P49: =AUG!L49 | Q49: =SEP!L49 | R49: =IFERROR(AVERAGE(O49:Q49),"") | S49: =IFERROR(AVERAGE(C49:E49,G49:I49,K49:M49,O49:Q49),"")
B50: Leadership (Hours) | C50: =OCT!L50 | D50: =NOV!L50 | E50: =DEC!L50 | F50: =IF(COUNT(C50:E50)=0,"",SUM(C50:E50)) | G50: =JAN!L50 | H50: =FEB!L50 | I50: =MAR!L50 | J50: =IF(COUNT(G50:I50)=0,"",SUM(G50:I50)) | K50: =APR!L50 | L50: =MAY!L50 | M50: =JUN!L50 | N50: =IF(COUNT(K50:M50)=0,"",SUM(K50:M50)) | O50: =JUL!L50 | P50: =AUG!L50 | Q50: =SEP!L50 | R50: =IF(COUNT(O50:Q50)=0,"",SUM(O50:Q50)) | S50: =IF(COUNT(C50:E50,G50:I50,K50:M50,O50:Q50)=0,"",SUM(C50:E50,G50:I50,K50:M50,O50:Q50))
B51: Technical (Hours) | C51: =OCT!L51 | D51: =NOV!L51 | E51: =DEC!L51 | F51: =IF(COUNT(C51:E51)=0,"",SUM(C51:E51)) | G51: =JAN!L51 | H51: =FEB!L51 | I51: =MAR!L51 | J51: =IF(COUNT(G51:I51)=0,"",SUM(G51:I51)) | K51: =APR!L51 | L51: =MAY!L51 | M51: =JUN!L51 | N51: =IF(COUNT(K51:M51)=0,"",SUM(K51:M51)) | O51: =JUL!L51 | P51: =AUG!L51 | Q51: =SEP!L51 | R51: =IF(COUNT(O51:Q51)=0,"",SUM(O51:Q51)) | S51: =IF(COUNT(C51:E51,G51:I51,K51:M51,O51:Q51)=0,"",SUM(C51:E51,G51:I51,K51:M51,O51:Q51))
B52: Professional Develop. (Hours) | C52: =OCT!L52 | D52: =NOV!L52 | E52: =DEC!L52 | F52: =IF(COUNT(C52:E52)=0,"",SUM(C52:E52)) | G52: =JAN!L52 | H52: =FEB!L52 | I52: =MAR!L52 | J52: =IF(COUNT(G52:I52)=0,"",SUM(G52:I52)) | K52: =APR!L52 | L52: =MAY!L52 | M52: =JUN!L52 | N52: =IF(COUNT(K52:M52)=0,"",SUM(K52:M52)) | O52: =JUL!L52 | P52: =AUG!L52 | Q52: =SEP!L52 | R52: =IF(COUNT(O52:Q52)=0,"",SUM(O52:Q52)) | S52: =IF(COUNT(C52:E52,G52:I52,K52:M52,O52:Q52)=0,"",SUM(C52:E52,G52:I52,K52:M52,O52:Q52))
B53: HSSE (Hours) | C53: =OCT!L53 | D53: =NOV!L53 | E53: =DEC!L53 | F53: =IF(COUNT(C53:E53)=0,"",SUM(C53:E53)) | G53: =JAN!L53 | H53: =FEB!L53 | I53: =MAR!L53 | J53: =IF(COUNT(G53:I53)=0,"",SUM(G53:I53)) | K53: =APR!L53 | L53: =MAY!L53 | M53: =JUN!L53 | N53: =IF(COUNT(K53:M53)=0,"",SUM(K53:M53)) | O53: =JUL!L53 | P53: =AUG!L53 | Q53: =SEP!L53 | R53: =IF(COUNT(O53:Q53)=0,"",SUM(O53:Q53)) | S53: =IF(COUNT(C53:E53,G53:I53,K53:M53,O53:Q53)=0,"",SUM(C53:E53,G53:I53,K53:M53,O53:Q53))
B54: Workday (Hours) | C54: =OCT!L54 | D54: =NOV!L54 | E54: =DEC!L54 | F54: =IF(COUNT(C54:E54)=0,"",SUM(C54:E54)) | G54: =JAN!L54 | H54: =FEB!L54 | I54: =MAR!L54 | J54: =IF(COUNT(G54:I54)=0,"",SUM(G54:I54)) | K54: =APR!L54 | L54: =MAY!L54 | M54: =JUN!L54 | N54: =IF(COUNT(K54:M54)=0,"",SUM(K54:M54)) | O54: =JUL!L54 | P54: =AUG!L54 | Q54: =SEP!L54 | R54: =IF(COUNT(O54:Q54)=0,"",SUM(O54:Q54)) | S54: =IF(COUNT(C54:E54,G54:I54,K54:M54,O54:Q54)=0,"",SUM(C54:E54,G54:I54,K54:M54,O54:Q54))
B55: Total Training Hours | C55: =OCT!L55 | D55: =NOV!L55 | E55: =DEC!L55 | F55: =IF(COUNT(F50:F54)=0,"",SUM(F50:F54)) | G55: =JAN!L55 | H55: =FEB!L55 | I55: =MAR!L55 | J55: =IF(COUNT(J50:J54)=0,"",SUM(J50:J54)) | K55: =APR!L55 | L55: =MAY!L55 | M55: =JUN!L55 | N55: =IF(COUNT(N50:N54)=0,"",SUM(N50:N54)) | O55: =JUL!L55 | P55: =AUG!L55 | Q55: =SEP!L55 | R55: =IF(COUNT(R50:R54)=0,"",SUM(R50:R54)) | S55: =IF(COUNT(S50:S54)=0,"",SUM(S50:S54))
B56: Total Trained (Staff) | C56: =OCT!L56 | D56: =NOV!L56 | E56: =DEC!L56 | F56: =IF(COUNT(C56:E56)=0,"",SUM(C56:E56)) | G56: =JAN!L56 | H56: =FEB!L56 | I56: =MAR!L56 | J56: =IF(COUNT(G56:I56)=0,"",SUM(G56:I56)) | K56: =APR!L56 | L56: =MAY!L56 | M56: =JUN!L56 | N56: =IF(COUNT(K56:M56)=0,"",SUM(K56:M56)) | O56: =JUL!L56 | P56: =AUG!L56 | Q56: =SEP!L56 | R56: =IF(COUNT(O56:Q56)=0,"",SUM(O56:Q56)) | S56: =IF(COUNT(C56:E56,G56:I56,K56:M56,O56:Q56)=0,"",SUM(C56:E56,G56:I56,K56:M56,O56:Q56))
B57: Training Programs (#) | C57: =OCT!L57 | D57: =NOV!L57 | E57: =DEC!L57 | F57: =IF(COUNT(C57:E57)=0,"",SUM(C57:E57)) | G57: =JAN!L57 | H57: =FEB!L57 | I57: =MAR!L57 | J57: =IF(COUNT(G57:I57)=0,"",SUM(G57:I57)) | K57: =APR!L57 | L57: =MAY!L57 | M57: =JUN!L57 | N57: =IF(COUNT(K57:M57)=0,"",SUM(K57:M57)) | O57: =JUL!L57 | P57: =AUG!L57 | Q57: =SEP!L57 | R57: =IF(COUNT(O57:Q57)=0,"",SUM(O57:Q57)) | S57: =IF(COUNT(C57:E57,G57:I57,K57:M57,O57:Q57)=0,"",SUM(C57:E57,G57:I57,K57:M57,O57:Q57))
B58: Training Cost (USD) | C58: =OCT!L58 | D58: =NOV!L58 | E58: =DEC!L58 | F58: =IF(COUNT(C58:E58)=0,"",SUM(C58:E58)) | G58: =JAN!L58 | H58: =FEB!L58 | I58: =MAR!L58 | J58: =IF(COUNT(G58:I58)=0,"",SUM(G58:I58)) | K58: =APR!L58 | L58: =MAY!L58 | M58: =JUN!L58 | N58: =IF(COUNT(K58:M58)=0,"",SUM(K58:M58)) | O58: =JUL!L58 | P58: =AUG!L58 | Q58: =SEP!L58 | R58: =IF(COUNT(O58:Q58)=0,"",SUM(O58:Q58)) | S58: =IF(COUNT(C58:E58,G58:I58,K58:M58,O58:Q58)=0,"",SUM(C58:E58,G58:I58,K58:M58,O58:Q58))
B59: Training Travel Cost (USD) | C59: =OCT!L59 | D59: =NOV!L59 | E59: =DEC!L59 | F59: =IF(COUNT(C59:E59)=0,"",SUM(C59:E59)) | G59: =JAN!L59 | H59: =FEB!L59 | I59: =MAR!L59 | J59: =IF(COUNT(G59:I59)=0,"",SUM(G59:I59)) | K59: =APR!L59 | L59: =MAY!L59 | M59: =JUN!L59 | N59: =IF(COUNT(K59:M59)=0,"",SUM(K59:M59)) | O59: =JUL!L59 | P59: =AUG!L59 | Q59: =SEP!L59 | R59: =IF(COUNT(O59:Q59)=0,"",SUM(O59:Q59)) | S59: =IF(COUNT(C59:E59,G59:I59,K59:M59,O59:Q59)=0,"",SUM(C59:E59,G59:I59,K59:M59,O59:Q59))
B60: Leadership Hours Trained (%) | C60: =OCT!L60 | D60: =NOV!L60 | E60: =DEC!L60 | F60: =IFERROR(F50/F$55,"") | G60: =JAN!L60 | H60: =FEB!L60 | I60: =MAR!L60 | J60: =IFERROR(J50/J$55,"") | K60: =APR!L60 | L60: =MAY!L60 | M60: =JUN!L60 | N60: =IFERROR(N50/N$55,"") | O60: =JUL!L60 | P60: =AUG!L60 | Q60: =SEP!L60 | R60: =IFERROR(R50/R$55,"") | S60: =IFERROR(S50/S$55,"")
B61: Technical Hours Trained (%) | C61: =OCT!L61 | D61: =NOV!L61 | E61: =DEC!L61 | F61: =IFERROR(F51/F$55,"") | G61: =JAN!L61 | H61: =FEB!L61 | I61: =MAR!L61 | J61: =IFERROR(J51/J$55,"") | K61: =APR!L61 | L61: =MAY!L61 | M61: =JUN!L61 | N61: =IFERROR(N51/N$55,"") | O61: =JUL!L61 | P61: =AUG!L61 | Q61: =SEP!L61 | R61: =IFERROR(R51/R$55,"") | S61: =IFERROR(S51/S$55,"")
B62: Profess. Dev. Hours Trained (%) | C62: =OCT!L62 | D62: =NOV!L62 | E62: =DEC!L62 | F62: =IFERROR(F52/F$55,"") | G62: =JAN!L62 | H62: =FEB!L62 | I62: =MAR!L62 | J62: =IFERROR(J52/J$55,"") | K62: =APR!L62 | L62: =MAY!L62 | M62: =JUN!L62 | N62: =IFERROR(N52/N$55,"") | O62: =JUL!L62 | P62: =AUG!L62 | Q62: =SEP!L62 | R62: =IFERROR(R52/R$55,"") | S62: =IFERROR(S52/S$55,"")
B63: HSSE Hours Trained (%) | C63: =OCT!L63 | D63: =NOV!L63 | E63: =DEC!L63 | F63: =IFERROR(F53/F$55,"") | G63: =JAN!L63 | H63: =FEB!L63 | I63: =MAR!L63 | J63: =IFERROR(J53/J$55,"") | K63: =APR!L63 | L63: =MAY!L63 | M63: =JUN!L63 | N63: =IFERROR(N53/N$55,"") | O63: =JUL!L63 | P63: =AUG!L63 | Q63: =SEP!L63 | R63: =IFERROR(R53/R$55,"") | S63: =IFERROR(S53/S$55,"")
B64: Workday Hours Trained (%) | C64: =OCT!L64 | D64: =NOV!L64 | E64: =DEC!L64 | F64: =IFERROR(F54/F$55,"") | G64: =JAN!L64 | H64: =FEB!L64 | I64: =MAR!L64 | J64: =IFERROR(J54/J$55,"") | K64: =APR!L64 | L64: =MAY!L64 | M64: =JUN!L64 | N64: =IFERROR(N54/N$55,"") | O64: =JUL!L64 | P64: =AUG!L64 | Q64: =SEP!L64 | R64: =IFERROR(R54/R$55,"") | S64: =IFERROR(S54/S$55,"")
B65: Staff Trained (%) | C65: =OCT!L65 | D65: =NOV!L65 | E65: =DEC!L65 | F65: =IFERROR(F56/SUM(C5:E5),"") | G65: =JAN!L65 | H65: =FEB!L65 | I65: =MAR!L65 | J65: =IFERROR(J56/SUM(G5:I5),"") | K65: =APR!L65 | L65: =MAY!L65 | M65: =JUN!L65 | N65: =IFERROR(N56/SUM(K5:M5),"") | O65: =JUL!L65 | P65: =AUG!L65 | Q65: =SEP!L65 | R65: =IFERROR(R56/SUM(O5:Q5),"") | S65: =IFERROR(S56/SUM(C5:E5,G5:I5,K5:M5,O5:Q5),"")
B66: Training Hours / EE | C66: =OCT!L66 | D66: =NOV!L66 | E66: =DEC!L66 | F66: =IFERROR(F55/F5,"") | G66: =JAN!L66 | H66: =FEB!L66 | I66: =MAR!L66 | J66: =IFERROR(J55/J5,"") | K66: =APR!L66 | L66: =MAY!L66 | M66: =JUN!L66 | N66: =IFERROR(N55/N5,"") | O66: =JUL!L66 | P66: =AUG!L66 | Q66: =SEP!L66 | R66: =IFERROR(R55/R5,"") | S66: =IFERROR(S55/S5,"")
B67: Training Hours / EE Trained | C67: =OCT!L67 | D67: =NOV!L67 | E67: =DEC!L67 | F67: =IFERROR(F55/F56,"") | G67: =JAN!L67 | H67: =FEB!L67 | I67: =MAR!L67 | J67: =IFERROR(J55/J56,"") | K67: =APR!L67 | L67: =MAY!L67 | M67: =JUN!L67 | N67: =IFERROR(N55/N56,"") | O67: =JUL!L67 | P67: =AUG!L67 | Q67: =SEP!L67 | R67: =IFERROR(R55/R56,"") | S67: =IFERROR(S55/S56,"")
B68: Training Invest. / EE (USD) | C68: =OCT!L68 | D68: =NOV!L68 | E68: =DEC!L68 | F68: =IF(COUNT(F58:F59)=0,"",IFERROR((N(F58)+N(F59))/F5,"")) | G68: =JAN!L68 | H68: =FEB!L68 | I68: =MAR!L68 | J68: =IF(COUNT(J58:J59)=0,"",IFERROR((N(J58)+N(J59))/J5,"")) | K68: =APR!L68 | L68: =MAY!L68 | M68: =JUN!L68 | N68: =IF(COUNT(N58:N59)=0,"",IFERROR((N(N58)+N(N59))/N5,"")) | O68: =JUL!L68 | P68: =AUG!L68 | Q68: =SEP!L68 | R68: =IF(COUNT(R58:R59)=0,"",IFERROR((N(R58)+N(R59))/R5,"")) | S68: =IF(COUNT(S58:S59)=0,"",IFERROR((N(S58)+N(S59))/S5,""))
B69: Training Invest. / EE Trained (USD) | C69: =OCT!L69 | D69: =NOV!L69 | E69: =DEC!L69 | F69: =IF(COUNT(F58:F59)=0,"",IFERROR((N(F58)+N(F59))/F56,"")) | G69: =JAN!L69 | H69: =FEB!L69 | I69: =MAR!L69 | J69: =IF(COUNT(J58:J59)=0,"",IFERROR((N(J58)+N(J59))/J56,"")) | K69: =APR!L69 | L69: =MAY!L69 | M69: =JUN!L69 | N69: =IF(COUNT(N58:N59)=0,"",IFERROR((N(N58)+N(N59))/N56,"")) | O69: =JUL!L69 | P69: =AUG!L69 | Q69: =SEP!L69 | R69: =IF(COUNT(R58:R59)=0,"",IFERROR((N(R58)+N(R59))/R56,"")) | S69: =IF(COUNT(S58:S59)=0,"",IFERROR((N(S58)+N(S59))/S56,""))
B70: Input Cells Not Submitted | C70: =OCT!L70 | D70: =NOV!L70 | E70: =DEC!L70 | F70: =SUM(C70:E70) | G70: =JAN!L70 | H70: =FEB!L70 | I70: =MAR!L70 | J70: =SUM(G70:I70) | K70: =APR!L70 | L70: =MAY!L70 | M70: =JUN!L70 | N70: =SUM(K70:M70) | O70: =JUL!L70 | P70: =AUG!L70 | Q70: =SEP!L70 | R70: =SUM(O70:Q70) | S70: =SUM(C70:E70,G70:I70,K70:M70,O70:Q70)

Sheet OCT
B1: MANUFACTURING
A2: 202610 | B2: OCT | C2: GEL Manufacturing Holding Co. Ltd. | D2: CLC Domicana (Dominican Republic) | E2: Caribbean Label Crafts Ltd. (Barbados) | F2: Ecuakao (Ecuador) | G2: Hipac Ltd. (Barbados) | H2: Label Craft Jamaica Ltd. (Jamaica) | I2: McBride (Caribbean) Ltd. | J2: Precision Packaging Inc. (Barbados) | K2: Purity Bakeries Ltd. (Barbados) | L2: TOTAL | M2: Total by Division | N2: =N(N11)<>0
A3: =+A2 | B3: Permanent (Regular) Headcount | L3: =IF(COUNT(C3:K3)=0,"",SUM(C3:K3)) | M3: ∑
B4: Temporary (Fix Term) Headcount | L4: =IF(COUNT(C4:K4)=0,"",SUM(C4:K4)) | M4: ∑
B5: Employee Headcount (Productivity) | C5: =IF(COUNT(C3:C4)=0,"",SUM(C3:C4)) | D5: =IF(COUNT(D3:D4)=0,"",SUM(D3:D4)) | E5: =IF(COUNT(E3:E4)=0,"",SUM(E3:E4)) | F5: =IF(COUNT(F3:F4)=0,"",SUM(F3:F4)) | G5: =IF(COUNT(G3:G4)=0,"",SUM(G3:G4)) | H5: =IF(COUNT(H3:H4)=0,"",SUM(H3:H4)) | I5: =IF(COUNT(I3:I4)=0,"",SUM(I3:I4)) | J5: =IF(COUNT(J3:J4)=0,"",SUM(J3:J4)) | ... L5: =IF(COUNT(L3:L4)=0,"",SUM(L3:L4)) | M5: ϝ
B6: Headcount = 1.00 | L6: =IF(COUNT(C6:K6)=0,"",SUM(C6:K6)) | M6: ∑
B7: Headcount = 0.75 | L7: =IF(COUNT(C7:K7)=0,"",SUM(C7:K7)) | M7: ∑
B8: Headcount = 0.50 | L8: =IF(COUNT(C8:K8)=0,"",SUM(C8:K8)) | M8: ∑
B9: Headcount = 0.25 | L9: =IF(COUNT(C9:K9)=0,"",SUM(C9:K9)) | M9: ∑
B10: Standard Monthly Hours (FTE basis) | L10: =IFERROR(AVERAGE(C10:K10),"") | M10: Avg
B11: Employee FTE (Finance) | C11: =IF(COUNT(C6:C9)=0,"",N(C6)+N(C7)*0.75+N(C8)*0.5+N(C9)*0.25) | D11: =IF(COUNT(D6:D9)=0,"",N(D6)+N(D7)*0.75+N(D8)*0.5+N(D9)*0.25) | E11: =IF(COUNT(E6:E9)=0,"",N(E6)+N(E7)*0.75+N(E8)*0.5+N(E9)*0.25) | F11: =IF(COUNT(F6:F9)=0,"",N(F6)+N(F7)*0.75+N(F8)*0.5+N(F9)*0.25) | G11: =IF(COUNT(G6:G9)=0,"",N(G6)+N(G7)*0.75+N(G8)*0.5+N(G9)*0.25) | H11: =IF(COUNT(H6:H9)=0,"",N(H6)+N(H7)*0.75+N(H8)*0.5+N(H9)*0.25) | I11: =IF(COUNT(I6:I9)=0,"",N(I6)+N(I7)*0.75+N(I8)*0.5+N(I9)*0.25) | J11: =IF(COUNT(J6:J9)=0,"",N(J6)+N(J7)*0.75+N(J8)*0.5+N(J9)*0.25) | ... L11: =IF(COUNT(L6:L9)=0,"",N(L6)+N(L7)*0.75+N(L8)*0.5+N(L9)*0.25) | M11: FTE | N11: =IF(COUNT(L5:L9)=0,"",N(L6)+N(L7)+N(L8)+N(L9)-N(L5))
B12: Subcontracted Workforce HC | L12: =IF(COUNT(C12:K12)=0,"",SUM(C12:K12)) | M12: ∑
B13: Subcontracted Productive Hours | L13: =IF(COUNT(C13:K13)=0,"",SUM(C13:K13)) | M13: ∑
B14: Subcontracted FTE | C14: =IFERROR(C13/C10,"") | D14: =IFERROR(D13/D10,"") | E14: =IFERROR(E13/E10,"") | F14: =IFERROR(F13/F10,"") | G14: =IFERROR(G13/G10,"") | H14: =IFERROR(H13/H10,"") | I14: =IFERROR(I13/I10,"") | J14: =IFERROR(J13/J10,"") | K14: =IFERROR(K13/K10,"") | L14: =IF(COUNT(C14:K14)=0,"",SUM(C14:K14)) | M14: FTE
B15: Total Operational Workforce | C15: =IF(COUNT(C5,C12)=0,"",SUM(C5,C12)) | D15: =IF(COUNT(D5,D12)=0,"",SUM(D5,D12)) | E15: =IF(COUNT(E5,E12)=0,"",SUM(E5,E12)) | F15: =IF(COUNT(F5,F12)=0,"",SUM(F5,F12)) | G15: =IF(COUNT(G5,G12)=0,"",SUM(G5,G12)) | H15: =IF(COUNT(H5,H12)=0,"",SUM(H5,H12)) | I15: =IF(COUNT(I5,I12)=0,"",SUM(I5,I12)) | J15: =IF(COUNT(J5,J12)=0,"",SUM(J5,J12)) | ... L15: =IF(COUNT(L5,L12)=0,"",SUM(L5,L12)) | M15: ϝ
B16: Total Operational FTE | C16: =IF(COUNT(C11,C14)=0,"",SUM(C11,C14)) | D16: =IF(COUNT(D11,D14)=0,"",SUM(D11,D14)) | E16: =IF(COUNT(E11,E14)=0,"",SUM(E11,E14)) | F16: =IF(COUNT(F11,F14)=0,"",SUM(F11,F14)) | G16: =IF(COUNT(G11,G14)=0,"",SUM(G11,G14)) | H16: =IF(COUNT(H11,H14)=0,"",SUM(H11,H14)) | I16: =IF(COUNT(I11,I14)=0,"",SUM(I11,I14)) | J16: =IF(COUNT(J11,J14)=0,"",SUM(J11,J14)) | ... L16: =IF(COUNT(L11,L14)=0,"",SUM(L11,L14)) | M16: FTE
B17: Subcontracted Share of Workforce (%) | C17: =IFERROR(C12/C15,"") | D17: =IFERROR(D12/D15,"") | E17: =IFERROR(E12/E15,"") | F17: =IFERROR(F12/F15,"") | G17: =IFERROR(G12/G15,"") | H17: =IFERROR(H12/H15,"") | I17: =IFERROR(I12/I15,"") | J17: =IFERROR(J12/J15,"") | ... L17: =IFERROR(L12/L15,"") | M17: ϝ
B18: FTE HR Team | L18: =IF(COUNT(C18:K18)=0,"",SUM(C18:K18)) | M18: ∑
B19: Permanent Hires | L19: =IF(COUNT(C19:K19)=0,"",SUM(C19:K19)) | M19: ∑
B20: Temporary Hires | L20: =IF(COUNT(C20:K20)=0,"",SUM(C20:K20)) | M20: ∑
B21: Total Hires | C21: =IF(COUNT(C19:C20)=0,"",SUM(C19:C20)) | D21: =IF(COUNT(D19:D20)=0,"",SUM(D19:D20)) | E21: =IF(COUNT(E19:E20)=0,"",SUM(E19:E20)) | F21: =IF(COUNT(F19:F20)=0,"",SUM(F19:F20)) | G21: =IF(COUNT(G19:G20)=0,"",SUM(G19:G20)) | H21: =IF(COUNT(H19:H20)=0,"",SUM(H19:H20)) | I21: =IF(COUNT(I19:I20)=0,"",SUM(I19:I20)) | J21: =IF(COUNT(J19:J20)=0,"",SUM(J19:J20)) | ... L21: =IF(COUNT(L19:L20)=0,"",SUM(L19:L20)) | M21: ϝ
B22: Permanent Exits | L22: =IF(COUNT(C22:K22)=0,"",SUM(C22:K22)) | M22: ∑
B23: Temporary Exits | L23: =IF(COUNT(C23:K23)=0,"",SUM(C23:K23)) | M23: ∑
B24: Total Exits | C24: =IF(COUNT(C22:C23)=0,"",SUM(C22:C23)) | D24: =IF(COUNT(D22:D23)=0,"",SUM(D22:D23)) | E24: =IF(COUNT(E22:E23)=0,"",SUM(E22:E23)) | F24: =IF(COUNT(F22:F23)=0,"",SUM(F22:F23)) | G24: =IF(COUNT(G22:G23)=0,"",SUM(G22:G23)) | H24: =IF(COUNT(H22:H23)=0,"",SUM(H22:H23)) | I24: =IF(COUNT(I22:I23)=0,"",SUM(I22:I23)) | J24: =IF(COUNT(J22:J23)=0,"",SUM(J22:J23)) | ... L24: =IF(COUNT(L22:L23)=0,"",SUM(L22:L23)) | M24: ϝ
B25: Permanent Turnover (%) | C25: =IF(COUNT(C31,C32)<2,"",IF((C32+C31)=0,"",N(C22)/((C32+C31)/2))) | D25: =IF(COUNT(D31,D32)<2,"",IF((D32+D31)=0,"",N(D22)/((D32+D31)/2))) | E25: =IF(COUNT(E31,E32)<2,"",IF((E32+E31)=0,"",N(E22)/((E32+E31)/2))) | F25: =IF(COUNT(F31,F32)<2,"",IF((F32+F31)=0,"",N(F22)/((F32+F31)/2))) | G25: =IF(COUNT(G31,G32)<2,"",IF((G32+G31)=0,"",N(G22)/((G32+G31)/2))) | H25: =IF(COUNT(H31,H32)<2,"",IF((H32+H31)=0,"",N(H22)/((H32+H31)/2))) | I25: =IF(COUNT(I31,I32)<2,"",IF((I32+I31)=0,"",N(I22)/((I32+I31)/2))) | J25: =IF(COUNT(J31,J32)<2,"",IF((J32+J31)=0,"",N(J22)/((J32+J31)/2))) | ... L25: =IF(COUNT(L31,L32)<2,"",IF((L32+L31)=0,"",N(L22)/((L32+L31)/2))) | M25: ϝ
B26: Temporary Turnover (%) | C26: =IF(COUNT(C31,C32)<2,"",IF((C32+C31)=0,"",N(C23)/((C32+C31)/2))) | D26: =IF(COUNT(D31,D32)<2,"",IF((D32+D31)=0,"",N(D23)/((D32+D31)/2))) | E26: =IF(COUNT(E31,E32)<2,"",IF((E32+E31)=0,"",N(E23)/((E32+E31)/2))) | F26: =IF(COUNT(F31,F32)<2,"",IF((F32+F31)=0,"",N(F23)/((F32+F31)/2))) | G26: =IF(COUNT(G31,G32)<2,"",IF((G32+G31)=0,"",N(G23)/((G32+G31)/2))) | H26: =IF(COUNT(H31,H32)<2,"",IF((H32+H31)=0,"",N(H23)/((H32+H31)/2))) | I26: =IF(COUNT(I31,I32)<2,"",IF((I32+I31)=0,"",N(I23)/((I32+I31)/2))) | J26: =IF(COUNT(J31,J32)<2,"",IF((J32+J31)=0,"",N(J23)/((J32+J31)/2))) | ... L26: =IF(COUNT(L31,L32)<2,"",IF((L32+L31)=0,"",N(L23)/((L32+L31)/2))) | M26: ϝ
B27: Voluntary Terminations | L27: =IF(COUNT(C27:K27)=0,"",SUM(C27:K27)) | M27: ∑
B28: Involuntary Terminations | L28: =IF(COUNT(C28:K28)=0,"",SUM(C28:K28)) | M28: ∑
B29: Voluntary Turnover (%) | C29: =IF(COUNT(C31,C32)<2,"",IF((C32+C31)=0,"",N(C27)/((C32+C31)/2))) | D29: =IF(COUNT(D31,D32)<2,"",IF((D32+D31)=0,"",N(D27)/((D32+D31)/2))) | E29: =IF(COUNT(E31,E32)<2,"",IF((E32+E31)=0,"",N(E27)/((E32+E31)/2))) | F29: =IF(COUNT(F31,F32)<2,"",IF((F32+F31)=0,"",N(F27)/((F32+F31)/2))) | G29: =IF(COUNT(G31,G32)<2,"",IF((G32+G31)=0,"",N(G27)/((G32+G31)/2))) | H29: =IF(COUNT(H31,H32)<2,"",IF((H32+H31)=0,"",N(H27)/((H32+H31)/2))) | I29: =IF(COUNT(I31,I32)<2,"",IF((I32+I31)=0,"",N(I27)/((I32+I31)/2))) | J29: =IF(COUNT(J31,J32)<2,"",IF((J32+J31)=0,"",N(J27)/((J32+J31)/2))) | ... L29: =IF(COUNT(L31,L32)<2,"",IF((L32+L31)=0,"",N(L27)/((L32+L31)/2))) | M29: ϝ
B30: Involuntary Turnover (%) | C30: =IF(COUNT(C31,C32)<2,"",IF((C32+C31)=0,"",N(C28)/((C32+C31)/2))) | D30: =IF(COUNT(D31,D32)<2,"",IF((D32+D31)=0,"",N(D28)/((D32+D31)/2))) | E30: =IF(COUNT(E31,E32)<2,"",IF((E32+E31)=0,"",N(E28)/((E32+E31)/2))) | F30: =IF(COUNT(F31,F32)<2,"",IF((F32+F31)=0,"",N(F28)/((F32+F31)/2))) | G30: =IF(COUNT(G31,G32)<2,"",IF((G32+G31)=0,"",N(G28)/((G32+G31)/2))) | H30: =IF(COUNT(H31,H32)<2,"",IF((H32+H31)=0,"",N(H28)/((H32+H31)/2))) | I30: =IF(COUNT(I31,I32)<2,"",IF((I32+I31)=0,"",N(I28)/((I32+I31)/2))) | J30: =IF(COUNT(J31,J32)<2,"",IF((J32+J31)=0,"",N(J28)/((J32+J31)/2))) | ... L30: =IF(COUNT(L31,L32)<2,"",IF((L32+L31)=0,"",N(L28)/((L32+L31)/2))) | M30: ϝ
B31: Headcount last Month | L31: =IF(COUNT(C31:K31)=0,"",SUM(C31:K31)) | M31: ∑
B32: Headcount this Month | C32: =IF(C5="","",C5) | D32: =IF(D5="","",D5) | E32: =IF(E5="","",E5) | F32: =IF(F5="","",F5) | G32: =IF(G5="","",G5) | H32: =IF(H5="","",H5) | I32: =IF(I5="","",I5) | J32: =IF(J5="","",J5) | K32: =IF(K5="","",K5) | L32: =IF(COUNT(C32:K32)=0,"",SUM(C32:K32)) | M32: ∑
B33: Full Turnover (%) | C33: =IF(COUNT(C31,C32)<2,"",IF((C32+C31)=0,"",N(C24)/((C32+C31)/2))) | D33: =IF(COUNT(D31,D32)<2,"",IF((D32+D31)=0,"",N(D24)/((D32+D31)/2))) | E33: =IF(COUNT(E31,E32)<2,"",IF((E32+E31)=0,"",N(E24)/((E32+E31)/2))) | F33: =IF(COUNT(F31,F32)<2,"",IF((F32+F31)=0,"",N(F24)/((F32+F31)/2))) | G33: =IF(COUNT(G31,G32)<2,"",IF((G32+G31)=0,"",N(G24)/((G32+G31)/2))) | H33: =IF(COUNT(H31,H32)<2,"",IF((H32+H31)=0,"",N(H24)/((H32+H31)/2))) | I33: =IF(COUNT(I31,I32)<2,"",IF((I32+I31)=0,"",N(I24)/((I32+I31)/2))) | J33: =IF(COUNT(J31,J32)<2,"",IF((J32+J31)=0,"",N(J24)/((J32+J31)/2))) | ... L33: =IF(COUNT(L31,L32)<2,"",IF((L32+L31)=0,"",N(L24)/((L32+L31)/2))) | M33: ϝ
B34: Permanent Vacancies | L34: =IF(COUNT(C34:K34)=0,"",SUM(C34:K34)) | M34: ∑
B35: Temporary Vacancies | L35: =IF(COUNT(C35:K35)=0,"",SUM(C35:K35)) | M35: ∑
B36: Total Vacancies | C36: =IF(COUNT(C34:C35)=0,"",SUM(C34:C35)) | D36: =IF(COUNT(D34:D35)=0,"",SUM(D34:D35)) | E36: =IF(COUNT(E34:E35)=0,"",SUM(E34:E35)) | F36: =IF(COUNT(F34:F35)=0,"",SUM(F34:F35)) | G36: =IF(COUNT(G34:G35)=0,"",SUM(G34:G35)) | H36: =IF(COUNT(H34:H35)=0,"",SUM(H34:H35)) | I36: =IF(COUNT(I34:I35)=0,"",SUM(I34:I35)) | J36: =IF(COUNT(J34:J35)=0,"",SUM(J34:J35)) | ... L36: =IF(COUNT(L34:L35)=0,"",SUM(L34:L35)) | M36: ϝ
B37: Authorized Positions | C37: =IF(COUNT(C5,C36)=0,"",N(C5)+N(C36)) | D37: =IF(COUNT(D5,D36)=0,"",N(D5)+N(D36)) | E37: =IF(COUNT(E5,E36)=0,"",N(E5)+N(E36)) | F37: =IF(COUNT(F5,F36)=0,"",N(F5)+N(F36)) | G37: =IF(COUNT(G5,G36)=0,"",N(G5)+N(G36)) | H37: =IF(COUNT(H5,H36)=0,"",N(H5)+N(H36)) | I37: =IF(COUNT(I5,I36)=0,"",N(I5)+N(I36)) | J37: =IF(COUNT(J5,J36)=0,"",N(J5)+N(J36)) | ... L37: =IF(COUNT(L5,L36)=0,"",N(L5)+N(L36)) | M37: ϝ
B38: Vacancy Rate (%) | C38: =IFERROR(C36/C37,"") | D38: =IFERROR(D36/D37,"") | E38: =IFERROR(E36/E37,"") | F38: =IFERROR(F36/F37,"") | G38: =IFERROR(G36/G37,"") | H38: =IFERROR(H36/H37,"") | I38: =IFERROR(I36/I37,"") | J38: =IFERROR(J36/J37,"") | ... L38: =IFERROR(L36/L37,"") | M38: ϝ
B39: Permanent TimeToHire (Days) YTD | C39: =IF('(GEL_Holding)'!$AB$4="","",'(GEL_Holding)'!$AB$4) | D39: =IF('(Dom_CLC)'!$AB$4="","",'(Dom_CLC)'!$AB$4) | E39: =IF('(Car_Label)'!$AB$4="","",'(Car_Label)'!$AB$4) | F39: =IF('(Ecuakao)'!$AB$4="","",'(Ecuakao)'!$AB$4) | G39: =IF('(Hipac)'!$AB$4="","",'(Hipac)'!$AB$4) | H39: =IF('(Jam_Label)'!$AB$4="","",'(Jam_Label)'!$AB$4) | I39: =IF('(Mc_Bride)'!$AB$4="","",'(Mc_Bride)'!$AB$4) | J39: =IF('(Precision)'!$AB$4="","",'(Precision)'!$AB$4) | K39: =IF('(Purity)'!$AB$4="","",'(Purity)'!$AB$4) | L39: =IFERROR(AVERAGE(C39:K39),"") | M39: Avg
B40: Temporary TimeToHire (Days) YTD | C40: =IF('(GEL_Holding)'!$AD$4="","",'(GEL_Holding)'!$AD$4) | D40: =IF('(Dom_CLC)'!$AD$4="","",'(Dom_CLC)'!$AD$4) | E40: =IF('(Car_Label)'!$AD$4="","",'(Car_Label)'!$AD$4) | F40: =IF('(Ecuakao)'!$AD$4="","",'(Ecuakao)'!$AD$4) | G40: =IF('(Hipac)'!$AD$4="","",'(Hipac)'!$AD$4) | H40: =IF('(Jam_Label)'!$AD$4="","",'(Jam_Label)'!$AD$4) | I40: =IF('(Mc_Bride)'!$AD$4="","",'(Mc_Bride)'!$AD$4) | J40: =IF('(Precision)'!$AD$4="","",'(Precision)'!$AD$4) | K40: =IF('(Purity)'!$AD$4="","",'(Purity)'!$AD$4) | L40: =IFERROR(AVERAGE(C40:K40),"") | M40: Avg
B41: Check-ins Rate Completed (%) | L41: =IFERROR(AVERAGE(C41:K41),"") | M41: Avg
B42: EE Objectives Completed (#) | L42: =IF(COUNT(C42:K42)=0,"",SUM(C42:K42)) | M42: ∑
B43: Non-certified Absent (Days Lost) | L43: =IF(COUNT(C43:K43)=0,"",SUM(C43:K43)) | M43: ∑
B44: Certified sick leave (Days Lost) | L44: =IF(COUNT(C44:K44)=0,"",SUM(C44:K44)) | M44: ∑
B45: Total Absences | C45: =IF(COUNT(C43:C44)=0,"",SUM(C43:C44)) | D45: =IF(COUNT(D43:D44)=0,"",SUM(D43:D44)) | E45: =IF(COUNT(E43:E44)=0,"",SUM(E43:E44)) | F45: =IF(COUNT(F43:F44)=0,"",SUM(F43:F44)) | G45: =IF(COUNT(G43:G44)=0,"",SUM(G43:G44)) | H45: =IF(COUNT(H43:H44)=0,"",SUM(H43:H44)) | I45: =IF(COUNT(I43:I44)=0,"",SUM(I43:I44)) | J45: =IF(COUNT(J43:J44)=0,"",SUM(J43:J44)) | ... L45: =IF(COUNT(L43:L44)=0,"",SUM(L43:L44)) | M45: ϝ
B46: Absent Rate Non-Certified (%) | C46: =IF('(GEL_Holding)'!$G$4="","",'(GEL_Holding)'!$G$4) | D46: =IF('(Dom_CLC)'!$G$4="","",'(Dom_CLC)'!$G$4) | E46: =IF('(Car_Label)'!$G$4="","",'(Car_Label)'!$G$4) | F46: =IF('(Ecuakao)'!$G$4="","",'(Ecuakao)'!$G$4) | G46: =IF('(Hipac)'!$G$4="","",'(Hipac)'!$G$4) | H46: =IF('(Jam_Label)'!$G$4="","",'(Jam_Label)'!$G$4) | I46: =IF('(Mc_Bride)'!$G$4="","",'(Mc_Bride)'!$G$4) | J46: =IF('(Precision)'!$G$4="","",'(Precision)'!$G$4) | K46: =IF('(Purity)'!$G$4="","",'(Purity)'!$G$4) | L46: {=IF(COUNT(C46:K46)=0,"",IFERROR(SUMPRODUCT(IFERROR(C46:K46*((C3:K3)+(C4:K4)),0))/SUMPRODUCT(IFERROR(ISNUMBER(C46:K46)*((C3:K3)+(C4:K4)),0)),""))} | M46: Weighted
B47: Absent Rate Certified (%) | C47: =IF('(GEL_Holding)'!$O$4="","",'(GEL_Holding)'!$O$4) | D47: =IF('(Dom_CLC)'!$O$4="","",'(Dom_CLC)'!$O$4) | E47: =IF('(Car_Label)'!$O$4="","",'(Car_Label)'!$O$4) | F47: =IF('(Ecuakao)'!$O$4="","",'(Ecuakao)'!$O$4) | G47: =IF('(Hipac)'!$O$4="","",'(Hipac)'!$O$4) | H47: =IF('(Jam_Label)'!$O$4="","",'(Jam_Label)'!$O$4) | I47: =IF('(Mc_Bride)'!$O$4="","",'(Mc_Bride)'!$O$4) | J47: =IF('(Precision)'!$O$4="","",'(Precision)'!$O$4) | K47: =IF('(Purity)'!$O$4="","",'(Purity)'!$O$4) | L47: {=IF(COUNT(C47:K47)=0,"",IFERROR(SUMPRODUCT(IFERROR(C47:K47*((C3:K3)+(C4:K4)),0))/SUMPRODUCT(IFERROR(ISNUMBER(C47:K47)*((C3:K3)+(C4:K4)),0)),""))} | M47: Weighted
B48: Absent Rate Total (%) | C48: =IF(COUNT(C46:C47)=0,"",SUM(C46:C47)) | D48: =IF(COUNT(D46:D47)=0,"",SUM(D46:D47)) | E48: =IF(COUNT(E46:E47)=0,"",SUM(E46:E47)) | F48: =IF(COUNT(F46:F47)=0,"",SUM(F46:F47)) | G48: =IF(COUNT(G46:G47)=0,"",SUM(G46:G47)) | H48: =IF(COUNT(H46:H47)=0,"",SUM(H46:H47)) | I48: =IF(COUNT(I46:I47)=0,"",SUM(I46:I47)) | J48: =IF(COUNT(J46:J47)=0,"",SUM(J46:J47)) | ... L48: =IF(COUNT(L46:L47)=0,"",SUM(L46:L47)) | M48: Weighted
B49: Weight factor | C49: =IFERROR(C5/$L5,"") | D49: =IFERROR(D5/$L5,"") | E49: =IFERROR(E5/$L5,"") | F49: =IFERROR(F5/$L5,"") | G49: =IFERROR(G5/$L5,"") | H49: =IFERROR(H5/$L5,"") | I49: =IFERROR(I5/$L5,"") | J49: =IFERROR(J5/$L5,"") | K49: =IFERROR(K5/$L5,"") | L49: =IF(COUNT(C49:K49)=0,"",SUM(C49:K49)) | M49: Weight Factor
B50: Leadership (Hours) | L50: =IF(COUNT(C50:K50)=0,"",SUM(C50:K50)) | M50: ∑
B51: Technical (Hours) | L51: =IF(COUNT(C51:K51)=0,"",SUM(C51:K51)) | M51: ∑
B52: Professional Develop. (Hours) | L52: =IF(COUNT(C52:K52)=0,"",SUM(C52:K52)) | M52: ∑
B53: HSSE (Hours) | L53: =IF(COUNT(C53:K53)=0,"",SUM(C53:K53)) | M53: ∑
B54: Workday (Hours) | L54: =IF(COUNT(C54:K54)=0,"",SUM(C54:K54)) | M54: ∑
B55: Total Training Hours | C55: =IF(COUNT(C50:C54)=0,"",SUM(C50:C54)) | D55: =IF(COUNT(D50:D54)=0,"",SUM(D50:D54)) | E55: =IF(COUNT(E50:E54)=0,"",SUM(E50:E54)) | F55: =IF(COUNT(F50:F54)=0,"",SUM(F50:F54)) | G55: =IF(COUNT(G50:G54)=0,"",SUM(G50:G54)) | H55: =IF(COUNT(H50:H54)=0,"",SUM(H50:H54)) | I55: =IF(COUNT(I50:I54)=0,"",SUM(I50:I54)) | J55: =IF(COUNT(J50:J54)=0,"",SUM(J50:J54)) | ... L55: =IF(COUNT(L50:L54)=0,"",SUM(L50:L54)) | M55: ϝ
B56: Total Trained (Staff) | L56: =IF(COUNT(C56:K56)=0,"",SUM(C56:K56)) | M56: ∑
B57: Training Programs (#) | L57: =IF(COUNT(C57:K57)=0,"",SUM(C57:K57)) | M57: ∑
B58: Training Cost (USD) | L58: =IF(COUNT(C58:K58)=0,"",SUM(C58:K58)) | M58: ∑
B59: Training Travel Cost (USD) | L59: =IF(COUNT(C59:K59)=0,"",SUM(C59:K59)) | M59: ∑
B60: Leadership Hours Trained (%) | C60: =IFERROR(C50/C$55,"") | D60: =IFERROR(D50/D$55,"") | E60: =IFERROR(E50/E$55,"") | F60: =IFERROR(F50/F$55,"") | G60: =IFERROR(G50/G$55,"") | H60: =IFERROR(H50/H$55,"") | I60: =IFERROR(I50/I$55,"") | J60: =IFERROR(J50/J$55,"") | ... L60: =IFERROR(L50/L$55,"") | M60: ϝ
B61: Technical Hours Trained (%) | C61: =IFERROR(C51/C$55,"") | D61: =IFERROR(D51/D$55,"") | E61: =IFERROR(E51/E$55,"") | F61: =IFERROR(F51/F$55,"") | G61: =IFERROR(G51/G$55,"") | H61: =IFERROR(H51/H$55,"") | I61: =IFERROR(I51/I$55,"") | J61: =IFERROR(J51/J$55,"") | ... L61: =IFERROR(L51/L$55,"") | M61: ϝ
B62: Profess. Dev. Hours Trained (%) | C62: =IFERROR(C52/C$55,"") | D62: =IFERROR(D52/D$55,"") | E62: =IFERROR(E52/E$55,"") | F62: =IFERROR(F52/F$55,"") | G62: =IFERROR(G52/G$55,"") | H62: =IFERROR(H52/H$55,"") | I62: =IFERROR(I52/I$55,"") | J62: =IFERROR(J52/J$55,"") | ... L62: =IFERROR(L52/L$55,"") | M62: ϝ
B63: HSSE Hours Trained (%) | C63: =IFERROR(C53/C$55,"") | D63: =IFERROR(D53/D$55,"") | E63: =IFERROR(E53/E$55,"") | F63: =IFERROR(F53/F$55,"") | G63: =IFERROR(G53/G$55,"") | H63: =IFERROR(H53/H$55,"") | I63: =IFERROR(I53/I$55,"") | J63: =IFERROR(J53/J$55,"") | ... L63: =IFERROR(L53/L$55,"") | M63: ϝ
B64: Workday Hours Trained (%) | C64: =IFERROR(C54/C$55,"") | D64: =IFERROR(D54/D$55,"") | E64: =IFERROR(E54/E$55,"") | F64: =IFERROR(F54/F$55,"") | G64: =IFERROR(G54/G$55,"") | H64: =IFERROR(H54/H$55,"") | I64: =IFERROR(I54/I$55,"") | J64: =IFERROR(J54/J$55,"") | ... L64: =IFERROR(L54/L$55,"") | M64: ϝ
B65: Staff Trained (%) | C65: =IFERROR(C56/C5,"") | D65: =IFERROR(D56/D5,"") | E65: =IFERROR(E56/E5,"") | F65: =IFERROR(F56/F5,"") | G65: =IFERROR(G56/G5,"") | H65: =IFERROR(H56/H5,"") | I65: =IFERROR(I56/I5,"") | J65: =IFERROR(J56/J5,"") | ... L65: =IFERROR(L56/L5,"") | M65: ϝ
B66: Training Hours / EE | C66: =IFERROR(C55/C5,"") | D66: =IFERROR(D55/D5,"") | E66: =IFERROR(E55/E5,"") | F66: =IFERROR(F55/F5,"") | G66: =IFERROR(G55/G5,"") | H66: =IFERROR(H55/H5,"") | I66: =IFERROR(I55/I5,"") | J66: =IFERROR(J55/J5,"") | ... L66: =IFERROR(L55/L5,"") | M66: ϝ
B67: Training Hours / EE Trained | C67: =IFERROR(C55/C56,"") | D67: =IFERROR(D55/D56,"") | E67: =IFERROR(E55/E56,"") | F67: =IFERROR(F55/F56,"") | G67: =IFERROR(G55/G56,"") | H67: =IFERROR(H55/H56,"") | I67: =IFERROR(I55/I56,"") | J67: =IFERROR(J55/J56,"") | ... L67: =IFERROR(L55/L56,"") | M67: ϝ
B68: Training Invest. / EE (USD) | C68: =IF(COUNT(C58:C59)=0,"",IFERROR((N(C58)+N(C59))/C5,"")) | D68: =IF(COUNT(D58:D59)=0,"",IFERROR((N(D58)+N(D59))/D5,"")) | E68: =IF(COUNT(E58:E59)=0,"",IFERROR((N(E58)+N(E59))/E5,"")) | F68: =IF(COUNT(F58:F59)=0,"",IFERROR((N(F58)+N(F59))/F5,"")) | G68: =IF(COUNT(G58:G59)=0,"",IFERROR((N(G58)+N(G59))/G5,"")) | H68: =IF(COUNT(H58:H59)=0,"",IFERROR((N(H58)+N(H59))/H5,"")) | I68: =IF(COUNT(I58:I59)=0,"",IFERROR((N(I58)+N(I59))/I5,"")) | J68: =IF(COUNT(J58:J59)=0,"",IFERROR((N(J58)+N(J59))/J5,"")) | ... L68: =IF(COUNT(L58:L59)=0,"",IFERROR((N(L58)+N(L59))/L5,"")) | M68: ϝ
B69: Training Invest. / EE Trained (USD) | C69: =IF(COUNT(C58:C59)=0,"",IFERROR((N(C58)+N(C59))/C56,"")) | D69: =IF(COUNT(D58:D59)=0,"",IFERROR((N(D58)+N(D59))/D56,"")) | E69: =IF(COUNT(E58:E59)=0,"",IFERROR((N(E58)+N(E59))/E56,"")) | F69: =IF(COUNT(F58:F59)=0,"",IFERROR((N(F58)+N(F59))/F56,"")) | G69: =IF(COUNT(G58:G59)=0,"",IFERROR((N(G58)+N(G59))/G56,"")) | H69: =IF(COUNT(H58:H59)=0,"",IFERROR((N(H58)+N(H59))/H56,"")) | I69: =IF(COUNT(I58:I59)=0,"",IFERROR((N(I58)+N(I59))/I56,"")) | J69: =IF(COUNT(J58:J59)=0,"",IFERROR((N(J58)+N(J59))/J56,"")) | ... L69: =IF(COUNT(L58:L59)=0,"",IFERROR((N(L58)+N(L59))/L56,"")) | M69: ϝ
B70: Input Cells Not Submitted | C70: =COUNTBLANK(C3:C4)+COUNTBLANK(C6:C10)+COUNTBLANK(C12:C13)+COUNTBLANK(C18:C20)+COUNTBLANK(C22:C23)+COUNTBLANK(C27:C28)+COUNTBLANK(C34:C35)+COUNTBLANK(C39:C44)+COUNTBLANK(C46:C47)+COUNTBLANK(C50:C54)+COUNTBLANK(C56:C59) | D70: =COUNTBLANK(D3:D4)+COUNTBLANK(D6:D10)+COUNTBLANK(D12:D13)+COUNTBLANK(D18:D20)+COUNTBLANK(D22:D23)+COUNTBLANK(D27:D28)+COUNTBLANK(D34:D35)+COUNTBLANK(D39:D44)+COUNTBLANK(D46:D47)+COUNTBLANK(D50:D54)+COUNTBLANK(D56:D59) | E70: =COUNTBLANK(E3:E4)+COUNTBLANK(E6:E10)+COUNTBLANK(E12:E13)+COUNTBLANK(E18:E20)+COUNTBLANK(E22:E23)+COUNTBLANK(E27:E28)+COUNTBLANK(E34:E35)+COUNTBLANK(E39:E44)+COUNTBLANK(E46:E47)+COUNTBLANK(E50:E54)+COUNTBLANK(E56:E59) | F70: =COUNTBLANK(F3:F4)+COUNTBLANK(F6:F10)+COUNTBLANK(F12:F13)+COUNTBLANK(F18:F20)+COUNTBLANK(F22:F23)+COUNTBLANK(F27:F28)+COUNTBLANK(F34:F35)+COUNTBLANK(F39:F44)+COUNTBLANK(F46:F47)+COUNTBLANK(F50:F54)+COUNTBLANK(F56:F59) | G70: =COUNTBLANK(G3:G4)+COUNTBLANK(G6:G10)+COUNTBLANK(G12:G13)+COUNTBLANK(G18:G20)+COUNTBLANK(G22:G23)+COUNTBLANK(G27:G28)+COUNTBLANK(G34:G35)+COUNTBLANK(G39:G44)+COUNTBLANK(G46:G47)+COUNTBLANK(G50:G54)+COUNTBLANK(G56:G59) | H70: =COUNTBLANK(H3:H4)+COUNTBLANK(H6:H10)+COUNTBLANK(H12:H13)+COUNTBLANK(H18:H20)+COUNTBLANK(H22:H23)+COUNTBLANK(H27:H28)+COUNTBLANK(H34:H35)+COUNTBLANK(H39:H44)+COUNTBLANK(H46:H47)+COUNTBLANK(H50:H54)+COUNTBLANK(H56:H59) | I70: =COUNTBLANK(I3:I4)+COUNTBLANK(I6:I10)+COUNTBLANK(I12:I13)+COUNTBLANK(I18:I20)+COUNTBLANK(I22:I23)+COUNTBLANK(I27:I28)+COUNTBLANK(I34:I35)+COUNTBLANK(I39:I44)+COUNTBLANK(I46:I47)+COUNTBLANK(I50:I54)+COUNTBLANK(I56:I59) | J70: =COUNTBLANK(J3:J4)+COUNTBLANK(J6:J10)+COUNTBLANK(J12:J13)+COUNTBLANK(J18:J20)+COUNTBLANK(J22:J23)+COUNTBLANK(J27:J28)+COUNTBLANK(J34:J35)+COUNTBLANK(J39:J44)+COUNTBLANK(J46:J47)+COUNTBLANK(J50:J54)+COUNTBLANK(J56:J59) | K70: =COUNTBLANK(K3:K4)+COUNTBLANK(K6:K10)+COUNTBLANK(K12:K13)+COUNTBLANK(K18:K20)+COUNTBLANK(K22:K23)+COUNTBLANK(K27:K28)+COUNTBLANK(K34:K35)+COUNTBLANK(K39:K44)+COUNTBLANK(K46:K47)+COUNTBLANK(K50:K54)+COUNTBLANK(K56:K59) | L70: =SUM(C70:K70) | M70: ∑

Sheet NOV
B1: MANUFACTURING
A2: =VALUE(TEXT(EDATE(DATE(LEFT(OCT!A2,4),RIGHT(OCT!A2,2),1),1),"yyyymm")) | B2: NOV | C2: GEL Manufacturing Holding Co. Ltd. | D2: CLC Domicana (Dominican Republic) | E2: Caribbean Label Crafts Ltd. (Barbados) | F2: Ecuakao (Ecuador) | G2: Hipac Ltd. (Barbados) | H2: Label Craft Jamaica Ltd. (Jamaica) | I2: McBride (Caribbean) Ltd. | J2: Precision Packaging Inc. (Barbados) | K2: Purity Bakeries Ltd. (Barbados) | L2: TOTAL | M2: Total by Division | N2: =N(N11)<>0
A3: =+A2 | B3: Permanent (Regular) Headcount | L3: =IF(COUNT(C3:K3)=0,"",SUM(C3:K3)) | M3: ∑
B4: Temporary (Fix Term) Headcount | L4: =IF(COUNT(C4:K4)=0,"",SUM(C4:K4)) | M4: ∑
B5: Employee Headcount (Productivity) | C5: =IF(COUNT(C3:C4)=0,"",SUM(C3:C4)) | D5: =IF(COUNT(D3:D4)=0,"",SUM(D3:D4)) | E5: =IF(COUNT(E3:E4)=0,"",SUM(E3:E4)) | F5: =IF(COUNT(F3:F4)=0,"",SUM(F3:F4)) | G5: =IF(COUNT(G3:G4)=0,"",SUM(G3:G4)) | H5: =IF(COUNT(H3:H4)=0,"",SUM(H3:H4)) | I5: =IF(COUNT(I3:I4)=0,"",SUM(I3:I4)) | J5: =IF(COUNT(J3:J4)=0,"",SUM(J3:J4)) | ... L5: =IF(COUNT(L3:L4)=0,"",SUM(L3:L4)) | M5: ϝ
B6: Headcount = 1.00 | L6: =IF(COUNT(C6:K6)=0,"",SUM(C6:K6)) | M6: ∑
B7: Headcount = 0.75 | L7: =IF(COUNT(C7:K7)=0,"",SUM(C7:K7)) | M7: ∑
B8: Headcount = 0.50 | L8: =IF(COUNT(C8:K8)=0,"",SUM(C8:K8)) | M8: ∑
B9: Headcount = 0.25 | L9: =IF(COUNT(C9:K9)=0,"",SUM(C9:K9)) | M9: ∑
B10: Standard Monthly Hours (FTE basis) | L10: =IFERROR(AVERAGE(C10:K10),"") | M10: Avg
B11: Employee FTE (Finance) | C11: =IF(COUNT(C6:C9)=0,"",N(C6)+N(C7)*0.75+N(C8)*0.5+N(C9)*0.25) | D11: =IF(COUNT(D6:D9)=0,"",N(D6)+N(D7)*0.75+N(D8)*0.5+N(D9)*0.25) | E11: =IF(COUNT(E6:E9)=0,"",N(E6)+N(E7)*0.75+N(E8)*0.5+N(E9)*0.25) | F11: =IF(COUNT(F6:F9)=0,"",N(F6)+N(F7)*0.75+N(F8)*0.5+N(F9)*0.25) | G11: =IF(COUNT(G6:G9)=0,"",N(G6)+N(G7)*0.75+N(G8)*0.5+N(G9)*0.25) | H11: =IF(COUNT(H6:H9)=0,"",N(H6)+N(H7)*0.75+N(H8)*0.5+N(H9)*0.25) | I11: =IF(COUNT(I6:I9)=0,"",N(I6)+N(I7)*0.75+N(I8)*0.5+N(I9)*0.25) | J11: =IF(COUNT(J6:J9)=0,"",N(J6)+N(J7)*0.75+N(J8)*0.5+N(J9)*0.25) | ... L11: =IF(COUNT(L6:L9)=0,"",N(L6)+N(L7)*0.75+N(L8)*0.5+N(L9)*0.25) | M11: FTE | N11: =IF(COUNT(L5:L9)=0,"",N(L6)+N(L7)+N(L8)+N(L9)-N(L5))
B12: Subcontracted Workforce HC | L12: =IF(COUNT(C12:K12)=0,"",SUM(C12:K12)) | M12: ∑
B13: Subcontracted Productive Hours | L13: =IF(COUNT(C13:K13)=0,"",SUM(C13:K13)) | M13: ∑
B14: Subcontracted FTE | C14: =IFERROR(C13/C10,"") | D14: =IFERROR(D13/D10,"") | E14: =IFERROR(E13/E10,"") | F14: =IFERROR(F13/F10,"") | G14: =IFERROR(G13/G10,"") | H14: =IFERROR(H13/H10,"") | I14: =IFERROR(I13/I10,"") | J14: =IFERROR(J13/J10,"") | K14: =IFERROR(K13/K10,"") | L14: =IF(COUNT(C14:K14)=0,"",SUM(C14:K14)) | M14: FTE
B15: Total Operational Workforce | C15: =IF(COUNT(C5,C12)=0,"",SUM(C5,C12)) | D15: =IF(COUNT(D5,D12)=0,"",SUM(D5,D12)) | E15: =IF(COUNT(E5,E12)=0,"",SUM(E5,E12)) | F15: =IF(COUNT(F5,F12)=0,"",SUM(F5,F12)) | G15: =IF(COUNT(G5,G12)=0,"",SUM(G5,G12)) | H15: =IF(COUNT(H5,H12)=0,"",SUM(H5,H12)) | I15: =IF(COUNT(I5,I12)=0,"",SUM(I5,I12)) | J15: =IF(COUNT(J5,J12)=0,"",SUM(J5,J12)) | ... L15: =IF(COUNT(L5,L12)=0,"",SUM(L5,L12)) | M15: ϝ
B16: Total Operational FTE | C16: =IF(COUNT(C11,C14)=0,"",SUM(C11,C14)) | D16: =IF(COUNT(D11,D14)=0,"",SUM(D11,D14)) | E16: =IF(COUNT(E11,E14)=0,"",SUM(E11,E14)) | F16: =IF(COUNT(F11,F14)=0,"",SUM(F11,F14)) | G16: =IF(COUNT(G11,G14)=0,"",SUM(G11,G14)) | H16: =IF(COUNT(H11,H14)=0,"",SUM(H11,H14)) | I16: =IF(COUNT(I11,I14)=0,"",SUM(I11,I14)) | J16: =IF(COUNT(J11,J14)=0,"",SUM(J11,J14)) | ... L16: =IF(COUNT(L11,L14)=0,"",SUM(L11,L14)) | M16: FTE
B17: Subcontracted Share of Workforce (%) | C17: =IFERROR(C12/C15,"") | D17: =IFERROR(D12/D15,"") | E17: =IFERROR(E12/E15,"") | F17: =IFERROR(F12/F15,"") | G17: =IFERROR(G12/G15,"") | H17: =IFERROR(H12/H15,"") | I17: =IFERROR(I12/I15,"") | J17: =IFERROR(J12/J15,"") | ... L17: =IFERROR(L12/L15,"") | M17: ϝ
B18: FTE HR Team | L18: =IF(COUNT(C18:K18)=0,"",SUM(C18:K18)) | M18: ∑
B19: Permanent Hires | L19: =IF(COUNT(C19:K19)=0,"",SUM(C19:K19)) | M19: ∑
B20: Temporary Hires | L20: =IF(COUNT(C20:K20)=0,"",SUM(C20:K20)) | M20: ∑
B21: Total Hires | C21: =IF(COUNT(C19:C20)=0,"",SUM(C19:C20)) | D21: =IF(COUNT(D19:D20)=0,"",SUM(D19:D20)) | E21: =IF(COUNT(E19:E20)=0,"",SUM(E19:E20)) | F21: =IF(COUNT(F19:F20)=0,"",SUM(F19:F20)) | G21: =IF(COUNT(G19:G20)=0,"",SUM(G19:G20)) | H21: =IF(COUNT(H19:H20)=0,"",SUM(H19:H20)) | I21: =IF(COUNT(I19:I20)=0,"",SUM(I19:I20)) | J21: =IF(COUNT(J19:J20)=0,"",SUM(J19:J20)) | ... L21: =IF(COUNT(L19:L20)=0,"",SUM(L19:L20)) | M21: ϝ
B22: Permanent Exits | L22: =IF(COUNT(C22:K22)=0,"",SUM(C22:K22)) | M22: ∑
B23: Temporary Exits | L23: =IF(COUNT(C23:K23)=0,"",SUM(C23:K23)) | M23: ∑
B24: Total Exits | C24: =IF(COUNT(C22:C23)=0,"",SUM(C22:C23)) | D24: =IF(COUNT(D22:D23)=0,"",SUM(D22:D23)) | E24: =IF(COUNT(E22:E23)=0,"",SUM(E22:E23)) | F24: =IF(COUNT(F22:F23)=0,"",SUM(F22:F23)) | G24: =IF(COUNT(G22:G23)=0,"",SUM(G22:G23)) | H24: =IF(COUNT(H22:H23)=0,"",SUM(H22:H23)) | I24: =IF(COUNT(I22:I23)=0,"",SUM(I22:I23)) | J24: =IF(COUNT(J22:J23)=0,"",SUM(J22:J23)) | ... L24: =IF(COUNT(L22:L23)=0,"",SUM(L22:L23)) | M24: ϝ
B25: Permanent Turnover (%) | C25: =IF(COUNT(C31,C32)<2,"",IF((C32+C31)=0,"",N(C22)/((C32+C31)/2))) | D25: =IF(COUNT(D31,D32)<2,"",IF((D32+D31)=0,"",N(D22)/((D32+D31)/2))) | E25: =IF(COUNT(E31,E32)<2,"",IF((E32+E31)=0,"",N(E22)/((E32+E31)/2))) | F25: =IF(COUNT(F31,F32)<2,"",IF((F32+F31)=0,"",N(F22)/((F32+F31)/2))) | G25: =IF(COUNT(G31,G32)<2,"",IF((G32+G31)=0,"",N(G22)/((G32+G31)/2))) | H25: =IF(COUNT(H31,H32)<2,"",IF((H32+H31)=0,"",N(H22)/((H32+H31)/2))) | I25: =IF(COUNT(I31,I32)<2,"",IF((I32+I31)=0,"",N(I22)/((I32+I31)/2))) | J25: =IF(COUNT(J31,J32)<2,"",IF((J32+J31)=0,"",N(J22)/((J32+J31)/2))) | ... L25: =IF(COUNT(L31,L32)<2,"",IF((L32+L31)=0,"",N(L22)/((L32+L31)/2))) | M25: ϝ
B26: Temporary Turnover (%) | C26: =IF(COUNT(C31,C32)<2,"",IF((C32+C31)=0,"",N(C23)/((C32+C31)/2))) | D26: =IF(COUNT(D31,D32)<2,"",IF((D32+D31)=0,"",N(D23)/((D32+D31)/2))) | E26: =IF(COUNT(E31,E32)<2,"",IF((E32+E31)=0,"",N(E23)/((E32+E31)/2))) | F26: =IF(COUNT(F31,F32)<2,"",IF((F32+F31)=0,"",N(F23)/((F32+F31)/2))) | G26: =IF(COUNT(G31,G32)<2,"",IF((G32+G31)=0,"",N(G23)/((G32+G31)/2))) | H26: =IF(COUNT(H31,H32)<2,"",IF((H32+H31)=0,"",N(H23)/((H32+H31)/2))) | I26: =IF(COUNT(I31,I32)<2,"",IF((I32+I31)=0,"",N(I23)/((I32+I31)/2))) | J26: =IF(COUNT(J31,J32)<2,"",IF((J32+J31)=0,"",N(J23)/((J32+J31)/2))) | ... L26: =IF(COUNT(L31,L32)<2,"",IF((L32+L31)=0,"",N(L23)/((L32+L31)/2))) | M26: ϝ
B27: Voluntary Terminations | L27: =IF(COUNT(C27:K27)=0,"",SUM(C27:K27)) | M27: ∑
B28: Involuntary Terminations | L28: =IF(COUNT(C28:K28)=0,"",SUM(C28:K28)) | M28: ∑
B29: Voluntary Turnover (%) | C29: =IF(COUNT(C31,C32)<2,"",IF((C32+C31)=0,"",N(C27)/((C32+C31)/2))) | D29: =IF(COUNT(D31,D32)<2,"",IF((D32+D31)=0,"",N(D27)/((D32+D31)/2))) | E29: =IF(COUNT(E31,E32)<2,"",IF((E32+E31)=0,"",N(E27)/((E32+E31)/2))) | F29: =IF(COUNT(F31,F32)<2,"",IF((F32+F31)=0,"",N(F27)/((F32+F31)/2))) | G29: =IF(COUNT(G31,G32)<2,"",IF((G32+G31)=0,"",N(G27)/((G32+G31)/2))) | H29: =IF(COUNT(H31,H32)<2,"",IF((H32+H31)=0,"",N(H27)/((H32+H31)/2))) | I29: =IF(COUNT(I31,I32)<2,"",IF((I32+I31)=0,"",N(I27)/((I32+I31)/2))) | J29: =IF(COUNT(J31,J32)<2,"",IF((J32+J31)=0,"",N(J27)/((J32+J31)/2))) | ... L29: =IF(COUNT(L31,L32)<2,"",IF((L32+L31)=0,"",N(L27)/((L32+L31)/2))) | M29: ϝ
B30: Involuntary Turnover (%) | C30: =IF(COUNT(C31,C32)<2,"",IF((C32+C31)=0,"",N(C28)/((C32+C31)/2))) | D30: =IF(COUNT(D31,D32)<2,"",IF((D32+D31)=0,"",N(D28)/((D32+D31)/2))) | E30: =IF(COUNT(E31,E32)<2,"",IF((E32+E31)=0,"",N(E28)/((E32+E31)/2))) | F30: =IF(COUNT(F31,F32)<2,"",IF((F32+F31)=0,"",N(F28)/((F32+F31)/2))) | G30: =IF(COUNT(G31,G32)<2,"",IF((G32+G31)=0,"",N(G28)/((G32+G31)/2))) | H30: =IF(COUNT(H31,H32)<2,"",IF((H32+H31)=0,"",N(H28)/((H32+H31)/2))) | I30: =IF(COUNT(I31,I32)<2,"",IF((I32+I31)=0,"",N(I28)/((I32+I31)/2))) | J30: =IF(COUNT(J31,J32)<2,"",IF((J32+J31)=0,"",N(J28)/((J32+J31)/2))) | ... L30: =IF(COUNT(L31,L32)<2,"",IF((L32+L31)=0,"",N(L28)/((L32+L31)/2))) | M30: ϝ
B31: Headcount last Month | C31: =IF(OCT!C5="","",OCT!C5) | D31: =IF(OCT!D5="","",OCT!D5) | E31: =IF(OCT!E5="","",OCT!E5) | F31: =IF(OCT!F5="","",OCT!F5) | G31: =IF(OCT!G5="","",OCT!G5) | H31: =IF(OCT!H5="","",OCT!H5) | I31: =IF(OCT!I5="","",OCT!I5) | J31: =IF(OCT!J5="","",OCT!J5) | K31: =IF(OCT!K5="","",OCT!K5) | L31: =IF(COUNT(C31:K31)=0,"",SUM(C31:K31)) | M31: ∑
B32: Headcount this Month | C32: =IF(C5="","",C5) | D32: =IF(D5="","",D5) | E32: =IF(E5="","",E5) | F32: =IF(F5="","",F5) | G32: =IF(G5="","",G5) | H32: =IF(H5="","",H5) | I32: =IF(I5="","",I5) | J32: =IF(J5="","",J5) | K32: =IF(K5="","",K5) | L32: =IF(COUNT(C32:K32)=0,"",SUM(C32:K32)) | M32: ∑
B33: Full Turnover (%) | C33: =IF(COUNT(C31,C32)<2,"",IF((C32+C31)=0,"",N(C24)/((C32+C31)/2))) | D33: =IF(COUNT(D31,D32)<2,"",IF((D32+D31)=0,"",N(D24)/((D32+D31)/2))) | E33: =IF(COUNT(E31,E32)<2,"",IF((E32+E31)=0,"",N(E24)/((E32+E31)/2))) | F33: =IF(COUNT(F31,F32)<2,"",IF((F32+F31)=0,"",N(F24)/((F32+F31)/2))) | G33: =IF(COUNT(G31,G32)<2,"",IF((G32+G31)=0,"",N(G24)/((G32+G31)/2))) | H33: =IF(COUNT(H31,H32)<2,"",IF((H32+H31)=0,"",N(H24)/((H32+H31)/2))) | I33: =IF(COUNT(I31,I32)<2,"",IF((I32+I31)=0,"",N(I24)/((I32+I31)/2))) | J33: =IF(COUNT(J31,J32)<2,"",IF((J32+J31)=0,"",N(J24)/((J32+J31)/2))) | ... L33: =IF(COUNT(L31,L32)<2,"",IF((L32+L31)=0,"",N(L24)/((L32+L31)/2))) | M33: ϝ
B34: Permanent Vacancies | L34: =IF(COUNT(C34:K34)=0,"",SUM(C34:K34)) | M34: ∑
B35: Temporary Vacancies | L35: =IF(COUNT(C35:K35)=0,"",SUM(C35:K35)) | M35: ∑
B36: Total Vacancies | C36: =IF(COUNT(C34:C35)=0,"",SUM(C34:C35)) | D36: =IF(COUNT(D34:D35)=0,"",SUM(D34:D35)) | E36: =IF(COUNT(E34:E35)=0,"",SUM(E34:E35)) | F36: =IF(COUNT(F34:F35)=0,"",SUM(F34:F35)) | G36: =IF(COUNT(G34:G35)=0,"",SUM(G34:G35)) | H36: =IF(COUNT(H34:H35)=0,"",SUM(H34:H35)) | I36: =IF(COUNT(I34:I35)=0,"",SUM(I34:I35)) | J36: =IF(COUNT(J34:J35)=0,"",SUM(J34:J35)) | ... L36: =IF(COUNT(L34:L35)=0,"",SUM(L34:L35)) | M36: ϝ
B37: Authorized Positions | C37: =IF(COUNT(C5,C36)=0,"",N(C5)+N(C36)) | D37: =IF(COUNT(D5,D36)=0,"",N(D5)+N(D36)) | E37: =IF(COUNT(E5,E36)=0,"",N(E5)+N(E36)) | F37: =IF(COUNT(F5,F36)=0,"",N(F5)+N(F36)) | G37: =IF(COUNT(G5,G36)=0,"",N(G5)+N(G36)) | H37: =IF(COUNT(H5,H36)=0,"",N(H5)+N(H36)) | I37: =IF(COUNT(I5,I36)=0,"",N(I5)+N(I36)) | J37: =IF(COUNT(J5,J36)=0,"",N(J5)+N(J36)) | ... L37: =IF(COUNT(L5,L36)=0,"",N(L5)+N(L36)) | M37: ϝ
B38: Vacancy Rate (%) | C38: =IFERROR(C36/C37,"") | D38: =IFERROR(D36/D37,"") | E38: =IFERROR(E36/E37,"") | F38: =IFERROR(F36/F37,"") | G38: =IFERROR(G36/G37,"") | H38: =IFERROR(H36/H37,"") | I38: =IFERROR(I36/I37,"") | J38: =IFERROR(J36/J37,"") | ... L38: =IFERROR(L36/L37,"") | M38: ϝ
B39: Permanent TimeToHire (Days) YTD | C39: =IF('(GEL_Holding)'!$AB$5="","",'(GEL_Holding)'!$AB$5) | D39: =IF('(Dom_CLC)'!$AB$5="","",'(Dom_CLC)'!$AB$5) | E39: =IF('(Car_Label)'!$AB$5="","",'(Car_Label)'!$AB$5) | F39: =IF('(Ecuakao)'!$AB$5="","",'(Ecuakao)'!$AB$5) | G39: =IF('(Hipac)'!$AB$5="","",'(Hipac)'!$AB$5) | H39: =IF('(Jam_Label)'!$AB$5="","",'(Jam_Label)'!$AB$5) | I39: =IF('(Mc_Bride)'!$AB$5="","",'(Mc_Bride)'!$AB$5) | J39: =IF('(Precision)'!$AB$5="","",'(Precision)'!$AB$5) | K39: =IF('(Purity)'!$AB$5="","",'(Purity)'!$AB$5) | L39: =IFERROR(AVERAGE(C39:K39),"") | M39: Avg
B40: Temporary TimeToHire (Days) YTD | C40: =IF('(GEL_Holding)'!$AD$5="","",'(GEL_Holding)'!$AD$5) | D40: =IF('(Dom_CLC)'!$AD$5="","",'(Dom_CLC)'!$AD$5) | E40: =IF('(Car_Label)'!$AD$5="","",'(Car_Label)'!$AD$5) | F40: =IF('(Ecuakao)'!$AD$5="","",'(Ecuakao)'!$AD$5) | G40: =IF('(Hipac)'!$AD$5="","",'(Hipac)'!$AD$5) | H40: =IF('(Jam_Label)'!$AD$5="","",'(Jam_Label)'!$AD$5) | I40: =IF('(Mc_Bride)'!$AD$5="","",'(Mc_Bride)'!$AD$5) | J40: =IF('(Precision)'!$AD$5="","",'(Precision)'!$AD$5) | K40: =IF('(Purity)'!$AD$5="","",'(Purity)'!$AD$5) | L40: =IFERROR(AVERAGE(C40:K40),"") | M40: Avg
B41: Check-ins Rate Completed (%) | L41: =IFERROR(AVERAGE(C41:K41),"") | M41: Avg
B42: EE Objectives Completed (#) | L42: =IF(COUNT(C42:K42)=0,"",SUM(C42:K42)) | M42: ∑
B43: Non-certified Absent (Days Lost) | L43: =IF(COUNT(C43:K43)=0,"",SUM(C43:K43)) | M43: ∑
B44: Certified sick leave (Days Lost) | L44: =IF(COUNT(C44:K44)=0,"",SUM(C44:K44)) | M44: ∑
B45: Total Absences | C45: =IF(COUNT(C43:C44)=0,"",SUM(C43:C44)) | D45: =IF(COUNT(D43:D44)=0,"",SUM(D43:D44)) | E45: =IF(COUNT(E43:E44)=0,"",SUM(E43:E44)) | F45: =IF(COUNT(F43:F44)=0,"",SUM(F43:F44)) | G45: =IF(COUNT(G43:G44)=0,"",SUM(G43:G44)) | H45: =IF(COUNT(H43:H44)=0,"",SUM(H43:H44)) | I45: =IF(COUNT(I43:I44)=0,"",SUM(I43:I44)) | J45: =IF(COUNT(J43:J44)=0,"",SUM(J43:J44)) | ... L45: =IF(COUNT(L43:L44)=0,"",SUM(L43:L44)) | M45: ϝ
B46: Absent Rate Non-Certified (%) | C46: =IF('(GEL_Holding)'!$G$5="","",'(GEL_Holding)'!$G$5) | D46: =IF('(Dom_CLC)'!$G$5="","",'(Dom_CLC)'!$G$5) | E46: =IF('(Car_Label)'!$G$5="","",'(Car_Label)'!$G$5) | F46: =IF('(Ecuakao)'!$G$5="","",'(Ecuakao)'!$G$5) | G46: =IF('(Hipac)'!$G$5="","",'(Hipac)'!$G$5) | H46: =IF('(Jam_Label)'!$G$5="","",'(Jam_Label)'!$G$5) | I46: =IF('(Mc_Bride)'!$G$5="","",'(Mc_Bride)'!$G$5) | J46: =IF('(Precision)'!$G$5="","",'(Precision)'!$G$5) | K46: =IF('(Purity)'!$G$5="","",'(Purity)'!$G$5) | L46: {=IF(COUNT(C46:K46)=0,"",IFERROR(SUMPRODUCT(IFERROR(C46:K46*((C3:K3)+(C4:K4)),0))/SUMPRODUCT(IFERROR(ISNUMBER(C46:K46)*((C3:K3)+(C4:K4)),0)),""))} | M46: Weighted
B47: Absent Rate Certified (%) | C47: =IF('(GEL_Holding)'!$O$5="","",'(GEL_Holding)'!$O$5) | D47: =IF('(Dom_CLC)'!$O$5="","",'(Dom_CLC)'!$O$5) | E47: =IF('(Car_Label)'!$O$5="","",'(Car_Label)'!$O$5) | F47: =IF('(Ecuakao)'!$O$5="","",'(Ecuakao)'!$O$5) | G47: =IF('(Hipac)'!$O$5="","",'(Hipac)'!$O$5) | H47: =IF('(Jam_Label)'!$O$5="","",'(Jam_Label)'!$O$5) | I47: =IF('(Mc_Bride)'!$O$5="","",'(Mc_Bride)'!$O$5) | J47: =IF('(Precision)'!$O$5="","",'(Precision)'!$O$5) | K47: =IF('(Purity)'!$O$5="","",'(Purity)'!$O$5) | L47: {=IF(COUNT(C47:K47)=0,"",IFERROR(SUMPRODUCT(IFERROR(C47:K47*((C3:K3)+(C4:K4)),0))/SUMPRODUCT(IFERROR(ISNUMBER(C47:K47)*((C3:K3)+(C4:K4)),0)),""))} | M47: Weighted
B48: Absent Rate Total (%) | C48: =IF(COUNT(C46:C47)=0,"",SUM(C46:C47)) | D48: =IF(COUNT(D46:D47)=0,"",SUM(D46:D47)) | E48: =IF(COUNT(E46:E47)=0,"",SUM(E46:E47)) | F48: =IF(COUNT(F46:F47)=0,"",SUM(F46:F47)) | G48: =IF(COUNT(G46:G47)=0,"",SUM(G46:G47)) | H48: =IF(COUNT(H46:H47)=0,"",SUM(H46:H47)) | I48: =IF(COUNT(I46:I47)=0,"",SUM(I46:I47)) | J48: =IF(COUNT(J46:J47)=0,"",SUM(J46:J47)) | ... L48: =IF(COUNT(L46:L47)=0,"",SUM(L46:L47)) | M48: Weighted
B49: Weight factor | C49: =IFERROR(C5/$L5,"") | D49: =IFERROR(D5/$L5,"") | E49: =IFERROR(E5/$L5,"") | F49: =IFERROR(F5/$L5,"") | G49: =IFERROR(G5/$L5,"") | H49: =IFERROR(H5/$L5,"") | I49: =IFERROR(I5/$L5,"") | J49: =IFERROR(J5/$L5,"") | K49: =IFERROR(K5/$L5,"") | L49: =IF(COUNT(C49:K49)=0,"",SUM(C49:K49)) | M49: Weight Factor
B50: Leadership (Hours) | L50: =IF(COUNT(C50:K50)=0,"",SUM(C50:K50)) | M50: ∑
B51: Technical (Hours) | L51: =IF(COUNT(C51:K51)=0,"",SUM(C51:K51)) | M51: ∑
B52: Professional Develop. (Hours) | L52: =IF(COUNT(C52:K52)=0,"",SUM(C52:K52)) | M52: ∑
B53: HSSE (Hours) | L53: =IF(COUNT(C53:K53)=0,"",SUM(C53:K53)) | M53: ∑
B54: Workday (Hours) | L54: =IF(COUNT(C54:K54)=0,"",SUM(C54:K54)) | M54: ∑
B55: Total Training Hours | C55: =IF(COUNT(C50:C54)=0,"",SUM(C50:C54)) | D55: =IF(COUNT(D50:D54)=0,"",SUM(D50:D54)) | E55: =IF(COUNT(E50:E54)=0,"",SUM(E50:E54)) | F55: =IF(COUNT(F50:F54)=0,"",SUM(F50:F54)) | G55: =IF(COUNT(G50:G54)=0,"",SUM(G50:G54)) | H55: =IF(COUNT(H50:H54)=0,"",SUM(H50:H54)) | I55: =IF(COUNT(I50:I54)=0,"",SUM(I50:I54)) | J55: =IF(COUNT(J50:J54)=0,"",SUM(J50:J54)) | ... L55: =IF(COUNT(L50:L54)=0,"",SUM(L50:L54)) | M55: ϝ
B56: Total Trained (Staff) | L56: =IF(COUNT(C56:K56)=0,"",SUM(C56:K56)) | M56: ∑
B57: Training Programs (#) | L57: =IF(COUNT(C57:K57)=0,"",SUM(C57:K57)) | M57: ∑
B58: Training Cost (USD) | L58: =IF(COUNT(C58:K58)=0,"",SUM(C58:K58)) | M58: ∑
B59: Training Travel Cost (USD) | L59: =IF(COUNT(C59:K59)=0,"",SUM(C59:K59)) | M59: ∑
B60: Leadership Hours Trained (%) | C60: =IFERROR(C50/C$55,"") | D60: =IFERROR(D50/D$55,"") | E60: =IFERROR(E50/E$55,"") | F60: =IFERROR(F50/F$55,"") | G60: =IFERROR(G50/G$55,"") | H60: =IFERROR(H50/H$55,"") | I60: =IFERROR(I50/I$55,"") | J60: =IFERROR(J50/J$55,"") | ... L60: =IFERROR(L50/L$55,"") | M60: ϝ
B61: Technical Hours Trained (%) | C61: =IFERROR(C51/C$55,"") | D61: =IFERROR(D51/D$55,"") | E61: =IFERROR(E51/E$55,"") | F61: =IFERROR(F51/F$55,"") | G61: =IFERROR(G51/G$55,"") | H61: =IFERROR(H51/H$55,"") | I61: =IFERROR(I51/I$55,"") | J61: =IFERROR(J51/J$55,"") | ... L61: =IFERROR(L51/L$55,"") | M61: ϝ
B62: Profess. Dev. Hours Trained (%) | C62: =IFERROR(C52/C$55,"") | D62: =IFERROR(D52/D$55,"") | E62: =IFERROR(E52/E$55,"") | F62: =IFERROR(F52/F$55,"") | G62: =IFERROR(G52/G$55,"") | H62: =IFERROR(H52/H$55,"") | I62: =IFERROR(I52/I$55,"") | J62: =IFERROR(J52/J$55,"") | ... L62: =IFERROR(L52/L$55,"") | M62: ϝ
B63: HSSE Hours Trained (%) | C63: =IFERROR(C53/C$55,"") | D63: =IFERROR(D53/D$55,"") | E63: =IFERROR(E53/E$55,"") | F63: =IFERROR(F53/F$55,"") | G63: =IFERROR(G53/G$55,"") | H63: =IFERROR(H53/H$55,"") | I63: =IFERROR(I53/I$55,"") | J63: =IFERROR(J53/J$55,"") | ... L63: =IFERROR(L53/L$55,"") | M63: ϝ
B64: Workday Hours Trained (%) | C64: =IFERROR(C54/C$55,"") | D64: =IFERROR(D54/D$55,"") | E64: =IFERROR(E54/E$55,"") | F64: =IFERROR(F54/F$55,"") | G64: =IFERROR(G54/G$55,"") | H64: =IFERROR(H54/H$55,"") | I64: =IFERROR(I54/I$55,"") | J64: =IFERROR(J54/J$55,"") | ... L64: =IFERROR(L54/L$55,"") | M64: ϝ
B65: Staff Trained (%) | C65: =IFERROR(C56/C5,"") | D65: =IFERROR(D56/D5,"") | E65: =IFERROR(E56/E5,"") | F65: =IFERROR(F56/F5,"") | G65: =IFERROR(G56/G5,"") | H65: =IFERROR(H56/H5,"") | I65: =IFERROR(I56/I5,"") | J65: =IFERROR(J56/J5,"") | ... L65: =IFERROR(L56/L5,"") | M65: ϝ
B66: Training Hours / EE | C66: =IFERROR(C55/C5,"") | D66: =IFERROR(D55/D5,"") | E66: =IFERROR(E55/E5,"") | F66: =IFERROR(F55/F5,"") | G66: =IFERROR(G55/G5,"") | H66: =IFERROR(H55/H5,"") | I66: =IFERROR(I55/I5,"") | J66: =IFERROR(J55/J5,"") | ... L66: =IFERROR(L55/L5,"") | M66: ϝ
B67: Training Hours / EE Trained | C67: =IFERROR(C55/C56,"") | D67: =IFERROR(D55/D56,"") | E67: =IFERROR(E55/E56,"") | F67: =IFERROR(F55/F56,"") | G67: =IFERROR(G55/G56,"") | H67: =IFERROR(H55/H56,"") | I67: =IFERROR(I55/I56,"") | J67: =IFERROR(J55/J56,"") | ... L67: =IFERROR(L55/L56,"") | M67: ϝ
B68: Training Invest. / EE (USD) | C68: =IF(COUNT(C58:C59)=0,"",IFERROR((N(C58)+N(C59))/C5,"")) | D68: =IF(COUNT(D58:D59)=0,"",IFERROR((N(D58)+N(D59))/D5,"")) | E68: =IF(COUNT(E58:E59)=0,"",IFERROR((N(E58)+N(E59))/E5,"")) | F68: =IF(COUNT(F58:F59)=0,"",IFERROR((N(F58)+N(F59))/F5,"")) | G68: =IF(COUNT(G58:G59)=0,"",IFERROR((N(G58)+N(G59))/G5,"")) | H68: =IF(COUNT(H58:H59)=0,"",IFERROR((N(H58)+N(H59))/H5,"")) | I68: =IF(COUNT(I58:I59)=0,"",IFERROR((N(I58)+N(I59))/I5,"")) | J68: =IF(COUNT(J58:J59)=0,"",IFERROR((N(J58)+N(J59))/J5,"")) | ... L68: =IF(COUNT(L58:L59)=0,"",IFERROR((N(L58)+N(L59))/L5,"")) | M68: ϝ
B69: Training Invest. / EE Trained (USD) | C69: =IF(COUNT(C58:C59)=0,"",IFERROR((N(C58)+N(C59))/C56,"")) | D69: =IF(COUNT(D58:D59)=0,"",IFERROR((N(D58)+N(D59))/D56,"")) | E69: =IF(COUNT(E58:E59)=0,"",IFERROR((N(E58)+N(E59))/E56,"")) | F69: =IF(COUNT(F58:F59)=0,"",IFERROR((N(F58)+N(F59))/F56,"")) | G69: =IF(COUNT(G58:G59)=0,"",IFERROR((N(G58)+N(G59))/G56,"")) | H69: =IF(COUNT(H58:H59)=0,"",IFERROR((N(H58)+N(H59))/H56,"")) | I69: =IF(COUNT(I58:I59)=0,"",IFERROR((N(I58)+N(I59))/I56,"")) | J69: =IF(COUNT(J58:J59)=0,"",IFERROR((N(J58)+N(J59))/J56,"")) | ... L69: =IF(COUNT(L58:L59)=0,"",IFERROR((N(L58)+N(L59))/L56,"")) | M69: ϝ
B70: Input Cells Not Submitted | C70: =COUNTBLANK(C3:C4)+COUNTBLANK(C6:C10)+COUNTBLANK(C12:C13)+COUNTBLANK(C18:C20)+COUNTBLANK(C22:C23)+COUNTBLANK(C27:C28)+COUNTBLANK(C34:C35)+COUNTBLANK(C39:C44)+COUNTBLANK(C46:C47)+COUNTBLANK(C50:C54)+COUNTBLANK(C56:C59) | D70: =COUNTBLANK(D3:D4)+COUNTBLANK(D6:D10)+COUNTBLANK(D12:D13)+COUNTBLANK(D18:D20)+COUNTBLANK(D22:D23)+COUNTBLANK(D27:D28)+COUNTBLANK(D34:D35)+COUNTBLANK(D39:D44)+COUNTBLANK(D46:D47)+COUNTBLANK(D50:D54)+COUNTBLANK(D56:D59) | E70: =COUNTBLANK(E3:E4)+COUNTBLANK(E6:E10)+COUNTBLANK(E12:E13)+COUNTBLANK(E18:E20)+COUNTBLANK(E22:E23)+COUNTBLANK(E27:E28)+COUNTBLANK(E34:E35)+COUNTBLANK(E39:E44)+COUNTBLANK(E46:E47)+COUNTBLANK(E50:E54)+COUNTBLANK(E56:E59) | F70: =COUNTBLANK(F3:F4)+COUNTBLANK(F6:F10)+COUNTBLANK(F12:F13)+COUNTBLANK(F18:F20)+COUNTBLANK(F22:F23)+COUNTBLANK(F27:F28)+COUNTBLANK(F34:F35)+COUNTBLANK(F39:F44)+COUNTBLANK(F46:F47)+COUNTBLANK(F50:F54)+COUNTBLANK(F56:F59) | G70: =COUNTBLANK(G3:G4)+COUNTBLANK(G6:G10)+COUNTBLANK(G12:G13)+COUNTBLANK(G18:G20)+COUNTBLANK(G22:G23)+COUNTBLANK(G27:G28)+COUNTBLANK(G34:G35)+COUNTBLANK(G39:G44)+COUNTBLANK(G46:G47)+COUNTBLANK(G50:G54)+COUNTBLANK(G56:G59) | H70: =COUNTBLANK(H3:H4)+COUNTBLANK(H6:H10)+COUNTBLANK(H12:H13)+COUNTBLANK(H18:H20)+COUNTBLANK(H22:H23)+COUNTBLANK(H27:H28)+COUNTBLANK(H34:H35)+COUNTBLANK(H39:H44)+COUNTBLANK(H46:H47)+COUNTBLANK(H50:H54)+COUNTBLANK(H56:H59) | I70: =COUNTBLANK(I3:I4)+COUNTBLANK(I6:I10)+COUNTBLANK(I12:I13)+COUNTBLANK(I18:I20)+COUNTBLANK(I22:I23)+COUNTBLANK(I27:I28)+COUNTBLANK(I34:I35)+COUNTBLANK(I39:I44)+COUNTBLANK(I46:I47)+COUNTBLANK(I50:I54)+COUNTBLANK(I56:I59) | J70: =COUNTBLANK(J3:J4)+COUNTBLANK(J6:J10)+COUNTBLANK(J12:J13)+COUNTBLANK(J18:J20)+COUNTBLANK(J22:J23)+COUNTBLANK(J27:J28)+COUNTBLANK(J34:J35)+COUNTBLANK(J39:J44)+COUNTBLANK(J46:J47)+COUNTBLANK(J50:J54)+COUNTBLANK(J56:J59) | K70: =COUNTBLANK(K3:K4)+COUNTBLANK(K6:K10)+COUNTBLANK(K12:K13)+COUNTBLANK(K18:K20)+COUNTBLANK(K22:K23)+COUNTBLANK(K27:K28)+COUNTBLANK(K34:K35)+COUNTBLANK(K39:K44)+COUNTBLANK(K46:K47)+COUNTBLANK(K50:K54)+COUNTBLANK(K56:K59) | L70: =SUM(C70:K70) | M70: ∑

Sheet DEC
B1: MANUFACTURING
A2: =VALUE(TEXT(EDATE(DATE(LEFT(NOV!A2,4),RIGHT(NOV!A2,2),1),1),"yyyymm")) | B2: DEC | C2: GEL Manufacturing Holding Co. Ltd. | D2: CLC Domicana (Dominican Republic) | E2: Caribbean Label Crafts Ltd. (Barbados) | F2: Ecuakao (Ecuador) | G2: Hipac Ltd. (Barbados) | H2: Label Craft Jamaica Ltd. (Jamaica) | I2: McBride (Caribbean) Ltd. | J2: Precision Packaging Inc. (Barbados) | K2: Purity Bakeries Ltd. (Barbados) | L2: TOTAL | M2: Total by Division | N2: =N(N11)<>0
A3: =+A2 | B3: Permanent (Regular) Headcount | L3: =IF(COUNT(C3:K3)=0,"",SUM(C3:K3)) | M3: ∑
B4: Temporary (Fix Term) Headcount | L4: =IF(COUNT(C4:K4)=0,"",SUM(C4:K4)) | M4: ∑
B5: Employee Headcount (Productivity) | C5: =IF(COUNT(C3:C4)=0,"",SUM(C3:C4)) | D5: =IF(COUNT(D3:D4)=0,"",SUM(D3:D4)) | E5: =IF(COUNT(E3:E4)=0,"",SUM(E3:E4)) | F5: =IF(COUNT(F3:F4)=0,"",SUM(F3:F4)) | G5: =IF(COUNT(G3:G4)=0,"",SUM(G3:G4)) | H5: =IF(COUNT(H3:H4)=0,"",SUM(H3:H4)) | I5: =IF(COUNT(I3:I4)=0,"",SUM(I3:I4)) | J5: =IF(COUNT(J3:J4)=0,"",SUM(J3:J4)) | ... L5: =IF(COUNT(L3:L4)=0,"",SUM(L3:L4)) | M5: ϝ
B6: Headcount = 1.00 | L6: =IF(COUNT(C6:K6)=0,"",SUM(C6:K6)) | M6: ∑
B7: Headcount = 0.75 | L7: =IF(COUNT(C7:K7)=0,"",SUM(C7:K7)) | M7: ∑
B8: Headcount = 0.50 | L8: =IF(COUNT(C8:K8)=0,"",SUM(C8:K8)) | M8: ∑
B9: Headcount = 0.25 | L9: =IF(COUNT(C9:K9)=0,"",SUM(C9:K9)) | M9: ∑
B10: Standard Monthly Hours (FTE basis) | L10: =IFERROR(AVERAGE(C10:K10),"") | M10: Avg
B11: Employee FTE (Finance) | C11: =IF(COUNT(C6:C9)=0,"",N(C6)+N(C7)*0.75+N(C8)*0.5+N(C9)*0.25) | D11: =IF(COUNT(D6:D9)=0,"",N(D6)+N(D7)*0.75+N(D8)*0.5+N(D9)*0.25) | E11: =IF(COUNT(E6:E9)=0,"",N(E6)+N(E7)*0.75+N(E8)*0.5+N(E9)*0.25) | F11: =IF(COUNT(F6:F9)=0,"",N(F6)+N(F7)*0.75+N(F8)*0.5+N(F9)*0.25) | G11: =IF(COUNT(G6:G9)=0,"",N(G6)+N(G7)*0.75+N(G8)*0.5+N(G9)*0.25) | H11: =IF(COUNT(H6:H9)=0,"",N(H6)+N(H7)*0.75+N(H8)*0.5+N(H9)*0.25) | I11: =IF(COUNT(I6:I9)=0,"",N(I6)+N(I7)*0.75+N(I8)*0.5+N(I9)*0.25) | J11: =IF(COUNT(J6:J9)=0,"",N(J6)+N(J7)*0.75+N(J8)*0.5+N(J9)*0.25) | ... L11: =IF(COUNT(L6:L9)=0,"",N(L6)+N(L7)*0.75+N(L8)*0.5+N(L9)*0.25) | M11: FTE | N11: =IF(COUNT(L5:L9)=0,"",N(L6)+N(L7)+N(L8)+N(L9)-N(L5))
B12: Subcontracted Workforce HC | L12: =IF(COUNT(C12:K12)=0,"",SUM(C12:K12)) | M12: ∑
B13: Subcontracted Productive Hours | L13: =IF(COUNT(C13:K13)=0,"",SUM(C13:K13)) | M13: ∑
B14: Subcontracted FTE | C14: =IFERROR(C13/C10,"") | D14: =IFERROR(D13/D10,"") | E14: =IFERROR(E13/E10,"") | F14: =IFERROR(F13/F10,"") | G14: =IFERROR(G13/G10,"") | H14: =IFERROR(H13/H10,"") | I14: =IFERROR(I13/I10,"") | J14: =IFERROR(J13/J10,"") | K14: =IFERROR(K13/K10,"") | L14: =IF(COUNT(C14:K14)=0,"",SUM(C14:K14)) | M14: FTE
B15: Total Operational Workforce | C15: =IF(COUNT(C5,C12)=0,"",SUM(C5,C12)) | D15: =IF(COUNT(D5,D12)=0,"",SUM(D5,D12)) | E15: =IF(COUNT(E5,E12)=0,"",SUM(E5,E12)) | F15: =IF(COUNT(F5,F12)=0,"",SUM(F5,F12)) | G15: =IF(COUNT(G5,G12)=0,"",SUM(G5,G12)) | H15: =IF(COUNT(H5,H12)=0,"",SUM(H5,H12)) | I15: =IF(COUNT(I5,I12)=0,"",SUM(I5,I12)) | J15: =IF(COUNT(J5,J12)=0,"",SUM(J5,J12)) | ... L15: =IF(COUNT(L5,L12)=0,"",SUM(L5,L12)) | M15: ϝ
B16: Total Operational FTE | C16: =IF(COUNT(C11,C14)=0,"",SUM(C11,C14)) | D16: =IF(COUNT(D11,D14)=0,"",SUM(D11,D14)) | E16: =IF(COUNT(E11,E14)=0,"",SUM(E11,E14)) | F16: =IF(COUNT(F11,F14)=0,"",SUM(F11,F14)) | G16: =IF(COUNT(G11,G14)=0,"",SUM(G11,G14)) | H16: =IF(COUNT(H11,H14)=0,"",SUM(H11,H14)) | I16: =IF(COUNT(I11,I14)=0,"",SUM(I11,I14)) | J16: =IF(COUNT(J11,J14)=0,"",SUM(J11,J14)) | ... L16: =IF(COUNT(L11,L14)=0,"",SUM(L11,L14)) | M16: FTE
B17: Subcontracted Share of Workforce (%) | C17: =IFERROR(C12/C15,"") | D17: =IFERROR(D12/D15,"") | E17: =IFERROR(E12/E15,"") | F17: =IFERROR(F12/F15,"") | G17: =IFERROR(G12/G15,"") | H17: =IFERROR(H12/H15,"") | I17: =IFERROR(I12/I15,"") | J17: =IFERROR(J12/J15,"") | ... L17: =IFERROR(L12/L15,"") | M17: ϝ
B18: FTE HR Team | L18: =IF(COUNT(C18:K18)=0,"",SUM(C18:K18)) | M18: ∑
B19: Permanent Hires | L19: =IF(COUNT(C19:K19)=0,"",SUM(C19:K19)) | M19: ∑
B20: Temporary Hires | L20: =IF(COUNT(C20:K20)=0,"",SUM(C20:K20)) | M20: ∑
B21: Total Hires | C21: =IF(COUNT(C19:C20)=0,"",SUM(C19:C20)) | D21: =IF(COUNT(D19:D20)=0,"",SUM(D19:D20)) | E21: =IF(COUNT(E19:E20)=0,"",SUM(E19:E20)) | F21: =IF(COUNT(F19:F20)=0,"",SUM(F19:F20)) | G21: =IF(COUNT(G19:G20)=0,"",SUM(G19:G20)) | H21: =IF(COUNT(H19:H20)=0,"",SUM(H19:H20)) | I21: =IF(COUNT(I19:I20)=0,"",SUM(I19:I20)) | J21: =IF(COUNT(J19:J20)=0,"",SUM(J19:J20)) | ... L21: =IF(COUNT(L19:L20)=0,"",SUM(L19:L20)) | M21: ϝ
B22: Permanent Exits | L22: =IF(COUNT(C22:K22)=0,"",SUM(C22:K22)) | M22: ∑
B23: Temporary Exits | L23: =IF(COUNT(C23:K23)=0,"",SUM(C23:K23)) | M23: ∑
B24: Total Exits | C24: =IF(COUNT(C22:C23)=0,"",SUM(C22:C23)) | D24: =IF(COUNT(D22:D23)=0,"",SUM(D22:D23)) | E24: =IF(COUNT(E22:E23)=0,"",SUM(E22:E23)) | F24: =IF(COUNT(F22:F23)=0,"",SUM(F22:F23)) | G24: =IF(COUNT(G22:G23)=0,"",SUM(G22:G23)) | H24: =IF(COUNT(H22:H23)=0,"",SUM(H22:H23)) | I24: =IF(COUNT(I22:I23)=0,"",SUM(I22:I23)) | J24: =IF(COUNT(J22:J23)=0,"",SUM(J22:J23)) | ... L24: =IF(COUNT(L22:L23)=0,"",SUM(L22:L23)) | M24: ϝ
B25: Permanent Turnover (%) | C25: =IF(COUNT(C31,C32)<2,"",IF((C32+C31)=0,"",N(C22)/((C32+C31)/2))) | D25: =IF(COUNT(D31,D32)<2,"",IF((D32+D31)=0,"",N(D22)/((D32+D31)/2))) | E25: =IF(COUNT(E31,E32)<2,"",IF((E32+E31)=0,"",N(E22)/((E32+E31)/2))) | F25: =IF(COUNT(F31,F32)<2,"",IF((F32+F31)=0,"",N(F22)/((F32+F31)/2))) | G25: =IF(COUNT(G31,G32)<2,"",IF((G32+G31)=0,"",N(G22)/((G32+G31)/2))) | H25: =IF(COUNT(H31,H32)<2,"",IF((H32+H31)=0,"",N(H22)/((H32+H31)/2))) | I25: =IF(COUNT(I31,I32)<2,"",IF((I32+I31)=0,"",N(I22)/((I32+I31)/2))) | J25: =IF(COUNT(J31,J32)<2,"",IF((J32+J31)=0,"",N(J22)/((J32+J31)/2))) | ... L25: =IF(COUNT(L31,L32)<2,"",IF((L32+L31)=0,"",N(L22)/((L32+L31)/2))) | M25: ϝ
B26: Temporary Turnover (%) | C26: =IF(COUNT(C31,C32)<2,"",IF((C32+C31)=0,"",N(C23)/((C32+C31)/2))) | D26: =IF(COUNT(D31,D32)<2,"",IF((D32+D31)=0,"",N(D23)/((D32+D31)/2))) | E26: =IF(COUNT(E31,E32)<2,"",IF((E32+E31)=0,"",N(E23)/((E32+E31)/2))) | F26: =IF(COUNT(F31,F32)<2,"",IF((F32+F31)=0,"",N(F23)/((F32+F31)/2))) | G26: =IF(COUNT(G31,G32)<2,"",IF((G32+G31)=0,"",N(G23)/((G32+G31)/2))) | H26: =IF(COUNT(H31,H32)<2,"",IF((H32+H31)=0,"",N(H23)/((H32+H31)/2))) | I26: =IF(COUNT(I31,I32)<2,"",IF((I32+I31)=0,"",N(I23)/((I32+I31)/2))) | J26: =IF(COUNT(J31,J32)<2,"",IF((J32+J31)=0,"",N(J23)/((J32+J31)/2))) | ... L26: =IF(COUNT(L31,L32)<2,"",IF((L32+L31)=0,"",N(L23)/((L32+L31)/2))) | M26: ϝ
B27: Voluntary Terminations | L27: =IF(COUNT(C27:K27)=0,"",SUM(C27:K27)) | M27: ∑
B28: Involuntary Terminations | L28: =IF(COUNT(C28:K28)=0,"",SUM(C28:K28)) | M28: ∑
B29: Voluntary Turnover (%) | C29: =IF(COUNT(C31,C32)<2,"",IF((C32+C31)=0,"",N(C27)/((C32+C31)/2))) | D29: =IF(COUNT(D31,D32)<2,"",IF((D32+D31)=0,"",N(D27)/((D32+D31)/2))) | E29: =IF(COUNT(E31,E32)<2,"",IF((E32+E31)=0,"",N(E27)/((E32+E31)/2))) | F29: =IF(COUNT(F31,F32)<2,"",IF((F32+F31)=0,"",N(F27)/((F32+F31)/2))) | G29: =IF(COUNT(G31,G32)<2,"",IF((G32+G31)=0,"",N(G27)/((G32+G31)/2))) | H29: =IF(COUNT(H31,H32)<2,"",IF((H32+H31)=0,"",N(H27)/((H32+H31)/2))) | I29: =IF(COUNT(I31,I32)<2,"",IF((I32+I31)=0,"",N(I27)/((I32+I31)/2))) | J29: =IF(COUNT(J31,J32)<2,"",IF((J32+J31)=0,"",N(J27)/((J32+J31)/2))) | ... L29: =IF(COUNT(L31,L32)<2,"",IF((L32+L31)=0,"",N(L27)/((L32+L31)/2))) | M29: ϝ
B30: Involuntary Turnover (%) | C30: =IF(COUNT(C31,C32)<2,"",IF((C32+C31)=0,"",N(C28)/((C32+C31)/2))) | D30: =IF(COUNT(D31,D32)<2,"",IF((D32+D31)=0,"",N(D28)/((D32+D31)/2))) | E30: =IF(COUNT(E31,E32)<2,"",IF((E32+E31)=0,"",N(E28)/((E32+E31)/2))) | F30: =IF(COUNT(F31,F32)<2,"",IF((F32+F31)=0,"",N(F28)/((F32+F31)/2))) | G30: =IF(COUNT(G31,G32)<2,"",IF((G32+G31)=0,"",N(G28)/((G32+G31)/2))) | H30: =IF(COUNT(H31,H32)<2,"",IF((H32+H31)=0,"",N(H28)/((H32+H31)/2))) | I30: =IF(COUNT(I31,I32)<2,"",IF((I32+I31)=0,"",N(I28)/((I32+I31)/2))) | J30: =IF(COUNT(J31,J32)<2,"",IF((J32+J31)=0,"",N(J28)/((J32+J31)/2))) | ... L30: =IF(COUNT(L31,L32)<2,"",IF((L32+L31)=0,"",N(L28)/((L32+L31)/2))) | M30: ϝ
B31: Headcount last Month | C31: =IF(NOV!C5="","",NOV!C5) | D31: =IF(NOV!D5="","",NOV!D5) | E31: =IF(NOV!E5="","",NOV!E5) | F31: =IF(NOV!F5="","",NOV!F5) | G31: =IF(NOV!G5="","",NOV!G5) | H31: =IF(NOV!H5="","",NOV!H5) | I31: =IF(NOV!I5="","",NOV!I5) | J31: =IF(NOV!J5="","",NOV!J5) | K31: =IF(NOV!K5="","",NOV!K5) | L31: =IF(COUNT(C31:K31)=0,"",SUM(C31:K31)) | M31: ∑
B32: Headcount this Month | C32: =IF(C5="","",C5) | D32: =IF(D5="","",D5) | E32: =IF(E5="","",E5) | F32: =IF(F5="","",F5) | G32: =IF(G5="","",G5) | H32: =IF(H5="","",H5) | I32: =IF(I5="","",I5) | J32: =IF(J5="","",J5) | K32: =IF(K5="","",K5) | L32: =IF(COUNT(C32:K32)=0,"",SUM(C32:K32)) | M32: ∑
B33: Full Turnover (%) | C33: =IF(COUNT(C31,C32)<2,"",IF((C32+C31)=0,"",N(C24)/((C32+C31)/2))) | D33: =IF(COUNT(D31,D32)<2,"",IF((D32+D31)=0,"",N(D24)/((D32+D31)/2))) | E33: =IF(COUNT(E31,E32)<2,"",IF((E32+E31)=0,"",N(E24)/((E32+E31)/2))) | F33: =IF(COUNT(F31,F32)<2,"",IF((F32+F31)=0,"",N(F24)/((F32+F31)/2))) | G33: =IF(COUNT(G31,G32)<2,"",IF((G32+G31)=0,"",N(G24)/((G32+G31)/2))) | H33: =IF(COUNT(H31,H32)<2,"",IF((H32+H31)=0,"",N(H24)/((H32+H31)/2))) | I33: =IF(COUNT(I31,I32)<2,"",IF((I32+I31)=0,"",N(I24)/((I32+I31)/2))) | J33: =IF(COUNT(J31,J32)<2,"",IF((J32+J31)=0,"",N(J24)/((J32+J31)/2))) | ... L33: =IF(COUNT(L31,L32)<2,"",IF((L32+L31)=0,"",N(L24)/((L32+L31)/2))) | M33: ϝ
B34: Permanent Vacancies | L34: =IF(COUNT(C34:K34)=0,"",SUM(C34:K34)) | M34: ∑
B35: Temporary Vacancies | L35: =IF(COUNT(C35:K35)=0,"",SUM(C35:K35)) | M35: ∑
B36: Total Vacancies | C36: =IF(COUNT(C34:C35)=0,"",SUM(C34:C35)) | D36: =IF(COUNT(D34:D35)=0,"",SUM(D34:D35)) | E36: =IF(COUNT(E34:E35)=0,"",SUM(E34:E35)) | F36: =IF(COUNT(F34:F35)=0,"",SUM(F34:F35)) | G36: =IF(COUNT(G34:G35)=0,"",SUM(G34:G35)) | H36: =IF(COUNT(H34:H35)=0,"",SUM(H34:H35)) | I36: =IF(COUNT(I34:I35)=0,"",SUM(I34:I35)) | J36: =IF(COUNT(J34:J35)=0,"",SUM(J34:J35)) | ... L36: =IF(COUNT(L34:L35)=0,"",SUM(L34:L35)) | M36: ϝ
B37: Authorized Positions | C37: =IF(COUNT(C5,C36)=0,"",N(C5)+N(C36)) | D37: =IF(COUNT(D5,D36)=0,"",N(D5)+N(D36)) | E37: =IF(COUNT(E5,E36)=0,"",N(E5)+N(E36)) | F37: =IF(COUNT(F5,F36)=0,"",N(F5)+N(F36)) | G37: =IF(COUNT(G5,G36)=0,"",N(G5)+N(G36)) | H37: =IF(COUNT(H5,H36)=0,"",N(H5)+N(H36)) | I37: =IF(COUNT(I5,I36)=0,"",N(I5)+N(I36)) | J37: =IF(COUNT(J5,J36)=0,"",N(J5)+N(J36)) | ... L37: =IF(COUNT(L5,L36)=0,"",N(L5)+N(L36)) | M37: ϝ
B38: Vacancy Rate (%) | C38: =IFERROR(C36/C37,"") | D38: =IFERROR(D36/D37,"") | E38: =IFERROR(E36/E37,"") | F38: =IFERROR(F36/F37,"") | G38: =IFERROR(G36/G37,"") | H38: =IFERROR(H36/H37,"") | I38: =IFERROR(I36/I37,"") | J38: =IFERROR(J36/J37,"") | ... L38: =IFERROR(L36/L37,"") | M38: ϝ
B39: Permanent TimeToHire (Days) YTD | C39: =IF('(GEL_Holding)'!$AB$6="","",'(GEL_Holding)'!$AB$6) | D39: =IF('(Dom_CLC)'!$AB$6="","",'(Dom_CLC)'!$AB$6) | E39: =IF('(Car_Label)'!$AB$6="","",'(Car_Label)'!$AB$6) | F39: =IF('(Ecuakao)'!$AB$6="","",'(Ecuakao)'!$AB$6) | G39: =IF('(Hipac)'!$AB$6="","",'(Hipac)'!$AB$6) | H39: =IF('(Jam_Label)'!$AB$6="","",'(Jam_Label)'!$AB$6) | I39: =IF('(Mc_Bride)'!$AB$6="","",'(Mc_Bride)'!$AB$6) | J39: =IF('(Precision)'!$AB$6="","",'(Precision)'!$AB$6) | K39: =IF('(Purity)'!$AB$6="","",'(Purity)'!$AB$6) | L39: =IFERROR(AVERAGE(C39:K39),"") | M39: Avg
B40: Temporary TimeToHire (Days) YTD | C40: =IF('(GEL_Holding)'!$AD$6="","",'(GEL_Holding)'!$AD$6) | D40: =IF('(Dom_CLC)'!$AD$6="","",'(Dom_CLC)'!$AD$6) | E40: =IF('(Car_Label)'!$AD$6="","",'(Car_Label)'!$AD$6) | F40: =IF('(Ecuakao)'!$AD$6="","",'(Ecuakao)'!$AD$6) | G40: =IF('(Hipac)'!$AD$6="","",'(Hipac)'!$AD$6) | H40: =IF('(Jam_Label)'!$AD$6="","",'(Jam_Label)'!$AD$6) | I40: =IF('(Mc_Bride)'!$AD$6="","",'(Mc_Bride)'!$AD$6) | J40: =IF('(Precision)'!$AD$6="","",'(Precision)'!$AD$6) | K40: =IF('(Purity)'!$AD$6="","",'(Purity)'!$AD$6) | L40: =IFERROR(AVERAGE(C40:K40),"") | M40: Avg
B41: Check-ins Rate Completed (%) | L41: =IFERROR(AVERAGE(C41:K41),"") | M41: Avg
B42: EE Objectives Completed (#) | L42: =IF(COUNT(C42:K42)=0,"",SUM(C42:K42)) | M42: ∑
B43: Non-certified Absent (Days Lost) | L43: =IF(COUNT(C43:K43)=0,"",SUM(C43:K43)) | M43: ∑
B44: Certified sick leave (Days Lost) | L44: =IF(COUNT(C44:K44)=0,"",SUM(C44:K44)) | M44: ∑
B45: Total Absences | C45: =IF(COUNT(C43:C44)=0,"",SUM(C43:C44)) | D45: =IF(COUNT(D43:D44)=0,"",SUM(D43:D44)) | E45: =IF(COUNT(E43:E44)=0,"",SUM(E43:E44)) | F45: =IF(COUNT(F43:F44)=0,"",SUM(F43:F44)) | G45: =IF(COUNT(G43:G44)=0,"",SUM(G43:G44)) | H45: =IF(COUNT(H43:H44)=0,"",SUM(H43:H44)) | I45: =IF(COUNT(I43:I44)=0,"",SUM(I43:I44)) | J45: =IF(COUNT(J43:J44)=0,"",SUM(J43:J44)) | ... L45: =IF(COUNT(L43:L44)=0,"",SUM(L43:L44)) | M45: ϝ
B46: Absent Rate Non-Certified (%) | C46: =IF('(GEL_Holding)'!$G$6="","",'(GEL_Holding)'!$G$6) | D46: =IF('(Dom_CLC)'!$G$6="","",'(Dom_CLC)'!$G$6) | E46: =IF('(Car_Label)'!$G$6="","",'(Car_Label)'!$G$6) | F46: =IF('(Ecuakao)'!$G$6="","",'(Ecuakao)'!$G$6) | G46: =IF('(Hipac)'!$G$6="","",'(Hipac)'!$G$6) | H46: =IF('(Jam_Label)'!$G$6="","",'(Jam_Label)'!$G$6) | I46: =IF('(Mc_Bride)'!$G$6="","",'(Mc_Bride)'!$G$6) | J46: =IF('(Precision)'!$G$6="","",'(Precision)'!$G$6) | K46: =IF('(Purity)'!$G$6="","",'(Purity)'!$G$6) | L46: {=IF(COUNT(C46:K46)=0,"",IFERROR(SUMPRODUCT(IFERROR(C46:K46*((C3:K3)+(C4:K4)),0))/SUMPRODUCT(IFERROR(ISNUMBER(C46:K46)*((C3:K3)+(C4:K4)),0)),""))} | M46: Weighted
B47: Absent Rate Certified (%) | C47: =IF('(GEL_Holding)'!$O$6="","",'(GEL_Holding)'!$O$6) | D47: =IF('(Dom_CLC)'!$O$6="","",'(Dom_CLC)'!$O$6) | E47: =IF('(Car_Label)'!$O$6="","",'(Car_Label)'!$O$6) | F47: =IF('(Ecuakao)'!$O$6="","",'(Ecuakao)'!$O$6) | G47: =IF('(Hipac)'!$O$6="","",'(Hipac)'!$O$6) | H47: =IF('(Jam_Label)'!$O$6="","",'(Jam_Label)'!$O$6) | I47: =IF('(Mc_Bride)'!$O$6="","",'(Mc_Bride)'!$O$6) | J47: =IF('(Precision)'!$O$6="","",'(Precision)'!$O$6) | K47: =IF('(Purity)'!$O$6="","",'(Purity)'!$O$6) | L47: {=IF(COUNT(C47:K47)=0,"",IFERROR(SUMPRODUCT(IFERROR(C47:K47*((C3:K3)+(C4:K4)),0))/SUMPRODUCT(IFERROR(ISNUMBER(C47:K47)*((C3:K3)+(C4:K4)),0)),""))} | M47: Weighted
B48: Absent Rate Total (%) | C48: =IF(COUNT(C46:C47)=0,"",SUM(C46:C47)) | D48: =IF(COUNT(D46:D47)=0,"",SUM(D46:D47)) | E48: =IF(COUNT(E46:E47)=0,"",SUM(E46:E47)) | F48: =IF(COUNT(F46:F47)=0,"",SUM(F46:F47)) | G48: =IF(COUNT(G46:G47)=0,"",SUM(G46:G47)) | H48: =IF(COUNT(H46:H47)=0,"",SUM(H46:H47)) | I48: =IF(COUNT(I46:I47)=0,"",SUM(I46:I47)) | J48: =IF(COUNT(J46:J47)=0,"",SUM(J46:J47)) | ... L48: =IF(COUNT(L46:L47)=0,"",SUM(L46:L47)) | M48: Weighted
B49: Weight factor | C49: =IFERROR(C5/$L5,"") | D49: =IFERROR(D5/$L5,"") | E49: =IFERROR(E5/$L5,"") | F49: =IFERROR(F5/$L5,"") | G49: =IFERROR(G5/$L5,"") | H49: =IFERROR(H5/$L5,"") | I49: =IFERROR(I5/$L5,"") | J49: =IFERROR(J5/$L5,"") | K49: =IFERROR(K5/$L5,"") | L49: =IF(COUNT(C49:K49)=0,"",SUM(C49:K49)) | M49: Weight Factor
B50: Leadership (Hours) | L50: =IF(COUNT(C50:K50)=0,"",SUM(C50:K50)) | M50: ∑
B51: Technical (Hours) | L51: =IF(COUNT(C51:K51)=0,"",SUM(C51:K51)) | M51: ∑
B52: Professional Develop. (Hours) | L52: =IF(COUNT(C52:K52)=0,"",SUM(C52:K52)) | M52: ∑
B53: HSSE (Hours) | L53: =IF(COUNT(C53:K53)=0,"",SUM(C53:K53)) | M53: ∑
B54: Workday (Hours) | L54: =IF(COUNT(C54:K54)=0,"",SUM(C54:K54)) | M54: ∑
B55: Total Training Hours | C55: =IF(COUNT(C50:C54)=0,"",SUM(C50:C54)) | D55: =IF(COUNT(D50:D54)=0,"",SUM(D50:D54)) | E55: =IF(COUNT(E50:E54)=0,"",SUM(E50:E54)) | F55: =IF(COUNT(F50:F54)=0,"",SUM(F50:F54)) | G55: =IF(COUNT(G50:G54)=0,"",SUM(G50:G54)) | H55: =IF(COUNT(H50:H54)=0,"",SUM(H50:H54)) | I55: =IF(COUNT(I50:I54)=0,"",SUM(I50:I54)) | J55: =IF(COUNT(J50:J54)=0,"",SUM(J50:J54)) | ... L55: =IF(COUNT(L50:L54)=0,"",SUM(L50:L54)) | M55: ϝ
B56: Total Trained (Staff) | L56: =IF(COUNT(C56:K56)=0,"",SUM(C56:K56)) | M56: ∑
B57: Training Programs (#) | L57: =IF(COUNT(C57:K57)=0,"",SUM(C57:K57)) | M57: ∑
B58: Training Cost (USD) | L58: =IF(COUNT(C58:K58)=0,"",SUM(C58:K58)) | M58: ∑
B59: Training Travel Cost (USD) | L59: =IF(COUNT(C59:K59)=0,"",SUM(C59:K59)) | M59: ∑
B60: Leadership Hours Trained (%) | C60: =IFERROR(C50/C$55,"") | D60: =IFERROR(D50/D$55,"") | E60: =IFERROR(E50/E$55,"") | F60: =IFERROR(F50/F$55,"") | G60: =IFERROR(G50/G$55,"") | H60: =IFERROR(H50/H$55,"") | I60: =IFERROR(I50/I$55,"") | J60: =IFERROR(J50/J$55,"") | ... L60: =IFERROR(L50/L$55,"") | M60: ϝ
B61: Technical Hours Trained (%) | C61: =IFERROR(C51/C$55,"") | D61: =IFERROR(D51/D$55,"") | E61: =IFERROR(E51/E$55,"") | F61: =IFERROR(F51/F$55,"") | G61: =IFERROR(G51/G$55,"") | H61: =IFERROR(H51/H$55,"") | I61: =IFERROR(I51/I$55,"") | J61: =IFERROR(J51/J$55,"") | ... L61: =IFERROR(L51/L$55,"") | M61: ϝ
B62: Profess. Dev. Hours Trained (%) | C62: =IFERROR(C52/C$55,"") | D62: =IFERROR(D52/D$55,"") | E62: =IFERROR(E52/E$55,"") | F62: =IFERROR(F52/F$55,"") | G62: =IFERROR(G52/G$55,"") | H62: =IFERROR(H52/H$55,"") | I62: =IFERROR(I52/I$55,"") | J62: =IFERROR(J52/J$55,"") | ... L62: =IFERROR(L52/L$55,"") | M62: ϝ
B63: HSSE Hours Trained (%) | C63: =IFERROR(C53/C$55,"") | D63: =IFERROR(D53/D$55,"") | E63: =IFERROR(E53/E$55,"") | F63: =IFERROR(F53/F$55,"") | G63: =IFERROR(G53/G$55,"") | H63: =IFERROR(H53/H$55,"") | I63: =IFERROR(I53/I$55,"") | J63: =IFERROR(J53/J$55,"") | ... L63: =IFERROR(L53/L$55,"") | M63: ϝ
B64: Workday Hours Trained (%) | C64: =IFERROR(C54/C$55,"") | D64: =IFERROR(D54/D$55,"") | E64: =IFERROR(E54/E$55,"") | F64: =IFERROR(F54/F$55,"") | G64: =IFERROR(G54/G$55,"") | H64: =IFERROR(H54/H$55,"") | I64: =IFERROR(I54/I$55,"") | J64: =IFERROR(J54/J$55,"") | ... L64: =IFERROR(L54/L$55,"") | M64: ϝ
B65: Staff Trained (%) | C65: =IFERROR(C56/C5,"") | D65: =IFERROR(D56/D5,"") | E65: =IFERROR(E56/E5,"") | F65: =IFERROR(F56/F5,"") | G65: =IFERROR(G56/G5,"") | H65: =IFERROR(H56/H5,"") | I65: =IFERROR(I56/I5,"") | J65: =IFERROR(J56/J5,"") | ... L65: =IFERROR(L56/L5,"") | M65: ϝ
B66: Training Hours / EE | C66: =IFERROR(C55/C5,"") | D66: =IFERROR(D55/D5,"") | E66: =IFERROR(E55/E5,"") | F66: =IFERROR(F55/F5,"") | G66: =IFERROR(G55/G5,"") | H66: =IFERROR(H55/H5,"") | I66: =IFERROR(I55/I5,"") | J66: =IFERROR(J55/J5,"") | ... L66: =IFERROR(L55/L5,"") | M66: ϝ
B67: Training Hours / EE Trained | C67: =IFERROR(C55/C56,"") | D67: =IFERROR(D55/D56,"") | E67: =IFERROR(E55/E56,"") | F67: =IFERROR(F55/F56,"") | G67: =IFERROR(G55/G56,"") | H67: =IFERROR(H55/H56,"") | I67: =IFERROR(I55/I56,"") | J67: =IFERROR(J55/J56,"") | ... L67: =IFERROR(L55/L56,"") | M67: ϝ
B68: Training Invest. / EE (USD) | C68: =IF(COUNT(C58:C59)=0,"",IFERROR((N(C58)+N(C59))/C5,"")) | D68: =IF(COUNT(D58:D59)=0,"",IFERROR((N(D58)+N(D59))/D5,"")) | E68: =IF(COUNT(E58:E59)=0,"",IFERROR((N(E58)+N(E59))/E5,"")) | F68: =IF(COUNT(F58:F59)=0,"",IFERROR((N(F58)+N(F59))/F5,"")) | G68: =IF(COUNT(G58:G59)=0,"",IFERROR((N(G58)+N(G59))/G5,"")) | H68: =IF(COUNT(H58:H59)=0,"",IFERROR((N(H58)+N(H59))/H5,"")) | I68: =IF(COUNT(I58:I59)=0,"",IFERROR((N(I58)+N(I59))/I5,"")) | J68: =IF(COUNT(J58:J59)=0,"",IFERROR((N(J58)+N(J59))/J5,"")) | ... L68: =IF(COUNT(L58:L59)=0,"",IFERROR((N(L58)+N(L59))/L5,"")) | M68: ϝ
B69: Training Invest. / EE Trained (USD) | C69: =IF(COUNT(C58:C59)=0,"",IFERROR((N(C58)+N(C59))/C56,"")) | D69: =IF(COUNT(D58:D59)=0,"",IFERROR((N(D58)+N(D59))/D56,"")) | E69: =IF(COUNT(E58:E59)=0,"",IFERROR((N(E58)+N(E59))/E56,"")) | F69: =IF(COUNT(F58:F59)=0,"",IFERROR((N(F58)+N(F59))/F56,"")) | G69: =IF(COUNT(G58:G59)=0,"",IFERROR((N(G58)+N(G59))/G56,"")) | H69: =IF(COUNT(H58:H59)=0,"",IFERROR((N(H58)+N(H59))/H56,"")) | I69: =IF(COUNT(I58:I59)=0,"",IFERROR((N(I58)+N(I59))/I56,"")) | J69: =IF(COUNT(J58:J59)=0,"",IFERROR((N(J58)+N(J59))/J56,"")) | ... L69: =IF(COUNT(L58:L59)=0,"",IFERROR((N(L58)+N(L59))/L56,"")) | M69: ϝ
B70: Input Cells Not Submitted | C70: =COUNTBLANK(C3:C4)+COUNTBLANK(C6:C10)+COUNTBLANK(C12:C13)+COUNTBLANK(C18:C20)+COUNTBLANK(C22:C23)+COUNTBLANK(C27:C28)+COUNTBLANK(C34:C35)+COUNTBLANK(C39:C44)+COUNTBLANK(C46:C47)+COUNTBLANK(C50:C54)+COUNTBLANK(C56:C59) | D70: =COUNTBLANK(D3:D4)+COUNTBLANK(D6:D10)+COUNTBLANK(D12:D13)+COUNTBLANK(D18:D20)+COUNTBLANK(D22:D23)+COUNTBLANK(D27:D28)+COUNTBLANK(D34:D35)+COUNTBLANK(D39:D44)+COUNTBLANK(D46:D47)+COUNTBLANK(D50:D54)+COUNTBLANK(D56:D59) | E70: =COUNTBLANK(E3:E4)+COUNTBLANK(E6:E10)+COUNTBLANK(E12:E13)+COUNTBLANK(E18:E20)+COUNTBLANK(E22:E23)+COUNTBLANK(E27:E28)+COUNTBLANK(E34:E35)+COUNTBLANK(E39:E44)+COUNTBLANK(E46:E47)+COUNTBLANK(E50:E54)+COUNTBLANK(E56:E59) | F70: =COUNTBLANK(F3:F4)+COUNTBLANK(F6:F10)+COUNTBLANK(F12:F13)+COUNTBLANK(F18:F20)+COUNTBLANK(F22:F23)+COUNTBLANK(F27:F28)+COUNTBLANK(F34:F35)+COUNTBLANK(F39:F44)+COUNTBLANK(F46:F47)+COUNTBLANK(F50:F54)+COUNTBLANK(F56:F59) | G70: =COUNTBLANK(G3:G4)+COUNTBLANK(G6:G10)+COUNTBLANK(G12:G13)+COUNTBLANK(G18:G20)+COUNTBLANK(G22:G23)+COUNTBLANK(G27:G28)+COUNTBLANK(G34:G35)+COUNTBLANK(G39:G44)+COUNTBLANK(G46:G47)+COUNTBLANK(G50:G54)+COUNTBLANK(G56:G59) | H70: =COUNTBLANK(H3:H4)+COUNTBLANK(H6:H10)+COUNTBLANK(H12:H13)+COUNTBLANK(H18:H20)+COUNTBLANK(H22:H23)+COUNTBLANK(H27:H28)+COUNTBLANK(H34:H35)+COUNTBLANK(H39:H44)+COUNTBLANK(H46:H47)+COUNTBLANK(H50:H54)+COUNTBLANK(H56:H59) | I70: =COUNTBLANK(I3:I4)+COUNTBLANK(I6:I10)+COUNTBLANK(I12:I13)+COUNTBLANK(I18:I20)+COUNTBLANK(I22:I23)+COUNTBLANK(I27:I28)+COUNTBLANK(I34:I35)+COUNTBLANK(I39:I44)+COUNTBLANK(I46:I47)+COUNTBLANK(I50:I54)+COUNTBLANK(I56:I59) | J70: =COUNTBLANK(J3:J4)+COUNTBLANK(J6:J10)+COUNTBLANK(J12:J13)+COUNTBLANK(J18:J20)+COUNTBLANK(J22:J23)+COUNTBLANK(J27:J28)+COUNTBLANK(J34:J35)+COUNTBLANK(J39:J44)+COUNTBLANK(J46:J47)+COUNTBLANK(J50:J54)+COUNTBLANK(J56:J59) | K70: =COUNTBLANK(K3:K4)+COUNTBLANK(K6:K10)+COUNTBLANK(K12:K13)+COUNTBLANK(K18:K20)+COUNTBLANK(K22:K23)+COUNTBLANK(K27:K28)+COUNTBLANK(K34:K35)+COUNTBLANK(K39:K44)+COUNTBLANK(K46:K47)+COUNTBLANK(K50:K54)+COUNTBLANK(K56:K59) | L70: =SUM(C70:K70) | M70: ∑

Sheet JAN
B1: MANUFACTURING
A2: =VALUE(TEXT(EDATE(DATE(LEFT(DEC!A2,4),RIGHT(DEC!A2,2),1),1),"yyyymm")) | B2: JAN | C2: GEL Manufacturing Holding Co. Ltd. | D2: CLC Domicana (Dominican Republic) | E2: Caribbean Label Crafts Ltd. (Barbados) | F2: Ecuakao (Ecuador) | G2: Hipac Ltd. (Barbados) | H2: Label Craft Jamaica Ltd. (Jamaica) | I2: McBride (Caribbean) Ltd. | J2: Precision Packaging Inc. (Barbados) | K2: Purity Bakeries Ltd. (Barbados) | L2: TOTAL | M2: Total by Division | N2: =N(N11)<>0
A3: =+A2 | B3: Permanent (Regular) Headcount | L3: =IF(COUNT(C3:K3)=0,"",SUM(C3:K3)) | M3: ∑
B4: Temporary (Fix Term) Headcount | L4: =IF(COUNT(C4:K4)=0,"",SUM(C4:K4)) | M4: ∑
B5: Employee Headcount (Productivity) | C5: =IF(COUNT(C3:C4)=0,"",SUM(C3:C4)) | D5: =IF(COUNT(D3:D4)=0,"",SUM(D3:D4)) | E5: =IF(COUNT(E3:E4)=0,"",SUM(E3:E4)) | F5: =IF(COUNT(F3:F4)=0,"",SUM(F3:F4)) | G5: =IF(COUNT(G3:G4)=0,"",SUM(G3:G4)) | H5: =IF(COUNT(H3:H4)=0,"",SUM(H3:H4)) | I5: =IF(COUNT(I3:I4)=0,"",SUM(I3:I4)) | J5: =IF(COUNT(J3:J4)=0,"",SUM(J3:J4)) | ... L5: =IF(COUNT(L3:L4)=0,"",SUM(L3:L4)) | M5: ϝ
B6: Headcount = 1.00 | L6: =IF(COUNT(C6:K6)=0,"",SUM(C6:K6)) | M6: ∑
B7: Headcount = 0.75 | L7: =IF(COUNT(C7:K7)=0,"",SUM(C7:K7)) | M7: ∑
B8: Headcount = 0.50 | L8: =IF(COUNT(C8:K8)=0,"",SUM(C8:K8)) | M8: ∑
B9: Headcount = 0.25 | L9: =IF(COUNT(C9:K9)=0,"",SUM(C9:K9)) | M9: ∑
B10: Standard Monthly Hours (FTE basis) | L10: =IFERROR(AVERAGE(C10:K10),"") | M10: Avg
B11: Employee FTE (Finance) | C11: =IF(COUNT(C6:C9)=0,"",N(C6)+N(C7)*0.75+N(C8)*0.5+N(C9)*0.25) | D11: =IF(COUNT(D6:D9)=0,"",N(D6)+N(D7)*0.75+N(D8)*0.5+N(D9)*0.25) | E11: =IF(COUNT(E6:E9)=0,"",N(E6)+N(E7)*0.75+N(E8)*0.5+N(E9)*0.25) | F11: =IF(COUNT(F6:F9)=0,"",N(F6)+N(F7)*0.75+N(F8)*0.5+N(F9)*0.25) | G11: =IF(COUNT(G6:G9)=0,"",N(G6)+N(G7)*0.75+N(G8)*0.5+N(G9)*0.25) | H11: =IF(COUNT(H6:H9)=0,"",N(H6)+N(H7)*0.75+N(H8)*0.5+N(H9)*0.25) | I11: =IF(COUNT(I6:I9)=0,"",N(I6)+N(I7)*0.75+N(I8)*0.5+N(I9)*0.25) | J11: =IF(COUNT(J6:J9)=0,"",N(J6)+N(J7)*0.75+N(J8)*0.5+N(J9)*0.25) | ... L11: =IF(COUNT(L6:L9)=0,"",N(L6)+N(L7)*0.75+N(L8)*0.5+N(L9)*0.25) | M11: FTE | N11: =IF(COUNT(L5:L9)=0,"",N(L6)+N(L7)+N(L8)+N(L9)-N(L5))
B12: Subcontracted Workforce HC | L12: =IF(COUNT(C12:K12)=0,"",SUM(C12:K12)) | M12: ∑
B13: Subcontracted Productive Hours | L13: =IF(COUNT(C13:K13)=0,"",SUM(C13:K13)) | M13: ∑
B14: Subcontracted FTE | C14: =IFERROR(C13/C10,"") | D14: =IFERROR(D13/D10,"") | E14: =IFERROR(E13/E10,"") | F14: =IFERROR(F13/F10,"") | G14: =IFERROR(G13/G10,"") | H14: =IFERROR(H13/H10,"") | I14: =IFERROR(I13/I10,"") | J14: =IFERROR(J13/J10,"") | K14: =IFERROR(K13/K10,"") | L14: =IF(COUNT(C14:K14)=0,"",SUM(C14:K14)) | M14: FTE
B15: Total Operational Workforce | C15: =IF(COUNT(C5,C12)=0,"",SUM(C5,C12)) | D15: =IF(COUNT(D5,D12)=0,"",SUM(D5,D12)) | E15: =IF(COUNT(E5,E12)=0,"",SUM(E5,E12)) | F15: =IF(COUNT(F5,F12)=0,"",SUM(F5,F12)) | G15: =IF(COUNT(G5,G12)=0,"",SUM(G5,G12)) | H15: =IF(COUNT(H5,H12)=0,"",SUM(H5,H12)) | I15: =IF(COUNT(I5,I12)=0,"",SUM(I5,I12)) | J15: =IF(COUNT(J5,J12)=0,"",SUM(J5,J12)) | ... L15: =IF(COUNT(L5,L12)=0,"",SUM(L5,L12)) | M15: ϝ
B16: Total Operational FTE | C16: =IF(COUNT(C11,C14)=0,"",SUM(C11,C14)) | D16: =IF(COUNT(D11,D14)=0,"",SUM(D11,D14)) | E16: =IF(COUNT(E11,E14)=0,"",SUM(E11,E14)) | F16: =IF(COUNT(F11,F14)=0,"",SUM(F11,F14)) | G16: =IF(COUNT(G11,G14)=0,"",SUM(G11,G14)) | H16: =IF(COUNT(H11,H14)=0,"",SUM(H11,H14)) | I16: =IF(COUNT(I11,I14)=0,"",SUM(I11,I14)) | J16: =IF(COUNT(J11,J14)=0,"",SUM(J11,J14)) | ... L16: =IF(COUNT(L11,L14)=0,"",SUM(L11,L14)) | M16: FTE
B17: Subcontracted Share of Workforce (%) | C17: =IFERROR(C12/C15,"") | D17: =IFERROR(D12/D15,"") | E17: =IFERROR(E12/E15,"") | F17: =IFERROR(F12/F15,"") | G17: =IFERROR(G12/G15,"") | H17: =IFERROR(H12/H15,"") | I17: =IFERROR(I12/I15,"") | J17: =IFERROR(J12/J15,"") | ... L17: =IFERROR(L12/L15,"") | M17: ϝ
B18: FTE HR Team | L18: =IF(COUNT(C18:K18)=0,"",SUM(C18:K18)) | M18: ∑
B19: Permanent Hires | L19: =IF(COUNT(C19:K19)=0,"",SUM(C19:K19)) | M19: ∑
B20: Temporary Hires | L20: =IF(COUNT(C20:K20)=0,"",SUM(C20:K20)) | M20: ∑
B21: Total Hires | C21: =IF(COUNT(C19:C20)=0,"",SUM(C19:C20)) | D21: =IF(COUNT(D19:D20)=0,"",SUM(D19:D20)) | E21: =IF(COUNT(E19:E20)=0,"",SUM(E19:E20)) | F21: =IF(COUNT(F19:F20)=0,"",SUM(F19:F20)) | G21: =IF(COUNT(G19:G20)=0,"",SUM(G19:G20)) | H21: =IF(COUNT(H19:H20)=0,"",SUM(H19:H20)) | I21: =IF(COUNT(I19:I20)=0,"",SUM(I19:I20)) | J21: =IF(COUNT(J19:J20)=0,"",SUM(J19:J20)) | ... L21: =IF(COUNT(L19:L20)=0,"",SUM(L19:L20)) | M21: ϝ
B22: Permanent Exits | L22: =IF(COUNT(C22:K22)=0,"",SUM(C22:K22)) | M22: ∑
B23: Temporary Exits | L23: =IF(COUNT(C23:K23)=0,"",SUM(C23:K23)) | M23: ∑
B24: Total Exits | C24: =IF(COUNT(C22:C23)=0,"",SUM(C22:C23)) | D24: =IF(COUNT(D22:D23)=0,"",SUM(D22:D23)) | E24: =IF(COUNT(E22:E23)=0,"",SUM(E22:E23)) | F24: =IF(COUNT(F22:F23)=0,"",SUM(F22:F23)) | G24: =IF(COUNT(G22:G23)=0,"",SUM(G22:G23)) | H24: =IF(COUNT(H22:H23)=0,"",SUM(H22:H23)) | I24: =IF(COUNT(I22:I23)=0,"",SUM(I22:I23)) | J24: =IF(COUNT(J22:J23)=0,"",SUM(J22:J23)) | ... L24: =IF(COUNT(L22:L23)=0,"",SUM(L22:L23)) | M24: ϝ
B25: Permanent Turnover (%) | C25: =IF(COUNT(C31,C32)<2,"",IF((C32+C31)=0,"",N(C22)/((C32+C31)/2))) | D25: =IF(COUNT(D31,D32)<2,"",IF((D32+D31)=0,"",N(D22)/((D32+D31)/2))) | E25: =IF(COUNT(E31,E32)<2,"",IF((E32+E31)=0,"",N(E22)/((E32+E31)/2))) | F25: =IF(COUNT(F31,F32)<2,"",IF((F32+F31)=0,"",N(F22)/((F32+F31)/2))) | G25: =IF(COUNT(G31,G32)<2,"",IF((G32+G31)=0,"",N(G22)/((G32+G31)/2))) | H25: =IF(COUNT(H31,H32)<2,"",IF((H32+H31)=0,"",N(H22)/((H32+H31)/2))) | I25: =IF(COUNT(I31,I32)<2,"",IF((I32+I31)=0,"",N(I22)/((I32+I31)/2))) | J25: =IF(COUNT(J31,J32)<2,"",IF((J32+J31)=0,"",N(J22)/((J32+J31)/2))) | ... L25: =IF(COUNT(L31,L32)<2,"",IF((L32+L31)=0,"",N(L22)/((L32+L31)/2))) | M25: ϝ
B26: Temporary Turnover (%) | C26: =IF(COUNT(C31,C32)<2,"",IF((C32+C31)=0,"",N(C23)/((C32+C31)/2))) | D26: =IF(COUNT(D31,D32)<2,"",IF((D32+D31)=0,"",N(D23)/((D32+D31)/2))) | E26: =IF(COUNT(E31,E32)<2,"",IF((E32+E31)=0,"",N(E23)/((E32+E31)/2))) | F26: =IF(COUNT(F31,F32)<2,"",IF((F32+F31)=0,"",N(F23)/((F32+F31)/2))) | G26: =IF(COUNT(G31,G32)<2,"",IF((G32+G31)=0,"",N(G23)/((G32+G31)/2))) | H26: =IF(COUNT(H31,H32)<2,"",IF((H32+H31)=0,"",N(H23)/((H32+H31)/2))) | I26: =IF(COUNT(I31,I32)<2,"",IF((I32+I31)=0,"",N(I23)/((I32+I31)/2))) | J26: =IF(COUNT(J31,J32)<2,"",IF((J32+J31)=0,"",N(J23)/((J32+J31)/2))) | ... L26: =IF(COUNT(L31,L32)<2,"",IF((L32+L31)=0,"",N(L23)/((L32+L31)/2))) | M26: ϝ
B27: Voluntary Terminations | L27: =IF(COUNT(C27:K27)=0,"",SUM(C27:K27)) | M27: ∑
B28: Involuntary Terminations | L28: =IF(COUNT(C28:K28)=0,"",SUM(C28:K28)) | M28: ∑
B29: Voluntary Turnover (%) | C29: =IF(COUNT(C31,C32)<2,"",IF((C32+C31)=0,"",N(C27)/((C32+C31)/2))) | D29: =IF(COUNT(D31,D32)<2,"",IF((D32+D31)=0,"",N(D27)/((D32+D31)/2))) | E29: =IF(COUNT(E31,E32)<2,"",IF((E32+E31)=0,"",N(E27)/((E32+E31)/2))) | F29: =IF(COUNT(F31,F32)<2,"",IF((F32+F31)=0,"",N(F27)/((F32+F31)/2))) | G29: =IF(COUNT(G31,G32)<2,"",IF((G32+G31)=0,"",N(G27)/((G32+G31)/2))) | H29: =IF(COUNT(H31,H32)<2,"",IF((H32+H31)=0,"",N(H27)/((H32+H31)/2))) | I29: =IF(COUNT(I31,I32)<2,"",IF((I32+I31)=0,"",N(I27)/((I32+I31)/2))) | J29: =IF(COUNT(J31,J32)<2,"",IF((J32+J31)=0,"",N(J27)/((J32+J31)/2))) | ... L29: =IF(COUNT(L31,L32)<2,"",IF((L32+L31)=0,"",N(L27)/((L32+L31)/2))) | M29: ϝ
B30: Involuntary Turnover (%) | C30: =IF(COUNT(C31,C32)<2,"",IF((C32+C31)=0,"",N(C28)/((C32+C31)/2))) | D30: =IF(COUNT(D31,D32)<2,"",IF((D32+D31)=0,"",N(D28)/((D32+D31)/2))) | E30: =IF(COUNT(E31,E32)<2,"",IF((E32+E31)=0,"",N(E28)/((E32+E31)/2))) | F30: =IF(COUNT(F31,F32)<2,"",IF((F32+F31)=0,"",N(F28)/((F32+F31)/2))) | G30: =IF(COUNT(G31,G32)<2,"",IF((G32+G31)=0,"",N(G28)/((G32+G31)/2))) | H30: =IF(COUNT(H31,H32)<2,"",IF((H32+H31)=0,"",N(H28)/((H32+H31)/2))) | I30: =IF(COUNT(I31,I32)<2,"",IF((I32+I31)=0,"",N(I28)/((I32+I31)/2))) | J30: =IF(COUNT(J31,J32)<2,"",IF((J32+J31)=0,"",N(J28)/((J32+J31)/2))) | ... L30: =IF(COUNT(L31,L32)<2,"",IF((L32+L31)=0,"",N(L28)/((L32+L31)/2))) | M30: ϝ
B31: Headcount last Month | C31: =IF(DEC!C5="","",DEC!C5) | D31: =IF(DEC!D5="","",DEC!D5) | E31: =IF(DEC!E5="","",DEC!E5) | F31: =IF(DEC!F5="","",DEC!F5) | G31: =IF(DEC!G5="","",DEC!G5) | H31: =IF(DEC!H5="","",DEC!H5) | I31: =IF(DEC!I5="","",DEC!I5) | J31: =IF(DEC!J5="","",DEC!J5) | K31: =IF(DEC!K5="","",DEC!K5) | L31: =IF(COUNT(C31:K31)=0,"",SUM(C31:K31)) | M31: ∑
B32: Headcount this Month | C32: =IF(C5="","",C5) | D32: =IF(D5="","",D5) | E32: =IF(E5="","",E5) | F32: =IF(F5="","",F5) | G32: =IF(G5="","",G5) | H32: =IF(H5="","",H5) | I32: =IF(I5="","",I5) | J32: =IF(J5="","",J5) | K32: =IF(K5="","",K5) | L32: =IF(COUNT(C32:K32)=0,"",SUM(C32:K32)) | M32: ∑
B33: Full Turnover (%) | C33: =IF(COUNT(C31,C32)<2,"",IF((C32+C31)=0,"",N(C24)/((C32+C31)/2))) | D33: =IF(COUNT(D31,D32)<2,"",IF((D32+D31)=0,"",N(D24)/((D32+D31)/2))) | E33: =IF(COUNT(E31,E32)<2,"",IF((E32+E31)=0,"",N(E24)/((E32+E31)/2))) | F33: =IF(COUNT(F31,F32)<2,"",IF((F32+F31)=0,"",N(F24)/((F32+F31)/2))) | G33: =IF(COUNT(G31,G32)<2,"",IF((G32+G31)=0,"",N(G24)/((G32+G31)/2))) | H33: =IF(COUNT(H31,H32)<2,"",IF((H32+H31)=0,"",N(H24)/((H32+H31)/2))) | I33: =IF(COUNT(I31,I32)<2,"",IF((I32+I31)=0,"",N(I24)/((I32+I31)/2))) | J33: =IF(COUNT(J31,J32)<2,"",IF((J32+J31)=0,"",N(J24)/((J32+J31)/2))) | ... L33: =IF(COUNT(L31,L32)<2,"",IF((L32+L31)=0,"",N(L24)/((L32+L31)/2))) | M33: ϝ
B34: Permanent Vacancies | L34: =IF(COUNT(C34:K34)=0,"",SUM(C34:K34)) | M34: ∑
B35: Temporary Vacancies | L35: =IF(COUNT(C35:K35)=0,"",SUM(C35:K35)) | M35: ∑
B36: Total Vacancies | C36: =IF(COUNT(C34:C35)=0,"",SUM(C34:C35)) | D36: =IF(COUNT(D34:D35)=0,"",SUM(D34:D35)) | E36: =IF(COUNT(E34:E35)=0,"",SUM(E34:E35)) | F36: =IF(COUNT(F34:F35)=0,"",SUM(F34:F35)) | G36: =IF(COUNT(G34:G35)=0,"",SUM(G34:G35)) | H36: =IF(COUNT(H34:H35)=0,"",SUM(H34:H35)) | I36: =IF(COUNT(I34:I35)=0,"",SUM(I34:I35)) | J36: =IF(COUNT(J34:J35)=0,"",SUM(J34:J35)) | ... L36: =IF(COUNT(L34:L35)=0,"",SUM(L34:L35)) | M36: ϝ
B37: Authorized Positions | C37: =IF(COUNT(C5,C36)=0,"",N(C5)+N(C36)) | D37: =IF(COUNT(D5,D36)=0,"",N(D5)+N(D36)) | E37: =IF(COUNT(E5,E36)=0,"",N(E5)+N(E36)) | F37: =IF(COUNT(F5,F36)=0,"",N(F5)+N(F36)) | G37: =IF(COUNT(G5,G36)=0,"",N(G5)+N(G36)) | H37: =IF(COUNT(H5,H36)=0,"",N(H5)+N(H36)) | I37: =IF(COUNT(I5,I36)=0,"",N(I5)+N(I36)) | J37: =IF(COUNT(J5,J36)=0,"",N(J5)+N(J36)) | ... L37: =IF(COUNT(L5,L36)=0,"",N(L5)+N(L36)) | M37: ϝ
B38: Vacancy Rate (%) | C38: =IFERROR(C36/C37,"") | D38: =IFERROR(D36/D37,"") | E38: =IFERROR(E36/E37,"") | F38: =IFERROR(F36/F37,"") | G38: =IFERROR(G36/G37,"") | H38: =IFERROR(H36/H37,"") | I38: =IFERROR(I36/I37,"") | J38: =IFERROR(J36/J37,"") | ... L38: =IFERROR(L36/L37,"") | M38: ϝ
B39: Permanent TimeToHire (Days) YTD | C39: =IF('(GEL_Holding)'!$AB$7="","",'(GEL_Holding)'!$AB$7) | D39: =IF('(Dom_CLC)'!$AB$7="","",'(Dom_CLC)'!$AB$7) | E39: =IF('(Car_Label)'!$AB$7="","",'(Car_Label)'!$AB$7) | F39: =IF('(Ecuakao)'!$AB$7="","",'(Ecuakao)'!$AB$7) | G39: =IF('(Hipac)'!$AB$7="","",'(Hipac)'!$AB$7) | H39: =IF('(Jam_Label)'!$AB$7="","",'(Jam_Label)'!$AB$7) | I39: =IF('(Mc_Bride)'!$AB$7="","",'(Mc_Bride)'!$AB$7) | J39: =IF('(Precision)'!$AB$7="","",'(Precision)'!$AB$7) | K39: =IF('(Purity)'!$AB$7="","",'(Purity)'!$AB$7) | L39: =IFERROR(AVERAGE(C39:K39),"") | M39: Avg
B40: Temporary TimeToHire (Days) YTD | C40: =IF('(GEL_Holding)'!$AD$7="","",'(GEL_Holding)'!$AD$7) | D40: =IF('(Dom_CLC)'!$AD$7="","",'(Dom_CLC)'!$AD$7) | E40: =IF('(Car_Label)'!$AD$7="","",'(Car_Label)'!$AD$7) | F40: =IF('(Ecuakao)'!$AD$7="","",'(Ecuakao)'!$AD$7) | G40: =IF('(Hipac)'!$AD$7="","",'(Hipac)'!$AD$7) | H40: =IF('(Jam_Label)'!$AD$7="","",'(Jam_Label)'!$AD$7) | I40: =IF('(Mc_Bride)'!$AD$7="","",'(Mc_Bride)'!$AD$7) | J40: =IF('(Precision)'!$AD$7="","",'(Precision)'!$AD$7) | K40: =IF('(Purity)'!$AD$7="","",'(Purity)'!$AD$7) | L40: =IFERROR(AVERAGE(C40:K40),"") | M40: Avg
B41: Check-ins Rate Completed (%) | L41: =IFERROR(AVERAGE(C41:K41),"") | M41: Avg
B42: EE Objectives Completed (#) | L42: =IF(COUNT(C42:K42)=0,"",SUM(C42:K42)) | M42: ∑
B43: Non-certified Absent (Days Lost) | L43: =IF(COUNT(C43:K43)=0,"",SUM(C43:K43)) | M43: ∑
B44: Certified sick leave (Days Lost) | L44: =IF(COUNT(C44:K44)=0,"",SUM(C44:K44)) | M44: ∑
B45: Total Absences | C45: =IF(COUNT(C43:C44)=0,"",SUM(C43:C44)) | D45: =IF(COUNT(D43:D44)=0,"",SUM(D43:D44)) | E45: =IF(COUNT(E43:E44)=0,"",SUM(E43:E44)) | F45: =IF(COUNT(F43:F44)=0,"",SUM(F43:F44)) | G45: =IF(COUNT(G43:G44)=0,"",SUM(G43:G44)) | H45: =IF(COUNT(H43:H44)=0,"",SUM(H43:H44)) | I45: =IF(COUNT(I43:I44)=0,"",SUM(I43:I44)) | J45: =IF(COUNT(J43:J44)=0,"",SUM(J43:J44)) | ... L45: =IF(COUNT(L43:L44)=0,"",SUM(L43:L44)) | M45: ϝ
B46: Absent Rate Non-Certified (%) | C46: =IF('(GEL_Holding)'!$G$7="","",'(GEL_Holding)'!$G$7) | D46: =IF('(Dom_CLC)'!$G$7="","",'(Dom_CLC)'!$G$7) | E46: =IF('(Car_Label)'!$G$7="","",'(Car_Label)'!$G$7) | F46: =IF('(Ecuakao)'!$G$7="","",'(Ecuakao)'!$G$7) | G46: =IF('(Hipac)'!$G$7="","",'(Hipac)'!$G$7) | H46: =IF('(Jam_Label)'!$G$7="","",'(Jam_Label)'!$G$7) | I46: =IF('(Mc_Bride)'!$G$7="","",'(Mc_Bride)'!$G$7) | J46: =IF('(Precision)'!$G$7="","",'(Precision)'!$G$7) | K46: =IF('(Purity)'!$G$7="","",'(Purity)'!$G$7) | L46: {=IF(COUNT(C46:K46)=0,"",IFERROR(SUMPRODUCT(IFERROR(C46:K46*((C3:K3)+(C4:K4)),0))/SUMPRODUCT(IFERROR(ISNUMBER(C46:K46)*((C3:K3)+(C4:K4)),0)),""))} | M46: Weighted
B47: Absent Rate Certified (%) | C47: =IF('(GEL_Holding)'!$O$7="","",'(GEL_Holding)'!$O$7) | D47: =IF('(Dom_CLC)'!$O$7="","",'(Dom_CLC)'!$O$7) | E47: =IF('(Car_Label)'!$O$7="","",'(Car_Label)'!$O$7) | F47: =IF('(Ecuakao)'!$O$7="","",'(Ecuakao)'!$O$7) | G47: =IF('(Hipac)'!$O$7="","",'(Hipac)'!$O$7) | H47: =IF('(Jam_Label)'!$O$7="","",'(Jam_Label)'!$O$7) | I47: =IF('(Mc_Bride)'!$O$7="","",'(Mc_Bride)'!$O$7) | J47: =IF('(Precision)'!$O$7="","",'(Precision)'!$O$7) | K47: =IF('(Purity)'!$O$7="","",'(Purity)'!$O$7) | L47: {=IF(COUNT(C47:K47)=0,"",IFERROR(SUMPRODUCT(IFERROR(C47:K47*((C3:K3)+(C4:K4)),0))/SUMPRODUCT(IFERROR(ISNUMBER(C47:K47)*((C3:K3)+(C4:K4)),0)),""))} | M47: Weighted
B48: Absent Rate Total (%) | C48: =IF(COUNT(C46:C47)=0,"",SUM(C46:C47)) | D48: =IF(COUNT(D46:D47)=0,"",SUM(D46:D47)) | E48: =IF(COUNT(E46:E47)=0,"",SUM(E46:E47)) | F48: =IF(COUNT(F46:F47)=0,"",SUM(F46:F47)) | G48: =IF(COUNT(G46:G47)=0,"",SUM(G46:G47)) | H48: =IF(COUNT(H46:H47)=0,"",SUM(H46:H47)) | I48: =IF(COUNT(I46:I47)=0,"",SUM(I46:I47)) | J48: =IF(COUNT(J46:J47)=0,"",SUM(J46:J47)) | ... L48: =IF(COUNT(L46:L47)=0,"",SUM(L46:L47)) | M48: Weighted
B49: Weight factor | C49: =IFERROR(C5/$L5,"") | D49: =IFERROR(D5/$L5,"") | E49: =IFERROR(E5/$L5,"") | F49: =IFERROR(F5/$L5,"") | G49: =IFERROR(G5/$L5,"") | H49: =IFERROR(H5/$L5,"") | I49: =IFERROR(I5/$L5,"") | J49: =IFERROR(J5/$L5,"") | K49: =IFERROR(K5/$L5,"") | L49: =IF(COUNT(C49:K49)=0,"",SUM(C49:K49)) | M49: Weight Factor
B50: Leadership (Hours) | L50: =IF(COUNT(C50:K50)=0,"",SUM(C50:K50)) | M50: ∑
B51: Technical (Hours) | L51: =IF(COUNT(C51:K51)=0,"",SUM(C51:K51)) | M51: ∑
B52: Professional Develop. (Hours) | L52: =IF(COUNT(C52:K52)=0,"",SUM(C52:K52)) | M52: ∑
B53: HSSE (Hours) | L53: =IF(COUNT(C53:K53)=0,"",SUM(C53:K53)) | M53: ∑
B54: Workday (Hours) | L54: =IF(COUNT(C54:K54)=0,"",SUM(C54:K54)) | M54: ∑
B55: Total Training Hours | C55: =IF(COUNT(C50:C54)=0,"",SUM(C50:C54)) | D55: =IF(COUNT(D50:D54)=0,"",SUM(D50:D54)) | E55: =IF(COUNT(E50:E54)=0,"",SUM(E50:E54)) | F55: =IF(COUNT(F50:F54)=0,"",SUM(F50:F54)) | G55: =IF(COUNT(G50:G54)=0,"",SUM(G50:G54)) | H55: =IF(COUNT(H50:H54)=0,"",SUM(H50:H54)) | I55: =IF(COUNT(I50:I54)=0,"",SUM(I50:I54)) | J55: =IF(COUNT(J50:J54)=0,"",SUM(J50:J54)) | ... L55: =IF(COUNT(L50:L54)=0,"",SUM(L50:L54)) | M55: ϝ
B56: Total Trained (Staff) | L56: =IF(COUNT(C56:K56)=0,"",SUM(C56:K56)) | M56: ∑
B57: Training Programs (#) | L57: =IF(COUNT(C57:K57)=0,"",SUM(C57:K57)) | M57: ∑
B58: Training Cost (USD) | L58: =IF(COUNT(C58:K58)=0,"",SUM(C58:K58)) | M58: ∑
B59: Training Travel Cost (USD) | L59: =IF(COUNT(C59:K59)=0,"",SUM(C59:K59)) | M59: ∑
B60: Leadership Hours Trained (%) | C60: =IFERROR(C50/C$55,"") | D60: =IFERROR(D50/D$55,"") | E60: =IFERROR(E50/E$55,"") | F60: =IFERROR(F50/F$55,"") | G60: =IFERROR(G50/G$55,"") | H60: =IFERROR(H50/H$55,"") | I60: =IFERROR(I50/I$55,"") | J60: =IFERROR(J50/J$55,"") | ... L60: =IFERROR(L50/L$55,"") | M60: ϝ
B61: Technical Hours Trained (%) | C61: =IFERROR(C51/C$55,"") | D61: =IFERROR(D51/D$55,"") | E61: =IFERROR(E51/E$55,"") | F61: =IFERROR(F51/F$55,"") | G61: =IFERROR(G51/G$55,"") | H61: =IFERROR(H51/H$55,"") | I61: =IFERROR(I51/I$55,"") | J61: =IFERROR(J51/J$55,"") | ... L61: =IFERROR(L51/L$55,"") | M61: ϝ
B62: Profess. Dev. Hours Trained (%) | C62: =IFERROR(C52/C$55,"") | D62: =IFERROR(D52/D$55,"") | E62: =IFERROR(E52/E$55,"") | F62: =IFERROR(F52/F$55,"") | G62: =IFERROR(G52/G$55,"") | H62: =IFERROR(H52/H$55,"") | I62: =IFERROR(I52/I$55,"") | J62: =IFERROR(J52/J$55,"") | ... L62: =IFERROR(L52/L$55,"") | M62: ϝ
B63: HSSE Hours Trained (%) | C63: =IFERROR(C53/C$55,"") | D63: =IFERROR(D53/D$55,"") | E63: =IFERROR(E53/E$55,"") | F63: =IFERROR(F53/F$55,"") | G63: =IFERROR(G53/G$55,"") | H63: =IFERROR(H53/H$55,"") | I63: =IFERROR(I53/I$55,"") | J63: =IFERROR(J53/J$55,"") | ... L63: =IFERROR(L53/L$55,"") | M63: ϝ
B64: Workday Hours Trained (%) | C64: =IFERROR(C54/C$55,"") | D64: =IFERROR(D54/D$55,"") | E64: =IFERROR(E54/E$55,"") | F64: =IFERROR(F54/F$55,"") | G64: =IFERROR(G54/G$55,"") | H64: =IFERROR(H54/H$55,"") | I64: =IFERROR(I54/I$55,"") | J64: =IFERROR(J54/J$55,"") | ... L64: =IFERROR(L54/L$55,"") | M64: ϝ
B65: Staff Trained (%) | C65: =IFERROR(C56/C5,"") | D65: =IFERROR(D56/D5,"") | E65: =IFERROR(E56/E5,"") | F65: =IFERROR(F56/F5,"") | G65: =IFERROR(G56/G5,"") | H65: =IFERROR(H56/H5,"") | I65: =IFERROR(I56/I5,"") | J65: =IFERROR(J56/J5,"") | ... L65: =IFERROR(L56/L5,"") | M65: ϝ
B66: Training Hours / EE | C66: =IFERROR(C55/C5,"") | D66: =IFERROR(D55/D5,"") | E66: =IFERROR(E55/E5,"") | F66: =IFERROR(F55/F5,"") | G66: =IFERROR(G55/G5,"") | H66: =IFERROR(H55/H5,"") | I66: =IFERROR(I55/I5,"") | J66: =IFERROR(J55/J5,"") | ... L66: =IFERROR(L55/L5,"") | M66: ϝ
B67: Training Hours / EE Trained | C67: =IFERROR(C55/C56,"") | D67: =IFERROR(D55/D56,"") | E67: =IFERROR(E55/E56,"") | F67: =IFERROR(F55/F56,"") | G67: =IFERROR(G55/G56,"") | H67: =IFERROR(H55/H56,"") | I67: =IFERROR(I55/I56,"") | J67: =IFERROR(J55/J56,"") | ... L67: =IFERROR(L55/L56,"") | M67: ϝ
B68: Training Invest. / EE (USD) | C68: =IF(COUNT(C58:C59)=0,"",IFERROR((N(C58)+N(C59))/C5,"")) | D68: =IF(COUNT(D58:D59)=0,"",IFERROR((N(D58)+N(D59))/D5,"")) | E68: =IF(COUNT(E58:E59)=0,"",IFERROR((N(E58)+N(E59))/E5,"")) | F68: =IF(COUNT(F58:F59)=0,"",IFERROR((N(F58)+N(F59))/F5,"")) | G68: =IF(COUNT(G58:G59)=0,"",IFERROR((N(G58)+N(G59))/G5,"")) | H68: =IF(COUNT(H58:H59)=0,"",IFERROR((N(H58)+N(H59))/H5,"")) | I68: =IF(COUNT(I58:I59)=0,"",IFERROR((N(I58)+N(I59))/I5,"")) | J68: =IF(COUNT(J58:J59)=0,"",IFERROR((N(J58)+N(J59))/J5,"")) | ... L68: =IF(COUNT(L58:L59)=0,"",IFERROR((N(L58)+N(L59))/L5,"")) | M68: ϝ
B69: Training Invest. / EE Trained (USD) | C69: =IF(COUNT(C58:C59)=0,"",IFERROR((N(C58)+N(C59))/C56,"")) | D69: =IF(COUNT(D58:D59)=0,"",IFERROR((N(D58)+N(D59))/D56,"")) | E69: =IF(COUNT(E58:E59)=0,"",IFERROR((N(E58)+N(E59))/E56,"")) | F69: =IF(COUNT(F58:F59)=0,"",IFERROR((N(F58)+N(F59))/F56,"")) | G69: =IF(COUNT(G58:G59)=0,"",IFERROR((N(G58)+N(G59))/G56,"")) | H69: =IF(COUNT(H58:H59)=0,"",IFERROR((N(H58)+N(H59))/H56,"")) | I69: =IF(COUNT(I58:I59)=0,"",IFERROR((N(I58)+N(I59))/I56,"")) | J69: =IF(COUNT(J58:J59)=0,"",IFERROR((N(J58)+N(J59))/J56,"")) | ... L69: =IF(COUNT(L58:L59)=0,"",IFERROR((N(L58)+N(L59))/L56,"")) | M69: ϝ
B70: Input Cells Not Submitted | C70: =COUNTBLANK(C3:C4)+COUNTBLANK(C6:C10)+COUNTBLANK(C12:C13)+COUNTBLANK(C18:C20)+COUNTBLANK(C22:C23)+COUNTBLANK(C27:C28)+COUNTBLANK(C34:C35)+COUNTBLANK(C39:C44)+COUNTBLANK(C46:C47)+COUNTBLANK(C50:C54)+COUNTBLANK(C56:C59) | D70: =COUNTBLANK(D3:D4)+COUNTBLANK(D6:D10)+COUNTBLANK(D12:D13)+COUNTBLANK(D18:D20)+COUNTBLANK(D22:D23)+COUNTBLANK(D27:D28)+COUNTBLANK(D34:D35)+COUNTBLANK(D39:D44)+COUNTBLANK(D46:D47)+COUNTBLANK(D50:D54)+COUNTBLANK(D56:D59) | E70: =COUNTBLANK(E3:E4)+COUNTBLANK(E6:E10)+COUNTBLANK(E12:E13)+COUNTBLANK(E18:E20)+COUNTBLANK(E22:E23)+COUNTBLANK(E27:E28)+COUNTBLANK(E34:E35)+COUNTBLANK(E39:E44)+COUNTBLANK(E46:E47)+COUNTBLANK(E50:E54)+COUNTBLANK(E56:E59) | F70: =COUNTBLANK(F3:F4)+COUNTBLANK(F6:F10)+COUNTBLANK(F12:F13)+COUNTBLANK(F18:F20)+COUNTBLANK(F22:F23)+COUNTBLANK(F27:F28)+COUNTBLANK(F34:F35)+COUNTBLANK(F39:F44)+COUNTBLANK(F46:F47)+COUNTBLANK(F50:F54)+COUNTBLANK(F56:F59) | G70: =COUNTBLANK(G3:G4)+COUNTBLANK(G6:G10)+COUNTBLANK(G12:G13)+COUNTBLANK(G18:G20)+COUNTBLANK(G22:G23)+COUNTBLANK(G27:G28)+COUNTBLANK(G34:G35)+COUNTBLANK(G39:G44)+COUNTBLANK(G46:G47)+COUNTBLANK(G50:G54)+COUNTBLANK(G56:G59) | H70: =COUNTBLANK(H3:H4)+COUNTBLANK(H6:H10)+COUNTBLANK(H12:H13)+COUNTBLANK(H18:H20)+COUNTBLANK(H22:H23)+COUNTBLANK(H27:H28)+COUNTBLANK(H34:H35)+COUNTBLANK(H39:H44)+COUNTBLANK(H46:H47)+COUNTBLANK(H50:H54)+COUNTBLANK(H56:H59) | I70: =COUNTBLANK(I3:I4)+COUNTBLANK(I6:I10)+COUNTBLANK(I12:I13)+COUNTBLANK(I18:I20)+COUNTBLANK(I22:I23)+COUNTBLANK(I27:I28)+COUNTBLANK(I34:I35)+COUNTBLANK(I39:I44)+COUNTBLANK(I46:I47)+COUNTBLANK(I50:I54)+COUNTBLANK(I56:I59) | J70: =COUNTBLANK(J3:J4)+COUNTBLANK(J6:J10)+COUNTBLANK(J12:J13)+COUNTBLANK(J18:J20)+COUNTBLANK(J22:J23)+COUNTBLANK(J27:J28)+COUNTBLANK(J34:J35)+COUNTBLANK(J39:J44)+COUNTBLANK(J46:J47)+COUNTBLANK(J50:J54)+COUNTBLANK(J56:J59) | K70: =COUNTBLANK(K3:K4)+COUNTBLANK(K6:K10)+COUNTBLANK(K12:K13)+COUNTBLANK(K18:K20)+COUNTBLANK(K22:K23)+COUNTBLANK(K27:K28)+COUNTBLANK(K34:K35)+COUNTBLANK(K39:K44)+COUNTBLANK(K46:K47)+COUNTBLANK(K50:K54)+COUNTBLANK(K56:K59) | L70: =SUM(C70:K70) | M70: ∑

Sheet FEB
B1: MANUFACTURING
A2: =VALUE(TEXT(EDATE(DATE(LEFT(JAN!A2,4),RIGHT(JAN!A2,2),1),1),"yyyymm")) | B2: FEB | C2: GEL Manufacturing Holding Co. Ltd. | D2: CLC Domicana (Dominican Republic) | E2: Caribbean Label Crafts Ltd. (Barbados) | F2: Ecuakao (Ecuador) | G2: Hipac Ltd. (Barbados) | H2: Label Craft Jamaica Ltd. (Jamaica) | I2: McBride (Caribbean) Ltd. | J2: Precision Packaging Inc. (Barbados) | K2: Purity Bakeries Ltd. (Barbados) | L2: TOTAL | M2: Total by Division | N2: =N(N11)<>0
A3: =+A2 | B3: Permanent (Regular) Headcount | L3: =IF(COUNT(C3:K3)=0,"",SUM(C3:K3)) | M3: ∑
B4: Temporary (Fix Term) Headcount | L4: =IF(COUNT(C4:K4)=0,"",SUM(C4:K4)) | M4: ∑
B5: Employee Headcount (Productivity) | C5: =IF(COUNT(C3:C4)=0,"",SUM(C3:C4)) | D5: =IF(COUNT(D3:D4)=0,"",SUM(D3:D4)) | E5: =IF(COUNT(E3:E4)=0,"",SUM(E3:E4)) | F5: =IF(COUNT(F3:F4)=0,"",SUM(F3:F4)) | G5: =IF(COUNT(G3:G4)=0,"",SUM(G3:G4)) | H5: =IF(COUNT(H3:H4)=0,"",SUM(H3:H4)) | I5: =IF(COUNT(I3:I4)=0,"",SUM(I3:I4)) | J5: =IF(COUNT(J3:J4)=0,"",SUM(J3:J4)) | ... L5: =IF(COUNT(L3:L4)=0,"",SUM(L3:L4)) | M5: ϝ
B6: Headcount = 1.00 | L6: =IF(COUNT(C6:K6)=0,"",SUM(C6:K6)) | M6: ∑
B7: Headcount = 0.75 | L7: =IF(COUNT(C7:K7)=0,"",SUM(C7:K7)) | M7: ∑
B8: Headcount = 0.50 | L8: =IF(COUNT(C8:K8)=0,"",SUM(C8:K8)) | M8: ∑
B9: Headcount = 0.25 | L9: =IF(COUNT(C9:K9)=0,"",SUM(C9:K9)) | M9: ∑
B10: Standard Monthly Hours (FTE basis) | L10: =IFERROR(AVERAGE(C10:K10),"") | M10: Avg
B11: Employee FTE (Finance) | C11: =IF(COUNT(C6:C9)=0,"",N(C6)+N(C7)*0.75+N(C8)*0.5+N(C9)*0.25) | D11: =IF(COUNT(D6:D9)=0,"",N(D6)+N(D7)*0.75+N(D8)*0.5+N(D9)*0.25) | E11: =IF(COUNT(E6:E9)=0,"",N(E6)+N(E7)*0.75+N(E8)*0.5+N(E9)*0.25) | F11: =IF(COUNT(F6:F9)=0,"",N(F6)+N(F7)*0.75+N(F8)*0.5+N(F9)*0.25) | G11: =IF(COUNT(G6:G9)=0,"",N(G6)+N(G7)*0.75+N(G8)*0.5+N(G9)*0.25) | H11: =IF(COUNT(H6:H9)=0,"",N(H6)+N(H7)*0.75+N(H8)*0.5+N(H9)*0.25) | I11: =IF(COUNT(I6:I9)=0,"",N(I6)+N(I7)*0.75+N(I8)*0.5+N(I9)*0.25) | J11: =IF(COUNT(J6:J9)=0,"",N(J6)+N(J7)*0.75+N(J8)*0.5+N(J9)*0.25) | ... L11: =IF(COUNT(L6:L9)=0,"",N(L6)+N(L7)*0.75+N(L8)*0.5+N(L9)*0.25) | M11: FTE | N11: =IF(COUNT(L5:L9)=0,"",N(L6)+N(L7)+N(L8)+N(L9)-N(L5))
B12: Subcontracted Workforce HC | L12: =IF(COUNT(C12:K12)=0,"",SUM(C12:K12)) | M12: ∑
B13: Subcontracted Productive Hours | L13: =IF(COUNT(C13:K13)=0,"",SUM(C13:K13)) | M13: ∑
B14: Subcontracted FTE | C14: =IFERROR(C13/C10,"") | D14: =IFERROR(D13/D10,"") | E14: =IFERROR(E13/E10,"") | F14: =IFERROR(F13/F10,"") | G14: =IFERROR(G13/G10,"") | H14: =IFERROR(H13/H10,"") | I14: =IFERROR(I13/I10,"") | J14: =IFERROR(J13/J10,"") | K14: =IFERROR(K13/K10,"") | L14: =IF(COUNT(C14:K14)=0,"",SUM(C14:K14)) | M14: FTE
B15: Total Operational Workforce | C15: =IF(COUNT(C5,C12)=0,"",SUM(C5,C12)) | D15: =IF(COUNT(D5,D12)=0,"",SUM(D5,D12)) | E15: =IF(COUNT(E5,E12)=0,"",SUM(E5,E12)) | F15: =IF(COUNT(F5,F12)=0,"",SUM(F5,F12)) | G15: =IF(COUNT(G5,G12)=0,"",SUM(G5,G12)) | H15: =IF(COUNT(H5,H12)=0,"",SUM(H5,H12)) | I15: =IF(COUNT(I5,I12)=0,"",SUM(I5,I12)) | J15: =IF(COUNT(J5,J12)=0,"",SUM(J5,J12)) | ... L15: =IF(COUNT(L5,L12)=0,"",SUM(L5,L12)) | M15: ϝ
B16: Total Operational FTE | C16: =IF(COUNT(C11,C14)=0,"",SUM(C11,C14)) | D16: =IF(COUNT(D11,D14)=0,"",SUM(D11,D14)) | E16: =IF(COUNT(E11,E14)=0,"",SUM(E11,E14)) | F16: =IF(COUNT(F11,F14)=0,"",SUM(F11,F14)) | G16: =IF(COUNT(G11,G14)=0,"",SUM(G11,G14)) | H16: =IF(COUNT(H11,H14)=0,"",SUM(H11,H14)) | I16: =IF(COUNT(I11,I14)=0,"",SUM(I11,I14)) | J16: =IF(COUNT(J11,J14)=0,"",SUM(J11,J14)) | ... L16: =IF(COUNT(L11,L14)=0,"",SUM(L11,L14)) | M16: FTE
B17: Subcontracted Share of Workforce (%) | C17: =IFERROR(C12/C15,"") | D17: =IFERROR(D12/D15,"") | E17: =IFERROR(E12/E15,"") | F17: =IFERROR(F12/F15,"") | G17: =IFERROR(G12/G15,"") | H17: =IFERROR(H12/H15,"") | I17: =IFERROR(I12/I15,"") | J17: =IFERROR(J12/J15,"") | ... L17: =IFERROR(L12/L15,"") | M17: ϝ
B18: FTE HR Team | L18: =IF(COUNT(C18:K18)=0,"",SUM(C18:K18)) | M18: ∑
B19: Permanent Hires | L19: =IF(COUNT(C19:K19)=0,"",SUM(C19:K19)) | M19: ∑
B20: Temporary Hires | L20: =IF(COUNT(C20:K20)=0,"",SUM(C20:K20)) | M20: ∑
B21: Total Hires | C21: =IF(COUNT(C19:C20)=0,"",SUM(C19:C20)) | D21: =IF(COUNT(D19:D20)=0,"",SUM(D19:D20)) | E21: =IF(COUNT(E19:E20)=0,"",SUM(E19:E20)) | F21: =IF(COUNT(F19:F20)=0,"",SUM(F19:F20)) | G21: =IF(COUNT(G19:G20)=0,"",SUM(G19:G20)) | H21: =IF(COUNT(H19:H20)=0,"",SUM(H19:H20)) | I21: =IF(COUNT(I19:I20)=0,"",SUM(I19:I20)) | J21: =IF(COUNT(J19:J20)=0,"",SUM(J19:J20)) | ... L21: =IF(COUNT(L19:L20)=0,"",SUM(L19:L20)) | M21: ϝ
B22: Permanent Exits | L22: =IF(COUNT(C22:K22)=0,"",SUM(C22:K22)) | M22: ∑
B23: Temporary Exits | L23: =IF(COUNT(C23:K23)=0,"",SUM(C23:K23)) | M23: ∑
B24: Total Exits | C24: =IF(COUNT(C22:C23)=0,"",SUM(C22:C23)) | D24: =IF(COUNT(D22:D23)=0,"",SUM(D22:D23)) | E24: =IF(COUNT(E22:E23)=0,"",SUM(E22:E23)) | F24: =IF(COUNT(F22:F23)=0,"",SUM(F22:F23)) | G24: =IF(COUNT(G22:G23)=0,"",SUM(G22:G23)) | H24: =IF(COUNT(H22:H23)=0,"",SUM(H22:H23)) | I24: =IF(COUNT(I22:I23)=0,"",SUM(I22:I23)) | J24: =IF(COUNT(J22:J23)=0,"",SUM(J22:J23)) | ... L24: =IF(COUNT(L22:L23)=0,"",SUM(L22:L23)) | M24: ϝ
B25: Permanent Turnover (%) | C25: =IF(COUNT(C31,C32)<2,"",IF((C32+C31)=0,"",N(C22)/((C32+C31)/2))) | D25: =IF(COUNT(D31,D32)<2,"",IF((D32+D31)=0,"",N(D22)/((D32+D31)/2))) | E25: =IF(COUNT(E31,E32)<2,"",IF((E32+E31)=0,"",N(E22)/((E32+E31)/2))) | F25: =IF(COUNT(F31,F32)<2,"",IF((F32+F31)=0,"",N(F22)/((F32+F31)/2))) | G25: =IF(COUNT(G31,G32)<2,"",IF((G32+G31)=0,"",N(G22)/((G32+G31)/2))) | H25: =IF(COUNT(H31,H32)<2,"",IF((H32+H31)=0,"",N(H22)/((H32+H31)/2))) | I25: =IF(COUNT(I31,I32)<2,"",IF((I32+I31)=0,"",N(I22)/((I32+I31)/2))) | J25: =IF(COUNT(J31,J32)<2,"",IF((J32+J31)=0,"",N(J22)/((J32+J31)/2))) | ... L25: =IF(COUNT(L31,L32)<2,"",IF((L32+L31)=0,"",N(L22)/((L32+L31)/2))) | M25: ϝ
B26: Temporary Turnover (%) | C26: =IF(COUNT(C31,C32)<2,"",IF((C32+C31)=0,"",N(C23)/((C32+C31)/2))) | D26: =IF(COUNT(D31,D32)<2,"",IF((D32+D31)=0,"",N(D23)/((D32+D31)/2))) | E26: =IF(COUNT(E31,E32)<2,"",IF((E32+E31)=0,"",N(E23)/((E32+E31)/2))) | F26: =IF(COUNT(F31,F32)<2,"",IF((F32+F31)=0,"",N(F23)/((F32+F31)/2))) | G26: =IF(COUNT(G31,G32)<2,"",IF((G32+G31)=0,"",N(G23)/((G32+G31)/2))) | H26: =IF(COUNT(H31,H32)<2,"",IF((H32+H31)=0,"",N(H23)/((H32+H31)/2))) | I26: =IF(COUNT(I31,I32)<2,"",IF((I32+I31)=0,"",N(I23)/((I32+I31)/2))) | J26: =IF(COUNT(J31,J32)<2,"",IF((J32+J31)=0,"",N(J23)/((J32+J31)/2))) | ... L26: =IF(COUNT(L31,L32)<2,"",IF((L32+L31)=0,"",N(L23)/((L32+L31)/2))) | M26: ϝ
B27: Voluntary Terminations | L27: =IF(COUNT(C27:K27)=0,"",SUM(C27:K27)) | M27: ∑
B28: Involuntary Terminations | L28: =IF(COUNT(C28:K28)=0,"",SUM(C28:K28)) | M28: ∑
B29: Voluntary Turnover (%) | C29: =IF(COUNT(C31,C32)<2,"",IF((C32+C31)=0,"",N(C27)/((C32+C31)/2))) | D29: =IF(COUNT(D31,D32)<2,"",IF((D32+D31)=0,"",N(D27)/((D32+D31)/2))) | E29: =IF(COUNT(E31,E32)<2,"",IF((E32+E31)=0,"",N(E27)/((E32+E31)/2))) | F29: =IF(COUNT(F31,F32)<2,"",IF((F32+F31)=0,"",N(F27)/((F32+F31)/2))) | G29: =IF(COUNT(G31,G32)<2,"",IF((G32+G31)=0,"",N(G27)/((G32+G31)/2))) | H29: =IF(COUNT(H31,H32)<2,"",IF((H32+H31)=0,"",N(H27)/((H32+H31)/2))) | I29: =IF(COUNT(I31,I32)<2,"",IF((I32+I31)=0,"",N(I27)/((I32+I31)/2))) | J29: =IF(COUNT(J31,J32)<2,"",IF((J32+J31)=0,"",N(J27)/((J32+J31)/2))) | ... L29: =IF(COUNT(L31,L32)<2,"",IF((L32+L31)=0,"",N(L27)/((L32+L31)/2))) | M29: ϝ
B30: Involuntary Turnover (%) | C30: =IF(COUNT(C31,C32)<2,"",IF((C32+C31)=0,"",N(C28)/((C32+C31)/2))) | D30: =IF(COUNT(D31,D32)<2,"",IF((D32+D31)=0,"",N(D28)/((D32+D31)/2))) | E30: =IF(COUNT(E31,E32)<2,"",IF((E32+E31)=0,"",N(E28)/((E32+E31)/2))) | F30: =IF(COUNT(F31,F32)<2,"",IF((F32+F31)=0,"",N(F28)/((F32+F31)/2))) | G30: =IF(COUNT(G31,G32)<2,"",IF((G32+G31)=0,"",N(G28)/((G32+G31)/2))) | H30: =IF(COUNT(H31,H32)<2,"",IF((H32+H31)=0,"",N(H28)/((H32+H31)/2))) | I30: =IF(COUNT(I31,I32)<2,"",IF((I32+I31)=0,"",N(I28)/((I32+I31)/2))) | J30: =IF(COUNT(J31,J32)<2,"",IF((J32+J31)=0,"",N(J28)/((J32+J31)/2))) | ... L30: =IF(COUNT(L31,L32)<2,"",IF((L32+L31)=0,"",N(L28)/((L32+L31)/2))) | M30: ϝ
B31: Headcount last Month | C31: =IF(JAN!C5="","",JAN!C5) | D31: =IF(JAN!D5="","",JAN!D5) | E31: =IF(JAN!E5="","",JAN!E5) | F31: =IF(JAN!F5="","",JAN!F5) | G31: =IF(JAN!G5="","",JAN!G5) | H31: =IF(JAN!H5="","",JAN!H5) | I31: =IF(JAN!I5="","",JAN!I5) | J31: =IF(JAN!J5="","",JAN!J5) | K31: =IF(JAN!K5="","",JAN!K5) | L31: =IF(COUNT(C31:K31)=0,"",SUM(C31:K31)) | M31: ∑
B32: Headcount this Month | C32: =IF(C5="","",C5) | D32: =IF(D5="","",D5) | E32: =IF(E5="","",E5) | F32: =IF(F5="","",F5) | G32: =IF(G5="","",G5) | H32: =IF(H5="","",H5) | I32: =IF(I5="","",I5) | J32: =IF(J5="","",J5) | K32: =IF(K5="","",K5) | L32: =IF(COUNT(C32:K32)=0,"",SUM(C32:K32)) | M32: ∑
B33: Full Turnover (%) | C33: =IF(COUNT(C31,C32)<2,"",IF((C32+C31)=0,"",N(C24)/((C32+C31)/2))) | D33: =IF(COUNT(D31,D32)<2,"",IF((D32+D31)=0,"",N(D24)/((D32+D31)/2))) | E33: =IF(COUNT(E31,E32)<2,"",IF((E32+E31)=0,"",N(E24)/((E32+E31)/2))) | F33: =IF(COUNT(F31,F32)<2,"",IF((F32+F31)=0,"",N(F24)/((F32+F31)/2))) | G33: =IF(COUNT(G31,G32)<2,"",IF((G32+G31)=0,"",N(G24)/((G32+G31)/2))) | H33: =IF(COUNT(H31,H32)<2,"",IF((H32+H31)=0,"",N(H24)/((H32+H31)/2))) | I33: =IF(COUNT(I31,I32)<2,"",IF((I32+I31)=0,"",N(I24)/((I32+I31)/2))) | J33: =IF(COUNT(J31,J32)<2,"",IF((J32+J31)=0,"",N(J24)/((J32+J31)/2))) | ... L33: =IF(COUNT(L31,L32)<2,"",IF((L32+L31)=0,"",N(L24)/((L32+L31)/2))) | M33: ϝ
B34: Permanent Vacancies | L34: =IF(COUNT(C34:K34)=0,"",SUM(C34:K34)) | M34: ∑
B35: Temporary Vacancies | L35: =IF(COUNT(C35:K35)=0,"",SUM(C35:K35)) | M35: ∑
B36: Total Vacancies | C36: =IF(COUNT(C34:C35)=0,"",SUM(C34:C35)) | D36: =IF(COUNT(D34:D35)=0,"",SUM(D34:D35)) | E36: =IF(COUNT(E34:E35)=0,"",SUM(E34:E35)) | F36: =IF(COUNT(F34:F35)=0,"",SUM(F34:F35)) | G36: =IF(COUNT(G34:G35)=0,"",SUM(G34:G35)) | H36: =IF(COUNT(H34:H35)=0,"",SUM(H34:H35)) | I36: =IF(COUNT(I34:I35)=0,"",SUM(I34:I35)) | J36: =IF(COUNT(J34:J35)=0,"",SUM(J34:J35)) | ... L36: =IF(COUNT(L34:L35)=0,"",SUM(L34:L35)) | M36: ϝ
B37: Authorized Positions | C37: =IF(COUNT(C5,C36)=0,"",N(C5)+N(C36)) | D37: =IF(COUNT(D5,D36)=0,"",N(D5)+N(D36)) | E37: =IF(COUNT(E5,E36)=0,"",N(E5)+N(E36)) | F37: =IF(COUNT(F5,F36)=0,"",N(F5)+N(F36)) | G37: =IF(COUNT(G5,G36)=0,"",N(G5)+N(G36)) | H37: =IF(COUNT(H5,H36)=0,"",N(H5)+N(H36)) | I37: =IF(COUNT(I5,I36)=0,"",N(I5)+N(I36)) | J37: =IF(COUNT(J5,J36)=0,"",N(J5)+N(J36)) | ... L37: =IF(COUNT(L5,L36)=0,"",N(L5)+N(L36)) | M37: ϝ
B38: Vacancy Rate (%) | C38: =IFERROR(C36/C37,"") | D38: =IFERROR(D36/D37,"") | E38: =IFERROR(E36/E37,"") | F38: =IFERROR(F36/F37,"") | G38: =IFERROR(G36/G37,"") | H38: =IFERROR(H36/H37,"") | I38: =IFERROR(I36/I37,"") | J38: =IFERROR(J36/J37,"") | ... L38: =IFERROR(L36/L37,"") | M38: ϝ
B39: Permanent TimeToHire (Days) YTD | C39: =IF('(GEL_Holding)'!$AB$8="","",'(GEL_Holding)'!$AB$8) | D39: =IF('(Dom_CLC)'!$AB$8="","",'(Dom_CLC)'!$AB$8) | E39: =IF('(Car_Label)'!$AB$8="","",'(Car_Label)'!$AB$8) | F39: =IF('(Ecuakao)'!$AB$8="","",'(Ecuakao)'!$AB$8) | G39: =IF('(Hipac)'!$AB$8="","",'(Hipac)'!$AB$8) | H39: =IF('(Jam_Label)'!$AB$8="","",'(Jam_Label)'!$AB$8) | I39: =IF('(Mc_Bride)'!$AB$8="","",'(Mc_Bride)'!$AB$8) | J39: =IF('(Precision)'!$AB$8="","",'(Precision)'!$AB$8) | K39: =IF('(Purity)'!$AB$8="","",'(Purity)'!$AB$8) | L39: =IFERROR(AVERAGE(C39:K39),"") | M39: Avg
B40: Temporary TimeToHire (Days) YTD | C40: =IF('(GEL_Holding)'!$AD$8="","",'(GEL_Holding)'!$AD$8) | D40: =IF('(Dom_CLC)'!$AD$8="","",'(Dom_CLC)'!$AD$8) | E40: =IF('(Car_Label)'!$AD$8="","",'(Car_Label)'!$AD$8) | F40: =IF('(Ecuakao)'!$AD$8="","",'(Ecuakao)'!$AD$8) | G40: =IF('(Hipac)'!$AD$8="","",'(Hipac)'!$AD$8) | H40: =IF('(Jam_Label)'!$AD$8="","",'(Jam_Label)'!$AD$8) | I40: =IF('(Mc_Bride)'!$AD$8="","",'(Mc_Bride)'!$AD$8) | J40: =IF('(Precision)'!$AD$8="","",'(Precision)'!$AD$8) | K40: =IF('(Purity)'!$AD$8="","",'(Purity)'!$AD$8) | L40: =IFERROR(AVERAGE(C40:K40),"") | M40: Avg
B41: Check-ins Rate Completed (%) | L41: =IFERROR(AVERAGE(C41:K41),"") | M41: Avg
B42: EE Objectives Completed (#) | L42: =IF(COUNT(C42:K42)=0,"",SUM(C42:K42)) | M42: ∑
B43: Non-certified Absent (Days Lost) | L43: =IF(COUNT(C43:K43)=0,"",SUM(C43:K43)) | M43: ∑
B44: Certified sick leave (Days Lost) | L44: =IF(COUNT(C44:K44)=0,"",SUM(C44:K44)) | M44: ∑
B45: Total Absences | C45: =IF(COUNT(C43:C44)=0,"",SUM(C43:C44)) | D45: =IF(COUNT(D43:D44)=0,"",SUM(D43:D44)) | E45: =IF(COUNT(E43:E44)=0,"",SUM(E43:E44)) | F45: =IF(COUNT(F43:F44)=0,"",SUM(F43:F44)) | G45: =IF(COUNT(G43:G44)=0,"",SUM(G43:G44)) | H45: =IF(COUNT(H43:H44)=0,"",SUM(H43:H44)) | I45: =IF(COUNT(I43:I44)=0,"",SUM(I43:I44)) | J45: =IF(COUNT(J43:J44)=0,"",SUM(J43:J44)) | ... L45: =IF(COUNT(L43:L44)=0,"",SUM(L43:L44)) | M45: ϝ
B46: Absent Rate Non-Certified (%) | C46: =IF('(GEL_Holding)'!$G$8="","",'(GEL_Holding)'!$G$8) | D46: =IF('(Dom_CLC)'!$G$8="","",'(Dom_CLC)'!$G$8) | E46: =IF('(Car_Label)'!$G$8="","",'(Car_Label)'!$G$8) | F46: =IF('(Ecuakao)'!$G$8="","",'(Ecuakao)'!$G$8) | G46: =IF('(Hipac)'!$G$8="","",'(Hipac)'!$G$8) | H46: =IF('(Jam_Label)'!$G$8="","",'(Jam_Label)'!$G$8) | I46: =IF('(Mc_Bride)'!$G$8="","",'(Mc_Bride)'!$G$8) | J46: =IF('(Precision)'!$G$8="","",'(Precision)'!$G$8) | K46: =IF('(Purity)'!$G$8="","",'(Purity)'!$G$8) | L46: {=IF(COUNT(C46:K46)=0,"",IFERROR(SUMPRODUCT(IFERROR(C46:K46*((C3:K3)+(C4:K4)),0))/SUMPRODUCT(IFERROR(ISNUMBER(C46:K46)*((C3:K3)+(C4:K4)),0)),""))} | M46: Weighted
B47: Absent Rate Certified (%) | C47: =IF('(GEL_Holding)'!$O$8="","",'(GEL_Holding)'!$O$8) | D47: =IF('(Dom_CLC)'!$O$8="","",'(Dom_CLC)'!$O$8) | E47: =IF('(Car_Label)'!$O$8="","",'(Car_Label)'!$O$8) | F47: =IF('(Ecuakao)'!$O$8="","",'(Ecuakao)'!$O$8) | G47: =IF('(Hipac)'!$O$8="","",'(Hipac)'!$O$8) | H47: =IF('(Jam_Label)'!$O$8="","",'(Jam_Label)'!$O$8) | I47: =IF('(Mc_Bride)'!$O$8="","",'(Mc_Bride)'!$O$8) | J47: =IF('(Precision)'!$O$8="","",'(Precision)'!$O$8) | K47: =IF('(Purity)'!$O$8="","",'(Purity)'!$O$8) | L47: {=IF(COUNT(C47:K47)=0,"",IFERROR(SUMPRODUCT(IFERROR(C47:K47*((C3:K3)+(C4:K4)),0))/SUMPRODUCT(IFERROR(ISNUMBER(C47:K47)*((C3:K3)+(C4:K4)),0)),""))} | M47: Weighted
B48: Absent Rate Total (%) | C48: =IF(COUNT(C46:C47)=0,"",SUM(C46:C47)) | D48: =IF(COUNT(D46:D47)=0,"",SUM(D46:D47)) | E48: =IF(COUNT(E46:E47)=0,"",SUM(E46:E47)) | F48: =IF(COUNT(F46:F47)=0,"",SUM(F46:F47)) | G48: =IF(COUNT(G46:G47)=0,"",SUM(G46:G47)) | H48: =IF(COUNT(H46:H47)=0,"",SUM(H46:H47)) | I48: =IF(COUNT(I46:I47)=0,"",SUM(I46:I47)) | J48: =IF(COUNT(J46:J47)=0,"",SUM(J46:J47)) | ... L48: =IF(COUNT(L46:L47)=0,"",SUM(L46:L47)) | M48: Weighted
B49: Weight factor | C49: =IFERROR(C5/$L5,"") | D49: =IFERROR(D5/$L5,"") | E49: =IFERROR(E5/$L5,"") | F49: =IFERROR(F5/$L5,"") | G49: =IFERROR(G5/$L5,"") | H49: =IFERROR(H5/$L5,"") | I49: =IFERROR(I5/$L5,"") | J49: =IFERROR(J5/$L5,"") | K49: =IFERROR(K5/$L5,"") | L49: =IF(COUNT(C49:K49)=0,"",SUM(C49:K49)) | M49: Weight Factor
B50: Leadership (Hours) | L50: =IF(COUNT(C50:K50)=0,"",SUM(C50:K50)) | M50: ∑
B51: Technical (Hours) | L51: =IF(COUNT(C51:K51)=0,"",SUM(C51:K51)) | M51: ∑
B52: Professional Develop. (Hours) | L52: =IF(COUNT(C52:K52)=0,"",SUM(C52:K52)) | M52: ∑
B53: HSSE (Hours) | L53: =IF(COUNT(C53:K53)=0,"",SUM(C53:K53)) | M53: ∑
B54: Workday (Hours) | L54: =IF(COUNT(C54:K54)=0,"",SUM(C54:K54)) | M54: ∑
B55: Total Training Hours | C55: =IF(COUNT(C50:C54)=0,"",SUM(C50:C54)) | D55: =IF(COUNT(D50:D54)=0,"",SUM(D50:D54)) | E55: =IF(COUNT(E50:E54)=0,"",SUM(E50:E54)) | F55: =IF(COUNT(F50:F54)=0,"",SUM(F50:F54)) | G55: =IF(COUNT(G50:G54)=0,"",SUM(G50:G54)) | H55: =IF(COUNT(H50:H54)=0,"",SUM(H50:H54)) | I55: =IF(COUNT(I50:I54)=0,"",SUM(I50:I54)) | J55: =IF(COUNT(J50:J54)=0,"",SUM(J50:J54)) | ... L55: =IF(COUNT(L50:L54)=0,"",SUM(L50:L54)) | M55: ϝ
B56: Total Trained (Staff) | L56: =IF(COUNT(C56:K56)=0,"",SUM(C56:K56)) | M56: ∑
B57: Training Programs (#) | L57: =IF(COUNT(C57:K57)=0,"",SUM(C57:K57)) | M57: ∑
B58: Training Cost (USD) | L58: =IF(COUNT(C58:K58)=0,"",SUM(C58:K58)) | M58: ∑
B59: Training Travel Cost (USD) | L59: =IF(COUNT(C59:K59)=0,"",SUM(C59:K59)) | M59: ∑
B60: Leadership Hours Trained (%) | C60: =IFERROR(C50/C$55,"") | D60: =IFERROR(D50/D$55,"") | E60: =IFERROR(E50/E$55,"") | F60: =IFERROR(F50/F$55,"") | G60: =IFERROR(G50/G$55,"") | H60: =IFERROR(H50/H$55,"") | I60: =IFERROR(I50/I$55,"") | J60: =IFERROR(J50/J$55,"") | ... L60: =IFERROR(L50/L$55,"") | M60: ϝ
B61: Technical Hours Trained (%) | C61: =IFERROR(C51/C$55,"") | D61: =IFERROR(D51/D$55,"") | E61: =IFERROR(E51/E$55,"") | F61: =IFERROR(F51/F$55,"") | G61: =IFERROR(G51/G$55,"") | H61: =IFERROR(H51/H$55,"") | I61: =IFERROR(I51/I$55,"") | J61: =IFERROR(J51/J$55,"") | ... L61: =IFERROR(L51/L$55,"") | M61: ϝ
B62: Profess. Dev. Hours Trained (%) | C62: =IFERROR(C52/C$55,"") | D62: =IFERROR(D52/D$55,"") | E62: =IFERROR(E52/E$55,"") | F62: =IFERROR(F52/F$55,"") | G62: =IFERROR(G52/G$55,"") | H62: =IFERROR(H52/H$55,"") | I62: =IFERROR(I52/I$55,"") | J62: =IFERROR(J52/J$55,"") | ... L62: =IFERROR(L52/L$55,"") | M62: ϝ
B63: HSSE Hours Trained (%) | C63: =IFERROR(C53/C$55,"") | D63: =IFERROR(D53/D$55,"") | E63: =IFERROR(E53/E$55,"") | F63: =IFERROR(F53/F$55,"") | G63: =IFERROR(G53/G$55,"") | H63: =IFERROR(H53/H$55,"") | I63: =IFERROR(I53/I$55,"") | J63: =IFERROR(J53/J$55,"") | ... L63: =IFERROR(L53/L$55,"") | M63: ϝ
B64: Workday Hours Trained (%) | C64: =IFERROR(C54/C$55,"") | D64: =IFERROR(D54/D$55,"") | E64: =IFERROR(E54/E$55,"") | F64: =IFERROR(F54/F$55,"") | G64: =IFERROR(G54/G$55,"") | H64: =IFERROR(H54/H$55,"") | I64: =IFERROR(I54/I$55,"") | J64: =IFERROR(J54/J$55,"") | ... L64: =IFERROR(L54/L$55,"") | M64: ϝ
B65: Staff Trained (%) | C65: =IFERROR(C56/C5,"") | D65: =IFERROR(D56/D5,"") | E65: =IFERROR(E56/E5,"") | F65: =IFERROR(F56/F5,"") | G65: =IFERROR(G56/G5,"") | H65: =IFERROR(H56/H5,"") | I65: =IFERROR(I56/I5,"") | J65: =IFERROR(J56/J5,"") | ... L65: =IFERROR(L56/L5,"") | M65: ϝ
B66: Training Hours / EE | C66: =IFERROR(C55/C5,"") | D66: =IFERROR(D55/D5,"") | E66: =IFERROR(E55/E5,"") | F66: =IFERROR(F55/F5,"") | G66: =IFERROR(G55/G5,"") | H66: =IFERROR(H55/H5,"") | I66: =IFERROR(I55/I5,"") | J66: =IFERROR(J55/J5,"") | ... L66: =IFERROR(L55/L5,"") | M66: ϝ
B67: Training Hours / EE Trained | C67: =IFERROR(C55/C56,"") | D67: =IFERROR(D55/D56,"") | E67: =IFERROR(E55/E56,"") | F67: =IFERROR(F55/F56,"") | G67: =IFERROR(G55/G56,"") | H67: =IFERROR(H55/H56,"") | I67: =IFERROR(I55/I56,"") | J67: =IFERROR(J55/J56,"") | ... L67: =IFERROR(L55/L56,"") | M67: ϝ
B68: Training Invest. / EE (USD) | C68: =IF(COUNT(C58:C59)=0,"",IFERROR((N(C58)+N(C59))/C5,"")) | D68: =IF(COUNT(D58:D59)=0,"",IFERROR((N(D58)+N(D59))/D5,"")) | E68: =IF(COUNT(E58:E59)=0,"",IFERROR((N(E58)+N(E59))/E5,"")) | F68: =IF(COUNT(F58:F59)=0,"",IFERROR((N(F58)+N(F59))/F5,"")) | G68: =IF(COUNT(G58:G59)=0,"",IFERROR((N(G58)+N(G59))/G5,"")) | H68: =IF(COUNT(H58:H59)=0,"",IFERROR((N(H58)+N(H59))/H5,"")) | I68: =IF(COUNT(I58:I59)=0,"",IFERROR((N(I58)+N(I59))/I5,"")) | J68: =IF(COUNT(J58:J59)=0,"",IFERROR((N(J58)+N(J59))/J5,"")) | ... L68: =IF(COUNT(L58:L59)=0,"",IFERROR((N(L58)+N(L59))/L5,"")) | M68: ϝ
B69: Training Invest. / EE Trained (USD) | C69: =IF(COUNT(C58:C59)=0,"",IFERROR((N(C58)+N(C59))/C56,"")) | D69: =IF(COUNT(D58:D59)=0,"",IFERROR((N(D58)+N(D59))/D56,"")) | E69: =IF(COUNT(E58:E59)=0,"",IFERROR((N(E58)+N(E59))/E56,"")) | F69: =IF(COUNT(F58:F59)=0,"",IFERROR((N(F58)+N(F59))/F56,"")) | G69: =IF(COUNT(G58:G59)=0,"",IFERROR((N(G58)+N(G59))/G56,"")) | H69: =IF(COUNT(H58:H59)=0,"",IFERROR((N(H58)+N(H59))/H56,"")) | I69: =IF(COUNT(I58:I59)=0,"",IFERROR((N(I58)+N(I59))/I56,"")) | J69: =IF(COUNT(J58:J59)=0,"",IFERROR((N(J58)+N(J59))/J56,"")) | ... L69: =IF(COUNT(L58:L59)=0,"",IFERROR((N(L58)+N(L59))/L56,"")) | M69: ϝ
B70: Input Cells Not Submitted | C70: =COUNTBLANK(C3:C4)+COUNTBLANK(C6:C10)+COUNTBLANK(C12:C13)+COUNTBLANK(C18:C20)+COUNTBLANK(C22:C23)+COUNTBLANK(C27:C28)+COUNTBLANK(C34:C35)+COUNTBLANK(C39:C44)+COUNTBLANK(C46:C47)+COUNTBLANK(C50:C54)+COUNTBLANK(C56:C59) | D70: =COUNTBLANK(D3:D4)+COUNTBLANK(D6:D10)+COUNTBLANK(D12:D13)+COUNTBLANK(D18:D20)+COUNTBLANK(D22:D23)+COUNTBLANK(D27:D28)+COUNTBLANK(D34:D35)+COUNTBLANK(D39:D44)+COUNTBLANK(D46:D47)+COUNTBLANK(D50:D54)+COUNTBLANK(D56:D59) | E70: =COUNTBLANK(E3:E4)+COUNTBLANK(E6:E10)+COUNTBLANK(E12:E13)+COUNTBLANK(E18:E20)+COUNTBLANK(E22:E23)+COUNTBLANK(E27:E28)+COUNTBLANK(E34:E35)+COUNTBLANK(E39:E44)+COUNTBLANK(E46:E47)+COUNTBLANK(E50:E54)+COUNTBLANK(E56:E59) | F70: =COUNTBLANK(F3:F4)+COUNTBLANK(F6:F10)+COUNTBLANK(F12:F13)+COUNTBLANK(F18:F20)+COUNTBLANK(F22:F23)+COUNTBLANK(F27:F28)+COUNTBLANK(F34:F35)+COUNTBLANK(F39:F44)+COUNTBLANK(F46:F47)+COUNTBLANK(F50:F54)+COUNTBLANK(F56:F59) | G70: =COUNTBLANK(G3:G4)+COUNTBLANK(G6:G10)+COUNTBLANK(G12:G13)+COUNTBLANK(G18:G20)+COUNTBLANK(G22:G23)+COUNTBLANK(G27:G28)+COUNTBLANK(G34:G35)+COUNTBLANK(G39:G44)+COUNTBLANK(G46:G47)+COUNTBLANK(G50:G54)+COUNTBLANK(G56:G59) | H70: =COUNTBLANK(H3:H4)+COUNTBLANK(H6:H10)+COUNTBLANK(H12:H13)+COUNTBLANK(H18:H20)+COUNTBLANK(H22:H23)+COUNTBLANK(H27:H28)+COUNTBLANK(H34:H35)+COUNTBLANK(H39:H44)+COUNTBLANK(H46:H47)+COUNTBLANK(H50:H54)+COUNTBLANK(H56:H59) | I70: =COUNTBLANK(I3:I4)+COUNTBLANK(I6:I10)+COUNTBLANK(I12:I13)+COUNTBLANK(I18:I20)+COUNTBLANK(I22:I23)+COUNTBLANK(I27:I28)+COUNTBLANK(I34:I35)+COUNTBLANK(I39:I44)+COUNTBLANK(I46:I47)+COUNTBLANK(I50:I54)+COUNTBLANK(I56:I59) | J70: =COUNTBLANK(J3:J4)+COUNTBLANK(J6:J10)+COUNTBLANK(J12:J13)+COUNTBLANK(J18:J20)+COUNTBLANK(J22:J23)+COUNTBLANK(J27:J28)+COUNTBLANK(J34:J35)+COUNTBLANK(J39:J44)+COUNTBLANK(J46:J47)+COUNTBLANK(J50:J54)+COUNTBLANK(J56:J59) | K70: =COUNTBLANK(K3:K4)+COUNTBLANK(K6:K10)+COUNTBLANK(K12:K13)+COUNTBLANK(K18:K20)+COUNTBLANK(K22:K23)+COUNTBLANK(K27:K28)+COUNTBLANK(K34:K35)+COUNTBLANK(K39:K44)+COUNTBLANK(K46:K47)+COUNTBLANK(K50:K54)+COUNTBLANK(K56:K59) | L70: =SUM(C70:K70) | M70: ∑

Sheet MAR
B1: MANUFACTURING
A2: =VALUE(TEXT(EDATE(DATE(LEFT(FEB!A2,4),RIGHT(FEB!A2,2),1),1),"yyyymm")) | B2: MAR | C2: GEL Manufacturing Holding Co. Ltd. | D2: CLC Domicana (Dominican Republic) | E2: Caribbean Label Crafts Ltd. (Barbados) | F2: Ecuakao (Ecuador) | G2: Hipac Ltd. (Barbados) | H2: Label Craft Jamaica Ltd. (Jamaica) | I2: McBride (Caribbean) Ltd. | J2: Precision Packaging Inc. (Barbados) | K2: Purity Bakeries Ltd. (Barbados) | L2: TOTAL | M2: Total by Division | N2: =N(N11)<>0
A3: =+A2 | B3: Permanent (Regular) Headcount | L3: =IF(COUNT(C3:K3)=0,"",SUM(C3:K3)) | M3: ∑
B4: Temporary (Fix Term) Headcount | L4: =IF(COUNT(C4:K4)=0,"",SUM(C4:K4)) | M4: ∑
B5: Employee Headcount (Productivity) | C5: =IF(COUNT(C3:C4)=0,"",SUM(C3:C4)) | D5: =IF(COUNT(D3:D4)=0,"",SUM(D3:D4)) | E5: =IF(COUNT(E3:E4)=0,"",SUM(E3:E4)) | F5: =IF(COUNT(F3:F4)=0,"",SUM(F3:F4)) | G5: =IF(COUNT(G3:G4)=0,"",SUM(G3:G4)) | H5: =IF(COUNT(H3:H4)=0,"",SUM(H3:H4)) | I5: =IF(COUNT(I3:I4)=0,"",SUM(I3:I4)) | J5: =IF(COUNT(J3:J4)=0,"",SUM(J3:J4)) | ... L5: =IF(COUNT(L3:L4)=0,"",SUM(L3:L4)) | M5: ϝ
B6: Headcount = 1.00 | L6: =IF(COUNT(C6:K6)=0,"",SUM(C6:K6)) | M6: ∑
B7: Headcount = 0.75 | L7: =IF(COUNT(C7:K7)=0,"",SUM(C7:K7)) | M7: ∑
B8: Headcount = 0.50 | L8: =IF(COUNT(C8:K8)=0,"",SUM(C8:K8)) | M8: ∑
B9: Headcount = 0.25 | L9: =IF(COUNT(C9:K9)=0,"",SUM(C9:K9)) | M9: ∑
B10: Standard Monthly Hours (FTE basis) | L10: =IFERROR(AVERAGE(C10:K10),"") | M10: Avg
B11: Employee FTE (Finance) | C11: =IF(COUNT(C6:C9)=0,"",N(C6)+N(C7)*0.75+N(C8)*0.5+N(C9)*0.25) | D11: =IF(COUNT(D6:D9)=0,"",N(D6)+N(D7)*0.75+N(D8)*0.5+N(D9)*0.25) | E11: =IF(COUNT(E6:E9)=0,"",N(E6)+N(E7)*0.75+N(E8)*0.5+N(E9)*0.25) | F11: =IF(COUNT(F6:F9)=0,"",N(F6)+N(F7)*0.75+N(F8)*0.5+N(F9)*0.25) | G11: =IF(COUNT(G6:G9)=0,"",N(G6)+N(G7)*0.75+N(G8)*0.5+N(G9)*0.25) | H11: =IF(COUNT(H6:H9)=0,"",N(H6)+N(H7)*0.75+N(H8)*0.5+N(H9)*0.25) | I11: =IF(COUNT(I6:I9)=0,"",N(I6)+N(I7)*0.75+N(I8)*0.5+N(I9)*0.25) | J11: =IF(COUNT(J6:J9)=0,"",N(J6)+N(J7)*0.75+N(J8)*0.5+N(J9)*0.25) | ... L11: =IF(COUNT(L6:L9)=0,"",N(L6)+N(L7)*0.75+N(L8)*0.5+N(L9)*0.25) | M11: FTE | N11: =IF(COUNT(L5:L9)=0,"",N(L6)+N(L7)+N(L8)+N(L9)-N(L5))
B12: Subcontracted Workforce HC | L12: =IF(COUNT(C12:K12)=0,"",SUM(C12:K12)) | M12: ∑
B13: Subcontracted Productive Hours | L13: =IF(COUNT(C13:K13)=0,"",SUM(C13:K13)) | M13: ∑
B14: Subcontracted FTE | C14: =IFERROR(C13/C10,"") | D14: =IFERROR(D13/D10,"") | E14: =IFERROR(E13/E10,"") | F14: =IFERROR(F13/F10,"") | G14: =IFERROR(G13/G10,"") | H14: =IFERROR(H13/H10,"") | I14: =IFERROR(I13/I10,"") | J14: =IFERROR(J13/J10,"") | K14: =IFERROR(K13/K10,"") | L14: =IF(COUNT(C14:K14)=0,"",SUM(C14:K14)) | M14: FTE
B15: Total Operational Workforce | C15: =IF(COUNT(C5,C12)=0,"",SUM(C5,C12)) | D15: =IF(COUNT(D5,D12)=0,"",SUM(D5,D12)) | E15: =IF(COUNT(E5,E12)=0,"",SUM(E5,E12)) | F15: =IF(COUNT(F5,F12)=0,"",SUM(F5,F12)) | G15: =IF(COUNT(G5,G12)=0,"",SUM(G5,G12)) | H15: =IF(COUNT(H5,H12)=0,"",SUM(H5,H12)) | I15: =IF(COUNT(I5,I12)=0,"",SUM(I5,I12)) | J15: =IF(COUNT(J5,J12)=0,"",SUM(J5,J12)) | ... L15: =IF(COUNT(L5,L12)=0,"",SUM(L5,L12)) | M15: ϝ
B16: Total Operational FTE | C16: =IF(COUNT(C11,C14)=0,"",SUM(C11,C14)) | D16: =IF(COUNT(D11,D14)=0,"",SUM(D11,D14)) | E16: =IF(COUNT(E11,E14)=0,"",SUM(E11,E14)) | F16: =IF(COUNT(F11,F14)=0,"",SUM(F11,F14)) | G16: =IF(COUNT(G11,G14)=0,"",SUM(G11,G14)) | H16: =IF(COUNT(H11,H14)=0,"",SUM(H11,H14)) | I16: =IF(COUNT(I11,I14)=0,"",SUM(I11,I14)) | J16: =IF(COUNT(J11,J14)=0,"",SUM(J11,J14)) | ... L16: =IF(COUNT(L11,L14)=0,"",SUM(L11,L14)) | M16: FTE
B17: Subcontracted Share of Workforce (%) | C17: =IFERROR(C12/C15,"") | D17: =IFERROR(D12/D15,"") | E17: =IFERROR(E12/E15,"") | F17: =IFERROR(F12/F15,"") | G17: =IFERROR(G12/G15,"") | H17: =IFERROR(H12/H15,"") | I17: =IFERROR(I12/I15,"") | J17: =IFERROR(J12/J15,"") | ... L17: =IFERROR(L12/L15,"") | M17: ϝ
B18: FTE HR Team | L18: =IF(COUNT(C18:K18)=0,"",SUM(C18:K18)) | M18: ∑
B19: Permanent Hires | L19: =IF(COUNT(C19:K19)=0,"",SUM(C19:K19)) | M19: ∑
B20: Temporary Hires | L20: =IF(COUNT(C20:K20)=0,"",SUM(C20:K20)) | M20: ∑
B21: Total Hires | C21: =IF(COUNT(C19:C20)=0,"",SUM(C19:C20)) | D21: =IF(COUNT(D19:D20)=0,"",SUM(D19:D20)) | E21: =IF(COUNT(E19:E20)=0,"",SUM(E19:E20)) | F21: =IF(COUNT(F19:F20)=0,"",SUM(F19:F20)) | G21: =IF(COUNT(G19:G20)=0,"",SUM(G19:G20)) | H21: =IF(COUNT(H19:H20)=0,"",SUM(H19:H20)) | I21: =IF(COUNT(I19:I20)=0,"",SUM(I19:I20)) | J21: =IF(COUNT(J19:J20)=0,"",SUM(J19:J20)) | ... L21: =IF(COUNT(L19:L20)=0,"",SUM(L19:L20)) | M21: ϝ
B22: Permanent Exits | L22: =IF(COUNT(C22:K22)=0,"",SUM(C22:K22)) | M22: ∑
B23: Temporary Exits | L23: =IF(COUNT(C23:K23)=0,"",SUM(C23:K23)) | M23: ∑
B24: Total Exits | C24: =IF(COUNT(C22:C23)=0,"",SUM(C22:C23)) | D24: =IF(COUNT(D22:D23)=0,"",SUM(D22:D23)) | E24: =IF(COUNT(E22:E23)=0,"",SUM(E22:E23)) | F24: =IF(COUNT(F22:F23)=0,"",SUM(F22:F23)) | G24: =IF(COUNT(G22:G23)=0,"",SUM(G22:G23)) | H24: =IF(COUNT(H22:H23)=0,"",SUM(H22:H23)) | I24: =IF(COUNT(I22:I23)=0,"",SUM(I22:I23)) | J24: =IF(COUNT(J22:J23)=0,"",SUM(J22:J23)) | ... L24: =IF(COUNT(L22:L23)=0,"",SUM(L22:L23)) | M24: ϝ
B25: Permanent Turnover (%) | C25: =IF(COUNT(C31,C32)<2,"",IF((C32+C31)=0,"",N(C22)/((C32+C31)/2))) | D25: =IF(COUNT(D31,D32)<2,"",IF((D32+D31)=0,"",N(D22)/((D32+D31)/2))) | E25: =IF(COUNT(E31,E32)<2,"",IF((E32+E31)=0,"",N(E22)/((E32+E31)/2))) | F25: =IF(COUNT(F31,F32)<2,"",IF((F32+F31)=0,"",N(F22)/((F32+F31)/2))) | G25: =IF(COUNT(G31,G32)<2,"",IF((G32+G31)=0,"",N(G22)/((G32+G31)/2))) | H25: =IF(COUNT(H31,H32)<2,"",IF((H32+H31)=0,"",N(H22)/((H32+H31)/2))) | I25: =IF(COUNT(I31,I32)<2,"",IF((I32+I31)=0,"",N(I22)/((I32+I31)/2))) | J25: =IF(COUNT(J31,J32)<2,"",IF((J32+J31)=0,"",N(J22)/((J32+J31)/2))) | ... L25: =IF(COUNT(L31,L32)<2,"",IF((L32+L31)=0,"",N(L22)/((L32+L31)/2))) | M25: ϝ
B26: Temporary Turnover (%) | C26: =IF(COUNT(C31,C32)<2,"",IF((C32+C31)=0,"",N(C23)/((C32+C31)/2))) | D26: =IF(COUNT(D31,D32)<2,"",IF((D32+D31)=0,"",N(D23)/((D32+D31)/2))) | E26: =IF(COUNT(E31,E32)<2,"",IF((E32+E31)=0,"",N(E23)/((E32+E31)/2))) | F26: =IF(COUNT(F31,F32)<2,"",IF((F32+F31)=0,"",N(F23)/((F32+F31)/2))) | G26: =IF(COUNT(G31,G32)<2,"",IF((G32+G31)=0,"",N(G23)/((G32+G31)/2))) | H26: =IF(COUNT(H31,H32)<2,"",IF((H32+H31)=0,"",N(H23)/((H32+H31)/2))) | I26: =IF(COUNT(I31,I32)<2,"",IF((I32+I31)=0,"",N(I23)/((I32+I31)/2))) | J26: =IF(COUNT(J31,J32)<2,"",IF((J32+J31)=0,"",N(J23)/((J32+J31)/2))) | ... L26: =IF(COUNT(L31,L32)<2,"",IF((L32+L31)=0,"",N(L23)/((L32+L31)/2))) | M26: ϝ
B27: Voluntary Terminations | L27: =IF(COUNT(C27:K27)=0,"",SUM(C27:K27)) | M27: ∑
B28: Involuntary Terminations | L28: =IF(COUNT(C28:K28)=0,"",SUM(C28:K28)) | M28: ∑
B29: Voluntary Turnover (%) | C29: =IF(COUNT(C31,C32)<2,"",IF((C32+C31)=0,"",N(C27)/((C32+C31)/2))) | D29: =IF(COUNT(D31,D32)<2,"",IF((D32+D31)=0,"",N(D27)/((D32+D31)/2))) | E29: =IF(COUNT(E31,E32)<2,"",IF((E32+E31)=0,"",N(E27)/((E32+E31)/2))) | F29: =IF(COUNT(F31,F32)<2,"",IF((F32+F31)=0,"",N(F27)/((F32+F31)/2))) | G29: =IF(COUNT(G31,G32)<2,"",IF((G32+G31)=0,"",N(G27)/((G32+G31)/2))) | H29: =IF(COUNT(H31,H32)<2,"",IF((H32+H31)=0,"",N(H27)/((H32+H31)/2))) | I29: =IF(COUNT(I31,I32)<2,"",IF((I32+I31)=0,"",N(I27)/((I32+I31)/2))) | J29: =IF(COUNT(J31,J32)<2,"",IF((J32+J31)=0,"",N(J27)/((J32+J31)/2))) | ... L29: =IF(COUNT(L31,L32)<2,"",IF((L32+L31)=0,"",N(L27)/((L32+L31)/2))) | M29: ϝ
B30: Involuntary Turnover (%) | C30: =IF(COUNT(C31,C32)<2,"",IF((C32+C31)=0,"",N(C28)/((C32+C31)/2))) | D30: =IF(COUNT(D31,D32)<2,"",IF((D32+D31)=0,"",N(D28)/((D32+D31)/2))) | E30: =IF(COUNT(E31,E32)<2,"",IF((E32+E31)=0,"",N(E28)/((E32+E31)/2))) | F30: =IF(COUNT(F31,F32)<2,"",IF((F32+F31)=0,"",N(F28)/((F32+F31)/2))) | G30: =IF(COUNT(G31,G32)<2,"",IF((G32+G31)=0,"",N(G28)/((G32+G31)/2))) | H30: =IF(COUNT(H31,H32)<2,"",IF((H32+H31)=0,"",N(H28)/((H32+H31)/2))) | I30: =IF(COUNT(I31,I32)<2,"",IF((I32+I31)=0,"",N(I28)/((I32+I31)/2))) | J30: =IF(COUNT(J31,J32)<2,"",IF((J32+J31)=0,"",N(J28)/((J32+J31)/2))) | ... L30: =IF(COUNT(L31,L32)<2,"",IF((L32+L31)=0,"",N(L28)/((L32+L31)/2))) | M30: ϝ
B31: Headcount last Month | C31: =IF(FEB!C5="","",FEB!C5) | D31: =IF(FEB!D5="","",FEB!D5) | E31: =IF(FEB!E5="","",FEB!E5) | F31: =IF(FEB!F5="","",FEB!F5) | G31: =IF(FEB!G5="","",FEB!G5) | H31: =IF(FEB!H5="","",FEB!H5) | I31: =IF(FEB!I5="","",FEB!I5) | J31: =IF(FEB!J5="","",FEB!J5) | K31: =IF(FEB!K5="","",FEB!K5) | L31: =IF(COUNT(C31:K31)=0,"",SUM(C31:K31)) | M31: ∑
B32: Headcount this Month | C32: =IF(C5="","",C5) | D32: =IF(D5="","",D5) | E32: =IF(E5="","",E5) | F32: =IF(F5="","",F5) | G32: =IF(G5="","",G5) | H32: =IF(H5="","",H5) | I32: =IF(I5="","",I5) | J32: =IF(J5="","",J5) | K32: =IF(K5="","",K5) | L32: =IF(COUNT(C32:K32)=0,"",SUM(C32:K32)) | M32: ∑
B33: Full Turnover (%) | C33: =IF(COUNT(C31,C32)<2,"",IF((C32+C31)=0,"",N(C24)/((C32+C31)/2))) | D33: =IF(COUNT(D31,D32)<2,"",IF((D32+D31)=0,"",N(D24)/((D32+D31)/2))) | E33: =IF(COUNT(E31,E32)<2,"",IF((E32+E31)=0,"",N(E24)/((E32+E31)/2))) | F33: =IF(COUNT(F31,F32)<2,"",IF((F32+F31)=0,"",N(F24)/((F32+F31)/2))) | G33: =IF(COUNT(G31,G32)<2,"",IF((G32+G31)=0,"",N(G24)/((G32+G31)/2))) | H33: =IF(COUNT(H31,H32)<2,"",IF((H32+H31)=0,"",N(H24)/((H32+H31)/2))) | I33: =IF(COUNT(I31,I32)<2,"",IF((I32+I31)=0,"",N(I24)/((I32+I31)/2))) | J33: =IF(COUNT(J31,J32)<2,"",IF((J32+J31)=0,"",N(J24)/((J32+J31)/2))) | ... L33: =IF(COUNT(L31,L32)<2,"",IF((L32+L31)=0,"",N(L24)/((L32+L31)/2))) | M33: ϝ
B34: Permanent Vacancies | L34: =IF(COUNT(C34:K34)=0,"",SUM(C34:K34)) | M34: ∑
B35: Temporary Vacancies | L35: =IF(COUNT(C35:K35)=0,"",SUM(C35:K35)) | M35: ∑
B36: Total Vacancies | C36: =IF(COUNT(C34:C35)=0,"",SUM(C34:C35)) | D36: =IF(COUNT(D34:D35)=0,"",SUM(D34:D35)) | E36: =IF(COUNT(E34:E35)=0,"",SUM(E34:E35)) | F36: =IF(COUNT(F34:F35)=0,"",SUM(F34:F35)) | G36: =IF(COUNT(G34:G35)=0,"",SUM(G34:G35)) | H36: =IF(COUNT(H34:H35)=0,"",SUM(H34:H35)) | I36: =IF(COUNT(I34:I35)=0,"",SUM(I34:I35)) | J36: =IF(COUNT(J34:J35)=0,"",SUM(J34:J35)) | ... L36: =IF(COUNT(L34:L35)=0,"",SUM(L34:L35)) | M36: ϝ
B37: Authorized Positions | C37: =IF(COUNT(C5,C36)=0,"",N(C5)+N(C36)) | D37: =IF(COUNT(D5,D36)=0,"",N(D5)+N(D36)) | E37: =IF(COUNT(E5,E36)=0,"",N(E5)+N(E36)) | F37: =IF(COUNT(F5,F36)=0,"",N(F5)+N(F36)) | G37: =IF(COUNT(G5,G36)=0,"",N(G5)+N(G36)) | H37: =IF(COUNT(H5,H36)=0,"",N(H5)+N(H36)) | I37: =IF(COUNT(I5,I36)=0,"",N(I5)+N(I36)) | J37: =IF(COUNT(J5,J36)=0,"",N(J5)+N(J36)) | ... L37: =IF(COUNT(L5,L36)=0,"",N(L5)+N(L36)) | M37: ϝ
B38: Vacancy Rate (%) | C38: =IFERROR(C36/C37,"") | D38: =IFERROR(D36/D37,"") | E38: =IFERROR(E36/E37,"") | F38: =IFERROR(F36/F37,"") | G38: =IFERROR(G36/G37,"") | H38: =IFERROR(H36/H37,"") | I38: =IFERROR(I36/I37,"") | J38: =IFERROR(J36/J37,"") | ... L38: =IFERROR(L36/L37,"") | M38: ϝ
B39: Permanent TimeToHire (Days) YTD | C39: =IF('(GEL_Holding)'!$AB$9="","",'(GEL_Holding)'!$AB$9) | D39: =IF('(Dom_CLC)'!$AB$9="","",'(Dom_CLC)'!$AB$9) | E39: =IF('(Car_Label)'!$AB$9="","",'(Car_Label)'!$AB$9) | F39: =IF('(Ecuakao)'!$AB$9="","",'(Ecuakao)'!$AB$9) | G39: =IF('(Hipac)'!$AB$9="","",'(Hipac)'!$AB$9) | H39: =IF('(Jam_Label)'!$AB$9="","",'(Jam_Label)'!$AB$9) | I39: =IF('(Mc_Bride)'!$AB$9="","",'(Mc_Bride)'!$AB$9) | J39: =IF('(Precision)'!$AB$9="","",'(Precision)'!$AB$9) | K39: =IF('(Purity)'!$AB$9="","",'(Purity)'!$AB$9) | L39: =IFERROR(AVERAGE(C39:K39),"") | M39: Avg
B40: Temporary TimeToHire (Days) YTD | C40: =IF('(GEL_Holding)'!$AD$9="","",'(GEL_Holding)'!$AD$9) | D40: =IF('(Dom_CLC)'!$AD$9="","",'(Dom_CLC)'!$AD$9) | E40: =IF('(Car_Label)'!$AD$9="","",'(Car_Label)'!$AD$9) | F40: =IF('(Ecuakao)'!$AD$9="","",'(Ecuakao)'!$AD$9) | G40: =IF('(Hipac)'!$AD$9="","",'(Hipac)'!$AD$9) | H40: =IF('(Jam_Label)'!$AD$9="","",'(Jam_Label)'!$AD$9) | I40: =IF('(Mc_Bride)'!$AD$9="","",'(Mc_Bride)'!$AD$9) | J40: =IF('(Precision)'!$AD$9="","",'(Precision)'!$AD$9) | K40: =IF('(Purity)'!$AD$9="","",'(Purity)'!$AD$9) | L40: =IFERROR(AVERAGE(C40:K40),"") | M40: Avg
B41: Check-ins Rate Completed (%) | L41: =IFERROR(AVERAGE(C41:K41),"") | M41: Avg
B42: EE Objectives Completed (#) | L42: =IF(COUNT(C42:K42)=0,"",SUM(C42:K42)) | M42: ∑
B43: Non-certified Absent (Days Lost) | L43: =IF(COUNT(C43:K43)=0,"",SUM(C43:K43)) | M43: ∑
B44: Certified sick leave (Days Lost) | L44: =IF(COUNT(C44:K44)=0,"",SUM(C44:K44)) | M44: ∑
B45: Total Absences | C45: =IF(COUNT(C43:C44)=0,"",SUM(C43:C44)) | D45: =IF(COUNT(D43:D44)=0,"",SUM(D43:D44)) | E45: =IF(COUNT(E43:E44)=0,"",SUM(E43:E44)) | F45: =IF(COUNT(F43:F44)=0,"",SUM(F43:F44)) | G45: =IF(COUNT(G43:G44)=0,"",SUM(G43:G44)) | H45: =IF(COUNT(H43:H44)=0,"",SUM(H43:H44)) | I45: =IF(COUNT(I43:I44)=0,"",SUM(I43:I44)) | J45: =IF(COUNT(J43:J44)=0,"",SUM(J43:J44)) | ... L45: =IF(COUNT(L43:L44)=0,"",SUM(L43:L44)) | M45: ϝ
B46: Absent Rate Non-Certified (%) | C46: =IF('(GEL_Holding)'!$G$9="","",'(GEL_Holding)'!$G$9) | D46: =IF('(Dom_CLC)'!$G$9="","",'(Dom_CLC)'!$G$9) | E46: =IF('(Car_Label)'!$G$9="","",'(Car_Label)'!$G$9) | F46: =IF('(Ecuakao)'!$G$9="","",'(Ecuakao)'!$G$9) | G46: =IF('(Hipac)'!$G$9="","",'(Hipac)'!$G$9) | H46: =IF('(Jam_Label)'!$G$9="","",'(Jam_Label)'!$G$9) | I46: =IF('(Mc_Bride)'!$G$9="","",'(Mc_Bride)'!$G$9) | J46: =IF('(Precision)'!$G$9="","",'(Precision)'!$G$9) | K46: =IF('(Purity)'!$G$9="","",'(Purity)'!$G$9) | L46: {=IF(COUNT(C46:K46)=0,"",IFERROR(SUMPRODUCT(IFERROR(C46:K46*((C3:K3)+(C4:K4)),0))/SUMPRODUCT(IFERROR(ISNUMBER(C46:K46)*((C3:K3)+(C4:K4)),0)),""))} | M46: Weighted
B47: Absent Rate Certified (%) | C47: =IF('(GEL_Holding)'!$O$9="","",'(GEL_Holding)'!$O$9) | D47: =IF('(Dom_CLC)'!$O$9="","",'(Dom_CLC)'!$O$9) | E47: =IF('(Car_Label)'!$O$9="","",'(Car_Label)'!$O$9) | F47: =IF('(Ecuakao)'!$O$9="","",'(Ecuakao)'!$O$9) | G47: =IF('(Hipac)'!$O$9="","",'(Hipac)'!$O$9) | H47: =IF('(Jam_Label)'!$O$9="","",'(Jam_Label)'!$O$9) | I47: =IF('(Mc_Bride)'!$O$9="","",'(Mc_Bride)'!$O$9) | J47: =IF('(Precision)'!$O$9="","",'(Precision)'!$O$9) | K47: =IF('(Purity)'!$O$9="","",'(Purity)'!$O$9) | L47: {=IF(COUNT(C47:K47)=0,"",IFERROR(SUMPRODUCT(IFERROR(C47:K47*((C3:K3)+(C4:K4)),0))/SUMPRODUCT(IFERROR(ISNUMBER(C47:K47)*((C3:K3)+(C4:K4)),0)),""))} | M47: Weighted
B48: Absent Rate Total (%) | C48: =IF(COUNT(C46:C47)=0,"",SUM(C46:C47)) | D48: =IF(COUNT(D46:D47)=0,"",SUM(D46:D47)) | E48: =IF(COUNT(E46:E47)=0,"",SUM(E46:E47)) | F48: =IF(COUNT(F46:F47)=0,"",SUM(F46:F47)) | G48: =IF(COUNT(G46:G47)=0,"",SUM(G46:G47)) | H48: =IF(COUNT(H46:H47)=0,"",SUM(H46:H47)) | I48: =IF(COUNT(I46:I47)=0,"",SUM(I46:I47)) | J48: =IF(COUNT(J46:J47)=0,"",SUM(J46:J47)) | ... L48: =IF(COUNT(L46:L47)=0,"",SUM(L46:L47)) | M48: Weighted
B49: Weight factor | C49: =IFERROR(C5/$L5,"") | D49: =IFERROR(D5/$L5,"") | E49: =IFERROR(E5/$L5,"") | F49: =IFERROR(F5/$L5,"") | G49: =IFERROR(G5/$L5,"") | H49: =IFERROR(H5/$L5,"") | I49: =IFERROR(I5/$L5,"") | J49: =IFERROR(J5/$L5,"") | K49: =IFERROR(K5/$L5,"") | L49: =IF(COUNT(C49:K49)=0,"",SUM(C49:K49)) | M49: Weight Factor
B50: Leadership (Hours) | L50: =IF(COUNT(C50:K50)=0,"",SUM(C50:K50)) | M50: ∑
B51: Technical (Hours) | L51: =IF(COUNT(C51:K51)=0,"",SUM(C51:K51)) | M51: ∑
B52: Professional Develop. (Hours) | L52: =IF(COUNT(C52:K52)=0,"",SUM(C52:K52)) | M52: ∑
B53: HSSE (Hours) | L53: =IF(COUNT(C53:K53)=0,"",SUM(C53:K53)) | M53: ∑
B54: Workday (Hours) | L54: =IF(COUNT(C54:K54)=0,"",SUM(C54:K54)) | M54: ∑
B55: Total Training Hours | C55: =IF(COUNT(C50:C54)=0,"",SUM(C50:C54)) | D55: =IF(COUNT(D50:D54)=0,"",SUM(D50:D54)) | E55: =IF(COUNT(E50:E54)=0,"",SUM(E50:E54)) | F55: =IF(COUNT(F50:F54)=0,"",SUM(F50:F54)) | G55: =IF(COUNT(G50:G54)=0,"",SUM(G50:G54)) | H55: =IF(COUNT(H50:H54)=0,"",SUM(H50:H54)) | I55: =IF(COUNT(I50:I54)=0,"",SUM(I50:I54)) | J55: =IF(COUNT(J50:J54)=0,"",SUM(J50:J54)) | ... L55: =IF(COUNT(L50:L54)=0,"",SUM(L50:L54)) | M55: ϝ
B56: Total Trained (Staff) | L56: =IF(COUNT(C56:K56)=0,"",SUM(C56:K56)) | M56: ∑
B57: Training Programs (#) | L57: =IF(COUNT(C57:K57)=0,"",SUM(C57:K57)) | M57: ∑
B58: Training Cost (USD) | L58: =IF(COUNT(C58:K58)=0,"",SUM(C58:K58)) | M58: ∑
B59: Training Travel Cost (USD) | L59: =IF(COUNT(C59:K59)=0,"",SUM(C59:K59)) | M59: ∑
B60: Leadership Hours Trained (%) | C60: =IFERROR(C50/C$55,"") | D60: =IFERROR(D50/D$55,"") | E60: =IFERROR(E50/E$55,"") | F60: =IFERROR(F50/F$55,"") | G60: =IFERROR(G50/G$55,"") | H60: =IFERROR(H50/H$55,"") | I60: =IFERROR(I50/I$55,"") | J60: =IFERROR(J50/J$55,"") | ... L60: =IFERROR(L50/L$55,"") | M60: ϝ
B61: Technical Hours Trained (%) | C61: =IFERROR(C51/C$55,"") | D61: =IFERROR(D51/D$55,"") | E61: =IFERROR(E51/E$55,"") | F61: =IFERROR(F51/F$55,"") | G61: =IFERROR(G51/G$55,"") | H61: =IFERROR(H51/H$55,"") | I61: =IFERROR(I51/I$55,"") | J61: =IFERROR(J51/J$55,"") | ... L61: =IFERROR(L51/L$55,"") | M61: ϝ
B62: Profess. Dev. Hours Trained (%) | C62: =IFERROR(C52/C$55,"") | D62: =IFERROR(D52/D$55,"") | E62: =IFERROR(E52/E$55,"") | F62: =IFERROR(F52/F$55,"") | G62: =IFERROR(G52/G$55,"") | H62: =IFERROR(H52/H$55,"") | I62: =IFERROR(I52/I$55,"") | J62: =IFERROR(J52/J$55,"") | ... L62: =IFERROR(L52/L$55,"") | M62: ϝ
B63: HSSE Hours Trained (%) | C63: =IFERROR(C53/C$55,"") | D63: =IFERROR(D53/D$55,"") | E63: =IFERROR(E53/E$55,"") | F63: =IFERROR(F53/F$55,"") | G63: =IFERROR(G53/G$55,"") | H63: =IFERROR(H53/H$55,"") | I63: =IFERROR(I53/I$55,"") | J63: =IFERROR(J53/J$55,"") | ... L63: =IFERROR(L53/L$55,"") | M63: ϝ
B64: Workday Hours Trained (%) | C64: =IFERROR(C54/C$55,"") | D64: =IFERROR(D54/D$55,"") | E64: =IFERROR(E54/E$55,"") | F64: =IFERROR(F54/F$55,"") | G64: =IFERROR(G54/G$55,"") | H64: =IFERROR(H54/H$55,"") | I64: =IFERROR(I54/I$55,"") | J64: =IFERROR(J54/J$55,"") | ... L64: =IFERROR(L54/L$55,"") | M64: ϝ
B65: Staff Trained (%) | C65: =IFERROR(C56/C5,"") | D65: =IFERROR(D56/D5,"") | E65: =IFERROR(E56/E5,"") | F65: =IFERROR(F56/F5,"") | G65: =IFERROR(G56/G5,"") | H65: =IFERROR(H56/H5,"") | I65: =IFERROR(I56/I5,"") | J65: =IFERROR(J56/J5,"") | ... L65: =IFERROR(L56/L5,"") | M65: ϝ
B66: Training Hours / EE | C66: =IFERROR(C55/C5,"") | D66: =IFERROR(D55/D5,"") | E66: =IFERROR(E55/E5,"") | F66: =IFERROR(F55/F5,"") | G66: =IFERROR(G55/G5,"") | H66: =IFERROR(H55/H5,"") | I66: =IFERROR(I55/I5,"") | J66: =IFERROR(J55/J5,"") | ... L66: =IFERROR(L55/L5,"") | M66: ϝ
B67: Training Hours / EE Trained | C67: =IFERROR(C55/C56,"") | D67: =IFERROR(D55/D56,"") | E67: =IFERROR(E55/E56,"") | F67: =IFERROR(F55/F56,"") | G67: =IFERROR(G55/G56,"") | H67: =IFERROR(H55/H56,"") | I67: =IFERROR(I55/I56,"") | J67: =IFERROR(J55/J56,"") | ... L67: =IFERROR(L55/L56,"") | M67: ϝ
B68: Training Invest. / EE (USD) | C68: =IF(COUNT(C58:C59)=0,"",IFERROR((N(C58)+N(C59))/C5,"")) | D68: =IF(COUNT(D58:D59)=0,"",IFERROR((N(D58)+N(D59))/D5,"")) | E68: =IF(COUNT(E58:E59)=0,"",IFERROR((N(E58)+N(E59))/E5,"")) | F68: =IF(COUNT(F58:F59)=0,"",IFERROR((N(F58)+N(F59))/F5,"")) | G68: =IF(COUNT(G58:G59)=0,"",IFERROR((N(G58)+N(G59))/G5,"")) | H68: =IF(COUNT(H58:H59)=0,"",IFERROR((N(H58)+N(H59))/H5,"")) | I68: =IF(COUNT(I58:I59)=0,"",IFERROR((N(I58)+N(I59))/I5,"")) | J68: =IF(COUNT(J58:J59)=0,"",IFERROR((N(J58)+N(J59))/J5,"")) | ... L68: =IF(COUNT(L58:L59)=0,"",IFERROR((N(L58)+N(L59))/L5,"")) | M68: ϝ
B69: Training Invest. / EE Trained (USD) | C69: =IF(COUNT(C58:C59)=0,"",IFERROR((N(C58)+N(C59))/C56,"")) | D69: =IF(COUNT(D58:D59)=0,"",IFERROR((N(D58)+N(D59))/D56,"")) | E69: =IF(COUNT(E58:E59)=0,"",IFERROR((N(E58)+N(E59))/E56,"")) | F69: =IF(COUNT(F58:F59)=0,"",IFERROR((N(F58)+N(F59))/F56,"")) | G69: =IF(COUNT(G58:G59)=0,"",IFERROR((N(G58)+N(G59))/G56,"")) | H69: =IF(COUNT(H58:H59)=0,"",IFERROR((N(H58)+N(H59))/H56,"")) | I69: =IF(COUNT(I58:I59)=0,"",IFERROR((N(I58)+N(I59))/I56,"")) | J69: =IF(COUNT(J58:J59)=0,"",IFERROR((N(J58)+N(J59))/J56,"")) | ... L69: =IF(COUNT(L58:L59)=0,"",IFERROR((N(L58)+N(L59))/L56,"")) | M69: ϝ
B70: Input Cells Not Submitted | C70: =COUNTBLANK(C3:C4)+COUNTBLANK(C6:C10)+COUNTBLANK(C12:C13)+COUNTBLANK(C18:C20)+COUNTBLANK(C22:C23)+COUNTBLANK(C27:C28)+COUNTBLANK(C34:C35)+COUNTBLANK(C39:C44)+COUNTBLANK(C46:C47)+COUNTBLANK(C50:C54)+COUNTBLANK(C56:C59) | D70: =COUNTBLANK(D3:D4)+COUNTBLANK(D6:D10)+COUNTBLANK(D12:D13)+COUNTBLANK(D18:D20)+COUNTBLANK(D22:D23)+COUNTBLANK(D27:D28)+COUNTBLANK(D34:D35)+COUNTBLANK(D39:D44)+COUNTBLANK(D46:D47)+COUNTBLANK(D50:D54)+COUNTBLANK(D56:D59) | E70: =COUNTBLANK(E3:E4)+COUNTBLANK(E6:E10)+COUNTBLANK(E12:E13)+COUNTBLANK(E18:E20)+COUNTBLANK(E22:E23)+COUNTBLANK(E27:E28)+COUNTBLANK(E34:E35)+COUNTBLANK(E39:E44)+COUNTBLANK(E46:E47)+COUNTBLANK(E50:E54)+COUNTBLANK(E56:E59) | F70: =COUNTBLANK(F3:F4)+COUNTBLANK(F6:F10)+COUNTBLANK(F12:F13)+COUNTBLANK(F18:F20)+COUNTBLANK(F22:F23)+COUNTBLANK(F27:F28)+COUNTBLANK(F34:F35)+COUNTBLANK(F39:F44)+COUNTBLANK(F46:F47)+COUNTBLANK(F50:F54)+COUNTBLANK(F56:F59) | G70: =COUNTBLANK(G3:G4)+COUNTBLANK(G6:G10)+COUNTBLANK(G12:G13)+COUNTBLANK(G18:G20)+COUNTBLANK(G22:G23)+COUNTBLANK(G27:G28)+COUNTBLANK(G34:G35)+COUNTBLANK(G39:G44)+COUNTBLANK(G46:G47)+COUNTBLANK(G50:G54)+COUNTBLANK(G56:G59) | H70: =COUNTBLANK(H3:H4)+COUNTBLANK(H6:H10)+COUNTBLANK(H12:H13)+COUNTBLANK(H18:H20)+COUNTBLANK(H22:H23)+COUNTBLANK(H27:H28)+COUNTBLANK(H34:H35)+COUNTBLANK(H39:H44)+COUNTBLANK(H46:H47)+COUNTBLANK(H50:H54)+COUNTBLANK(H56:H59) | I70: =COUNTBLANK(I3:I4)+COUNTBLANK(I6:I10)+COUNTBLANK(I12:I13)+COUNTBLANK(I18:I20)+COUNTBLANK(I22:I23)+COUNTBLANK(I27:I28)+COUNTBLANK(I34:I35)+COUNTBLANK(I39:I44)+COUNTBLANK(I46:I47)+COUNTBLANK(I50:I54)+COUNTBLANK(I56:I59) | J70: =COUNTBLANK(J3:J4)+COUNTBLANK(J6:J10)+COUNTBLANK(J12:J13)+COUNTBLANK(J18:J20)+COUNTBLANK(J22:J23)+COUNTBLANK(J27:J28)+COUNTBLANK(J34:J35)+COUNTBLANK(J39:J44)+COUNTBLANK(J46:J47)+COUNTBLANK(J50:J54)+COUNTBLANK(J56:J59) | K70: =COUNTBLANK(K3:K4)+COUNTBLANK(K6:K10)+COUNTBLANK(K12:K13)+COUNTBLANK(K18:K20)+COUNTBLANK(K22:K23)+COUNTBLANK(K27:K28)+COUNTBLANK(K34:K35)+COUNTBLANK(K39:K44)+COUNTBLANK(K46:K47)+COUNTBLANK(K50:K54)+COUNTBLANK(K56:K59) | L70: =SUM(C70:K70) | M70: ∑

Sheet APR
B1: MANUFACTURING
A2: =VALUE(TEXT(EDATE(DATE(LEFT(MAR!A2,4),RIGHT(MAR!A2,2),1),1),"yyyymm")) | B2: APR | C2: GEL Manufacturing Holding Co. Ltd. | D2: CLC Domicana (Dominican Republic) | E2: Caribbean Label Crafts Ltd. (Barbados) | F2: Ecuakao (Ecuador) | G2: Hipac Ltd. (Barbados) | H2: Label Craft Jamaica Ltd. (Jamaica) | I2: McBride (Caribbean) Ltd. | J2: Precision Packaging Inc. (Barbados) | K2: Purity Bakeries Ltd. (Barbados) | L2: TOTAL | M2: Total by Division | N2: =N(N11)<>0
A3: =+A2 | B3: Permanent (Regular) Headcount | L3: =IF(COUNT(C3:K3)=0,"",SUM(C3:K3)) | M3: ∑
B4: Temporary (Fix Term) Headcount | L4: =IF(COUNT(C4:K4)=0,"",SUM(C4:K4)) | M4: ∑
B5: Employee Headcount (Productivity) | C5: =IF(COUNT(C3:C4)=0,"",SUM(C3:C4)) | D5: =IF(COUNT(D3:D4)=0,"",SUM(D3:D4)) | E5: =IF(COUNT(E3:E4)=0,"",SUM(E3:E4)) | F5: =IF(COUNT(F3:F4)=0,"",SUM(F3:F4)) | G5: =IF(COUNT(G3:G4)=0,"",SUM(G3:G4)) | H5: =IF(COUNT(H3:H4)=0,"",SUM(H3:H4)) | I5: =IF(COUNT(I3:I4)=0,"",SUM(I3:I4)) | J5: =IF(COUNT(J3:J4)=0,"",SUM(J3:J4)) | ... L5: =IF(COUNT(L3:L4)=0,"",SUM(L3:L4)) | M5: ϝ
B6: Headcount = 1.00 | L6: =IF(COUNT(C6:K6)=0,"",SUM(C6:K6)) | M6: ∑
B7: Headcount = 0.75 | L7: =IF(COUNT(C7:K7)=0,"",SUM(C7:K7)) | M7: ∑
B8: Headcount = 0.50 | L8: =IF(COUNT(C8:K8)=0,"",SUM(C8:K8)) | M8: ∑
B9: Headcount = 0.25 | L9: =IF(COUNT(C9:K9)=0,"",SUM(C9:K9)) | M9: ∑
B10: Standard Monthly Hours (FTE basis) | L10: =IFERROR(AVERAGE(C10:K10),"") | M10: Avg
B11: Employee FTE (Finance) | C11: =IF(COUNT(C6:C9)=0,"",N(C6)+N(C7)*0.75+N(C8)*0.5+N(C9)*0.25) | D11: =IF(COUNT(D6:D9)=0,"",N(D6)+N(D7)*0.75+N(D8)*0.5+N(D9)*0.25) | E11: =IF(COUNT(E6:E9)=0,"",N(E6)+N(E7)*0.75+N(E8)*0.5+N(E9)*0.25) | F11: =IF(COUNT(F6:F9)=0,"",N(F6)+N(F7)*0.75+N(F8)*0.5+N(F9)*0.25) | G11: =IF(COUNT(G6:G9)=0,"",N(G6)+N(G7)*0.75+N(G8)*0.5+N(G9)*0.25) | H11: =IF(COUNT(H6:H9)=0,"",N(H6)+N(H7)*0.75+N(H8)*0.5+N(H9)*0.25) | I11: =IF(COUNT(I6:I9)=0,"",N(I6)+N(I7)*0.75+N(I8)*0.5+N(I9)*0.25) | J11: =IF(COUNT(J6:J9)=0,"",N(J6)+N(J7)*0.75+N(J8)*0.5+N(J9)*0.25) | ... L11: =IF(COUNT(L6:L9)=0,"",N(L6)+N(L7)*0.75+N(L8)*0.5+N(L9)*0.25) | M11: FTE | N11: =IF(COUNT(L5:L9)=0,"",N(L6)+N(L7)+N(L8)+N(L9)-N(L5))
B12: Subcontracted Workforce HC | L12: =IF(COUNT(C12:K12)=0,"",SUM(C12:K12)) | M12: ∑
B13: Subcontracted Productive Hours | L13: =IF(COUNT(C13:K13)=0,"",SUM(C13:K13)) | M13: ∑
B14: Subcontracted FTE | C14: =IFERROR(C13/C10,"") | D14: =IFERROR(D13/D10,"") | E14: =IFERROR(E13/E10,"") | F14: =IFERROR(F13/F10,"") | G14: =IFERROR(G13/G10,"") | H14: =IFERROR(H13/H10,"") | I14: =IFERROR(I13/I10,"") | J14: =IFERROR(J13/J10,"") | K14: =IFERROR(K13/K10,"") | L14: =IF(COUNT(C14:K14)=0,"",SUM(C14:K14)) | M14: FTE
B15: Total Operational Workforce | C15: =IF(COUNT(C5,C12)=0,"",SUM(C5,C12)) | D15: =IF(COUNT(D5,D12)=0,"",SUM(D5,D12)) | E15: =IF(COUNT(E5,E12)=0,"",SUM(E5,E12)) | F15: =IF(COUNT(F5,F12)=0,"",SUM(F5,F12)) | G15: =IF(COUNT(G5,G12)=0,"",SUM(G5,G12)) | H15: =IF(COUNT(H5,H12)=0,"",SUM(H5,H12)) | I15: =IF(COUNT(I5,I12)=0,"",SUM(I5,I12)) | J15: =IF(COUNT(J5,J12)=0,"",SUM(J5,J12)) | ... L15: =IF(COUNT(L5,L12)=0,"",SUM(L5,L12)) | M15: ϝ
B16: Total Operational FTE | C16: =IF(COUNT(C11,C14)=0,"",SUM(C11,C14)) | D16: =IF(COUNT(D11,D14)=0,"",SUM(D11,D14)) | E16: =IF(COUNT(E11,E14)=0,"",SUM(E11,E14)) | F16: =IF(COUNT(F11,F14)=0,"",SUM(F11,F14)) | G16: =IF(COUNT(G11,G14)=0,"",SUM(G11,G14)) | H16: =IF(COUNT(H11,H14)=0,"",SUM(H11,H14)) | I16: =IF(COUNT(I11,I14)=0,"",SUM(I11,I14)) | J16: =IF(COUNT(J11,J14)=0,"",SUM(J11,J14)) | ... L16: =IF(COUNT(L11,L14)=0,"",SUM(L11,L14)) | M16: FTE
B17: Subcontracted Share of Workforce (%) | C17: =IFERROR(C12/C15,"") | D17: =IFERROR(D12/D15,"") | E17: =IFERROR(E12/E15,"") | F17: =IFERROR(F12/F15,"") | G17: =IFERROR(G12/G15,"") | H17: =IFERROR(H12/H15,"") | I17: =IFERROR(I12/I15,"") | J17: =IFERROR(J12/J15,"") | ... L17: =IFERROR(L12/L15,"") | M17: ϝ
B18: FTE HR Team | L18: =IF(COUNT(C18:K18)=0,"",SUM(C18:K18)) | M18: ∑
B19: Permanent Hires | L19: =IF(COUNT(C19:K19)=0,"",SUM(C19:K19)) | M19: ∑
B20: Temporary Hires | L20: =IF(COUNT(C20:K20)=0,"",SUM(C20:K20)) | M20: ∑
B21: Total Hires | C21: =IF(COUNT(C19:C20)=0,"",SUM(C19:C20)) | D21: =IF(COUNT(D19:D20)=0,"",SUM(D19:D20)) | E21: =IF(COUNT(E19:E20)=0,"",SUM(E19:E20)) | F21: =IF(COUNT(F19:F20)=0,"",SUM(F19:F20)) | G21: =IF(COUNT(G19:G20)=0,"",SUM(G19:G20)) | H21: =IF(COUNT(H19:H20)=0,"",SUM(H19:H20)) | I21: =IF(COUNT(I19:I20)=0,"",SUM(I19:I20)) | J21: =IF(COUNT(J19:J20)=0,"",SUM(J19:J20)) | ... L21: =IF(COUNT(L19:L20)=0,"",SUM(L19:L20)) | M21: ϝ
B22: Permanent Exits | L22: =IF(COUNT(C22:K22)=0,"",SUM(C22:K22)) | M22: ∑
B23: Temporary Exits | L23: =IF(COUNT(C23:K23)=0,"",SUM(C23:K23)) | M23: ∑
B24: Total Exits | C24: =IF(COUNT(C22:C23)=0,"",SUM(C22:C23)) | D24: =IF(COUNT(D22:D23)=0,"",SUM(D22:D23)) | E24: =IF(COUNT(E22:E23)=0,"",SUM(E22:E23)) | F24: =IF(COUNT(F22:F23)=0,"",SUM(F22:F23)) | G24: =IF(COUNT(G22:G23)=0,"",SUM(G22:G23)) | H24: =IF(COUNT(H22:H23)=0,"",SUM(H22:H23)) | I24: =IF(COUNT(I22:I23)=0,"",SUM(I22:I23)) | J24: =IF(COUNT(J22:J23)=0,"",SUM(J22:J23)) | ... L24: =IF(COUNT(L22:L23)=0,"",SUM(L22:L23)) | M24: ϝ
B25: Permanent Turnover (%) | C25: =IF(COUNT(C31,C32)<2,"",IF((C32+C31)=0,"",N(C22)/((C32+C31)/2))) | D25: =IF(COUNT(D31,D32)<2,"",IF((D32+D31)=0,"",N(D22)/((D32+D31)/2))) | E25: =IF(COUNT(E31,E32)<2,"",IF((E32+E31)=0,"",N(E22)/((E32+E31)/2))) | F25: =IF(COUNT(F31,F32)<2,"",IF((F32+F31)=0,"",N(F22)/((F32+F31)/2))) | G25: =IF(COUNT(G31,G32)<2,"",IF((G32+G31)=0,"",N(G22)/((G32+G31)/2))) | H25: =IF(COUNT(H31,H32)<2,"",IF((H32+H31)=0,"",N(H22)/((H32+H31)/2))) | I25: =IF(COUNT(I31,I32)<2,"",IF((I32+I31)=0,"",N(I22)/((I32+I31)/2))) | J25: =IF(COUNT(J31,J32)<2,"",IF((J32+J31)=0,"",N(J22)/((J32+J31)/2))) | ... L25: =IF(COUNT(L31,L32)<2,"",IF((L32+L31)=0,"",N(L22)/((L32+L31)/2))) | M25: ϝ
B26: Temporary Turnover (%) | C26: =IF(COUNT(C31,C32)<2,"",IF((C32+C31)=0,"",N(C23)/((C32+C31)/2))) | D26: =IF(COUNT(D31,D32)<2,"",IF((D32+D31)=0,"",N(D23)/((D32+D31)/2))) | E26: =IF(COUNT(E31,E32)<2,"",IF((E32+E31)=0,"",N(E23)/((E32+E31)/2))) | F26: =IF(COUNT(F31,F32)<2,"",IF((F32+F31)=0,"",N(F23)/((F32+F31)/2))) | G26: =IF(COUNT(G31,G32)<2,"",IF((G32+G31)=0,"",N(G23)/((G32+G31)/2))) | H26: =IF(COUNT(H31,H32)<2,"",IF((H32+H31)=0,"",N(H23)/((H32+H31)/2))) | I26: =IF(COUNT(I31,I32)<2,"",IF((I32+I31)=0,"",N(I23)/((I32+I31)/2))) | J26: =IF(COUNT(J31,J32)<2,"",IF((J32+J31)=0,"",N(J23)/((J32+J31)/2))) | ... L26: =IF(COUNT(L31,L32)<2,"",IF((L32+L31)=0,"",N(L23)/((L32+L31)/2))) | M26: ϝ
B27: Voluntary Terminations | L27: =IF(COUNT(C27:K27)=0,"",SUM(C27:K27)) | M27: ∑
B28: Involuntary Terminations | L28: =IF(COUNT(C28:K28)=0,"",SUM(C28:K28)) | M28: ∑
B29: Voluntary Turnover (%) | C29: =IF(COUNT(C31,C32)<2,"",IF((C32+C31)=0,"",N(C27)/((C32+C31)/2))) | D29: =IF(COUNT(D31,D32)<2,"",IF((D32+D31)=0,"",N(D27)/((D32+D31)/2))) | E29: =IF(COUNT(E31,E32)<2,"",IF((E32+E31)=0,"",N(E27)/((E32+E31)/2))) | F29: =IF(COUNT(F31,F32)<2,"",IF((F32+F31)=0,"",N(F27)/((F32+F31)/2))) | G29: =IF(COUNT(G31,G32)<2,"",IF((G32+G31)=0,"",N(G27)/((G32+G31)/2))) | H29: =IF(COUNT(H31,H32)<2,"",IF((H32+H31)=0,"",N(H27)/((H32+H31)/2))) | I29: =IF(COUNT(I31,I32)<2,"",IF((I32+I31)=0,"",N(I27)/((I32+I31)/2))) | J29: =IF(COUNT(J31,J32)<2,"",IF((J32+J31)=0,"",N(J27)/((J32+J31)/2))) | ... L29: =IF(COUNT(L31,L32)<2,"",IF((L32+L31)=0,"",N(L27)/((L32+L31)/2))) | M29: ϝ
B30: Involuntary Turnover (%) | C30: =IF(COUNT(C31,C32)<2,"",IF((C32+C31)=0,"",N(C28)/((C32+C31)/2))) | D30: =IF(COUNT(D31,D32)<2,"",IF((D32+D31)=0,"",N(D28)/((D32+D31)/2))) | E30: =IF(COUNT(E31,E32)<2,"",IF((E32+E31)=0,"",N(E28)/((E32+E31)/2))) | F30: =IF(COUNT(F31,F32)<2,"",IF((F32+F31)=0,"",N(F28)/((F32+F31)/2))) | G30: =IF(COUNT(G31,G32)<2,"",IF((G32+G31)=0,"",N(G28)/((G32+G31)/2))) | H30: =IF(COUNT(H31,H32)<2,"",IF((H32+H31)=0,"",N(H28)/((H32+H31)/2))) | I30: =IF(COUNT(I31,I32)<2,"",IF((I32+I31)=0,"",N(I28)/((I32+I31)/2))) | J30: =IF(COUNT(J31,J32)<2,"",IF((J32+J31)=0,"",N(J28)/((J32+J31)/2))) | ... L30: =IF(COUNT(L31,L32)<2,"",IF((L32+L31)=0,"",N(L28)/((L32+L31)/2))) | M30: ϝ
B31: Headcount last Month | C31: =IF(MAR!C5="","",MAR!C5) | D31: =IF(MAR!D5="","",MAR!D5) | E31: =IF(MAR!E5="","",MAR!E5) | F31: =IF(MAR!F5="","",MAR!F5) | G31: =IF(MAR!G5="","",MAR!G5) | H31: =IF(MAR!H5="","",MAR!H5) | I31: =IF(MAR!I5="","",MAR!I5) | J31: =IF(MAR!J5="","",MAR!J5) | K31: =IF(MAR!K5="","",MAR!K5) | L31: =IF(COUNT(C31:K31)=0,"",SUM(C31:K31)) | M31: ∑
B32: Headcount this Month | C32: =IF(C5="","",C5) | D32: =IF(D5="","",D5) | E32: =IF(E5="","",E5) | F32: =IF(F5="","",F5) | G32: =IF(G5="","",G5) | H32: =IF(H5="","",H5) | I32: =IF(I5="","",I5) | J32: =IF(J5="","",J5) | K32: =IF(K5="","",K5) | L32: =IF(COUNT(C32:K32)=0,"",SUM(C32:K32)) | M32: ∑
B33: Full Turnover (%) | C33: =IF(COUNT(C31,C32)<2,"",IF((C32+C31)=0,"",N(C24)/((C32+C31)/2))) | D33: =IF(COUNT(D31,D32)<2,"",IF((D32+D31)=0,"",N(D24)/((D32+D31)/2))) | E33: =IF(COUNT(E31,E32)<2,"",IF((E32+E31)=0,"",N(E24)/((E32+E31)/2))) | F33: =IF(COUNT(F31,F32)<2,"",IF((F32+F31)=0,"",N(F24)/((F32+F31)/2))) | G33: =IF(COUNT(G31,G32)<2,"",IF((G32+G31)=0,"",N(G24)/((G32+G31)/2))) | H33: =IF(COUNT(H31,H32)<2,"",IF((H32+H31)=0,"",N(H24)/((H32+H31)/2))) | I33: =IF(COUNT(I31,I32)<2,"",IF((I32+I31)=0,"",N(I24)/((I32+I31)/2))) | J33: =IF(COUNT(J31,J32)<2,"",IF((J32+J31)=0,"",N(J24)/((J32+J31)/2))) | ... L33: =IF(COUNT(L31,L32)<2,"",IF((L32+L31)=0,"",N(L24)/((L32+L31)/2))) | M33: ϝ
B34: Permanent Vacancies | L34: =IF(COUNT(C34:K34)=0,"",SUM(C34:K34)) | M34: ∑
B35: Temporary Vacancies | L35: =IF(COUNT(C35:K35)=0,"",SUM(C35:K35)) | M35: ∑
B36: Total Vacancies | C36: =IF(COUNT(C34:C35)=0,"",SUM(C34:C35)) | D36: =IF(COUNT(D34:D35)=0,"",SUM(D34:D35)) | E36: =IF(COUNT(E34:E35)=0,"",SUM(E34:E35)) | F36: =IF(COUNT(F34:F35)=0,"",SUM(F34:F35)) | G36: =IF(COUNT(G34:G35)=0,"",SUM(G34:G35)) | H36: =IF(COUNT(H34:H35)=0,"",SUM(H34:H35)) | I36: =IF(COUNT(I34:I35)=0,"",SUM(I34:I35)) | J36: =IF(COUNT(J34:J35)=0,"",SUM(J34:J35)) | ... L36: =IF(COUNT(L34:L35)=0,"",SUM(L34:L35)) | M36: ϝ
B37: Authorized Positions | C37: =IF(COUNT(C5,C36)=0,"",N(C5)+N(C36)) | D37: =IF(COUNT(D5,D36)=0,"",N(D5)+N(D36)) | E37: =IF(COUNT(E5,E36)=0,"",N(E5)+N(E36)) | F37: =IF(COUNT(F5,F36)=0,"",N(F5)+N(F36)) | G37: =IF(COUNT(G5,G36)=0,"",N(G5)+N(G36)) | H37: =IF(COUNT(H5,H36)=0,"",N(H5)+N(H36)) | I37: =IF(COUNT(I5,I36)=0,"",N(I5)+N(I36)) | J37: =IF(COUNT(J5,J36)=0,"",N(J5)+N(J36)) | ... L37: =IF(COUNT(L5,L36)=0,"",N(L5)+N(L36)) | M37: ϝ
B38: Vacancy Rate (%) | C38: =IFERROR(C36/C37,"") | D38: =IFERROR(D36/D37,"") | E38: =IFERROR(E36/E37,"") | F38: =IFERROR(F36/F37,"") | G38: =IFERROR(G36/G37,"") | H38: =IFERROR(H36/H37,"") | I38: =IFERROR(I36/I37,"") | J38: =IFERROR(J36/J37,"") | ... L38: =IFERROR(L36/L37,"") | M38: ϝ
B39: Permanent TimeToHire (Days) YTD | C39: =IF('(GEL_Holding)'!$AB$10="","",'(GEL_Holding)'!$AB$10) | D39: =IF('(Dom_CLC)'!$AB$10="","",'(Dom_CLC)'!$AB$10) | E39: =IF('(Car_Label)'!$AB$10="","",'(Car_Label)'!$AB$10) | F39: =IF('(Ecuakao)'!$AB$10="","",'(Ecuakao)'!$AB$10) | G39: =IF('(Hipac)'!$AB$10="","",'(Hipac)'!$AB$10) | H39: =IF('(Jam_Label)'!$AB$10="","",'(Jam_Label)'!$AB$10) | I39: =IF('(Mc_Bride)'!$AB$10="","",'(Mc_Bride)'!$AB$10) | J39: =IF('(Precision)'!$AB$10="","",'(Precision)'!$AB$10) | K39: =IF('(Purity)'!$AB$10="","",'(Purity)'!$AB$10) | L39: =IFERROR(AVERAGE(C39:K39),"") | M39: Avg
B40: Temporary TimeToHire (Days) YTD | C40: =IF('(GEL_Holding)'!$AD$10="","",'(GEL_Holding)'!$AD$10) | D40: =IF('(Dom_CLC)'!$AD$10="","",'(Dom_CLC)'!$AD$10) | E40: =IF('(Car_Label)'!$AD$10="","",'(Car_Label)'!$AD$10) | F40: =IF('(Ecuakao)'!$AD$10="","",'(Ecuakao)'!$AD$10) | G40: =IF('(Hipac)'!$AD$10="","",'(Hipac)'!$AD$10) | H40: =IF('(Jam_Label)'!$AD$10="","",'(Jam_Label)'!$AD$10) | I40: =IF('(Mc_Bride)'!$AD$10="","",'(Mc_Bride)'!$AD$10) | J40: =IF('(Precision)'!$AD$10="","",'(Precision)'!$AD$10) | K40: =IF('(Purity)'!$AD$10="","",'(Purity)'!$AD$10) | L40: =IFERROR(AVERAGE(C40:K40),"") | M40: Avg
B41: Check-ins Rate Completed (%) | L41: =IFERROR(AVERAGE(C41:K41),"") | M41: Avg
B42: EE Objectives Completed (#) | L42: =IF(COUNT(C42:K42)=0,"",SUM(C42:K42)) | M42: ∑
B43: Non-certified Absent (Days Lost) | L43: =IF(COUNT(C43:K43)=0,"",SUM(C43:K43)) | M43: ∑
B44: Certified sick leave (Days Lost) | L44: =IF(COUNT(C44:K44)=0,"",SUM(C44:K44)) | M44: ∑
B45: Total Absences | C45: =IF(COUNT(C43:C44)=0,"",SUM(C43:C44)) | D45: =IF(COUNT(D43:D44)=0,"",SUM(D43:D44)) | E45: =IF(COUNT(E43:E44)=0,"",SUM(E43:E44)) | F45: =IF(COUNT(F43:F44)=0,"",SUM(F43:F44)) | G45: =IF(COUNT(G43:G44)=0,"",SUM(G43:G44)) | H45: =IF(COUNT(H43:H44)=0,"",SUM(H43:H44)) | I45: =IF(COUNT(I43:I44)=0,"",SUM(I43:I44)) | J45: =IF(COUNT(J43:J44)=0,"",SUM(J43:J44)) | ... L45: =IF(COUNT(L43:L44)=0,"",SUM(L43:L44)) | M45: ϝ
B46: Absent Rate Non-Certified (%) | C46: =IF('(GEL_Holding)'!$G$10="","",'(GEL_Holding)'!$G$10) | D46: =IF('(Dom_CLC)'!$G$10="","",'(Dom_CLC)'!$G$10) | E46: =IF('(Car_Label)'!$G$10="","",'(Car_Label)'!$G$10) | F46: =IF('(Ecuakao)'!$G$10="","",'(Ecuakao)'!$G$10) | G46: =IF('(Hipac)'!$G$10="","",'(Hipac)'!$G$10) | H46: =IF('(Jam_Label)'!$G$10="","",'(Jam_Label)'!$G$10) | I46: =IF('(Mc_Bride)'!$G$10="","",'(Mc_Bride)'!$G$10) | J46: =IF('(Precision)'!$G$10="","",'(Precision)'!$G$10) | K46: =IF('(Purity)'!$G$10="","",'(Purity)'!$G$10) | L46: {=IF(COUNT(C46:K46)=0,"",IFERROR(SUMPRODUCT(IFERROR(C46:K46*((C3:K3)+(C4:K4)),0))/SUMPRODUCT(IFERROR(ISNUMBER(C46:K46)*((C3:K3)+(C4:K4)),0)),""))} | M46: Weighted
B47: Absent Rate Certified (%) | C47: =IF('(GEL_Holding)'!$O$10="","",'(GEL_Holding)'!$O$10) | D47: =IF('(Dom_CLC)'!$O$10="","",'(Dom_CLC)'!$O$10) | E47: =IF('(Car_Label)'!$O$10="","",'(Car_Label)'!$O$10) | F47: =IF('(Ecuakao)'!$O$10="","",'(Ecuakao)'!$O$10) | G47: =IF('(Hipac)'!$O$10="","",'(Hipac)'!$O$10) | H47: =IF('(Jam_Label)'!$O$10="","",'(Jam_Label)'!$O$10) | I47: =IF('(Mc_Bride)'!$O$10="","",'(Mc_Bride)'!$O$10) | J47: =IF('(Precision)'!$O$10="","",'(Precision)'!$O$10) | K47: =IF('(Purity)'!$O$10="","",'(Purity)'!$O$10) | L47: {=IF(COUNT(C47:K47)=0,"",IFERROR(SUMPRODUCT(IFERROR(C47:K47*((C3:K3)+(C4:K4)),0))/SUMPRODUCT(IFERROR(ISNUMBER(C47:K47)*((C3:K3)+(C4:K4)),0)),""))} | M47: Weighted
B48: Absent Rate Total (%) | C48: =IF(COUNT(C46:C47)=0,"",SUM(C46:C47)) | D48: =IF(COUNT(D46:D47)=0,"",SUM(D46:D47)) | E48: =IF(COUNT(E46:E47)=0,"",SUM(E46:E47)) | F48: =IF(COUNT(F46:F47)=0,"",SUM(F46:F47)) | G48: =IF(COUNT(G46:G47)=0,"",SUM(G46:G47)) | H48: =IF(COUNT(H46:H47)=0,"",SUM(H46:H47)) | I48: =IF(COUNT(I46:I47)=0,"",SUM(I46:I47)) | J48: =IF(COUNT(J46:J47)=0,"",SUM(J46:J47)) | ... L48: =IF(COUNT(L46:L47)=0,"",SUM(L46:L47)) | M48: Weighted
B49: Weight factor | C49: =IFERROR(C5/$L5,"") | D49: =IFERROR(D5/$L5,"") | E49: =IFERROR(E5/$L5,"") | F49: =IFERROR(F5/$L5,"") | G49: =IFERROR(G5/$L5,"") | H49: =IFERROR(H5/$L5,"") | I49: =IFERROR(I5/$L5,"") | J49: =IFERROR(J5/$L5,"") | K49: =IFERROR(K5/$L5,"") | L49: =IF(COUNT(C49:K49)=0,"",SUM(C49:K49)) | M49: Weight Factor
B50: Leadership (Hours) | L50: =IF(COUNT(C50:K50)=0,"",SUM(C50:K50)) | M50: ∑
B51: Technical (Hours) | L51: =IF(COUNT(C51:K51)=0,"",SUM(C51:K51)) | M51: ∑
B52: Professional Develop. (Hours) | L52: =IF(COUNT(C52:K52)=0,"",SUM(C52:K52)) | M52: ∑
B53: HSSE (Hours) | L53: =IF(COUNT(C53:K53)=0,"",SUM(C53:K53)) | M53: ∑
B54: Workday (Hours) | L54: =IF(COUNT(C54:K54)=0,"",SUM(C54:K54)) | M54: ∑
B55: Total Training Hours | C55: =IF(COUNT(C50:C54)=0,"",SUM(C50:C54)) | D55: =IF(COUNT(D50:D54)=0,"",SUM(D50:D54)) | E55: =IF(COUNT(E50:E54)=0,"",SUM(E50:E54)) | F55: =IF(COUNT(F50:F54)=0,"",SUM(F50:F54)) | G55: =IF(COUNT(G50:G54)=0,"",SUM(G50:G54)) | H55: =IF(COUNT(H50:H54)=0,"",SUM(H50:H54)) | I55: =IF(COUNT(I50:I54)=0,"",SUM(I50:I54)) | J55: =IF(COUNT(J50:J54)=0,"",SUM(J50:J54)) | ... L55: =IF(COUNT(L50:L54)=0,"",SUM(L50:L54)) | M55: ϝ
B56: Total Trained (Staff) | L56: =IF(COUNT(C56:K56)=0,"",SUM(C56:K56)) | M56: ∑
B57: Training Programs (#) | L57: =IF(COUNT(C57:K57)=0,"",SUM(C57:K57)) | M57: ∑
B58: Training Cost (USD) | L58: =IF(COUNT(C58:K58)=0,"",SUM(C58:K58)) | M58: ∑
B59: Training Travel Cost (USD) | L59: =IF(COUNT(C59:K59)=0,"",SUM(C59:K59)) | M59: ∑
B60: Leadership Hours Trained (%) | C60: =IFERROR(C50/C$55,"") | D60: =IFERROR(D50/D$55,"") | E60: =IFERROR(E50/E$55,"") | F60: =IFERROR(F50/F$55,"") | G60: =IFERROR(G50/G$55,"") | H60: =IFERROR(H50/H$55,"") | I60: =IFERROR(I50/I$55,"") | J60: =IFERROR(J50/J$55,"") | ... L60: =IFERROR(L50/L$55,"") | M60: ϝ
B61: Technical Hours Trained (%) | C61: =IFERROR(C51/C$55,"") | D61: =IFERROR(D51/D$55,"") | E61: =IFERROR(E51/E$55,"") | F61: =IFERROR(F51/F$55,"") | G61: =IFERROR(G51/G$55,"") | H61: =IFERROR(H51/H$55,"") | I61: =IFERROR(I51/I$55,"") | J61: =IFERROR(J51/J$55,"") | ... L61: =IFERROR(L51/L$55,"") | M61: ϝ
B62: Profess. Dev. Hours Trained (%) | C62: =IFERROR(C52/C$55,"") | D62: =IFERROR(D52/D$55,"") | E62: =IFERROR(E52/E$55,"") | F62: =IFERROR(F52/F$55,"") | G62: =IFERROR(G52/G$55,"") | H62: =IFERROR(H52/H$55,"") | I62: =IFERROR(I52/I$55,"") | J62: =IFERROR(J52/J$55,"") | ... L62: =IFERROR(L52/L$55,"") | M62: ϝ
B63: HSSE Hours Trained (%) | C63: =IFERROR(C53/C$55,"") | D63: =IFERROR(D53/D$55,"") | E63: =IFERROR(E53/E$55,"") | F63: =IFERROR(F53/F$55,"") | G63: =IFERROR(G53/G$55,"") | H63: =IFERROR(H53/H$55,"") | I63: =IFERROR(I53/I$55,"") | J63: =IFERROR(J53/J$55,"") | ... L63: =IFERROR(L53/L$55,"") | M63: ϝ
B64: Workday Hours Trained (%) | C64: =IFERROR(C54/C$55,"") | D64: =IFERROR(D54/D$55,"") | E64: =IFERROR(E54/E$55,"") | F64: =IFERROR(F54/F$55,"") | G64: =IFERROR(G54/G$55,"") | H64: =IFERROR(H54/H$55,"") | I64: =IFERROR(I54/I$55,"") | J64: =IFERROR(J54/J$55,"") | ... L64: =IFERROR(L54/L$55,"") | M64: ϝ
B65: Staff Trained (%) | C65: =IFERROR(C56/C5,"") | D65: =IFERROR(D56/D5,"") | E65: =IFERROR(E56/E5,"") | F65: =IFERROR(F56/F5,"") | G65: =IFERROR(G56/G5,"") | H65: =IFERROR(H56/H5,"") | I65: =IFERROR(I56/I5,"") | J65: =IFERROR(J56/J5,"") | ... L65: =IFERROR(L56/L5,"") | M65: ϝ
B66: Training Hours / EE | C66: =IFERROR(C55/C5,"") | D66: =IFERROR(D55/D5,"") | E66: =IFERROR(E55/E5,"") | F66: =IFERROR(F55/F5,"") | G66: =IFERROR(G55/G5,"") | H66: =IFERROR(H55/H5,"") | I66: =IFERROR(I55/I5,"") | J66: =IFERROR(J55/J5,"") | ... L66: =IFERROR(L55/L5,"") | M66: ϝ
B67: Training Hours / EE Trained | C67: =IFERROR(C55/C56,"") | D67: =IFERROR(D55/D56,"") | E67: =IFERROR(E55/E56,"") | F67: =IFERROR(F55/F56,"") | G67: =IFERROR(G55/G56,"") | H67: =IFERROR(H55/H56,"") | I67: =IFERROR(I55/I56,"") | J67: =IFERROR(J55/J56,"") | ... L67: =IFERROR(L55/L56,"") | M67: ϝ
B68: Training Invest. / EE (USD) | C68: =IF(COUNT(C58:C59)=0,"",IFERROR((N(C58)+N(C59))/C5,"")) | D68: =IF(COUNT(D58:D59)=0,"",IFERROR((N(D58)+N(D59))/D5,"")) | E68: =IF(COUNT(E58:E59)=0,"",IFERROR((N(E58)+N(E59))/E5,"")) | F68: =IF(COUNT(F58:F59)=0,"",IFERROR((N(F58)+N(F59))/F5,"")) | G68: =IF(COUNT(G58:G59)=0,"",IFERROR((N(G58)+N(G59))/G5,"")) | H68: =IF(COUNT(H58:H59)=0,"",IFERROR((N(H58)+N(H59))/H5,"")) | I68: =IF(COUNT(I58:I59)=0,"",IFERROR((N(I58)+N(I59))/I5,"")) | J68: =IF(COUNT(J58:J59)=0,"",IFERROR((N(J58)+N(J59))/J5,"")) | ... L68: =IF(COUNT(L58:L59)=0,"",IFERROR((N(L58)+N(L59))/L5,"")) | M68: ϝ
B69: Training Invest. / EE Trained (USD) | C69: =IF(COUNT(C58:C59)=0,"",IFERROR((N(C58)+N(C59))/C56,"")) | D69: =IF(COUNT(D58:D59)=0,"",IFERROR((N(D58)+N(D59))/D56,"")) | E69: =IF(COUNT(E58:E59)=0,"",IFERROR((N(E58)+N(E59))/E56,"")) | F69: =IF(COUNT(F58:F59)=0,"",IFERROR((N(F58)+N(F59))/F56,"")) | G69: =IF(COUNT(G58:G59)=0,"",IFERROR((N(G58)+N(G59))/G56,"")) | H69: =IF(COUNT(H58:H59)=0,"",IFERROR((N(H58)+N(H59))/H56,"")) | I69: =IF(COUNT(I58:I59)=0,"",IFERROR((N(I58)+N(I59))/I56,"")) | J69: =IF(COUNT(J58:J59)=0,"",IFERROR((N(J58)+N(J59))/J56,"")) | ... L69: =IF(COUNT(L58:L59)=0,"",IFERROR((N(L58)+N(L59))/L56,"")) | M69: ϝ
B70: Input Cells Not Submitted | C70: =COUNTBLANK(C3:C4)+COUNTBLANK(C6:C10)+COUNTBLANK(C12:C13)+COUNTBLANK(C18:C20)+COUNTBLANK(C22:C23)+COUNTBLANK(C27:C28)+COUNTBLANK(C34:C35)+COUNTBLANK(C39:C44)+COUNTBLANK(C46:C47)+COUNTBLANK(C50:C54)+COUNTBLANK(C56:C59) | D70: =COUNTBLANK(D3:D4)+COUNTBLANK(D6:D10)+COUNTBLANK(D12:D13)+COUNTBLANK(D18:D20)+COUNTBLANK(D22:D23)+COUNTBLANK(D27:D28)+COUNTBLANK(D34:D35)+COUNTBLANK(D39:D44)+COUNTBLANK(D46:D47)+COUNTBLANK(D50:D54)+COUNTBLANK(D56:D59) | E70: =COUNTBLANK(E3:E4)+COUNTBLANK(E6:E10)+COUNTBLANK(E12:E13)+COUNTBLANK(E18:E20)+COUNTBLANK(E22:E23)+COUNTBLANK(E27:E28)+COUNTBLANK(E34:E35)+COUNTBLANK(E39:E44)+COUNTBLANK(E46:E47)+COUNTBLANK(E50:E54)+COUNTBLANK(E56:E59) | F70: =COUNTBLANK(F3:F4)+COUNTBLANK(F6:F10)+COUNTBLANK(F12:F13)+COUNTBLANK(F18:F20)+COUNTBLANK(F22:F23)+COUNTBLANK(F27:F28)+COUNTBLANK(F34:F35)+COUNTBLANK(F39:F44)+COUNTBLANK(F46:F47)+COUNTBLANK(F50:F54)+COUNTBLANK(F56:F59) | G70: =COUNTBLANK(G3:G4)+COUNTBLANK(G6:G10)+COUNTBLANK(G12:G13)+COUNTBLANK(G18:G20)+COUNTBLANK(G22:G23)+COUNTBLANK(G27:G28)+COUNTBLANK(G34:G35)+COUNTBLANK(G39:G44)+COUNTBLANK(G46:G47)+COUNTBLANK(G50:G54)+COUNTBLANK(G56:G59) | H70: =COUNTBLANK(H3:H4)+COUNTBLANK(H6:H10)+COUNTBLANK(H12:H13)+COUNTBLANK(H18:H20)+COUNTBLANK(H22:H23)+COUNTBLANK(H27:H28)+COUNTBLANK(H34:H35)+COUNTBLANK(H39:H44)+COUNTBLANK(H46:H47)+COUNTBLANK(H50:H54)+COUNTBLANK(H56:H59) | I70: =COUNTBLANK(I3:I4)+COUNTBLANK(I6:I10)+COUNTBLANK(I12:I13)+COUNTBLANK(I18:I20)+COUNTBLANK(I22:I23)+COUNTBLANK(I27:I28)+COUNTBLANK(I34:I35)+COUNTBLANK(I39:I44)+COUNTBLANK(I46:I47)+COUNTBLANK(I50:I54)+COUNTBLANK(I56:I59) | J70: =COUNTBLANK(J3:J4)+COUNTBLANK(J6:J10)+COUNTBLANK(J12:J13)+COUNTBLANK(J18:J20)+COUNTBLANK(J22:J23)+COUNTBLANK(J27:J28)+COUNTBLANK(J34:J35)+COUNTBLANK(J39:J44)+COUNTBLANK(J46:J47)+COUNTBLANK(J50:J54)+COUNTBLANK(J56:J59) | K70: =COUNTBLANK(K3:K4)+COUNTBLANK(K6:K10)+COUNTBLANK(K12:K13)+COUNTBLANK(K18:K20)+COUNTBLANK(K22:K23)+COUNTBLANK(K27:K28)+COUNTBLANK(K34:K35)+COUNTBLANK(K39:K44)+COUNTBLANK(K46:K47)+COUNTBLANK(K50:K54)+COUNTBLANK(K56:K59) | L70: =SUM(C70:K70) | M70: ∑

Sheet MAY
B1: MANUFACTURING
A2: =VALUE(TEXT(EDATE(DATE(LEFT(APR!A2,4),RIGHT(APR!A2,2),1),1),"yyyymm")) | B2: MAY | C2: GEL Manufacturing Holding Co. Ltd. | D2: CLC Domicana (Dominican Republic) | E2: Caribbean Label Crafts Ltd. (Barbados) | F2: Ecuakao (Ecuador) | G2: Hipac Ltd. (Barbados) | H2: Label Craft Jamaica Ltd. (Jamaica) | I2: McBride (Caribbean) Ltd. | J2: Precision Packaging Inc. (Barbados) | K2: Purity Bakeries Ltd. (Barbados) | L2: TOTAL | M2: Total by Division | N2: =N(N11)<>0
A3: =+A2 | B3: Permanent (Regular) Headcount | L3: =IF(COUNT(C3:K3)=0,"",SUM(C3:K3)) | M3: ∑
B4: Temporary (Fix Term) Headcount | L4: =IF(COUNT(C4:K4)=0,"",SUM(C4:K4)) | M4: ∑
B5: Employee Headcount (Productivity) | C5: =IF(COUNT(C3:C4)=0,"",SUM(C3:C4)) | D5: =IF(COUNT(D3:D4)=0,"",SUM(D3:D4)) | E5: =IF(COUNT(E3:E4)=0,"",SUM(E3:E4)) | F5: =IF(COUNT(F3:F4)=0,"",SUM(F3:F4)) | G5: =IF(COUNT(G3:G4)=0,"",SUM(G3:G4)) | H5: =IF(COUNT(H3:H4)=0,"",SUM(H3:H4)) | I5: =IF(COUNT(I3:I4)=0,"",SUM(I3:I4)) | J5: =IF(COUNT(J3:J4)=0,"",SUM(J3:J4)) | ... L5: =IF(COUNT(L3:L4)=0,"",SUM(L3:L4)) | M5: ϝ
B6: Headcount = 1.00 | L6: =IF(COUNT(C6:K6)=0,"",SUM(C6:K6)) | M6: ∑
B7: Headcount = 0.75 | L7: =IF(COUNT(C7:K7)=0,"",SUM(C7:K7)) | M7: ∑
B8: Headcount = 0.50 | L8: =IF(COUNT(C8:K8)=0,"",SUM(C8:K8)) | M8: ∑
B9: Headcount = 0.25 | L9: =IF(COUNT(C9:K9)=0,"",SUM(C9:K9)) | M9: ∑
B10: Standard Monthly Hours (FTE basis) | L10: =IFERROR(AVERAGE(C10:K10),"") | M10: Avg
B11: Employee FTE (Finance) | C11: =IF(COUNT(C6:C9)=0,"",N(C6)+N(C7)*0.75+N(C8)*0.5+N(C9)*0.25) | D11: =IF(COUNT(D6:D9)=0,"",N(D6)+N(D7)*0.75+N(D8)*0.5+N(D9)*0.25) | E11: =IF(COUNT(E6:E9)=0,"",N(E6)+N(E7)*0.75+N(E8)*0.5+N(E9)*0.25) | F11: =IF(COUNT(F6:F9)=0,"",N(F6)+N(F7)*0.75+N(F8)*0.5+N(F9)*0.25) | G11: =IF(COUNT(G6:G9)=0,"",N(G6)+N(G7)*0.75+N(G8)*0.5+N(G9)*0.25) | H11: =IF(COUNT(H6:H9)=0,"",N(H6)+N(H7)*0.75+N(H8)*0.5+N(H9)*0.25) | I11: =IF(COUNT(I6:I9)=0,"",N(I6)+N(I7)*0.75+N(I8)*0.5+N(I9)*0.25) | J11: =IF(COUNT(J6:J9)=0,"",N(J6)+N(J7)*0.75+N(J8)*0.5+N(J9)*0.25) | ... L11: =IF(COUNT(L6:L9)=0,"",N(L6)+N(L7)*0.75+N(L8)*0.5+N(L9)*0.25) | M11: FTE | N11: =IF(COUNT(L5:L9)=0,"",N(L6)+N(L7)+N(L8)+N(L9)-N(L5))
B12: Subcontracted Workforce HC | L12: =IF(COUNT(C12:K12)=0,"",SUM(C12:K12)) | M12: ∑
B13: Subcontracted Productive Hours | L13: =IF(COUNT(C13:K13)=0,"",SUM(C13:K13)) | M13: ∑
B14: Subcontracted FTE | C14: =IFERROR(C13/C10,"") | D14: =IFERROR(D13/D10,"") | E14: =IFERROR(E13/E10,"") | F14: =IFERROR(F13/F10,"") | G14: =IFERROR(G13/G10,"") | H14: =IFERROR(H13/H10,"") | I14: =IFERROR(I13/I10,"") | J14: =IFERROR(J13/J10,"") | K14: =IFERROR(K13/K10,"") | L14: =IF(COUNT(C14:K14)=0,"",SUM(C14:K14)) | M14: FTE
B15: Total Operational Workforce | C15: =IF(COUNT(C5,C12)=0,"",SUM(C5,C12)) | D15: =IF(COUNT(D5,D12)=0,"",SUM(D5,D12)) | E15: =IF(COUNT(E5,E12)=0,"",SUM(E5,E12)) | F15: =IF(COUNT(F5,F12)=0,"",SUM(F5,F12)) | G15: =IF(COUNT(G5,G12)=0,"",SUM(G5,G12)) | H15: =IF(COUNT(H5,H12)=0,"",SUM(H5,H12)) | I15: =IF(COUNT(I5,I12)=0,"",SUM(I5,I12)) | J15: =IF(COUNT(J5,J12)=0,"",SUM(J5,J12)) | ... L15: =IF(COUNT(L5,L12)=0,"",SUM(L5,L12)) | M15: ϝ
B16: Total Operational FTE | C16: =IF(COUNT(C11,C14)=0,"",SUM(C11,C14)) | D16: =IF(COUNT(D11,D14)=0,"",SUM(D11,D14)) | E16: =IF(COUNT(E11,E14)=0,"",SUM(E11,E14)) | F16: =IF(COUNT(F11,F14)=0,"",SUM(F11,F14)) | G16: =IF(COUNT(G11,G14)=0,"",SUM(G11,G14)) | H16: =IF(COUNT(H11,H14)=0,"",SUM(H11,H14)) | I16: =IF(COUNT(I11,I14)=0,"",SUM(I11,I14)) | J16: =IF(COUNT(J11,J14)=0,"",SUM(J11,J14)) | ... L16: =IF(COUNT(L11,L14)=0,"",SUM(L11,L14)) | M16: FTE
B17: Subcontracted Share of Workforce (%) | C17: =IFERROR(C12/C15,"") | D17: =IFERROR(D12/D15,"") | E17: =IFERROR(E12/E15,"") | F17: =IFERROR(F12/F15,"") | G17: =IFERROR(G12/G15,"") | H17: =IFERROR(H12/H15,"") | I17: =IFERROR(I12/I15,"") | J17: =IFERROR(J12/J15,"") | ... L17: =IFERROR(L12/L15,"") | M17: ϝ
B18: FTE HR Team | L18: =IF(COUNT(C18:K18)=0,"",SUM(C18:K18)) | M18: ∑
B19: Permanent Hires | L19: =IF(COUNT(C19:K19)=0,"",SUM(C19:K19)) | M19: ∑
B20: Temporary Hires | L20: =IF(COUNT(C20:K20)=0,"",SUM(C20:K20)) | M20: ∑
B21: Total Hires | C21: =IF(COUNT(C19:C20)=0,"",SUM(C19:C20)) | D21: =IF(COUNT(D19:D20)=0,"",SUM(D19:D20)) | E21: =IF(COUNT(E19:E20)=0,"",SUM(E19:E20)) | F21: =IF(COUNT(F19:F20)=0,"",SUM(F19:F20)) | G21: =IF(COUNT(G19:G20)=0,"",SUM(G19:G20)) | H21: =IF(COUNT(H19:H20)=0,"",SUM(H19:H20)) | I21: =IF(COUNT(I19:I20)=0,"",SUM(I19:I20)) | J21: =IF(COUNT(J19:J20)=0,"",SUM(J19:J20)) | ... L21: =IF(COUNT(L19:L20)=0,"",SUM(L19:L20)) | M21: ϝ
B22: Permanent Exits | L22: =IF(COUNT(C22:K22)=0,"",SUM(C22:K22)) | M22: ∑
B23: Temporary Exits | L23: =IF(COUNT(C23:K23)=0,"",SUM(C23:K23)) | M23: ∑
B24: Total Exits | C24: =IF(COUNT(C22:C23)=0,"",SUM(C22:C23)) | D24: =IF(COUNT(D22:D23)=0,"",SUM(D22:D23)) | E24: =IF(COUNT(E22:E23)=0,"",SUM(E22:E23)) | F24: =IF(COUNT(F22:F23)=0,"",SUM(F22:F23)) | G24: =IF(COUNT(G22:G23)=0,"",SUM(G22:G23)) | H24: =IF(COUNT(H22:H23)=0,"",SUM(H22:H23)) | I24: =IF(COUNT(I22:I23)=0,"",SUM(I22:I23)) | J24: =IF(COUNT(J22:J23)=0,"",SUM(J22:J23)) | ... L24: =IF(COUNT(L22:L23)=0,"",SUM(L22:L23)) | M24: ϝ
B25: Permanent Turnover (%) | C25: =IF(COUNT(C31,C32)<2,"",IF((C32+C31)=0,"",N(C22)/((C32+C31)/2))) | D25: =IF(COUNT(D31,D32)<2,"",IF((D32+D31)=0,"",N(D22)/((D32+D31)/2))) | E25: =IF(COUNT(E31,E32)<2,"",IF((E32+E31)=0,"",N(E22)/((E32+E31)/2))) | F25: =IF(COUNT(F31,F32)<2,"",IF((F32+F31)=0,"",N(F22)/((F32+F31)/2))) | G25: =IF(COUNT(G31,G32)<2,"",IF((G32+G31)=0,"",N(G22)/((G32+G31)/2))) | H25: =IF(COUNT(H31,H32)<2,"",IF((H32+H31)=0,"",N(H22)/((H32+H31)/2))) | I25: =IF(COUNT(I31,I32)<2,"",IF((I32+I31)=0,"",N(I22)/((I32+I31)/2))) | J25: =IF(COUNT(J31,J32)<2,"",IF((J32+J31)=0,"",N(J22)/((J32+J31)/2))) | ... L25: =IF(COUNT(L31,L32)<2,"",IF((L32+L31)=0,"",N(L22)/((L32+L31)/2))) | M25: ϝ
B26: Temporary Turnover (%) | C26: =IF(COUNT(C31,C32)<2,"",IF((C32+C31)=0,"",N(C23)/((C32+C31)/2))) | D26: =IF(COUNT(D31,D32)<2,"",IF((D32+D31)=0,"",N(D23)/((D32+D31)/2))) | E26: =IF(COUNT(E31,E32)<2,"",IF((E32+E31)=0,"",N(E23)/((E32+E31)/2))) | F26: =IF(COUNT(F31,F32)<2,"",IF((F32+F31)=0,"",N(F23)/((F32+F31)/2))) | G26: =IF(COUNT(G31,G32)<2,"",IF((G32+G31)=0,"",N(G23)/((G32+G31)/2))) | H26: =IF(COUNT(H31,H32)<2,"",IF((H32+H31)=0,"",N(H23)/((H32+H31)/2))) | I26: =IF(COUNT(I31,I32)<2,"",IF((I32+I31)=0,"",N(I23)/((I32+I31)/2))) | J26: =IF(COUNT(J31,J32)<2,"",IF((J32+J31)=0,"",N(J23)/((J32+J31)/2))) | ... L26: =IF(COUNT(L31,L32)<2,"",IF((L32+L31)=0,"",N(L23)/((L32+L31)/2))) | M26: ϝ
B27: Voluntary Terminations | L27: =IF(COUNT(C27:K27)=0,"",SUM(C27:K27)) | M27: ∑
B28: Involuntary Terminations | L28: =IF(COUNT(C28:K28)=0,"",SUM(C28:K28)) | M28: ∑
B29: Voluntary Turnover (%) | C29: =IF(COUNT(C31,C32)<2,"",IF((C32+C31)=0,"",N(C27)/((C32+C31)/2))) | D29: =IF(COUNT(D31,D32)<2,"",IF((D32+D31)=0,"",N(D27)/((D32+D31)/2))) | E29: =IF(COUNT(E31,E32)<2,"",IF((E32+E31)=0,"",N(E27)/((E32+E31)/2))) | F29: =IF(COUNT(F31,F32)<2,"",IF((F32+F31)=0,"",N(F27)/((F32+F31)/2))) | G29: =IF(COUNT(G31,G32)<2,"",IF((G32+G31)=0,"",N(G27)/((G32+G31)/2))) | H29: =IF(COUNT(H31,H32)<2,"",IF((H32+H31)=0,"",N(H27)/((H32+H31)/2))) | I29: =IF(COUNT(I31,I32)<2,"",IF((I32+I31)=0,"",N(I27)/((I32+I31)/2))) | J29: =IF(COUNT(J31,J32)<2,"",IF((J32+J31)=0,"",N(J27)/((J32+J31)/2))) | ... L29: =IF(COUNT(L31,L32)<2,"",IF((L32+L31)=0,"",N(L27)/((L32+L31)/2))) | M29: ϝ
B30: Involuntary Turnover (%) | C30: =IF(COUNT(C31,C32)<2,"",IF((C32+C31)=0,"",N(C28)/((C32+C31)/2))) | D30: =IF(COUNT(D31,D32)<2,"",IF((D32+D31)=0,"",N(D28)/((D32+D31)/2))) | E30: =IF(COUNT(E31,E32)<2,"",IF((E32+E31)=0,"",N(E28)/((E32+E31)/2))) | F30: =IF(COUNT(F31,F32)<2,"",IF((F32+F31)=0,"",N(F28)/((F32+F31)/2))) | G30: =IF(COUNT(G31,G32)<2,"",IF((G32+G31)=0,"",N(G28)/((G32+G31)/2))) | H30: =IF(COUNT(H31,H32)<2,"",IF((H32+H31)=0,"",N(H28)/((H32+H31)/2))) | I30: =IF(COUNT(I31,I32)<2,"",IF((I32+I31)=0,"",N(I28)/((I32+I31)/2))) | J30: =IF(COUNT(J31,J32)<2,"",IF((J32+J31)=0,"",N(J28)/((J32+J31)/2))) | ... L30: =IF(COUNT(L31,L32)<2,"",IF((L32+L31)=0,"",N(L28)/((L32+L31)/2))) | M30: ϝ
B31: Headcount last Month | C31: =IF(APR!C5="","",APR!C5) | D31: =IF(APR!D5="","",APR!D5) | E31: =IF(APR!E5="","",APR!E5) | F31: =IF(APR!F5="","",APR!F5) | G31: =IF(APR!G5="","",APR!G5) | H31: =IF(APR!H5="","",APR!H5) | I31: =IF(APR!I5="","",APR!I5) | J31: =IF(APR!J5="","",APR!J5) | K31: =IF(APR!K5="","",APR!K5) | L31: =IF(COUNT(C31:K31)=0,"",SUM(C31:K31)) | M31: ∑
B32: Headcount this Month | C32: =IF(C5="","",C5) | D32: =IF(D5="","",D5) | E32: =IF(E5="","",E5) | F32: =IF(F5="","",F5) | G32: =IF(G5="","",G5) | H32: =IF(H5="","",H5) | I32: =IF(I5="","",I5) | J32: =IF(J5="","",J5) | K32: =IF(K5="","",K5) | L32: =IF(COUNT(C32:K32)=0,"",SUM(C32:K32)) | M32: ∑
B33: Full Turnover (%) | C33: =IF(COUNT(C31,C32)<2,"",IF((C32+C31)=0,"",N(C24)/((C32+C31)/2))) | D33: =IF(COUNT(D31,D32)<2,"",IF((D32+D31)=0,"",N(D24)/((D32+D31)/2))) | E33: =IF(COUNT(E31,E32)<2,"",IF((E32+E31)=0,"",N(E24)/((E32+E31)/2))) | F33: =IF(COUNT(F31,F32)<2,"",IF((F32+F31)=0,"",N(F24)/((F32+F31)/2))) | G33: =IF(COUNT(G31,G32)<2,"",IF((G32+G31)=0,"",N(G24)/((G32+G31)/2))) | H33: =IF(COUNT(H31,H32)<2,"",IF((H32+H31)=0,"",N(H24)/((H32+H31)/2))) | I33: =IF(COUNT(I31,I32)<2,"",IF((I32+I31)=0,"",N(I24)/((I32+I31)/2))) | J33: =IF(COUNT(J31,J32)<2,"",IF((J32+J31)=0,"",N(J24)/((J32+J31)/2))) | ... L33: =IF(COUNT(L31,L32)<2,"",IF((L32+L31)=0,"",N(L24)/((L32+L31)/2))) | M33: ϝ
B34: Permanent Vacancies | L34: =IF(COUNT(C34:K34)=0,"",SUM(C34:K34)) | M34: ∑
B35: Temporary Vacancies | L35: =IF(COUNT(C35:K35)=0,"",SUM(C35:K35)) | M35: ∑
B36: Total Vacancies | C36: =IF(COUNT(C34:C35)=0,"",SUM(C34:C35)) | D36: =IF(COUNT(D34:D35)=0,"",SUM(D34:D35)) | E36: =IF(COUNT(E34:E35)=0,"",SUM(E34:E35)) | F36: =IF(COUNT(F34:F35)=0,"",SUM(F34:F35)) | G36: =IF(COUNT(G34:G35)=0,"",SUM(G34:G35)) | H36: =IF(COUNT(H34:H35)=0,"",SUM(H34:H35)) | I36: =IF(COUNT(I34:I35)=0,"",SUM(I34:I35)) | J36: =IF(COUNT(J34:J35)=0,"",SUM(J34:J35)) | ... L36: =IF(COUNT(L34:L35)=0,"",SUM(L34:L35)) | M36: ϝ
B37: Authorized Positions | C37: =IF(COUNT(C5,C36)=0,"",N(C5)+N(C36)) | D37: =IF(COUNT(D5,D36)=0,"",N(D5)+N(D36)) | E37: =IF(COUNT(E5,E36)=0,"",N(E5)+N(E36)) | F37: =IF(COUNT(F5,F36)=0,"",N(F5)+N(F36)) | G37: =IF(COUNT(G5,G36)=0,"",N(G5)+N(G36)) | H37: =IF(COUNT(H5,H36)=0,"",N(H5)+N(H36)) | I37: =IF(COUNT(I5,I36)=0,"",N(I5)+N(I36)) | J37: =IF(COUNT(J5,J36)=0,"",N(J5)+N(J36)) | ... L37: =IF(COUNT(L5,L36)=0,"",N(L5)+N(L36)) | M37: ϝ
B38: Vacancy Rate (%) | C38: =IFERROR(C36/C37,"") | D38: =IFERROR(D36/D37,"") | E38: =IFERROR(E36/E37,"") | F38: =IFERROR(F36/F37,"") | G38: =IFERROR(G36/G37,"") | H38: =IFERROR(H36/H37,"") | I38: =IFERROR(I36/I37,"") | J38: =IFERROR(J36/J37,"") | ... L38: =IFERROR(L36/L37,"") | M38: ϝ
B39: Permanent TimeToHire (Days) YTD | C39: =IF('(GEL_Holding)'!$AB$11="","",'(GEL_Holding)'!$AB$11) | D39: =IF('(Dom_CLC)'!$AB$11="","",'(Dom_CLC)'!$AB$11) | E39: =IF('(Car_Label)'!$AB$11="","",'(Car_Label)'!$AB$11) | F39: =IF('(Ecuakao)'!$AB$11="","",'(Ecuakao)'!$AB$11) | G39: =IF('(Hipac)'!$AB$11="","",'(Hipac)'!$AB$11) | H39: =IF('(Jam_Label)'!$AB$11="","",'(Jam_Label)'!$AB$11) | I39: =IF('(Mc_Bride)'!$AB$11="","",'(Mc_Bride)'!$AB$11) | J39: =IF('(Precision)'!$AB$11="","",'(Precision)'!$AB$11) | K39: =IF('(Purity)'!$AB$11="","",'(Purity)'!$AB$11) | L39: =IFERROR(AVERAGE(C39:K39),"") | M39: Avg
B40: Temporary TimeToHire (Days) YTD | C40: =IF('(GEL_Holding)'!$AD$11="","",'(GEL_Holding)'!$AD$11) | D40: =IF('(Dom_CLC)'!$AD$11="","",'(Dom_CLC)'!$AD$11) | E40: =IF('(Car_Label)'!$AD$11="","",'(Car_Label)'!$AD$11) | F40: =IF('(Ecuakao)'!$AD$11="","",'(Ecuakao)'!$AD$11) | G40: =IF('(Hipac)'!$AD$11="","",'(Hipac)'!$AD$11) | H40: =IF('(Jam_Label)'!$AD$11="","",'(Jam_Label)'!$AD$11) | I40: =IF('(Mc_Bride)'!$AD$11="","",'(Mc_Bride)'!$AD$11) | J40: =IF('(Precision)'!$AD$11="","",'(Precision)'!$AD$11) | K40: =IF('(Purity)'!$AD$11="","",'(Purity)'!$AD$11) | L40: =IFERROR(AVERAGE(C40:K40),"") | M40: Avg
B41: Check-ins Rate Completed (%) | L41: =IFERROR(AVERAGE(C41:K41),"") | M41: Avg
B42: EE Objectives Completed (#) | L42: =IF(COUNT(C42:K42)=0,"",SUM(C42:K42)) | M42: ∑
B43: Non-certified Absent (Days Lost) | L43: =IF(COUNT(C43:K43)=0,"",SUM(C43:K43)) | M43: ∑
B44: Certified sick leave (Days Lost) | L44: =IF(COUNT(C44:K44)=0,"",SUM(C44:K44)) | M44: ∑
B45: Total Absences | C45: =IF(COUNT(C43:C44)=0,"",SUM(C43:C44)) | D45: =IF(COUNT(D43:D44)=0,"",SUM(D43:D44)) | E45: =IF(COUNT(E43:E44)=0,"",SUM(E43:E44)) | F45: =IF(COUNT(F43:F44)=0,"",SUM(F43:F44)) | G45: =IF(COUNT(G43:G44)=0,"",SUM(G43:G44)) | H45: =IF(COUNT(H43:H44)=0,"",SUM(H43:H44)) | I45: =IF(COUNT(I43:I44)=0,"",SUM(I43:I44)) | J45: =IF(COUNT(J43:J44)=0,"",SUM(J43:J44)) | ... L45: =IF(COUNT(L43:L44)=0,"",SUM(L43:L44)) | M45: ϝ
B46: Absent Rate Non-Certified (%) | C46: =IF('(GEL_Holding)'!$G$11="","",'(GEL_Holding)'!$G$11) | D46: =IF('(Dom_CLC)'!$G$11="","",'(Dom_CLC)'!$G$11) | E46: =IF('(Car_Label)'!$G$11="","",'(Car_Label)'!$G$11) | F46: =IF('(Ecuakao)'!$G$11="","",'(Ecuakao)'!$G$11) | G46: =IF('(Hipac)'!$G$11="","",'(Hipac)'!$G$11) | H46: =IF('(Jam_Label)'!$G$11="","",'(Jam_Label)'!$G$11) | I46: =IF('(Mc_Bride)'!$G$11="","",'(Mc_Bride)'!$G$11) | J46: =IF('(Precision)'!$G$11="","",'(Precision)'!$G$11) | K46: =IF('(Purity)'!$G$11="","",'(Purity)'!$G$11) | L46: {=IF(COUNT(C46:K46)=0,"",IFERROR(SUMPRODUCT(IFERROR(C46:K46*((C3:K3)+(C4:K4)),0))/SUMPRODUCT(IFERROR(ISNUMBER(C46:K46)*((C3:K3)+(C4:K4)),0)),""))} | M46: Weighted
B47: Absent Rate Certified (%) | C47: =IF('(GEL_Holding)'!$O$11="","",'(GEL_Holding)'!$O$11) | D47: =IF('(Dom_CLC)'!$O$11="","",'(Dom_CLC)'!$O$11) | E47: =IF('(Car_Label)'!$O$11="","",'(Car_Label)'!$O$11) | F47: =IF('(Ecuakao)'!$O$11="","",'(Ecuakao)'!$O$11) | G47: =IF('(Hipac)'!$O$11="","",'(Hipac)'!$O$11) | H47: =IF('(Jam_Label)'!$O$11="","",'(Jam_Label)'!$O$11) | I47: =IF('(Mc_Bride)'!$O$11="","",'(Mc_Bride)'!$O$11) | J47: =IF('(Precision)'!$O$11="","",'(Precision)'!$O$11) | K47: =IF('(Purity)'!$O$11="","",'(Purity)'!$O$11) | L47: {=IF(COUNT(C47:K47)=0,"",IFERROR(SUMPRODUCT(IFERROR(C47:K47*((C3:K3)+(C4:K4)),0))/SUMPRODUCT(IFERROR(ISNUMBER(C47:K47)*((C3:K3)+(C4:K4)),0)),""))} | M47: Weighted
B48: Absent Rate Total (%) | C48: =IF(COUNT(C46:C47)=0,"",SUM(C46:C47)) | D48: =IF(COUNT(D46:D47)=0,"",SUM(D46:D47)) | E48: =IF(COUNT(E46:E47)=0,"",SUM(E46:E47)) | F48: =IF(COUNT(F46:F47)=0,"",SUM(F46:F47)) | G48: =IF(COUNT(G46:G47)=0,"",SUM(G46:G47)) | H48: =IF(COUNT(H46:H47)=0,"",SUM(H46:H47)) | I48: =IF(COUNT(I46:I47)=0,"",SUM(I46:I47)) | J48: =IF(COUNT(J46:J47)=0,"",SUM(J46:J47)) | ... L48: =IF(COUNT(L46:L47)=0,"",SUM(L46:L47)) | M48: Weighted
B49: Weight factor | C49: =IFERROR(C5/$L5,"") | D49: =IFERROR(D5/$L5,"") | E49: =IFERROR(E5/$L5,"") | F49: =IFERROR(F5/$L5,"") | G49: =IFERROR(G5/$L5,"") | H49: =IFERROR(H5/$L5,"") | I49: =IFERROR(I5/$L5,"") | J49: =IFERROR(J5/$L5,"") | K49: =IFERROR(K5/$L5,"") | L49: =IF(COUNT(C49:K49)=0,"",SUM(C49:K49)) | M49: Weight Factor
B50: Leadership (Hours) | L50: =IF(COUNT(C50:K50)=0,"",SUM(C50:K50)) | M50: ∑
B51: Technical (Hours) | L51: =IF(COUNT(C51:K51)=0,"",SUM(C51:K51)) | M51: ∑
B52: Professional Develop. (Hours) | L52: =IF(COUNT(C52:K52)=0,"",SUM(C52:K52)) | M52: ∑
B53: HSSE (Hours) | L53: =IF(COUNT(C53:K53)=0,"",SUM(C53:K53)) | M53: ∑
B54: Workday (Hours) | L54: =IF(COUNT(C54:K54)=0,"",SUM(C54:K54)) | M54: ∑
B55: Total Training Hours | C55: =IF(COUNT(C50:C54)=0,"",SUM(C50:C54)) | D55: =IF(COUNT(D50:D54)=0,"",SUM(D50:D54)) | E55: =IF(COUNT(E50:E54)=0,"",SUM(E50:E54)) | F55: =IF(COUNT(F50:F54)=0,"",SUM(F50:F54)) | G55: =IF(COUNT(G50:G54)=0,"",SUM(G50:G54)) | H55: =IF(COUNT(H50:H54)=0,"",SUM(H50:H54)) | I55: =IF(COUNT(I50:I54)=0,"",SUM(I50:I54)) | J55: =IF(COUNT(J50:J54)=0,"",SUM(J50:J54)) | ... L55: =IF(COUNT(L50:L54)=0,"",SUM(L50:L54)) | M55: ϝ
B56: Total Trained (Staff) | L56: =IF(COUNT(C56:K56)=0,"",SUM(C56:K56)) | M56: ∑
B57: Training Programs (#) | L57: =IF(COUNT(C57:K57)=0,"",SUM(C57:K57)) | M57: ∑
B58: Training Cost (USD) | L58: =IF(COUNT(C58:K58)=0,"",SUM(C58:K58)) | M58: ∑
B59: Training Travel Cost (USD) | L59: =IF(COUNT(C59:K59)=0,"",SUM(C59:K59)) | M59: ∑
